  0
SECTION
  2
HEADER
  9
$ANGBASE
  50
0.0
  9
$ANGDIR
  70
1
  9
$MEASUREMENT
  70
0
  0
ENDSEC
  0
SECTION
  2
TABLES
  0
TABLE
  2
LTYPE
  70
4
  0
LTYPE
  5
40F
  2
CONTINUOUS
  70
0
  3
Solid line
  72
65
  73
0
  40
0.0
  0
LTYPE
  5
410
  2
DASHDOT
 70
0
  3
Dash Dot ____ _ ____ _
 72
65
 73
4
 40
2.0
 49
1.25
 49
-0.25
 49
0.25
 49
-0.25
  0
LTYPE
  5
411
  2
DASHED
 70
0
  3
Dashed __ __ __ __ __
 72
65
 73
2
 40
0.75
 49
0.5
 49
-0.25
  0
LTYPE
  5
43B
  2
DOTTED
 70
0
  3
Dotted .  .  .  .
 72
65
 73
2
 40
0.2
 49
0.0
 49
-0.2
  0
ENDTAB
  0
TABLE
  2
STYLE
  70
4
  0
STYLE
  2
KICAD
  70
0
  40
0
  41
1
  42
1
  50
0
  71
0
  3
isocp.shx
  0
STYLE
  2
KICADB
  70
0
  40
0
  41
1
  42
1
  50
0
  71
0
  3
isocp.shx
  0
STYLE
  2
KICADI
  70
0
  40
0
  41
1
  42
1
  50
15
  71
0
  3
isocp.shx
  0
STYLE
  2
KICADBI
  70
0
  40
0
  41
1
  42
1
  50
15
  71
0
  3
isocp.shx
  0
ENDTAB
  0
TABLE
  2
LAYER
  70
1
  0
LAYER
  2
BLACK
  70
0
  62
7
  6
CONTINUOUS
  0
ENDTAB
  0
ENDSEC
  0
SECTION
  2
ENTITIES
0
LINE
8
BLACK
6
CONTINUOUS
10
-0.007218031496063
20
-0.1956801574803149
11
-0.0054937401574803
21
-0.1968323228346457
0
LINE
8
BLACK
6
CONTINUOUS
10
-0.0054937401574803
20
-0.1968323228346457
11
-0.0043415748031496
21
-0.1985566141732283
0
LINE
8
BLACK
6
CONTINUOUS
10
-0.0043415748031496
20
-0.1985566141732283
11
-0.0039370078740157
21
-0.2005905511811024
0
LINE
8
BLACK
6
CONTINUOUS
10
-0.0039370078740157
20
-0.2005905511811024
11
-0.0039370078740157
21
-0.2151574803149606
0
LINE
8
BLACK
6
CONTINUOUS
10
-0.0039370078740157
20
-0.2151574803149606
11
-0.0043415748031496
21
-0.2171914173228346
0
LINE
8
BLACK
6
CONTINUOUS
10
-0.0043415748031496
20
-0.2171914173228346
11
-0.0054937401574803
21
-0.2189157086614173
0
LINE
8
BLACK
6
CONTINUOUS
10
-0.0054937401574803
20
-0.2189157086614173
11
-0.007218031496063
21
-0.220067874015748
0
LINE
8
BLACK
6
CONTINUOUS
10
-0.007218031496063
20
-0.220067874015748
11
-0.009251968503937
21
-0.2204724409448819
0
LINE
8
BLACK
6
CONTINUOUS
10
-0.009251968503937
20
-0.2204724409448819
11
-0.0198818897637795
21
-0.2204724409448819
0
LINE
8
BLACK
6
CONTINUOUS
10
-0.0198818897637795
20
-0.2204724409448819
11
-0.0219158267716535
21
-0.220067874015748
0
LINE
8
BLACK
6
CONTINUOUS
10
-0.0219158267716535
20
-0.220067874015748
11
-0.0236401181102362
21
-0.2189157086614173
0
LINE
8
BLACK
6
CONTINUOUS
10
-0.0236401181102362
20
-0.2189157086614173
11
-0.0247922834645669
21
-0.2171914173228346
0
LINE
8
BLACK
6
CONTINUOUS
10
-0.0247922834645669
20
-0.2171914173228346
11
-0.0251968503937008
21
-0.2151574803149606
0
LINE
8
BLACK
6
CONTINUOUS
10
-0.0251968503937008
20
-0.2151574803149606
11
-0.0251968503937008
21
-0.2005905511811024
0
LINE
8
BLACK
6
CONTINUOUS
10
-0.0251968503937008
20
-0.2005905511811024
11
-0.0247922834645669
21
-0.1985566141732283
0
LINE
8
BLACK
6
CONTINUOUS
10
-0.0247922834645669
20
-0.1985566141732283
11
-0.0236401181102362
21
-0.1968323228346457
0
LINE
8
BLACK
6
CONTINUOUS
10
-0.0236401181102362
20
-0.1968323228346457
11
-0.0219158267716535
21
-0.1956801574803149
0
LINE
8
BLACK
6
CONTINUOUS
10
-0.0219158267716535
20
-0.1956801574803149
11
-0.0198818897637795
21
-0.1952755905511811
0
LINE
8
BLACK
6
CONTINUOUS
10
-0.0198818897637795
20
-0.1952755905511811
11
-0.009251968503937
21
-0.1952755905511811
0
LINE
8
BLACK
6
CONTINUOUS
10
-0.009251968503937
20
-0.1952755905511811
11
-0.007218031496063
21
-0.1956801574803149
0
LINE
8
BLACK
6
CONTINUOUS
10
0.0329394488188976
20
-0.1956801574803149
11
0.0346637401574803
21
-0.1968323228346457
0
LINE
8
BLACK
6
CONTINUOUS
10
0.0346637401574803
20
-0.1968323228346457
11
0.035815905511811
21
-0.1985566141732283
0
LINE
8
BLACK
6
CONTINUOUS
10
0.035815905511811
20
-0.1985566141732283
11
0.0362204724409449
21
-0.2005905511811024
0
LINE
8
BLACK
6
CONTINUOUS
10
0.0362204724409449
20
-0.2005905511811024
11
0.0362204724409449
21
-0.2151574803149606
0
LINE
8
BLACK
6
CONTINUOUS
10
0.0362204724409449
20
-0.2151574803149606
11
0.035815905511811
21
-0.2171914173228346
0
LINE
8
BLACK
6
CONTINUOUS
10
0.035815905511811
20
-0.2171914173228346
11
0.0346637401574803
21
-0.2189157086614173
0
LINE
8
BLACK
6
CONTINUOUS
10
0.0346637401574803
20
-0.2189157086614173
11
0.0329394488188976
21
-0.220067874015748
0
LINE
8
BLACK
6
CONTINUOUS
10
0.0329394488188976
20
-0.220067874015748
11
0.0309055118110236
21
-0.2204724409448819
0
LINE
8
BLACK
6
CONTINUOUS
10
0.0309055118110236
20
-0.2204724409448819
11
0.0202755905511811
21
-0.2204724409448819
0
LINE
8
BLACK
6
CONTINUOUS
10
0.0202755905511811
20
-0.2204724409448819
11
0.0182416535433071
21
-0.220067874015748
0
LINE
8
BLACK
6
CONTINUOUS
10
0.0182416535433071
20
-0.220067874015748
11
0.0165173622047244
21
-0.2189157086614173
0
LINE
8
BLACK
6
CONTINUOUS
10
0.0165173622047244
20
-0.2189157086614173
11
0.0153651968503937
21
-0.2171914173228346
0
LINE
8
BLACK
6
CONTINUOUS
10
0.0153651968503937
20
-0.2171914173228346
11
0.0149606299212598
21
-0.2151574803149606
0
LINE
8
BLACK
6
CONTINUOUS
10
0.0149606299212598
20
-0.2151574803149606
11
0.0149606299212598
21
-0.2005905511811024
0
LINE
8
BLACK
6
CONTINUOUS
10
0.0149606299212598
20
-0.2005905511811024
11
0.0153651968503937
21
-0.1985566141732283
0
LINE
8
BLACK
6
CONTINUOUS
10
0.0153651968503937
20
-0.1985566141732283
11
0.0165173622047244
21
-0.1968323228346457
0
LINE
8
BLACK
6
CONTINUOUS
10
0.0165173622047244
20
-0.1968323228346457
11
0.0182416535433071
21
-0.1956801574803149
0
LINE
8
BLACK
6
CONTINUOUS
10
0.0182416535433071
20
-0.1956801574803149
11
0.0202755905511811
21
-0.1952755905511811
0
LINE
8
BLACK
6
CONTINUOUS
10
0.0202755905511811
20
-0.1952755905511811
11
0.0309055118110236
21
-0.1952755905511811
0
LINE
8
BLACK
6
CONTINUOUS
10
0.0309055118110236
20
-0.1952755905511811
11
0.0329394488188976
21
-0.1956801574803149
0
LINE
8
BLACK
6
CONTINUOUS
10
-0.1552495275590551
20
-0.1952864566929134
11
-0.1535252362204724
21
-0.1964386220472441
0
LINE
8
BLACK
6
CONTINUOUS
10
-0.1535252362204724
20
-0.1964386220472441
11
-0.1523730708661417
21
-0.1981629133858268
0
LINE
8
BLACK
6
CONTINUOUS
10
-0.1523730708661417
20
-0.1981629133858268
11
-0.1519685039370079
21
-0.2001968503937008
0
LINE
8
BLACK
6
CONTINUOUS
10
-0.1519685039370079
20
-0.2001968503937008
11
-0.1519685039370079
21
-0.214763779527559
0
LINE
8
BLACK
6
CONTINUOUS
10
-0.1519685039370079
20
-0.214763779527559
11
-0.1523730708661417
21
-0.2167977165354331
0
LINE
8
BLACK
6
CONTINUOUS
10
-0.1523730708661417
20
-0.2167977165354331
11
-0.1535252362204724
21
-0.2185220078740157
0
LINE
8
BLACK
6
CONTINUOUS
10
-0.1535252362204724
20
-0.2185220078740157
11
-0.1552495275590551
21
-0.2196741732283465
0
LINE
8
BLACK
6
CONTINUOUS
10
-0.1552495275590551
20
-0.2196741732283465
11
-0.1572834645669291
21
-0.2200787401574803
0
LINE
8
BLACK
6
CONTINUOUS
10
-0.1572834645669291
20
-0.2200787401574803
11
-0.1679133858267716
21
-0.2200787401574803
0
LINE
8
BLACK
6
CONTINUOUS
10
-0.1679133858267716
20
-0.2200787401574803
11
-0.1699473228346457
21
-0.2196741732283465
0
LINE
8
BLACK
6
CONTINUOUS
10
-0.1699473228346457
20
-0.2196741732283465
11
-0.1716716141732283
21
-0.2185220078740157
0
LINE
8
BLACK
6
CONTINUOUS
10
-0.1716716141732283
20
-0.2185220078740157
11
-0.1728237795275591
21
-0.2167977165354331
0
LINE
8
BLACK
6
CONTINUOUS
10
-0.1728237795275591
20
-0.2167977165354331
11
-0.1732283464566929
21
-0.214763779527559
0
LINE
8
BLACK
6
CONTINUOUS
10
-0.1732283464566929
20
-0.214763779527559
11
-0.1732283464566929
21
-0.2001968503937008
0
LINE
8
BLACK
6
CONTINUOUS
10
-0.1732283464566929
20
-0.2001968503937008
11
-0.1728237795275591
21
-0.1981629133858268
0
LINE
8
BLACK
6
CONTINUOUS
10
-0.1728237795275591
20
-0.1981629133858268
11
-0.1716716141732283
21
-0.1964386220472441
0
LINE
8
BLACK
6
CONTINUOUS
10
-0.1716716141732283
20
-0.1964386220472441
11
-0.1699473228346457
21
-0.1952864566929134
0
LINE
8
BLACK
6
CONTINUOUS
10
-0.1699473228346457
20
-0.1952864566929134
11
-0.1679133858267716
21
-0.1948818897637795
0
LINE
8
BLACK
6
CONTINUOUS
10
-0.1679133858267716
20
-0.1948818897637795
11
-0.1572834645669291
21
-0.1948818897637795
0
LINE
8
BLACK
6
CONTINUOUS
10
-0.1572834645669291
20
-0.1948818897637795
11
-0.1552495275590551
21
-0.1952864566929134
0
LINE
8
BLACK
6
CONTINUOUS
10
-0.1154857480314961
20
-0.1952864566929134
11
-0.1137614566929134
21
-0.1964386220472441
0
LINE
8
BLACK
6
CONTINUOUS
10
-0.1137614566929134
20
-0.1964386220472441
11
-0.1126092913385827
21
-0.1981629133858268
0
LINE
8
BLACK
6
CONTINUOUS
10
-0.1126092913385827
20
-0.1981629133858268
11
-0.1122047244094488
21
-0.2001968503937008
0
LINE
8
BLACK
6
CONTINUOUS
10
-0.1122047244094488
20
-0.2001968503937008
11
-0.1122047244094488
21
-0.214763779527559
0
LINE
8
BLACK
6
CONTINUOUS
10
-0.1122047244094488
20
-0.214763779527559
11
-0.1126092913385827
21
-0.2167977165354331
0
LINE
8
BLACK
6
CONTINUOUS
10
-0.1126092913385827
20
-0.2167977165354331
11
-0.1137614566929134
21
-0.2185220078740157
0
LINE
8
BLACK
6
CONTINUOUS
10
-0.1137614566929134
20
-0.2185220078740157
11
-0.1154857480314961
21
-0.2196741732283465
0
LINE
8
BLACK
6
CONTINUOUS
10
-0.1154857480314961
20
-0.2196741732283465
11
-0.1175196850393701
21
-0.2200787401574803
0
LINE
8
BLACK
6
CONTINUOUS
10
-0.1175196850393701
20
-0.2200787401574803
11
-0.1281496062992126
21
-0.2200787401574803
0
LINE
8
BLACK
6
CONTINUOUS
10
-0.1281496062992126
20
-0.2200787401574803
11
-0.1301835433070866
21
-0.2196741732283465
0
LINE
8
BLACK
6
CONTINUOUS
10
-0.1301835433070866
20
-0.2196741732283465
11
-0.1319078346456693
21
-0.2185220078740157
0
LINE
8
BLACK
6
CONTINUOUS
10
-0.1319078346456693
20
-0.2185220078740157
11
-0.13306
21
-0.2167977165354331
0
LINE
8
BLACK
6
CONTINUOUS
10
-0.13306
20
-0.2167977165354331
11
-0.1334645669291339
21
-0.214763779527559
0
LINE
8
BLACK
6
CONTINUOUS
10
-0.1334645669291339
20
-0.214763779527559
11
-0.1334645669291339
21
-0.2001968503937008
0
LINE
8
BLACK
6
CONTINUOUS
10
-0.1334645669291339
20
-0.2001968503937008
11
-0.13306
21
-0.1981629133858268
0
LINE
8
BLACK
6
CONTINUOUS
10
-0.13306
20
-0.1981629133858268
11
-0.1319078346456693
21
-0.1964386220472441
0
LINE
8
BLACK
6
CONTINUOUS
10
-0.1319078346456693
20
-0.1964386220472441
11
-0.1301835433070866
21
-0.1952864566929134
0
LINE
8
BLACK
6
CONTINUOUS
10
-0.1301835433070866
20
-0.1952864566929134
11
-0.1281496062992126
21
-0.1948818897637795
0
LINE
8
BLACK
6
CONTINUOUS
10
-0.1281496062992126
20
-0.1948818897637795
11
-0.1175196850393701
21
-0.1948818897637795
0
LINE
8
BLACK
6
CONTINUOUS
10
-0.1175196850393701
20
-0.1948818897637795
11
-0.1154857480314961
21
-0.1952864566929134
0
LINE
8
BLACK
6
CONTINUOUS
10
-0.0816274803149606
20
-0.1952864566929134
11
-0.079903188976378
21
-0.1964386220472441
0
LINE
8
BLACK
6
CONTINUOUS
10
-0.079903188976378
20
-0.1964386220472441
11
-0.0787510236220472
21
-0.1981629133858268
0
LINE
8
BLACK
6
CONTINUOUS
10
-0.0787510236220472
20
-0.1981629133858268
11
-0.0783464566929134
21
-0.2001968503937008
0
LINE
8
BLACK
6
CONTINUOUS
10
-0.0783464566929134
20
-0.2001968503937008
11
-0.0783464566929134
21
-0.214763779527559
0
LINE
8
BLACK
6
CONTINUOUS
10
-0.0783464566929134
20
-0.214763779527559
11
-0.0787510236220472
21
-0.2167977165354331
0
LINE
8
BLACK
6
CONTINUOUS
10
-0.0787510236220472
20
-0.2167977165354331
11
-0.079903188976378
21
-0.2185220078740157
0
LINE
8
BLACK
6
CONTINUOUS
10
-0.079903188976378
20
-0.2185220078740157
11
-0.0816274803149606
21
-0.2196741732283465
0
LINE
8
BLACK
6
CONTINUOUS
10
-0.0816274803149606
20
-0.2196741732283465
11
-0.0836614173228346
21
-0.2200787401574803
0
LINE
8
BLACK
6
CONTINUOUS
10
-0.0836614173228346
20
-0.2200787401574803
11
-0.0942913385826772
21
-0.2200787401574803
0
LINE
8
BLACK
6
CONTINUOUS
10
-0.0942913385826772
20
-0.2200787401574803
11
-0.0963252755905512
21
-0.2196741732283465
0
LINE
8
BLACK
6
CONTINUOUS
10
-0.0963252755905512
20
-0.2196741732283465
11
-0.0980495669291339
21
-0.2185220078740157
0
LINE
8
BLACK
6
CONTINUOUS
10
-0.0980495669291339
20
-0.2185220078740157
11
-0.0992017322834646
21
-0.2167977165354331
0
LINE
8
BLACK
6
CONTINUOUS
10
-0.0992017322834646
20
-0.2167977165354331
11
-0.0996062992125984
21
-0.214763779527559
0
LINE
8
BLACK
6
CONTINUOUS
10
-0.0996062992125984
20
-0.214763779527559
11
-0.0996062992125984
21
-0.2001968503937008
0
LINE
8
BLACK
6
CONTINUOUS
10
-0.0996062992125984
20
-0.2001968503937008
11
-0.0992017322834646
21
-0.1981629133858268
0
LINE
8
BLACK
6
CONTINUOUS
10
-0.0992017322834646
20
-0.1981629133858268
11
-0.0980495669291339
21
-0.1964386220472441
0
LINE
8
BLACK
6
CONTINUOUS
10
-0.0980495669291339
20
-0.1964386220472441
11
-0.0963252755905512
21
-0.1952864566929134
0
LINE
8
BLACK
6
CONTINUOUS
10
-0.0963252755905512
20
-0.1952864566929134
11
-0.0942913385826772
21
-0.1948818897637795
0
LINE
8
BLACK
6
CONTINUOUS
10
-0.0942913385826772
20
-0.1948818897637795
11
-0.0836614173228346
21
-0.1948818897637795
0
LINE
8
BLACK
6
CONTINUOUS
10
-0.0836614173228346
20
-0.1948818897637795
11
-0.0816274803149606
21
-0.1952864566929134
0
LINE
8
BLACK
6
CONTINUOUS
10
-0.04147
20
-0.1952864566929134
11
-0.0397457086614173
21
-0.1964386220472441
0
LINE
8
BLACK
6
CONTINUOUS
10
-0.0397457086614173
20
-0.1964386220472441
11
-0.0385935433070866
21
-0.1981629133858268
0
LINE
8
BLACK
6
CONTINUOUS
10
-0.0385935433070866
20
-0.1981629133858268
11
-0.0381889763779528
21
-0.2001968503937008
0
LINE
8
BLACK
6
CONTINUOUS
10
-0.0381889763779528
20
-0.2001968503937008
11
-0.0381889763779528
21
-0.214763779527559
0
LINE
8
BLACK
6
CONTINUOUS
10
-0.0381889763779528
20
-0.214763779527559
11
-0.0385935433070866
21
-0.2167977165354331
0
LINE
8
BLACK
6
CONTINUOUS
10
-0.0385935433070866
20
-0.2167977165354331
11
-0.0397457086614173
21
-0.2185220078740157
0
LINE
8
BLACK
6
CONTINUOUS
10
-0.0397457086614173
20
-0.2185220078740157
11
-0.04147
21
-0.2196741732283465
0
LINE
8
BLACK
6
CONTINUOUS
10
-0.04147
20
-0.2196741732283465
11
-0.043503937007874
21
-0.2200787401574803
0
LINE
8
BLACK
6
CONTINUOUS
10
-0.043503937007874
20
-0.2200787401574803
11
-0.0541338582677165
21
-0.2200787401574803
0
LINE
8
BLACK
6
CONTINUOUS
10
-0.0541338582677165
20
-0.2200787401574803
11
-0.0561677952755905
21
-0.2196741732283465
0
LINE
8
BLACK
6
CONTINUOUS
10
-0.0561677952755905
20
-0.2196741732283465
11
-0.0578920866141732
21
-0.2185220078740157
0
LINE
8
BLACK
6
CONTINUOUS
10
-0.0578920866141732
20
-0.2185220078740157
11
-0.0590442519685039
21
-0.2167977165354331
0
LINE
8
BLACK
6
CONTINUOUS
10
-0.0590442519685039
20
-0.2167977165354331
11
-0.0594488188976378
21
-0.214763779527559
0
LINE
8
BLACK
6
CONTINUOUS
10
-0.0594488188976378
20
-0.214763779527559
11
-0.0594488188976378
21
-0.2001968503937008
0
LINE
8
BLACK
6
CONTINUOUS
10
-0.0594488188976378
20
-0.2001968503937008
11
-0.0590442519685039
21
-0.1981629133858268
0
LINE
8
BLACK
6
CONTINUOUS
10
-0.0590442519685039
20
-0.1981629133858268
11
-0.0578920866141732
21
-0.1964386220472441
0
LINE
8
BLACK
6
CONTINUOUS
10
-0.0578920866141732
20
-0.1964386220472441
11
-0.0561677952755905
21
-0.1952864566929134
0
LINE
8
BLACK
6
CONTINUOUS
10
-0.0561677952755905
20
-0.1952864566929134
11
-0.0541338582677165
21
-0.1948818897637795
0
LINE
8
BLACK
6
CONTINUOUS
10
-0.0541338582677165
20
-0.1948818897637795
11
-0.043503937007874
21
-0.1948818897637795
0
LINE
8
BLACK
6
CONTINUOUS
10
-0.043503937007874
20
-0.1948818897637795
11
-0.04147
21
-0.1952864566929134
0
LINE
8
BLACK
6
CONTINUOUS
10
0.3632544094488189
20
-0.1850502362204724
11
0.3649787007874016
21
-0.1862024015748031
0
LINE
8
BLACK
6
CONTINUOUS
10
0.3649787007874016
20
-0.1862024015748031
11
0.3661308661417323
21
-0.1879266929133858
0
LINE
8
BLACK
6
CONTINUOUS
10
0.3661308661417323
20
-0.1879266929133858
11
0.3665354330708661
21
-0.1899606299212598
0
LINE
8
BLACK
6
CONTINUOUS
10
0.3665354330708661
20
-0.1899606299212598
11
0.3665354330708661
21
-0.2045275590551181
0
LINE
8
BLACK
6
CONTINUOUS
10
0.3665354330708661
20
-0.2045275590551181
11
0.3661308661417323
21
-0.2065614960629921
0
LINE
8
BLACK
6
CONTINUOUS
10
0.3661308661417323
20
-0.2065614960629921
11
0.3649787007874016
21
-0.2082857874015748
0
LINE
8
BLACK
6
CONTINUOUS
10
0.3649787007874016
20
-0.2082857874015748
11
0.3632544094488189
21
-0.2094379527559055
0
LINE
8
BLACK
6
CONTINUOUS
10
0.3632544094488189
20
-0.2094379527559055
11
0.3612204724409449
21
-0.2098425196850394
0
LINE
8
BLACK
6
CONTINUOUS
10
0.3612204724409449
20
-0.2098425196850394
11
0.3505905511811023
21
-0.2098425196850394
0
LINE
8
BLACK
6
CONTINUOUS
10
0.3505905511811023
20
-0.2098425196850394
11
0.3485566141732284
21
-0.2094379527559055
0
LINE
8
BLACK
6
CONTINUOUS
10
0.3485566141732284
20
-0.2094379527559055
11
0.3468323228346457
21
-0.2082857874015748
0
LINE
8
BLACK
6
CONTINUOUS
10
0.3468323228346457
20
-0.2082857874015748
11
0.3456801574803149
21
-0.2065614960629921
0
LINE
8
BLACK
6
CONTINUOUS
10
0.3456801574803149
20
-0.2065614960629921
11
0.3452755905511811
21
-0.2045275590551181
0
LINE
8
BLACK
6
CONTINUOUS
10
0.3452755905511811
20
-0.2045275590551181
11
0.3452755905511811
21
-0.1899606299212598
0
LINE
8
BLACK
6
CONTINUOUS
10
0.3452755905511811
20
-0.1899606299212598
11
0.3456801574803149
21
-0.1879266929133858
0
LINE
8
BLACK
6
CONTINUOUS
10
0.3456801574803149
20
-0.1879266929133858
11
0.3468323228346457
21
-0.1862024015748031
0
LINE
8
BLACK
6
CONTINUOUS
10
0.3468323228346457
20
-0.1862024015748031
11
0.3485566141732284
21
-0.1850502362204724
0
LINE
8
BLACK
6
CONTINUOUS
10
0.3485566141732284
20
-0.1850502362204724
11
0.3505905511811023
21
-0.1846456692913386
0
LINE
8
BLACK
6
CONTINUOUS
10
0.3505905511811023
20
-0.1846456692913386
11
0.3612204724409449
21
-0.1846456692913386
0
LINE
8
BLACK
6
CONTINUOUS
10
0.3612204724409449
20
-0.1846456692913386
11
0.3632544094488189
21
-0.1850502362204724
0
LINE
8
BLACK
6
CONTINUOUS
10
0.4034118897637795
20
-0.1850502362204724
11
0.4051361811023622
21
-0.1862024015748031
0
LINE
8
BLACK
6
CONTINUOUS
10
0.4051361811023622
20
-0.1862024015748031
11
0.4062883464566929
21
-0.1879266929133858
0
LINE
8
BLACK
6
CONTINUOUS
10
0.4062883464566929
20
-0.1879266929133858
11
0.4066929133858267
21
-0.1899606299212598
0
LINE
8
BLACK
6
CONTINUOUS
10
0.4066929133858267
20
-0.1899606299212598
11
0.4066929133858267
21
-0.2045275590551181
0
LINE
8
BLACK
6
CONTINUOUS
10
0.4066929133858267
20
-0.2045275590551181
11
0.4062883464566929
21
-0.2065614960629921
0
LINE
8
BLACK
6
CONTINUOUS
10
0.4062883464566929
20
-0.2065614960629921
11
0.4051361811023622
21
-0.2082857874015748
0
LINE
8
BLACK
6
CONTINUOUS
10
0.4051361811023622
20
-0.2082857874015748
11
0.4034118897637795
21
-0.2094379527559055
0
LINE
8
BLACK
6
CONTINUOUS
10
0.4034118897637795
20
-0.2094379527559055
11
0.4013779527559055
21
-0.2098425196850394
0
LINE
8
BLACK
6
CONTINUOUS
10
0.4013779527559055
20
-0.2098425196850394
11
0.390748031496063
21
-0.2098425196850394
0
LINE
8
BLACK
6
CONTINUOUS
10
0.390748031496063
20
-0.2098425196850394
11
0.3887140944881889
21
-0.2094379527559055
0
LINE
8
BLACK
6
CONTINUOUS
10
0.3887140944881889
20
-0.2094379527559055
11
0.3869898031496063
21
-0.2082857874015748
0
LINE
8
BLACK
6
CONTINUOUS
10
0.3869898031496063
20
-0.2082857874015748
11
0.3858376377952756
21
-0.2065614960629921
0
LINE
8
BLACK
6
CONTINUOUS
10
0.3858376377952756
20
-0.2065614960629921
11
0.3854330708661417
21
-0.2045275590551181
0
LINE
8
BLACK
6
CONTINUOUS
10
0.3854330708661417
20
-0.2045275590551181
11
0.3854330708661417
21
-0.1899606299212598
0
LINE
8
BLACK
6
CONTINUOUS
10
0.3854330708661417
20
-0.1899606299212598
11
0.3858376377952756
21
-0.1879266929133858
0
LINE
8
BLACK
6
CONTINUOUS
10
0.3858376377952756
20
-0.1879266929133858
11
0.3869898031496063
21
-0.1862024015748031
0
LINE
8
BLACK
6
CONTINUOUS
10
0.3869898031496063
20
-0.1862024015748031
11
0.3887140944881889
21
-0.1850502362204724
0
LINE
8
BLACK
6
CONTINUOUS
10
0.3887140944881889
20
-0.1850502362204724
11
0.390748031496063
21
-0.1846456692913386
0
LINE
8
BLACK
6
CONTINUOUS
10
0.390748031496063
20
-0.1846456692913386
11
0.4013779527559055
21
-0.1846456692913386
0
LINE
8
BLACK
6
CONTINUOUS
10
0.4013779527559055
20
-0.1846456692913386
11
0.4034118897637795
21
-0.1850502362204724
0
LINE
8
BLACK
6
CONTINUOUS
10
-0.6342416141732283
20
-0.150562125984252
11
-0.629277874015748
21
-0.151892125984252
0
LINE
8
BLACK
6
CONTINUOUS
10
-0.629277874015748
20
-0.151892125984252
11
-0.6248275196850394
21
-0.1544615354330709
0
LINE
8
BLACK
6
CONTINUOUS
10
-0.6248275196850394
20
-0.1544615354330709
11
-0.6211938188976378
21
-0.1580952362204724
0
LINE
8
BLACK
6
CONTINUOUS
10
-0.6211938188976378
20
-0.1580952362204724
11
-0.6186244094488189
21
-0.1625455905511811
0
LINE
8
BLACK
6
CONTINUOUS
10
-0.6186244094488189
20
-0.1625455905511811
11
-0.6172944094488189
21
-0.1675093307086614
0
LINE
8
BLACK
6
CONTINUOUS
10
-0.6172944094488189
20
-0.1675093307086614
11
-0.6172944094488189
21
-0.1726481496062992
0
LINE
8
BLACK
6
CONTINUOUS
10
-0.6172944094488189
20
-0.1726481496062992
11
-0.6186244094488189
21
-0.1776118897637795
0
LINE
8
BLACK
6
CONTINUOUS
10
-0.6186244094488189
20
-0.1776118897637795
11
-0.6211938188976378
21
-0.1820622440944882
0
LINE
8
BLACK
6
CONTINUOUS
10
-0.6211938188976378
20
-0.1820622440944882
11
-0.6248275196850394
21
-0.1856959448818898
0
LINE
8
BLACK
6
CONTINUOUS
10
-0.6248275196850394
20
-0.1856959448818898
11
-0.629277874015748
21
-0.1882653543307087
0
LINE
8
BLACK
6
CONTINUOUS
10
-0.629277874015748
20
-0.1882653543307087
11
-0.6342416141732283
21
-0.1895953543307086
0
LINE
8
BLACK
6
CONTINUOUS
10
-0.6342416141732283
20
-0.1895953543307086
11
-0.6368110236220472
21
-0.189763779527559
0
LINE
8
BLACK
6
CONTINUOUS
10
-0.6368110236220472
20
-0.189763779527559
11
-0.6683070866141733
21
-0.189763779527559
0
LINE
8
BLACK
6
CONTINUOUS
10
-0.6683070866141733
20
-0.189763779527559
11
-0.6708764960629922
21
-0.1895953543307086
0
LINE
8
BLACK
6
CONTINUOUS
10
-0.6708764960629922
20
-0.1895953543307086
11
-0.6758402362204724
21
-0.1882653543307087
0
LINE
8
BLACK
6
CONTINUOUS
10
-0.6758402362204724
20
-0.1882653543307087
11
-0.6802905905511811
21
-0.1856959448818898
0
LINE
8
BLACK
6
CONTINUOUS
10
-0.6802905905511811
20
-0.1856959448818898
11
-0.6839242913385827
21
-0.1820622440944882
0
LINE
8
BLACK
6
CONTINUOUS
10
-0.6839242913385827
20
-0.1820622440944882
11
-0.6864937007874016
21
-0.1776118897637795
0
LINE
8
BLACK
6
CONTINUOUS
10
-0.6864937007874016
20
-0.1776118897637795
11
-0.6878237007874015
21
-0.1726481496062992
0
LINE
8
BLACK
6
CONTINUOUS
10
-0.6878237007874015
20
-0.1726481496062992
11
-0.6878237007874015
21
-0.1675093307086614
0
LINE
8
BLACK
6
CONTINUOUS
10
-0.6878237007874015
20
-0.1675093307086614
11
-0.6864937007874016
21
-0.1625455905511811
0
LINE
8
BLACK
6
CONTINUOUS
10
-0.6864937007874016
20
-0.1625455905511811
11
-0.6839242913385827
21
-0.1580952362204724
0
LINE
8
BLACK
6
CONTINUOUS
10
-0.6839242913385827
20
-0.1580952362204724
11
-0.6802905905511811
21
-0.1544615354330709
0
LINE
8
BLACK
6
CONTINUOUS
10
-0.6802905905511811
20
-0.1544615354330709
11
-0.6758402362204724
21
-0.151892125984252
0
LINE
8
BLACK
6
CONTINUOUS
10
-0.6758402362204724
20
-0.151892125984252
11
-0.6708764960629922
21
-0.150562125984252
0
LINE
8
BLACK
6
CONTINUOUS
10
-0.6708764960629922
20
-0.150562125984252
11
-0.6683070866141733
21
-0.1503937007874016
0
LINE
8
BLACK
6
CONTINUOUS
10
-0.6683070866141733
20
-0.1503937007874016
11
-0.6368110236220472
21
-0.1503937007874016
0
LINE
8
BLACK
6
CONTINUOUS
10
-0.6368110236220472
20
-0.1503937007874016
11
-0.6342416141732283
21
-0.150562125984252
0
LINE
8
BLACK
6
CONTINUOUS
10
-0.4637691732283464
20
-0.150562125984252
11
-0.4588054330708661
21
-0.151892125984252
0
LINE
8
BLACK
6
CONTINUOUS
10
-0.4588054330708661
20
-0.151892125984252
11
-0.4543550787401575
21
-0.1544615354330709
0
LINE
8
BLACK
6
CONTINUOUS
10
-0.4543550787401575
20
-0.1544615354330709
11
-0.4507213779527559
21
-0.1580952362204724
0
LINE
8
BLACK
6
CONTINUOUS
10
-0.4507213779527559
20
-0.1580952362204724
11
-0.448151968503937
21
-0.1625455905511811
0
LINE
8
BLACK
6
CONTINUOUS
10
-0.448151968503937
20
-0.1625455905511811
11
-0.446821968503937
21
-0.1675093307086614
0
LINE
8
BLACK
6
CONTINUOUS
10
-0.446821968503937
20
-0.1675093307086614
11
-0.446821968503937
21
-0.1726481496062992
0
LINE
8
BLACK
6
CONTINUOUS
10
-0.446821968503937
20
-0.1726481496062992
11
-0.448151968503937
21
-0.1776118897637795
0
LINE
8
BLACK
6
CONTINUOUS
10
-0.448151968503937
20
-0.1776118897637795
11
-0.4507213779527559
21
-0.1820622440944882
0
LINE
8
BLACK
6
CONTINUOUS
10
-0.4507213779527559
20
-0.1820622440944882
11
-0.4543550787401575
21
-0.1856959448818898
0
LINE
8
BLACK
6
CONTINUOUS
10
-0.4543550787401575
20
-0.1856959448818898
11
-0.4588054330708661
21
-0.1882653543307087
0
LINE
8
BLACK
6
CONTINUOUS
10
-0.4588054330708661
20
-0.1882653543307087
11
-0.4637691732283464
21
-0.1895953543307086
0
LINE
8
BLACK
6
CONTINUOUS
10
-0.4637691732283464
20
-0.1895953543307086
11
-0.4663385826771653
21
-0.189763779527559
0
LINE
8
BLACK
6
CONTINUOUS
10
-0.4663385826771653
20
-0.189763779527559
11
-0.5096456692913386
21
-0.189763779527559
0
LINE
8
BLACK
6
CONTINUOUS
10
-0.5096456692913386
20
-0.189763779527559
11
-0.5122150787401575
21
-0.1895953543307086
0
LINE
8
BLACK
6
CONTINUOUS
10
-0.5122150787401575
20
-0.1895953543307086
11
-0.5171788188976378
21
-0.1882653543307087
0
LINE
8
BLACK
6
CONTINUOUS
10
-0.5171788188976378
20
-0.1882653543307087
11
-0.5216291732283465
21
-0.1856959448818898
0
LINE
8
BLACK
6
CONTINUOUS
10
-0.5216291732283465
20
-0.1856959448818898
11
-0.525262874015748
21
-0.1820622440944882
0
LINE
8
BLACK
6
CONTINUOUS
10
-0.525262874015748
20
-0.1820622440944882
11
-0.5278322834645669
21
-0.1776118897637795
0
LINE
8
BLACK
6
CONTINUOUS
10
-0.5278322834645669
20
-0.1776118897637795
11
-0.529162283464567
21
-0.1726481496062992
0
LINE
8
BLACK
6
CONTINUOUS
10
-0.529162283464567
20
-0.1726481496062992
11
-0.529162283464567
21
-0.1675093307086614
0
LINE
8
BLACK
6
CONTINUOUS
10
-0.529162283464567
20
-0.1675093307086614
11
-0.5278322834645669
21
-0.1625455905511811
0
LINE
8
BLACK
6
CONTINUOUS
10
-0.5278322834645669
20
-0.1625455905511811
11
-0.525262874015748
21
-0.1580952362204724
0
LINE
8
BLACK
6
CONTINUOUS
10
-0.525262874015748
20
-0.1580952362204724
11
-0.5216291732283465
21
-0.1544615354330709
0
LINE
8
BLACK
6
CONTINUOUS
10
-0.5216291732283465
20
-0.1544615354330709
11
-0.5171788188976378
21
-0.151892125984252
0
LINE
8
BLACK
6
CONTINUOUS
10
-0.5171788188976378
20
-0.151892125984252
11
-0.5122150787401575
21
-0.150562125984252
0
LINE
8
BLACK
6
CONTINUOUS
10
-0.5122150787401575
20
-0.150562125984252
11
-0.5096456692913386
21
-0.1503937007874016
0
LINE
8
BLACK
6
CONTINUOUS
10
-0.5096456692913386
20
-0.1503937007874016
11
-0.4663385826771653
21
-0.1503937007874016
0
LINE
8
BLACK
6
CONTINUOUS
10
-0.4663385826771653
20
-0.1503937007874016
11
-0.4637691732283464
21
-0.150562125984252
0
LINE
8
BLACK
6
CONTINUOUS
10
-0.1502529133858268
20
-0.1460888582677165
11
-0.1484647637795276
21
-0.1472836614173228
0
LINE
8
BLACK
6
CONTINUOUS
10
-0.1484647637795276
20
-0.1472836614173228
11
-0.1472699606299213
21
-0.149071811023622
0
LINE
8
BLACK
6
CONTINUOUS
10
-0.1472699606299213
20
-0.149071811023622
11
-0.1468503937007874
21
-0.1511811023622047
0
LINE
8
BLACK
6
CONTINUOUS
10
-0.1468503937007874
20
-0.1511811023622047
11
-0.1468503937007874
21
-0.1645669291338583
0
LINE
8
BLACK
6
CONTINUOUS
10
-0.1468503937007874
20
-0.1645669291338583
11
-0.1472699606299213
21
-0.1666762204724409
0
LINE
8
BLACK
6
CONTINUOUS
10
-0.1472699606299213
20
-0.1666762204724409
11
-0.1484647637795276
21
-0.1684643700787402
0
LINE
8
BLACK
6
CONTINUOUS
10
-0.1484647637795276
20
-0.1684643700787402
11
-0.1502529133858268
21
-0.1696591732283464
0
LINE
8
BLACK
6
CONTINUOUS
10
-0.1502529133858268
20
-0.1696591732283464
11
-0.1523622047244095
21
-0.1700787401574803
0
LINE
8
BLACK
6
CONTINUOUS
10
-0.1523622047244095
20
-0.1700787401574803
11
-0.1633858267716535
21
-0.1700787401574803
0
LINE
8
BLACK
6
CONTINUOUS
10
-0.1633858267716535
20
-0.1700787401574803
11
-0.1654951181102362
21
-0.1696591732283464
0
LINE
8
BLACK
6
CONTINUOUS
10
-0.1654951181102362
20
-0.1696591732283464
11
-0.1672832677165354
21
-0.1684643700787402
0
LINE
8
BLACK
6
CONTINUOUS
10
-0.1672832677165354
20
-0.1684643700787402
11
-0.1684780708661417
21
-0.1666762204724409
0
LINE
8
BLACK
6
CONTINUOUS
10
-0.1684780708661417
20
-0.1666762204724409
11
-0.1688976377952756
21
-0.1645669291338583
0
LINE
8
BLACK
6
CONTINUOUS
10
-0.1688976377952756
20
-0.1645669291338583
11
-0.1688976377952756
21
-0.1511811023622047
0
LINE
8
BLACK
6
CONTINUOUS
10
-0.1688976377952756
20
-0.1511811023622047
11
-0.1684780708661417
21
-0.149071811023622
0
LINE
8
BLACK
6
CONTINUOUS
10
-0.1684780708661417
20
-0.149071811023622
11
-0.1672832677165354
21
-0.1472836614173228
0
LINE
8
BLACK
6
CONTINUOUS
10
-0.1672832677165354
20
-0.1472836614173228
11
-0.1654951181102362
21
-0.1460888582677165
0
LINE
8
BLACK
6
CONTINUOUS
10
-0.1654951181102362
20
-0.1460888582677165
11
-0.1633858267716535
21
-0.1456692913385827
0
LINE
8
BLACK
6
CONTINUOUS
10
-0.1633858267716535
20
-0.1456692913385827
11
-0.1523622047244095
21
-0.1456692913385827
0
LINE
8
BLACK
6
CONTINUOUS
10
-0.1523622047244095
20
-0.1456692913385827
11
-0.1502529133858268
21
-0.1460888582677165
0
LINE
8
BLACK
6
CONTINUOUS
10
-0.1124576377952756
20
-0.1460888582677165
11
-0.1106694881889764
21
-0.1472836614173228
0
LINE
8
BLACK
6
CONTINUOUS
10
-0.1106694881889764
20
-0.1472836614173228
11
-0.1094746850393701
21
-0.149071811023622
0
LINE
8
BLACK
6
CONTINUOUS
10
-0.1094746850393701
20
-0.149071811023622
11
-0.1090551181102362
21
-0.1511811023622047
0
LINE
8
BLACK
6
CONTINUOUS
10
-0.1090551181102362
20
-0.1511811023622047
11
-0.1090551181102362
21
-0.1645669291338583
0
LINE
8
BLACK
6
CONTINUOUS
10
-0.1090551181102362
20
-0.1645669291338583
11
-0.1094746850393701
21
-0.1666762204724409
0
LINE
8
BLACK
6
CONTINUOUS
10
-0.1094746850393701
20
-0.1666762204724409
11
-0.1106694881889764
21
-0.1684643700787402
0
LINE
8
BLACK
6
CONTINUOUS
10
-0.1106694881889764
20
-0.1684643700787402
11
-0.1124576377952756
21
-0.1696591732283464
0
LINE
8
BLACK
6
CONTINUOUS
10
-0.1124576377952756
20
-0.1696591732283464
11
-0.1145669291338583
21
-0.1700787401574803
0
LINE
8
BLACK
6
CONTINUOUS
10
-0.1145669291338583
20
-0.1700787401574803
11
-0.1255905511811024
21
-0.1700787401574803
0
LINE
8
BLACK
6
CONTINUOUS
10
-0.1255905511811024
20
-0.1700787401574803
11
-0.127699842519685
21
-0.1696591732283464
0
LINE
8
BLACK
6
CONTINUOUS
10
-0.127699842519685
20
-0.1696591732283464
11
-0.1294879921259842
21
-0.1684643700787402
0
LINE
8
BLACK
6
CONTINUOUS
10
-0.1294879921259842
20
-0.1684643700787402
11
-0.1306827952755905
21
-0.1666762204724409
0
LINE
8
BLACK
6
CONTINUOUS
10
-0.1306827952755905
20
-0.1666762204724409
11
-0.1311023622047244
21
-0.1645669291338583
0
LINE
8
BLACK
6
CONTINUOUS
10
-0.1311023622047244
20
-0.1645669291338583
11
-0.1311023622047244
21
-0.1511811023622047
0
LINE
8
BLACK
6
CONTINUOUS
10
-0.1311023622047244
20
-0.1511811023622047
11
-0.1306827952755905
21
-0.149071811023622
0
LINE
8
BLACK
6
CONTINUOUS
10
-0.1306827952755905
20
-0.149071811023622
11
-0.1294879921259842
21
-0.1472836614173228
0
LINE
8
BLACK
6
CONTINUOUS
10
-0.1294879921259842
20
-0.1472836614173228
11
-0.127699842519685
21
-0.1460888582677165
0
LINE
8
BLACK
6
CONTINUOUS
10
-0.127699842519685
20
-0.1460888582677165
11
-0.1255905511811024
21
-0.1456692913385827
0
LINE
8
BLACK
6
CONTINUOUS
10
-0.1255905511811024
20
-0.1456692913385827
11
-0.1145669291338583
21
-0.1456692913385827
0
LINE
8
BLACK
6
CONTINUOUS
10
-0.1145669291338583
20
-0.1456692913385827
11
-0.1124576377952756
21
-0.1460888582677165
0
LINE
8
BLACK
6
CONTINUOUS
10
0.169432125984252
20
-0.1456951574803149
11
0.1712202755905512
21
-0.1468899606299213
0
LINE
8
BLACK
6
CONTINUOUS
10
0.1712202755905512
20
-0.1468899606299213
11
0.1724150787401575
21
-0.1486781102362205
0
LINE
8
BLACK
6
CONTINUOUS
10
0.1724150787401575
20
-0.1486781102362205
11
0.1728346456692913
21
-0.1507874015748031
0
LINE
8
BLACK
6
CONTINUOUS
10
0.1728346456692913
20
-0.1507874015748031
11
0.1728346456692913
21
-0.1641732283464567
0
LINE
8
BLACK
6
CONTINUOUS
10
0.1728346456692913
20
-0.1641732283464567
11
0.1724150787401575
21
-0.1662825196850394
0
LINE
8
BLACK
6
CONTINUOUS
10
0.1724150787401575
20
-0.1662825196850394
11
0.1712202755905512
21
-0.1680706692913386
0
LINE
8
BLACK
6
CONTINUOUS
10
0.1712202755905512
20
-0.1680706692913386
11
0.169432125984252
21
-0.1692654724409449
0
LINE
8
BLACK
6
CONTINUOUS
10
0.169432125984252
20
-0.1692654724409449
11
0.1673228346456693
21
-0.1696850393700787
0
LINE
8
BLACK
6
CONTINUOUS
10
0.1673228346456693
20
-0.1696850393700787
11
0.1562992125984252
21
-0.1696850393700787
0
LINE
8
BLACK
6
CONTINUOUS
10
0.1562992125984252
20
-0.1696850393700787
11
0.1541899212598425
21
-0.1692654724409449
0
LINE
8
BLACK
6
CONTINUOUS
10
0.1541899212598425
20
-0.1692654724409449
11
0.1524017716535433
21
-0.1680706692913386
0
LINE
8
BLACK
6
CONTINUOUS
10
0.1524017716535433
20
-0.1680706692913386
11
0.151206968503937
21
-0.1662825196850394
0
LINE
8
BLACK
6
CONTINUOUS
10
0.151206968503937
20
-0.1662825196850394
11
0.1507874015748031
21
-0.1641732283464567
0
LINE
8
BLACK
6
CONTINUOUS
10
0.1507874015748031
20
-0.1641732283464567
11
0.1507874015748031
21
-0.1507874015748031
0
LINE
8
BLACK
6
CONTINUOUS
10
0.1507874015748031
20
-0.1507874015748031
11
0.151206968503937
21
-0.1486781102362205
0
LINE
8
BLACK
6
CONTINUOUS
10
0.151206968503937
20
-0.1486781102362205
11
0.1524017716535433
21
-0.1468899606299213
0
LINE
8
BLACK
6
CONTINUOUS
10
0.1524017716535433
20
-0.1468899606299213
11
0.1541899212598425
21
-0.1456951574803149
0
LINE
8
BLACK
6
CONTINUOUS
10
0.1541899212598425
20
-0.1456951574803149
11
0.1562992125984252
21
-0.1452755905511811
0
LINE
8
BLACK
6
CONTINUOUS
10
0.1562992125984252
20
-0.1452755905511811
11
0.1673228346456693
21
-0.1452755905511811
0
LINE
8
BLACK
6
CONTINUOUS
10
0.1673228346456693
20
-0.1452755905511811
11
0.169432125984252
21
-0.1456951574803149
0
LINE
8
BLACK
6
CONTINUOUS
10
0.2072274015748032
20
-0.1456951574803149
11
0.2090155511811023
21
-0.1468899606299213
0
LINE
8
BLACK
6
CONTINUOUS
10
0.2090155511811023
20
-0.1468899606299213
11
0.2102103543307086
21
-0.1486781102362205
0
LINE
8
BLACK
6
CONTINUOUS
10
0.2102103543307086
20
-0.1486781102362205
11
0.2106299212598425
21
-0.1507874015748031
0
LINE
8
BLACK
6
CONTINUOUS
10
0.2106299212598425
20
-0.1507874015748031
11
0.2106299212598425
21
-0.1641732283464567
0
LINE
8
BLACK
6
CONTINUOUS
10
0.2106299212598425
20
-0.1641732283464567
11
0.2102103543307086
21
-0.1662825196850394
0
LINE
8
BLACK
6
CONTINUOUS
10
0.2102103543307086
20
-0.1662825196850394
11
0.2090155511811023
21
-0.1680706692913386
0
LINE
8
BLACK
6
CONTINUOUS
10
0.2090155511811023
20
-0.1680706692913386
11
0.2072274015748032
21
-0.1692654724409449
0
LINE
8
BLACK
6
CONTINUOUS
10
0.2072274015748032
20
-0.1692654724409449
11
0.2051181102362205
21
-0.1696850393700787
0
LINE
8
BLACK
6
CONTINUOUS
10
0.2051181102362205
20
-0.1696850393700787
11
0.1940944881889764
21
-0.1696850393700787
0
LINE
8
BLACK
6
CONTINUOUS
10
0.1940944881889764
20
-0.1696850393700787
11
0.1919851968503937
21
-0.1692654724409449
0
LINE
8
BLACK
6
CONTINUOUS
10
0.1919851968503937
20
-0.1692654724409449
11
0.1901970472440945
21
-0.1680706692913386
0
LINE
8
BLACK
6
CONTINUOUS
10
0.1901970472440945
20
-0.1680706692913386
11
0.1890022440944882
21
-0.1662825196850394
0
LINE
8
BLACK
6
CONTINUOUS
10
0.1890022440944882
20
-0.1662825196850394
11
0.1885826771653543
21
-0.1641732283464567
0
LINE
8
BLACK
6
CONTINUOUS
10
0.1885826771653543
20
-0.1641732283464567
11
0.1885826771653543
21
-0.1507874015748031
0
LINE
8
BLACK
6
CONTINUOUS
10
0.1885826771653543
20
-0.1507874015748031
11
0.1890022440944882
21
-0.1486781102362205
0
LINE
8
BLACK
6
CONTINUOUS
10
0.1890022440944882
20
-0.1486781102362205
11
0.1901970472440945
21
-0.1468899606299213
0
LINE
8
BLACK
6
CONTINUOUS
10
0.1901970472440945
20
-0.1468899606299213
11
0.1919851968503937
21
-0.1456951574803149
0
LINE
8
BLACK
6
CONTINUOUS
10
0.1919851968503937
20
-0.1456951574803149
11
0.1940944881889764
21
-0.1452755905511811
0
LINE
8
BLACK
6
CONTINUOUS
10
0.1940944881889764
20
-0.1452755905511811
11
0.2051181102362205
21
-0.1452755905511811
0
LINE
8
BLACK
6
CONTINUOUS
10
0.2051181102362205
20
-0.1452755905511811
11
0.2072274015748032
21
-0.1456951574803149
0
LINE
8
BLACK
6
CONTINUOUS
10
-0.0833188582677165
20
-0.1079019291338583
11
-0.082360905511811
21
-0.1085420078740157
0
LINE
8
BLACK
6
CONTINUOUS
10
-0.082360905511811
20
-0.1085420078740157
11
-0.0817208267716535
21
-0.1094999606299213
0
LINE
8
BLACK
6
CONTINUOUS
10
-0.0817208267716535
20
-0.1094999606299213
11
-0.081496062992126
21
-0.1106299212598425
0
LINE
8
BLACK
6
CONTINUOUS
10
-0.081496062992126
20
-0.1106299212598425
11
-0.081496062992126
21
-0.1627952755905512
0
LINE
8
BLACK
6
CONTINUOUS
10
-0.081496062992126
20
-0.1627952755905512
11
-0.0817208267716535
21
-0.1639252362204724
0
LINE
8
BLACK
6
CONTINUOUS
10
-0.0817208267716535
20
-0.1639252362204724
11
-0.082360905511811
21
-0.1648831889763779
0
LINE
8
BLACK
6
CONTINUOUS
10
-0.082360905511811
20
-0.1648831889763779
11
-0.0833188582677165
21
-0.1655232677165354
0
LINE
8
BLACK
6
CONTINUOUS
10
-0.0833188582677165
20
-0.1655232677165354
11
-0.0844488188976378
21
-0.165748031496063
0
LINE
8
BLACK
6
CONTINUOUS
10
-0.0844488188976378
20
-0.165748031496063
11
-0.0903543307086614
21
-0.165748031496063
0
LINE
8
BLACK
6
CONTINUOUS
10
-0.0903543307086614
20
-0.165748031496063
11
-0.0914842913385827
21
-0.1655232677165354
0
LINE
8
BLACK
6
CONTINUOUS
10
-0.0914842913385827
20
-0.1655232677165354
11
-0.0924422440944882
21
-0.1648831889763779
0
LINE
8
BLACK
6
CONTINUOUS
10
-0.0924422440944882
20
-0.1648831889763779
11
-0.0930823228346457
21
-0.1639252362204724
0
LINE
8
BLACK
6
CONTINUOUS
10
-0.0930823228346457
20
-0.1639252362204724
11
-0.0933070866141732
21
-0.1627952755905512
0
LINE
8
BLACK
6
CONTINUOUS
10
-0.0933070866141732
20
-0.1627952755905512
11
-0.0933070866141732
21
-0.1106299212598425
0
LINE
8
BLACK
6
CONTINUOUS
10
-0.0933070866141732
20
-0.1106299212598425
11
-0.0930823228346457
21
-0.1094999606299213
0
LINE
8
BLACK
6
CONTINUOUS
10
-0.0930823228346457
20
-0.1094999606299213
11
-0.0924422440944882
21
-0.1085420078740157
0
LINE
8
BLACK
6
CONTINUOUS
10
-0.0924422440944882
20
-0.1085420078740157
11
-0.0914842913385827
21
-0.1079019291338583
0
LINE
8
BLACK
6
CONTINUOUS
10
-0.0914842913385827
20
-0.1079019291338583
11
-0.0903543307086614
21
-0.1076771653543307
0
LINE
8
BLACK
6
CONTINUOUS
10
-0.0903543307086614
20
-0.1076771653543307
11
-0.0844488188976378
21
-0.1076771653543307
0
LINE
8
BLACK
6
CONTINUOUS
10
-0.0844488188976378
20
-0.1076771653543307
11
-0.0833188582677165
21
-0.1079019291338583
0
LINE
8
BLACK
6
CONTINUOUS
10
-0.0636338188976378
20
-0.1079019291338583
11
-0.0626758661417323
21
-0.1085420078740157
0
LINE
8
BLACK
6
CONTINUOUS
10
-0.0626758661417323
20
-0.1085420078740157
11
-0.0620357874015748
21
-0.1094999606299213
0
LINE
8
BLACK
6
CONTINUOUS
10
-0.0620357874015748
20
-0.1094999606299213
11
-0.0618110236220472
21
-0.1106299212598425
0
LINE
8
BLACK
6
CONTINUOUS
10
-0.0618110236220472
20
-0.1106299212598425
11
-0.0618110236220472
21
-0.1627952755905512
0
LINE
8
BLACK
6
CONTINUOUS
10
-0.0618110236220472
20
-0.1627952755905512
11
-0.0620357874015748
21
-0.1639252362204724
0
LINE
8
BLACK
6
CONTINUOUS
10
-0.0620357874015748
20
-0.1639252362204724
11
-0.0626758661417323
21
-0.1648831889763779
0
LINE
8
BLACK
6
CONTINUOUS
10
-0.0626758661417323
20
-0.1648831889763779
11
-0.0636338188976378
21
-0.1655232677165354
0
LINE
8
BLACK
6
CONTINUOUS
10
-0.0636338188976378
20
-0.1655232677165354
11
-0.0647637795275591
21
-0.165748031496063
0
LINE
8
BLACK
6
CONTINUOUS
10
-0.0647637795275591
20
-0.165748031496063
11
-0.0706692913385827
21
-0.165748031496063
0
LINE
8
BLACK
6
CONTINUOUS
10
-0.0706692913385827
20
-0.165748031496063
11
-0.0717992519685039
21
-0.1655232677165354
0
LINE
8
BLACK
6
CONTINUOUS
10
-0.0717992519685039
20
-0.1655232677165354
11
-0.0727572047244094
21
-0.1648831889763779
0
LINE
8
BLACK
6
CONTINUOUS
10
-0.0727572047244094
20
-0.1648831889763779
11
-0.0733972834645669
21
-0.1639252362204724
0
LINE
8
BLACK
6
CONTINUOUS
10
-0.0733972834645669
20
-0.1639252362204724
11
-0.0736220472440945
21
-0.1627952755905512
0
LINE
8
BLACK
6
CONTINUOUS
10
-0.0736220472440945
20
-0.1627952755905512
11
-0.0736220472440945
21
-0.1106299212598425
0
LINE
8
BLACK
6
CONTINUOUS
10
-0.0736220472440945
20
-0.1106299212598425
11
-0.0733972834645669
21
-0.1094999606299213
0
LINE
8
BLACK
6
CONTINUOUS
10
-0.0733972834645669
20
-0.1094999606299213
11
-0.0727572047244094
21
-0.1085420078740157
0
LINE
8
BLACK
6
CONTINUOUS
10
-0.0727572047244094
20
-0.1085420078740157
11
-0.0717992519685039
21
-0.1079019291338583
0
LINE
8
BLACK
6
CONTINUOUS
10
-0.0717992519685039
20
-0.1079019291338583
11
-0.0706692913385827
21
-0.1076771653543307
0
LINE
8
BLACK
6
CONTINUOUS
10
-0.0706692913385827
20
-0.1076771653543307
11
-0.0647637795275591
21
-0.1076771653543307
0
LINE
8
BLACK
6
CONTINUOUS
10
-0.0647637795275591
20
-0.1076771653543307
11
-0.0636338188976378
21
-0.1079019291338583
0
LINE
8
BLACK
6
CONTINUOUS
10
-0.0439487795275591
20
-0.1079019291338583
11
-0.0429908267716535
21
-0.1085420078740157
0
LINE
8
BLACK
6
CONTINUOUS
10
-0.0429908267716535
20
-0.1085420078740157
11
-0.0423507480314961
21
-0.1094999606299213
0
LINE
8
BLACK
6
CONTINUOUS
10
-0.0423507480314961
20
-0.1094999606299213
11
-0.0421259842519685
21
-0.1106299212598425
0
LINE
8
BLACK
6
CONTINUOUS
10
-0.0421259842519685
20
-0.1106299212598425
11
-0.0421259842519685
21
-0.1627952755905512
0
LINE
8
BLACK
6
CONTINUOUS
10
-0.0421259842519685
20
-0.1627952755905512
11
-0.0423507480314961
21
-0.1639252362204724
0
LINE
8
BLACK
6
CONTINUOUS
10
-0.0423507480314961
20
-0.1639252362204724
11
-0.0429908267716535
21
-0.1648831889763779
0
LINE
8
BLACK
6
CONTINUOUS
10
-0.0429908267716535
20
-0.1648831889763779
11
-0.0439487795275591
21
-0.1655232677165354
0
LINE
8
BLACK
6
CONTINUOUS
10
-0.0439487795275591
20
-0.1655232677165354
11
-0.0450787401574803
21
-0.165748031496063
0
LINE
8
BLACK
6
CONTINUOUS
10
-0.0450787401574803
20
-0.165748031496063
11
-0.0509842519685039
21
-0.165748031496063
0
LINE
8
BLACK
6
CONTINUOUS
10
-0.0509842519685039
20
-0.165748031496063
11
-0.0521142125984252
21
-0.1655232677165354
0
LINE
8
BLACK
6
CONTINUOUS
10
-0.0521142125984252
20
-0.1655232677165354
11
-0.0530721653543307
21
-0.1648831889763779
0
LINE
8
BLACK
6
CONTINUOUS
10
-0.0530721653543307
20
-0.1648831889763779
11
-0.0537122440944882
21
-0.1639252362204724
0
LINE
8
BLACK
6
CONTINUOUS
10
-0.0537122440944882
20
-0.1639252362204724
11
-0.0539370078740157
21
-0.1627952755905512
0
LINE
8
BLACK
6
CONTINUOUS
10
-0.0539370078740157
20
-0.1627952755905512
11
-0.0539370078740157
21
-0.1106299212598425
0
LINE
8
BLACK
6
CONTINUOUS
10
-0.0539370078740157
20
-0.1106299212598425
11
-0.0537122440944882
21
-0.1094999606299213
0
LINE
8
BLACK
6
CONTINUOUS
10
-0.0537122440944882
20
-0.1094999606299213
11
-0.0530721653543307
21
-0.1085420078740157
0
LINE
8
BLACK
6
CONTINUOUS
10
-0.0530721653543307
20
-0.1085420078740157
11
-0.0521142125984252
21
-0.1079019291338583
0
LINE
8
BLACK
6
CONTINUOUS
10
-0.0521142125984252
20
-0.1079019291338583
11
-0.0509842519685039
21
-0.1076771653543307
0
LINE
8
BLACK
6
CONTINUOUS
10
-0.0509842519685039
20
-0.1076771653543307
11
-0.0450787401574803
21
-0.1076771653543307
0
LINE
8
BLACK
6
CONTINUOUS
10
-0.0450787401574803
20
-0.1076771653543307
11
-0.0439487795275591
21
-0.1079019291338583
0
LINE
8
BLACK
6
CONTINUOUS
10
-0.0242637007874016
20
-0.1079019291338583
11
-0.0233057480314961
21
-0.1085420078740157
0
LINE
8
BLACK
6
CONTINUOUS
10
-0.0233057480314961
20
-0.1085420078740157
11
-0.0226656692913386
21
-0.1094999606299213
0
LINE
8
BLACK
6
CONTINUOUS
10
-0.0226656692913386
20
-0.1094999606299213
11
-0.022440905511811
21
-0.1106299212598425
0
LINE
8
BLACK
6
CONTINUOUS
10
-0.022440905511811
20
-0.1106299212598425
11
-0.022440905511811
21
-0.1627952755905512
0
LINE
8
BLACK
6
CONTINUOUS
10
-0.022440905511811
20
-0.1627952755905512
11
-0.0226656692913386
21
-0.1639252362204724
0
LINE
8
BLACK
6
CONTINUOUS
10
-0.0226656692913386
20
-0.1639252362204724
11
-0.0233057480314961
21
-0.1648831889763779
0
LINE
8
BLACK
6
CONTINUOUS
10
-0.0233057480314961
20
-0.1648831889763779
11
-0.0242637007874016
21
-0.1655232677165354
0
LINE
8
BLACK
6
CONTINUOUS
10
-0.0242637007874016
20
-0.1655232677165354
11
-0.0253936614173228
21
-0.165748031496063
0
LINE
8
BLACK
6
CONTINUOUS
10
-0.0253936614173228
20
-0.165748031496063
11
-0.0312991732283465
21
-0.165748031496063
0
LINE
8
BLACK
6
CONTINUOUS
10
-0.0312991732283465
20
-0.165748031496063
11
-0.0324291338582677
21
-0.1655232677165354
0
LINE
8
BLACK
6
CONTINUOUS
10
-0.0324291338582677
20
-0.1655232677165354
11
-0.0333870866141732
21
-0.1648831889763779
0
LINE
8
BLACK
6
CONTINUOUS
10
-0.0333870866141732
20
-0.1648831889763779
11
-0.0340271653543307
21
-0.1639252362204724
0
LINE
8
BLACK
6
CONTINUOUS
10
-0.0340271653543307
20
-0.1639252362204724
11
-0.0342519291338583
21
-0.1627952755905512
0
LINE
8
BLACK
6
CONTINUOUS
10
-0.0342519291338583
20
-0.1627952755905512
11
-0.0342519291338583
21
-0.1106299212598425
0
LINE
8
BLACK
6
CONTINUOUS
10
-0.0342519291338583
20
-0.1106299212598425
11
-0.0340271653543307
21
-0.1094999606299213
0
LINE
8
BLACK
6
CONTINUOUS
10
-0.0340271653543307
20
-0.1094999606299213
11
-0.0333870866141732
21
-0.1085420078740157
0
LINE
8
BLACK
6
CONTINUOUS
10
-0.0333870866141732
20
-0.1085420078740157
11
-0.0324291338582677
21
-0.1079019291338583
0
LINE
8
BLACK
6
CONTINUOUS
10
-0.0324291338582677
20
-0.1079019291338583
11
-0.0312991732283465
21
-0.1076771653543307
0
LINE
8
BLACK
6
CONTINUOUS
10
-0.0312991732283465
20
-0.1076771653543307
11
-0.0253936614173228
21
-0.1076771653543307
0
LINE
8
BLACK
6
CONTINUOUS
10
-0.0253936614173228
20
-0.1076771653543307
11
-0.0242637007874016
21
-0.1079019291338583
0
LINE
8
BLACK
6
CONTINUOUS
10
-0.0045787007874016
20
-0.1079019291338583
11
-0.0036207480314961
21
-0.1085420078740157
0
LINE
8
BLACK
6
CONTINUOUS
10
-0.0036207480314961
20
-0.1085420078740157
11
-0.0029806692913386
21
-0.1094999606299213
0
LINE
8
BLACK
6
CONTINUOUS
10
-0.0029806692913386
20
-0.1094999606299213
11
-0.002755905511811
21
-0.1106299212598425
0
LINE
8
BLACK
6
CONTINUOUS
10
-0.002755905511811
20
-0.1106299212598425
11
-0.002755905511811
21
-0.1627952755905512
0
LINE
8
BLACK
6
CONTINUOUS
10
-0.002755905511811
20
-0.1627952755905512
11
-0.0029806692913386
21
-0.1639252362204724
0
LINE
8
BLACK
6
CONTINUOUS
10
-0.0029806692913386
20
-0.1639252362204724
11
-0.0036207480314961
21
-0.1648831889763779
0
LINE
8
BLACK
6
CONTINUOUS
10
-0.0036207480314961
20
-0.1648831889763779
11
-0.0045787007874016
21
-0.1655232677165354
0
LINE
8
BLACK
6
CONTINUOUS
10
-0.0045787007874016
20
-0.1655232677165354
11
-0.0057086614173228
21
-0.165748031496063
0
LINE
8
BLACK
6
CONTINUOUS
10
-0.0057086614173228
20
-0.165748031496063
11
-0.0116141732283465
21
-0.165748031496063
0
LINE
8
BLACK
6
CONTINUOUS
10
-0.0116141732283465
20
-0.165748031496063
11
-0.0127441338582677
21
-0.1655232677165354
0
LINE
8
BLACK
6
CONTINUOUS
10
-0.0127441338582677
20
-0.1655232677165354
11
-0.0137020866141732
21
-0.1648831889763779
0
LINE
8
BLACK
6
CONTINUOUS
10
-0.0137020866141732
20
-0.1648831889763779
11
-0.0143421653543307
21
-0.1639252362204724
0
LINE
8
BLACK
6
CONTINUOUS
10
-0.0143421653543307
20
-0.1639252362204724
11
-0.0145669291338583
21
-0.1627952755905512
0
LINE
8
BLACK
6
CONTINUOUS
10
-0.0145669291338583
20
-0.1627952755905512
11
-0.0145669291338583
21
-0.1106299212598425
0
LINE
8
BLACK
6
CONTINUOUS
10
-0.0145669291338583
20
-0.1106299212598425
11
-0.0143421653543307
21
-0.1094999606299213
0
LINE
8
BLACK
6
CONTINUOUS
10
-0.0143421653543307
20
-0.1094999606299213
11
-0.0137020866141732
21
-0.1085420078740157
0
LINE
8
BLACK
6
CONTINUOUS
10
-0.0137020866141732
20
-0.1085420078740157
11
-0.0127441338582677
21
-0.1079019291338583
0
LINE
8
BLACK
6
CONTINUOUS
10
-0.0127441338582677
20
-0.1079019291338583
11
-0.0116141732283465
21
-0.1076771653543307
0
LINE
8
BLACK
6
CONTINUOUS
10
-0.0116141732283465
20
-0.1076771653543307
11
-0.0057086614173228
21
-0.1076771653543307
0
LINE
8
BLACK
6
CONTINUOUS
10
-0.0057086614173228
20
-0.1076771653543307
11
-0.0045787007874016
21
-0.1079019291338583
0
LINE
8
BLACK
6
CONTINUOUS
10
0.0151063385826772
20
-0.1079019291338583
11
0.0160642913385827
21
-0.1085420078740157
0
LINE
8
BLACK
6
CONTINUOUS
10
0.0160642913385827
20
-0.1085420078740157
11
0.0167043700787402
21
-0.1094999606299213
0
LINE
8
BLACK
6
CONTINUOUS
10
0.0167043700787402
20
-0.1094999606299213
11
0.0169291338582677
21
-0.1106299212598425
0
LINE
8
BLACK
6
CONTINUOUS
10
0.0169291338582677
20
-0.1106299212598425
11
0.0169291338582677
21
-0.1627952755905512
0
LINE
8
BLACK
6
CONTINUOUS
10
0.0169291338582677
20
-0.1627952755905512
11
0.0167043700787402
21
-0.1639252362204724
0
LINE
8
BLACK
6
CONTINUOUS
10
0.0167043700787402
20
-0.1639252362204724
11
0.0160642913385827
21
-0.1648831889763779
0
LINE
8
BLACK
6
CONTINUOUS
10
0.0160642913385827
20
-0.1648831889763779
11
0.0151063385826772
21
-0.1655232677165354
0
LINE
8
BLACK
6
CONTINUOUS
10
0.0151063385826772
20
-0.1655232677165354
11
0.0139763779527559
21
-0.165748031496063
0
LINE
8
BLACK
6
CONTINUOUS
10
0.0139763779527559
20
-0.165748031496063
11
0.0080708661417323
21
-0.165748031496063
0
LINE
8
BLACK
6
CONTINUOUS
10
0.0080708661417323
20
-0.165748031496063
11
0.006940905511811
21
-0.1655232677165354
0
LINE
8
BLACK
6
CONTINUOUS
10
0.006940905511811
20
-0.1655232677165354
11
0.0059829527559055
21
-0.1648831889763779
0
LINE
8
BLACK
6
CONTINUOUS
10
0.0059829527559055
20
-0.1648831889763779
11
0.005342874015748
21
-0.1639252362204724
0
LINE
8
BLACK
6
CONTINUOUS
10
0.005342874015748
20
-0.1639252362204724
11
0.0051181102362205
21
-0.1627952755905512
0
LINE
8
BLACK
6
CONTINUOUS
10
0.0051181102362205
20
-0.1627952755905512
11
0.0051181102362205
21
-0.1106299212598425
0
LINE
8
BLACK
6
CONTINUOUS
10
0.0051181102362205
20
-0.1106299212598425
11
0.005342874015748
21
-0.1094999606299213
0
LINE
8
BLACK
6
CONTINUOUS
10
0.005342874015748
20
-0.1094999606299213
11
0.0059829527559055
21
-0.1085420078740157
0
LINE
8
BLACK
6
CONTINUOUS
10
0.0059829527559055
20
-0.1085420078740157
11
0.006940905511811
21
-0.1079019291338583
0
LINE
8
BLACK
6
CONTINUOUS
10
0.006940905511811
20
-0.1079019291338583
11
0.0080708661417323
21
-0.1076771653543307
0
LINE
8
BLACK
6
CONTINUOUS
10
0.0080708661417323
20
-0.1076771653543307
11
0.0139763779527559
21
-0.1076771653543307
0
LINE
8
BLACK
6
CONTINUOUS
10
0.0139763779527559
20
-0.1076771653543307
11
0.0151063385826772
21
-0.1079019291338583
0
LINE
8
BLACK
6
CONTINUOUS
10
0.0347913779527559
20
-0.1079019291338583
11
0.0357493307086614
21
-0.1085420078740157
0
LINE
8
BLACK
6
CONTINUOUS
10
0.0357493307086614
20
-0.1085420078740157
11
0.0363894094488189
21
-0.1094999606299213
0
LINE
8
BLACK
6
CONTINUOUS
10
0.0363894094488189
20
-0.1094999606299213
11
0.0366141732283465
21
-0.1106299212598425
0
LINE
8
BLACK
6
CONTINUOUS
10
0.0366141732283465
20
-0.1106299212598425
11
0.0366141732283465
21
-0.1627952755905512
0
LINE
8
BLACK
6
CONTINUOUS
10
0.0366141732283465
20
-0.1627952755905512
11
0.0363894094488189
21
-0.1639252362204724
0
LINE
8
BLACK
6
CONTINUOUS
10
0.0363894094488189
20
-0.1639252362204724
11
0.0357493307086614
21
-0.1648831889763779
0
LINE
8
BLACK
6
CONTINUOUS
10
0.0357493307086614
20
-0.1648831889763779
11
0.0347913779527559
21
-0.1655232677165354
0
LINE
8
BLACK
6
CONTINUOUS
10
0.0347913779527559
20
-0.1655232677165354
11
0.0336614173228346
21
-0.165748031496063
0
LINE
8
BLACK
6
CONTINUOUS
10
0.0336614173228346
20
-0.165748031496063
11
0.027755905511811
21
-0.165748031496063
0
LINE
8
BLACK
6
CONTINUOUS
10
0.027755905511811
20
-0.165748031496063
11
0.0266259448818898
21
-0.1655232677165354
0
LINE
8
BLACK
6
CONTINUOUS
10
0.0266259448818898
20
-0.1655232677165354
11
0.0256679921259843
21
-0.1648831889763779
0
LINE
8
BLACK
6
CONTINUOUS
10
0.0256679921259843
20
-0.1648831889763779
11
0.0250279133858268
21
-0.1639252362204724
0
LINE
8
BLACK
6
CONTINUOUS
10
0.0250279133858268
20
-0.1639252362204724
11
0.0248031496062992
21
-0.1627952755905512
0
LINE
8
BLACK
6
CONTINUOUS
10
0.0248031496062992
20
-0.1627952755905512
11
0.0248031496062992
21
-0.1106299212598425
0
LINE
8
BLACK
6
CONTINUOUS
10
0.0248031496062992
20
-0.1106299212598425
11
0.0250279133858268
21
-0.1094999606299213
0
LINE
8
BLACK
6
CONTINUOUS
10
0.0250279133858268
20
-0.1094999606299213
11
0.0256679921259843
21
-0.1085420078740157
0
LINE
8
BLACK
6
CONTINUOUS
10
0.0256679921259843
20
-0.1085420078740157
11
0.0266259448818898
21
-0.1079019291338583
0
LINE
8
BLACK
6
CONTINUOUS
10
0.0266259448818898
20
-0.1079019291338583
11
0.027755905511811
21
-0.1076771653543307
0
LINE
8
BLACK
6
CONTINUOUS
10
0.027755905511811
20
-0.1076771653543307
11
0.0336614173228346
21
-0.1076771653543307
0
LINE
8
BLACK
6
CONTINUOUS
10
0.0336614173228346
20
-0.1076771653543307
11
0.0347913779527559
21
-0.1079019291338583
0
LINE
8
BLACK
6
CONTINUOUS
10
0.0544764173228346
20
-0.1079019291338583
11
0.0554343700787402
21
-0.1085420078740157
0
LINE
8
BLACK
6
CONTINUOUS
10
0.0554343700787402
20
-0.1085420078740157
11
0.0560744488188976
21
-0.1094999606299213
0
LINE
8
BLACK
6
CONTINUOUS
10
0.0560744488188976
20
-0.1094999606299213
11
0.0562992125984252
21
-0.1106299212598425
0
LINE
8
BLACK
6
CONTINUOUS
10
0.0562992125984252
20
-0.1106299212598425
11
0.0562992125984252
21
-0.1627952755905512
0
LINE
8
BLACK
6
CONTINUOUS
10
0.0562992125984252
20
-0.1627952755905512
11
0.0560744488188976
21
-0.1639252362204724
0
LINE
8
BLACK
6
CONTINUOUS
10
0.0560744488188976
20
-0.1639252362204724
11
0.0554343700787402
21
-0.1648831889763779
0
LINE
8
BLACK
6
CONTINUOUS
10
0.0554343700787402
20
-0.1648831889763779
11
0.0544764173228346
21
-0.1655232677165354
0
LINE
8
BLACK
6
CONTINUOUS
10
0.0544764173228346
20
-0.1655232677165354
11
0.0533464566929134
21
-0.165748031496063
0
LINE
8
BLACK
6
CONTINUOUS
10
0.0533464566929134
20
-0.165748031496063
11
0.0474409448818898
21
-0.165748031496063
0
LINE
8
BLACK
6
CONTINUOUS
10
0.0474409448818898
20
-0.165748031496063
11
0.0463109842519685
21
-0.1655232677165354
0
LINE
8
BLACK
6
CONTINUOUS
10
0.0463109842519685
20
-0.1655232677165354
11
0.045353031496063
21
-0.1648831889763779
0
LINE
8
BLACK
6
CONTINUOUS
10
0.045353031496063
20
-0.1648831889763779
11
0.0447129527559055
21
-0.1639252362204724
0
LINE
8
BLACK
6
CONTINUOUS
10
0.0447129527559055
20
-0.1639252362204724
11
0.0444881889763779
21
-0.1627952755905512
0
LINE
8
BLACK
6
CONTINUOUS
10
0.0444881889763779
20
-0.1627952755905512
11
0.0444881889763779
21
-0.1106299212598425
0
LINE
8
BLACK
6
CONTINUOUS
10
0.0444881889763779
20
-0.1106299212598425
11
0.0447129527559055
21
-0.1094999606299213
0
LINE
8
BLACK
6
CONTINUOUS
10
0.0447129527559055
20
-0.1094999606299213
11
0.045353031496063
21
-0.1085420078740157
0
LINE
8
BLACK
6
CONTINUOUS
10
0.045353031496063
20
-0.1085420078740157
11
0.0463109842519685
21
-0.1079019291338583
0
LINE
8
BLACK
6
CONTINUOUS
10
0.0463109842519685
20
-0.1079019291338583
11
0.0474409448818898
21
-0.1076771653543307
0
LINE
8
BLACK
6
CONTINUOUS
10
0.0474409448818898
20
-0.1076771653543307
11
0.0533464566929134
21
-0.1076771653543307
0
LINE
8
BLACK
6
CONTINUOUS
10
0.0533464566929134
20
-0.1076771653543307
11
0.0544764173228346
21
-0.1079019291338583
0
LINE
8
BLACK
6
CONTINUOUS
10
0.0741614173228346
20
-0.1079019291338583
11
0.0751193700787402
21
-0.1085420078740157
0
LINE
8
BLACK
6
CONTINUOUS
10
0.0751193700787402
20
-0.1085420078740157
11
0.0757594488188976
21
-0.1094999606299213
0
LINE
8
BLACK
6
CONTINUOUS
10
0.0757594488188976
20
-0.1094999606299213
11
0.0759842125984252
21
-0.1106299212598425
0
LINE
8
BLACK
6
CONTINUOUS
10
0.0759842125984252
20
-0.1106299212598425
11
0.0759842125984252
21
-0.1627952755905512
0
LINE
8
BLACK
6
CONTINUOUS
10
0.0759842125984252
20
-0.1627952755905512
11
0.0757594488188976
21
-0.1639252362204724
0
LINE
8
BLACK
6
CONTINUOUS
10
0.0757594488188976
20
-0.1639252362204724
11
0.0751193700787402
21
-0.1648831889763779
0
LINE
8
BLACK
6
CONTINUOUS
10
0.0751193700787402
20
-0.1648831889763779
11
0.0741614173228346
21
-0.1655232677165354
0
LINE
8
BLACK
6
CONTINUOUS
10
0.0741614173228346
20
-0.1655232677165354
11
0.0730314566929134
21
-0.165748031496063
0
LINE
8
BLACK
6
CONTINUOUS
10
0.0730314566929134
20
-0.165748031496063
11
0.0671259448818898
21
-0.165748031496063
0
LINE
8
BLACK
6
CONTINUOUS
10
0.0671259448818898
20
-0.165748031496063
11
0.0659959842519685
21
-0.1655232677165354
0
LINE
8
BLACK
6
CONTINUOUS
10
0.0659959842519685
20
-0.1655232677165354
11
0.065038031496063
21
-0.1648831889763779
0
LINE
8
BLACK
6
CONTINUOUS
10
0.065038031496063
20
-0.1648831889763779
11
0.0643979527559055
21
-0.1639252362204724
0
LINE
8
BLACK
6
CONTINUOUS
10
0.0643979527559055
20
-0.1639252362204724
11
0.064173188976378
21
-0.1627952755905512
0
LINE
8
BLACK
6
CONTINUOUS
10
0.064173188976378
20
-0.1627952755905512
11
0.064173188976378
21
-0.1106299212598425
0
LINE
8
BLACK
6
CONTINUOUS
10
0.064173188976378
20
-0.1106299212598425
11
0.0643979527559055
21
-0.1094999606299213
0
LINE
8
BLACK
6
CONTINUOUS
10
0.0643979527559055
20
-0.1094999606299213
11
0.065038031496063
21
-0.1085420078740157
0
LINE
8
BLACK
6
CONTINUOUS
10
0.065038031496063
20
-0.1085420078740157
11
0.0659959842519685
21
-0.1079019291338583
0
LINE
8
BLACK
6
CONTINUOUS
10
0.0659959842519685
20
-0.1079019291338583
11
0.0671259448818898
21
-0.1076771653543307
0
LINE
8
BLACK
6
CONTINUOUS
10
0.0671259448818898
20
-0.1076771653543307
11
0.0730314566929134
21
-0.1076771653543307
0
LINE
8
BLACK
6
CONTINUOUS
10
0.0730314566929134
20
-0.1076771653543307
11
0.0741614173228346
21
-0.1079019291338583
0
LINE
8
BLACK
6
CONTINUOUS
10
0.0938464960629921
20
-0.1079019291338583
11
0.0948044488188976
21
-0.1085420078740157
0
LINE
8
BLACK
6
CONTINUOUS
10
0.0948044488188976
20
-0.1085420078740157
11
0.0954445275590551
21
-0.1094999606299213
0
LINE
8
BLACK
6
CONTINUOUS
10
0.0954445275590551
20
-0.1094999606299213
11
0.0956692913385827
21
-0.1106299212598425
0
LINE
8
BLACK
6
CONTINUOUS
10
0.0956692913385827
20
-0.1106299212598425
11
0.0956692913385827
21
-0.1627952755905512
0
LINE
8
BLACK
6
CONTINUOUS
10
0.0956692913385827
20
-0.1627952755905512
11
0.0954445275590551
21
-0.1639252362204724
0
LINE
8
BLACK
6
CONTINUOUS
10
0.0954445275590551
20
-0.1639252362204724
11
0.0948044488188976
21
-0.1648831889763779
0
LINE
8
BLACK
6
CONTINUOUS
10
0.0948044488188976
20
-0.1648831889763779
11
0.0938464960629921
21
-0.1655232677165354
0
LINE
8
BLACK
6
CONTINUOUS
10
0.0938464960629921
20
-0.1655232677165354
11
0.0927165354330709
21
-0.165748031496063
0
LINE
8
BLACK
6
CONTINUOUS
10
0.0927165354330709
20
-0.165748031496063
11
0.0868110236220472
21
-0.165748031496063
0
LINE
8
BLACK
6
CONTINUOUS
10
0.0868110236220472
20
-0.165748031496063
11
0.085681062992126
21
-0.1655232677165354
0
LINE
8
BLACK
6
CONTINUOUS
10
0.085681062992126
20
-0.1655232677165354
11
0.0847231102362205
21
-0.1648831889763779
0
LINE
8
BLACK
6
CONTINUOUS
10
0.0847231102362205
20
-0.1648831889763779
11
0.084083031496063
21
-0.1639252362204724
0
LINE
8
BLACK
6
CONTINUOUS
10
0.084083031496063
20
-0.1639252362204724
11
0.0838582677165354
21
-0.1627952755905512
0
LINE
8
BLACK
6
CONTINUOUS
10
0.0838582677165354
20
-0.1627952755905512
11
0.0838582677165354
21
-0.1106299212598425
0
LINE
8
BLACK
6
CONTINUOUS
10
0.0838582677165354
20
-0.1106299212598425
11
0.084083031496063
21
-0.1094999606299213
0
LINE
8
BLACK
6
CONTINUOUS
10
0.084083031496063
20
-0.1094999606299213
11
0.0847231102362205
21
-0.1085420078740157
0
LINE
8
BLACK
6
CONTINUOUS
10
0.0847231102362205
20
-0.1085420078740157
11
0.085681062992126
21
-0.1079019291338583
0
LINE
8
BLACK
6
CONTINUOUS
10
0.085681062992126
20
-0.1079019291338583
11
0.0868110236220472
21
-0.1076771653543307
0
LINE
8
BLACK
6
CONTINUOUS
10
0.0868110236220472
20
-0.1076771653543307
11
0.0927165354330709
21
-0.1076771653543307
0
LINE
8
BLACK
6
CONTINUOUS
10
0.0927165354330709
20
-0.1076771653543307
11
0.0938464960629921
21
-0.1079019291338583
0
LINE
8
BLACK
6
CONTINUOUS
10
0.1135315354330709
20
-0.1079019291338583
11
0.1144894881889764
21
-0.1085420078740157
0
LINE
8
BLACK
6
CONTINUOUS
10
0.1144894881889764
20
-0.1085420078740157
11
0.1151295669291339
21
-0.1094999606299213
0
LINE
8
BLACK
6
CONTINUOUS
10
0.1151295669291339
20
-0.1094999606299213
11
0.1153543307086614
21
-0.1106299212598425
0
LINE
8
BLACK
6
CONTINUOUS
10
0.1153543307086614
20
-0.1106299212598425
11
0.1153543307086614
21
-0.1627952755905512
0
LINE
8
BLACK
6
CONTINUOUS
10
0.1153543307086614
20
-0.1627952755905512
11
0.1151295669291339
21
-0.1639252362204724
0
LINE
8
BLACK
6
CONTINUOUS
10
0.1151295669291339
20
-0.1639252362204724
11
0.1144894881889764
21
-0.1648831889763779
0
LINE
8
BLACK
6
CONTINUOUS
10
0.1144894881889764
20
-0.1648831889763779
11
0.1135315354330709
21
-0.1655232677165354
0
LINE
8
BLACK
6
CONTINUOUS
10
0.1135315354330709
20
-0.1655232677165354
11
0.1124015748031496
21
-0.165748031496063
0
LINE
8
BLACK
6
CONTINUOUS
10
0.1124015748031496
20
-0.165748031496063
11
0.106496062992126
21
-0.165748031496063
0
LINE
8
BLACK
6
CONTINUOUS
10
0.106496062992126
20
-0.165748031496063
11
0.1053661023622047
21
-0.1655232677165354
0
LINE
8
BLACK
6
CONTINUOUS
10
0.1053661023622047
20
-0.1655232677165354
11
0.1044081496062992
21
-0.1648831889763779
0
LINE
8
BLACK
6
CONTINUOUS
10
0.1044081496062992
20
-0.1648831889763779
11
0.1037680708661417
21
-0.1639252362204724
0
LINE
8
BLACK
6
CONTINUOUS
10
0.1037680708661417
20
-0.1639252362204724
11
0.1035433070866142
21
-0.1627952755905512
0
LINE
8
BLACK
6
CONTINUOUS
10
0.1035433070866142
20
-0.1627952755905512
11
0.1035433070866142
21
-0.1106299212598425
0
LINE
8
BLACK
6
CONTINUOUS
10
0.1035433070866142
20
-0.1106299212598425
11
0.1037680708661417
21
-0.1094999606299213
0
LINE
8
BLACK
6
CONTINUOUS
10
0.1037680708661417
20
-0.1094999606299213
11
0.1044081496062992
21
-0.1085420078740157
0
LINE
8
BLACK
6
CONTINUOUS
10
0.1044081496062992
20
-0.1085420078740157
11
0.1053661023622047
21
-0.1079019291338583
0
LINE
8
BLACK
6
CONTINUOUS
10
0.1053661023622047
20
-0.1079019291338583
11
0.106496062992126
21
-0.1076771653543307
0
LINE
8
BLACK
6
CONTINUOUS
10
0.106496062992126
20
-0.1076771653543307
11
0.1124015748031496
21
-0.1076771653543307
0
LINE
8
BLACK
6
CONTINUOUS
10
0.1124015748031496
20
-0.1076771653543307
11
0.1135315354330709
21
-0.1079019291338583
0
LINE
8
BLACK
6
CONTINUOUS
10
0.1332165748031496
20
-0.1079019291338583
11
0.1341745275590551
21
-0.1085420078740157
0
LINE
8
BLACK
6
CONTINUOUS
10
0.1341745275590551
20
-0.1085420078740157
11
0.1348146062992126
21
-0.1094999606299213
0
LINE
8
BLACK
6
CONTINUOUS
10
0.1348146062992126
20
-0.1094999606299213
11
0.1350393700787401
21
-0.1106299212598425
0
LINE
8
BLACK
6
CONTINUOUS
10
0.1350393700787401
20
-0.1106299212598425
11
0.1350393700787401
21
-0.1627952755905512
0
LINE
8
BLACK
6
CONTINUOUS
10
0.1350393700787401
20
-0.1627952755905512
11
0.1348146062992126
21
-0.1639252362204724
0
LINE
8
BLACK
6
CONTINUOUS
10
0.1348146062992126
20
-0.1639252362204724
11
0.1341745275590551
21
-0.1648831889763779
0
LINE
8
BLACK
6
CONTINUOUS
10
0.1341745275590551
20
-0.1648831889763779
11
0.1332165748031496
21
-0.1655232677165354
0
LINE
8
BLACK
6
CONTINUOUS
10
0.1332165748031496
20
-0.1655232677165354
11
0.1320866141732283
21
-0.165748031496063
0
LINE
8
BLACK
6
CONTINUOUS
10
0.1320866141732283
20
-0.165748031496063
11
0.1261811023622047
21
-0.165748031496063
0
LINE
8
BLACK
6
CONTINUOUS
10
0.1261811023622047
20
-0.165748031496063
11
0.1250511417322835
21
-0.1655232677165354
0
LINE
8
BLACK
6
CONTINUOUS
10
0.1250511417322835
20
-0.1655232677165354
11
0.1240931889763779
21
-0.1648831889763779
0
LINE
8
BLACK
6
CONTINUOUS
10
0.1240931889763779
20
-0.1648831889763779
11
0.1234531102362205
21
-0.1639252362204724
0
LINE
8
BLACK
6
CONTINUOUS
10
0.1234531102362205
20
-0.1639252362204724
11
0.1232283464566929
21
-0.1627952755905512
0
LINE
8
BLACK
6
CONTINUOUS
10
0.1232283464566929
20
-0.1627952755905512
11
0.1232283464566929
21
-0.1106299212598425
0
LINE
8
BLACK
6
CONTINUOUS
10
0.1232283464566929
20
-0.1106299212598425
11
0.1234531102362205
21
-0.1094999606299213
0
LINE
8
BLACK
6
CONTINUOUS
10
0.1234531102362205
20
-0.1094999606299213
11
0.1240931889763779
21
-0.1085420078740157
0
LINE
8
BLACK
6
CONTINUOUS
10
0.1240931889763779
20
-0.1085420078740157
11
0.1250511417322835
21
-0.1079019291338583
0
LINE
8
BLACK
6
CONTINUOUS
10
0.1250511417322835
20
-0.1079019291338583
11
0.1261811023622047
21
-0.1076771653543307
0
LINE
8
BLACK
6
CONTINUOUS
10
0.1261811023622047
20
-0.1076771653543307
11
0.1320866141732283
21
-0.1076771653543307
0
LINE
8
BLACK
6
CONTINUOUS
10
0.1320866141732283
20
-0.1076771653543307
11
0.1332165748031496
21
-0.1079019291338583
0
LINE
8
BLACK
6
CONTINUOUS
10
0.2699473228346457
20
-0.1193022047244094
11
0.2716716141732283
21
-0.1204543700787402
0
LINE
8
BLACK
6
CONTINUOUS
10
0.2716716141732283
20
-0.1204543700787402
11
0.272823779527559
21
-0.1221786614173228
0
LINE
8
BLACK
6
CONTINUOUS
10
0.272823779527559
20
-0.1221786614173228
11
0.2732283464566929
21
-0.1242125984251968
0
LINE
8
BLACK
6
CONTINUOUS
10
0.2732283464566929
20
-0.1242125984251968
11
0.2732283464566929
21
-0.1387795275590551
0
LINE
8
BLACK
6
CONTINUOUS
10
0.2732283464566929
20
-0.1387795275590551
11
0.272823779527559
21
-0.1408134645669291
0
LINE
8
BLACK
6
CONTINUOUS
10
0.272823779527559
20
-0.1408134645669291
11
0.2716716141732283
21
-0.1425377559055118
0
LINE
8
BLACK
6
CONTINUOUS
10
0.2716716141732283
20
-0.1425377559055118
11
0.2699473228346457
21
-0.1436899212598425
0
LINE
8
BLACK
6
CONTINUOUS
10
0.2699473228346457
20
-0.1436899212598425
11
0.2679133858267717
21
-0.1440944881889764
0
LINE
8
BLACK
6
CONTINUOUS
10
0.2679133858267717
20
-0.1440944881889764
11
0.2572834645669291
21
-0.1440944881889764
0
LINE
8
BLACK
6
CONTINUOUS
10
0.2572834645669291
20
-0.1440944881889764
11
0.2552495275590551
21
-0.1436899212598425
0
LINE
8
BLACK
6
CONTINUOUS
10
0.2552495275590551
20
-0.1436899212598425
11
0.2535252362204725
21
-0.1425377559055118
0
LINE
8
BLACK
6
CONTINUOUS
10
0.2535252362204725
20
-0.1425377559055118
11
0.2523730708661417
21
-0.1408134645669291
0
LINE
8
BLACK
6
CONTINUOUS
10
0.2523730708661417
20
-0.1408134645669291
11
0.2519685039370079
21
-0.1387795275590551
0
LINE
8
BLACK
6
CONTINUOUS
10
0.2519685039370079
20
-0.1387795275590551
11
0.2519685039370079
21
-0.1242125984251968
0
LINE
8
BLACK
6
CONTINUOUS
10
0.2519685039370079
20
-0.1242125984251968
11
0.2523730708661417
21
-0.1221786614173228
0
LINE
8
BLACK
6
CONTINUOUS
10
0.2523730708661417
20
-0.1221786614173228
11
0.2535252362204725
21
-0.1204543700787402
0
LINE
8
BLACK
6
CONTINUOUS
10
0.2535252362204725
20
-0.1204543700787402
11
0.2552495275590551
21
-0.1193022047244094
0
LINE
8
BLACK
6
CONTINUOUS
10
0.2552495275590551
20
-0.1193022047244094
11
0.2572834645669291
21
-0.1188976377952756
0
LINE
8
BLACK
6
CONTINUOUS
10
0.2572834645669291
20
-0.1188976377952756
11
0.2679133858267717
21
-0.1188976377952756
0
LINE
8
BLACK
6
CONTINUOUS
10
0.2679133858267717
20
-0.1188976377952756
11
0.2699473228346457
21
-0.1193022047244094
0
LINE
8
BLACK
6
CONTINUOUS
10
0.3101048031496063
20
-0.1193022047244094
11
0.311829094488189
21
-0.1204543700787402
0
LINE
8
BLACK
6
CONTINUOUS
10
0.311829094488189
20
-0.1204543700787402
11
0.3129812598425197
21
-0.1221786614173228
0
LINE
8
BLACK
6
CONTINUOUS
10
0.3129812598425197
20
-0.1221786614173228
11
0.3133858267716536
21
-0.1242125984251968
0
LINE
8
BLACK
6
CONTINUOUS
10
0.3133858267716536
20
-0.1242125984251968
11
0.3133858267716536
21
-0.1387795275590551
0
LINE
8
BLACK
6
CONTINUOUS
10
0.3133858267716536
20
-0.1387795275590551
11
0.3129812598425197
21
-0.1408134645669291
0
LINE
8
BLACK
6
CONTINUOUS
10
0.3129812598425197
20
-0.1408134645669291
11
0.311829094488189
21
-0.1425377559055118
0
LINE
8
BLACK
6
CONTINUOUS
10
0.311829094488189
20
-0.1425377559055118
11
0.3101048031496063
21
-0.1436899212598425
0
LINE
8
BLACK
6
CONTINUOUS
10
0.3101048031496063
20
-0.1436899212598425
11
0.3080708661417323
21
-0.1440944881889764
0
LINE
8
BLACK
6
CONTINUOUS
10
0.3080708661417323
20
-0.1440944881889764
11
0.2974409448818898
21
-0.1440944881889764
0
LINE
8
BLACK
6
CONTINUOUS
10
0.2974409448818898
20
-0.1440944881889764
11
0.2954070078740157
21
-0.1436899212598425
0
LINE
8
BLACK
6
CONTINUOUS
10
0.2954070078740157
20
-0.1436899212598425
11
0.293682716535433
21
-0.1425377559055118
0
LINE
8
BLACK
6
CONTINUOUS
10
0.293682716535433
20
-0.1425377559055118
11
0.2925305511811024
21
-0.1408134645669291
0
LINE
8
BLACK
6
CONTINUOUS
10
0.2925305511811024
20
-0.1408134645669291
11
0.2921259842519685
21
-0.1387795275590551
0
LINE
8
BLACK
6
CONTINUOUS
10
0.2921259842519685
20
-0.1387795275590551
11
0.2921259842519685
21
-0.1242125984251968
0
LINE
8
BLACK
6
CONTINUOUS
10
0.2921259842519685
20
-0.1242125984251968
11
0.2925305511811024
21
-0.1221786614173228
0
LINE
8
BLACK
6
CONTINUOUS
10
0.2925305511811024
20
-0.1221786614173228
11
0.293682716535433
21
-0.1204543700787402
0
LINE
8
BLACK
6
CONTINUOUS
10
0.293682716535433
20
-0.1204543700787402
11
0.2954070078740157
21
-0.1193022047244094
0
LINE
8
BLACK
6
CONTINUOUS
10
0.2954070078740157
20
-0.1193022047244094
11
0.2974409448818898
21
-0.1188976377952756
0
LINE
8
BLACK
6
CONTINUOUS
10
0.2974409448818898
20
-0.1188976377952756
11
0.3080708661417323
21
-0.1188976377952756
0
LINE
8
BLACK
6
CONTINUOUS
10
0.3080708661417323
20
-0.1188976377952756
11
0.3101048031496063
21
-0.1193022047244094
0
LINE
8
BLACK
6
CONTINUOUS
10
0.3620733070866142
20
-0.1193022047244094
11
0.3637975984251968
21
-0.1204543700787402
0
LINE
8
BLACK
6
CONTINUOUS
10
0.3637975984251968
20
-0.1204543700787402
11
0.3649497637795275
21
-0.1221786614173228
0
LINE
8
BLACK
6
CONTINUOUS
10
0.3649497637795275
20
-0.1221786614173228
11
0.3653543307086614
21
-0.1242125984251968
0
LINE
8
BLACK
6
CONTINUOUS
10
0.3653543307086614
20
-0.1242125984251968
11
0.3653543307086614
21
-0.1387795275590551
0
LINE
8
BLACK
6
CONTINUOUS
10
0.3653543307086614
20
-0.1387795275590551
11
0.3649497637795275
21
-0.1408134645669291
0
LINE
8
BLACK
6
CONTINUOUS
10
0.3649497637795275
20
-0.1408134645669291
11
0.3637975984251968
21
-0.1425377559055118
0
LINE
8
BLACK
6
CONTINUOUS
10
0.3637975984251968
20
-0.1425377559055118
11
0.3620733070866142
21
-0.1436899212598425
0
LINE
8
BLACK
6
CONTINUOUS
10
0.3620733070866142
20
-0.1436899212598425
11
0.3600393700787402
21
-0.1440944881889764
0
LINE
8
BLACK
6
CONTINUOUS
10
0.3600393700787402
20
-0.1440944881889764
11
0.3494094488188976
21
-0.1440944881889764
0
LINE
8
BLACK
6
CONTINUOUS
10
0.3494094488188976
20
-0.1440944881889764
11
0.3473755118110236
21
-0.1436899212598425
0
LINE
8
BLACK
6
CONTINUOUS
10
0.3473755118110236
20
-0.1436899212598425
11
0.345651220472441
21
-0.1425377559055118
0
LINE
8
BLACK
6
CONTINUOUS
10
0.345651220472441
20
-0.1425377559055118
11
0.3444990551181102
21
-0.1408134645669291
0
LINE
8
BLACK
6
CONTINUOUS
10
0.3444990551181102
20
-0.1408134645669291
11
0.3440944881889764
21
-0.1387795275590551
0
LINE
8
BLACK
6
CONTINUOUS
10
0.3440944881889764
20
-0.1387795275590551
11
0.3440944881889764
21
-0.1242125984251968
0
LINE
8
BLACK
6
CONTINUOUS
10
0.3440944881889764
20
-0.1242125984251968
11
0.3444990551181102
21
-0.1221786614173228
0
LINE
8
BLACK
6
CONTINUOUS
10
0.3444990551181102
20
-0.1221786614173228
11
0.345651220472441
21
-0.1204543700787402
0
LINE
8
BLACK
6
CONTINUOUS
10
0.345651220472441
20
-0.1204543700787402
11
0.3473755118110236
21
-0.1193022047244094
0
LINE
8
BLACK
6
CONTINUOUS
10
0.3473755118110236
20
-0.1193022047244094
11
0.3494094488188976
21
-0.1188976377952756
0
LINE
8
BLACK
6
CONTINUOUS
10
0.3494094488188976
20
-0.1188976377952756
11
0.3600393700787402
21
-0.1188976377952756
0
LINE
8
BLACK
6
CONTINUOUS
10
0.3600393700787402
20
-0.1188976377952756
11
0.3620733070866142
21
-0.1193022047244094
0
LINE
8
BLACK
6
CONTINUOUS
10
0.4022307874015748
20
-0.1193022047244094
11
0.4039550787401575
21
-0.1204543700787402
0
LINE
8
BLACK
6
CONTINUOUS
10
0.4039550787401575
20
-0.1204543700787402
11
0.4051072440944882
21
-0.1221786614173228
0
LINE
8
BLACK
6
CONTINUOUS
10
0.4051072440944882
20
-0.1221786614173228
11
0.405511811023622
21
-0.1242125984251968
0
LINE
8
BLACK
6
CONTINUOUS
10
0.405511811023622
20
-0.1242125984251968
11
0.405511811023622
21
-0.1387795275590551
0
LINE
8
BLACK
6
CONTINUOUS
10
0.405511811023622
20
-0.1387795275590551
11
0.4051072440944882
21
-0.1408134645669291
0
LINE
8
BLACK
6
CONTINUOUS
10
0.4051072440944882
20
-0.1408134645669291
11
0.4039550787401575
21
-0.1425377559055118
0
LINE
8
BLACK
6
CONTINUOUS
10
0.4039550787401575
20
-0.1425377559055118
11
0.4022307874015748
21
-0.1436899212598425
0
LINE
8
BLACK
6
CONTINUOUS
10
0.4022307874015748
20
-0.1436899212598425
11
0.4001968503937008
21
-0.1440944881889764
0
LINE
8
BLACK
6
CONTINUOUS
10
0.4001968503937008
20
-0.1440944881889764
11
0.3895669291338583
21
-0.1440944881889764
0
LINE
8
BLACK
6
CONTINUOUS
10
0.3895669291338583
20
-0.1440944881889764
11
0.3875329921259842
21
-0.1436899212598425
0
LINE
8
BLACK
6
CONTINUOUS
10
0.3875329921259842
20
-0.1436899212598425
11
0.3858087007874016
21
-0.1425377559055118
0
LINE
8
BLACK
6
CONTINUOUS
10
0.3858087007874016
20
-0.1425377559055118
11
0.3846565354330709
21
-0.1408134645669291
0
LINE
8
BLACK
6
CONTINUOUS
10
0.3846565354330709
20
-0.1408134645669291
11
0.384251968503937
21
-0.1387795275590551
0
LINE
8
BLACK
6
CONTINUOUS
10
0.384251968503937
20
-0.1387795275590551
11
0.384251968503937
21
-0.1242125984251968
0
LINE
8
BLACK
6
CONTINUOUS
10
0.384251968503937
20
-0.1242125984251968
11
0.3846565354330709
21
-0.1221786614173228
0
LINE
8
BLACK
6
CONTINUOUS
10
0.3846565354330709
20
-0.1221786614173228
11
0.3858087007874016
21
-0.1204543700787402
0
LINE
8
BLACK
6
CONTINUOUS
10
0.3858087007874016
20
-0.1204543700787402
11
0.3875329921259842
21
-0.1193022047244094
0
LINE
8
BLACK
6
CONTINUOUS
10
0.3875329921259842
20
-0.1193022047244094
11
0.3895669291338583
21
-0.1188976377952756
0
LINE
8
BLACK
6
CONTINUOUS
10
0.3895669291338583
20
-0.1188976377952756
11
0.4001968503937008
21
-0.1188976377952756
0
LINE
8
BLACK
6
CONTINUOUS
10
0.4001968503937008
20
-0.1188976377952756
11
0.4022307874015748
21
-0.1193022047244094
0
LINE
8
BLACK
6
CONTINUOUS
10
-0.4463620866141732
20
-0.1146227559055118
11
-0.4444462204724409
21
-0.1159029133858268
0
LINE
8
BLACK
6
CONTINUOUS
10
-0.4444462204724409
20
-0.1159029133858268
11
-0.443166062992126
21
-0.1178187795275591
0
LINE
8
BLACK
6
CONTINUOUS
10
-0.443166062992126
20
-0.1178187795275591
11
-0.4427165354330709
21
-0.1200787401574803
0
LINE
8
BLACK
6
CONTINUOUS
10
-0.4427165354330709
20
-0.1200787401574803
11
-0.4427165354330709
21
-0.1318897637795275
0
LINE
8
BLACK
6
CONTINUOUS
10
-0.4427165354330709
20
-0.1318897637795275
11
-0.443166062992126
21
-0.1341497244094488
0
LINE
8
BLACK
6
CONTINUOUS
10
-0.443166062992126
20
-0.1341497244094488
11
-0.4444462204724409
21
-0.1360655905511811
0
LINE
8
BLACK
6
CONTINUOUS
10
-0.4444462204724409
20
-0.1360655905511811
11
-0.4463620866141732
21
-0.1373457480314961
0
LINE
8
BLACK
6
CONTINUOUS
10
-0.4463620866141732
20
-0.1373457480314961
11
-0.4486220472440945
21
-0.1377952755905512
0
LINE
8
BLACK
6
CONTINUOUS
10
-0.4486220472440945
20
-0.1377952755905512
11
-0.4820866141732283
21
-0.1377952755905512
0
LINE
8
BLACK
6
CONTINUOUS
10
-0.4820866141732283
20
-0.1377952755905512
11
-0.4843465748031496
21
-0.1373457480314961
0
LINE
8
BLACK
6
CONTINUOUS
10
-0.4843465748031496
20
-0.1373457480314961
11
-0.4862624409448819
21
-0.1360655905511811
0
LINE
8
BLACK
6
CONTINUOUS
10
-0.4862624409448819
20
-0.1360655905511811
11
-0.4875425984251968
21
-0.1341497244094488
0
LINE
8
BLACK
6
CONTINUOUS
10
-0.4875425984251968
20
-0.1341497244094488
11
-0.487992125984252
21
-0.1318897637795275
0
LINE
8
BLACK
6
CONTINUOUS
10
-0.487992125984252
20
-0.1318897637795275
11
-0.487992125984252
21
-0.1200787401574803
0
LINE
8
BLACK
6
CONTINUOUS
10
-0.487992125984252
20
-0.1200787401574803
11
-0.4875425984251968
21
-0.1178187795275591
0
LINE
8
BLACK
6
CONTINUOUS
10
-0.4875425984251968
20
-0.1178187795275591
11
-0.4862624409448819
21
-0.1159029133858268
0
LINE
8
BLACK
6
CONTINUOUS
10
-0.4862624409448819
20
-0.1159029133858268
11
-0.4843465748031496
21
-0.1146227559055118
0
LINE
8
BLACK
6
CONTINUOUS
10
-0.4843465748031496
20
-0.1146227559055118
11
-0.4820866141732283
21
-0.1141732283464567
0
LINE
8
BLACK
6
CONTINUOUS
10
-0.4820866141732283
20
-0.1141732283464567
11
-0.4486220472440945
21
-0.1141732283464567
0
LINE
8
BLACK
6
CONTINUOUS
10
-0.4486220472440945
20
-0.1141732283464567
11
-0.4463620866141732
21
-0.1146227559055118
0
LINE
8
BLACK
6
CONTINUOUS
10
-0.3955054330708661
20
-0.0889872440944882
11
-0.3937811417322835
21
-0.0901394094488189
0
LINE
8
BLACK
6
CONTINUOUS
10
-0.3937811417322835
20
-0.0901394094488189
11
-0.3926289763779527
21
-0.0918637007874016
0
LINE
8
BLACK
6
CONTINUOUS
10
-0.3926289763779527
20
-0.0918637007874016
11
-0.3922244094488189
21
-0.0938976377952756
0
LINE
8
BLACK
6
CONTINUOUS
10
-0.3922244094488189
20
-0.0938976377952756
11
-0.3922244094488189
21
-0.1084645669291339
0
LINE
8
BLACK
6
CONTINUOUS
10
-0.3922244094488189
20
-0.1084645669291339
11
-0.3926289763779527
21
-0.1104985039370079
0
LINE
8
BLACK
6
CONTINUOUS
10
-0.3926289763779527
20
-0.1104985039370079
11
-0.3937811417322835
21
-0.1122227952755906
0
LINE
8
BLACK
6
CONTINUOUS
10
-0.3937811417322835
20
-0.1122227952755906
11
-0.3955054330708661
21
-0.1133749606299213
0
LINE
8
BLACK
6
CONTINUOUS
10
-0.3955054330708661
20
-0.1133749606299213
11
-0.3975393700787401
21
-0.1137795275590551
0
LINE
8
BLACK
6
CONTINUOUS
10
-0.3975393700787401
20
-0.1137795275590551
11
-0.4081692913385827
21
-0.1137795275590551
0
LINE
8
BLACK
6
CONTINUOUS
10
-0.4081692913385827
20
-0.1137795275590551
11
-0.4102032283464567
21
-0.1133749606299213
0
LINE
8
BLACK
6
CONTINUOUS
10
-0.4102032283464567
20
-0.1133749606299213
11
-0.4119275196850394
21
-0.1122227952755906
0
LINE
8
BLACK
6
CONTINUOUS
10
-0.4119275196850394
20
-0.1122227952755906
11
-0.4130796850393701
21
-0.1104985039370079
0
LINE
8
BLACK
6
CONTINUOUS
10
-0.4130796850393701
20
-0.1104985039370079
11
-0.4134842519685039
21
-0.1084645669291339
0
LINE
8
BLACK
6
CONTINUOUS
10
-0.4134842519685039
20
-0.1084645669291339
11
-0.4134842519685039
21
-0.0938976377952756
0
LINE
8
BLACK
6
CONTINUOUS
10
-0.4134842519685039
20
-0.0938976377952756
11
-0.4130796850393701
21
-0.0918637007874016
0
LINE
8
BLACK
6
CONTINUOUS
10
-0.4130796850393701
20
-0.0918637007874016
11
-0.4119275196850394
21
-0.0901394094488189
0
LINE
8
BLACK
6
CONTINUOUS
10
-0.4119275196850394
20
-0.0901394094488189
11
-0.4102032283464567
21
-0.0889872440944882
0
LINE
8
BLACK
6
CONTINUOUS
10
-0.4102032283464567
20
-0.0889872440944882
11
-0.4081692913385827
21
-0.0885826771653543
0
LINE
8
BLACK
6
CONTINUOUS
10
-0.4081692913385827
20
-0.0885826771653543
11
-0.3975393700787401
21
-0.0885826771653543
0
LINE
8
BLACK
6
CONTINUOUS
10
-0.3975393700787401
20
-0.0885826771653543
11
-0.3955054330708661
21
-0.0889872440944882
0
LINE
8
BLACK
6
CONTINUOUS
10
-0.2069920078740158
20
-0.0902133070866142
11
-0.2050761417322835
21
-0.0914934645669291
0
LINE
8
BLACK
6
CONTINUOUS
10
-0.2050761417322835
20
-0.0914934645669291
11
-0.2037959842519685
21
-0.0934093307086614
0
LINE
8
BLACK
6
CONTINUOUS
10
-0.2037959842519685
20
-0.0934093307086614
11
-0.2033464566929134
21
-0.0956692913385827
0
LINE
8
BLACK
6
CONTINUOUS
10
-0.2033464566929134
20
-0.0956692913385827
11
-0.2033464566929134
21
-0.1074803149606299
0
LINE
8
BLACK
6
CONTINUOUS
10
-0.2033464566929134
20
-0.1074803149606299
11
-0.2037959842519685
21
-0.1097402755905512
0
LINE
8
BLACK
6
CONTINUOUS
10
-0.2037959842519685
20
-0.1097402755905512
11
-0.2050761417322835
21
-0.1116561417322835
0
LINE
8
BLACK
6
CONTINUOUS
10
-0.2050761417322835
20
-0.1116561417322835
11
-0.2069920078740158
21
-0.1129362992125984
0
LINE
8
BLACK
6
CONTINUOUS
10
-0.2069920078740158
20
-0.1129362992125984
11
-0.209251968503937
21
-0.1133858267716535
0
LINE
8
BLACK
6
CONTINUOUS
10
-0.209251968503937
20
-0.1133858267716535
11
-0.255511811023622
21
-0.1133858267716535
0
LINE
8
BLACK
6
CONTINUOUS
10
-0.255511811023622
20
-0.1133858267716535
11
-0.2577717716535433
21
-0.1129362992125984
0
LINE
8
BLACK
6
CONTINUOUS
10
-0.2577717716535433
20
-0.1129362992125984
11
-0.2596876377952756
21
-0.1116561417322835
0
LINE
8
BLACK
6
CONTINUOUS
10
-0.2596876377952756
20
-0.1116561417322835
11
-0.2609677952755906
21
-0.1097402755905512
0
LINE
8
BLACK
6
CONTINUOUS
10
-0.2609677952755906
20
-0.1097402755905512
11
-0.2614173228346456
21
-0.1074803149606299
0
LINE
8
BLACK
6
CONTINUOUS
10
-0.2614173228346456
20
-0.1074803149606299
11
-0.2614173228346456
21
-0.0956692913385827
0
LINE
8
BLACK
6
CONTINUOUS
10
-0.2614173228346456
20
-0.0956692913385827
11
-0.2609677952755906
21
-0.0934093307086614
0
LINE
8
BLACK
6
CONTINUOUS
10
-0.2609677952755906
20
-0.0934093307086614
11
-0.2596876377952756
21
-0.0914934645669291
0
LINE
8
BLACK
6
CONTINUOUS
10
-0.2596876377952756
20
-0.0914934645669291
11
-0.2577717716535433
21
-0.0902133070866142
0
LINE
8
BLACK
6
CONTINUOUS
10
-0.2577717716535433
20
-0.0902133070866142
11
-0.255511811023622
21
-0.0897637795275591
0
LINE
8
BLACK
6
CONTINUOUS
10
-0.255511811023622
20
-0.0897637795275591
11
-0.209251968503937
21
-0.0897637795275591
0
LINE
8
BLACK
6
CONTINUOUS
10
-0.209251968503937
20
-0.0897637795275591
11
-0.2069920078740158
21
-0.0902133070866142
0
LINE
8
BLACK
6
CONTINUOUS
10
-0.3553479527559055
20
-0.0866250393700787
11
-0.3536236614173228
21
-0.0877772047244094
0
LINE
8
BLACK
6
CONTINUOUS
10
-0.3536236614173228
20
-0.0877772047244094
11
-0.3524714960629921
21
-0.0895014960629921
0
LINE
8
BLACK
6
CONTINUOUS
10
-0.3524714960629921
20
-0.0895014960629921
11
-0.3520669291338583
21
-0.0915354330708661
0
LINE
8
BLACK
6
CONTINUOUS
10
-0.3520669291338583
20
-0.0915354330708661
11
-0.3520669291338583
21
-0.1061023622047244
0
LINE
8
BLACK
6
CONTINUOUS
10
-0.3520669291338583
20
-0.1061023622047244
11
-0.3524714960629921
21
-0.1081362992125984
0
LINE
8
BLACK
6
CONTINUOUS
10
-0.3524714960629921
20
-0.1081362992125984
11
-0.3536236614173228
21
-0.1098605905511811
0
LINE
8
BLACK
6
CONTINUOUS
10
-0.3536236614173228
20
-0.1098605905511811
11
-0.3553479527559055
21
-0.1110127559055118
0
LINE
8
BLACK
6
CONTINUOUS
10
-0.3553479527559055
20
-0.1110127559055118
11
-0.3573818897637795
21
-0.1114173228346457
0
LINE
8
BLACK
6
CONTINUOUS
10
-0.3573818897637795
20
-0.1114173228346457
11
-0.368011811023622
21
-0.1114173228346457
0
LINE
8
BLACK
6
CONTINUOUS
10
-0.368011811023622
20
-0.1114173228346457
11
-0.370045748031496
21
-0.1110127559055118
0
LINE
8
BLACK
6
CONTINUOUS
10
-0.370045748031496
20
-0.1110127559055118
11
-0.3717700393700787
21
-0.1098605905511811
0
LINE
8
BLACK
6
CONTINUOUS
10
-0.3717700393700787
20
-0.1098605905511811
11
-0.3729222047244095
21
-0.1081362992125984
0
LINE
8
BLACK
6
CONTINUOUS
10
-0.3729222047244095
20
-0.1081362992125984
11
-0.3733267716535433
21
-0.1061023622047244
0
LINE
8
BLACK
6
CONTINUOUS
10
-0.3733267716535433
20
-0.1061023622047244
11
-0.3733267716535433
21
-0.0915354330708661
0
LINE
8
BLACK
6
CONTINUOUS
10
-0.3733267716535433
20
-0.0915354330708661
11
-0.3729222047244095
21
-0.0895014960629921
0
LINE
8
BLACK
6
CONTINUOUS
10
-0.3729222047244095
20
-0.0895014960629921
11
-0.3717700393700787
21
-0.0877772047244094
0
LINE
8
BLACK
6
CONTINUOUS
10
-0.3717700393700787
20
-0.0877772047244094
11
-0.370045748031496
21
-0.0866250393700787
0
LINE
8
BLACK
6
CONTINUOUS
10
-0.370045748031496
20
-0.0866250393700787
11
-0.368011811023622
21
-0.0862204724409449
0
LINE
8
BLACK
6
CONTINUOUS
10
-0.368011811023622
20
-0.0862204724409449
11
-0.3573818897637795
21
-0.0862204724409449
0
LINE
8
BLACK
6
CONTINUOUS
10
-0.3573818897637795
20
-0.0862204724409449
11
-0.3553479527559055
21
-0.0866250393700787
0
LINE
8
BLACK
6
CONTINUOUS
10
0.2699473228346457
20
-0.0822943307086614
11
0.2716716141732283
21
-0.0834464960629921
0
LINE
8
BLACK
6
CONTINUOUS
10
0.2716716141732283
20
-0.0834464960629921
11
0.272823779527559
21
-0.0851707874015748
0
LINE
8
BLACK
6
CONTINUOUS
10
0.272823779527559
20
-0.0851707874015748
11
0.2732283464566929
21
-0.0872047244094488
0
LINE
8
BLACK
6
CONTINUOUS
10
0.2732283464566929
20
-0.0872047244094488
11
0.2732283464566929
21
-0.1017716535433071
0
LINE
8
BLACK
6
CONTINUOUS
10
0.2732283464566929
20
-0.1017716535433071
11
0.272823779527559
21
-0.1038055905511811
0
LINE
8
BLACK
6
CONTINUOUS
10
0.272823779527559
20
-0.1038055905511811
11
0.2716716141732283
21
-0.1055298818897638
0
LINE
8
BLACK
6
CONTINUOUS
10
0.2716716141732283
20
-0.1055298818897638
11
0.2699473228346457
21
-0.1066820472440945
0
LINE
8
BLACK
6
CONTINUOUS
10
0.2699473228346457
20
-0.1066820472440945
11
0.2679133858267717
21
-0.1070866141732283
0
LINE
8
BLACK
6
CONTINUOUS
10
0.2679133858267717
20
-0.1070866141732283
11
0.2572834645669291
21
-0.1070866141732283
0
LINE
8
BLACK
6
CONTINUOUS
10
0.2572834645669291
20
-0.1070866141732283
11
0.2552495275590551
21
-0.1066820472440945
0
LINE
8
BLACK
6
CONTINUOUS
10
0.2552495275590551
20
-0.1066820472440945
11
0.2535252362204725
21
-0.1055298818897638
0
LINE
8
BLACK
6
CONTINUOUS
10
0.2535252362204725
20
-0.1055298818897638
11
0.2523730708661417
21
-0.1038055905511811
0
LINE
8
BLACK
6
CONTINUOUS
10
0.2523730708661417
20
-0.1038055905511811
11
0.2519685039370079
21
-0.1017716535433071
0
LINE
8
BLACK
6
CONTINUOUS
10
0.2519685039370079
20
-0.1017716535433071
11
0.2519685039370079
21
-0.0872047244094488
0
LINE
8
BLACK
6
CONTINUOUS
10
0.2519685039370079
20
-0.0872047244094488
11
0.2523730708661417
21
-0.0851707874015748
0
LINE
8
BLACK
6
CONTINUOUS
10
0.2523730708661417
20
-0.0851707874015748
11
0.2535252362204725
21
-0.0834464960629921
0
LINE
8
BLACK
6
CONTINUOUS
10
0.2535252362204725
20
-0.0834464960629921
11
0.2552495275590551
21
-0.0822943307086614
0
LINE
8
BLACK
6
CONTINUOUS
10
0.2552495275590551
20
-0.0822943307086614
11
0.2572834645669291
21
-0.0818897637795276
0
LINE
8
BLACK
6
CONTINUOUS
10
0.2572834645669291
20
-0.0818897637795276
11
0.2679133858267717
21
-0.0818897637795276
0
LINE
8
BLACK
6
CONTINUOUS
10
0.2679133858267717
20
-0.0818897637795276
11
0.2699473228346457
21
-0.0822943307086614
0
LINE
8
BLACK
6
CONTINUOUS
10
0.3101048031496063
20
-0.0822943307086614
11
0.311829094488189
21
-0.0834464960629921
0
LINE
8
BLACK
6
CONTINUOUS
10
0.311829094488189
20
-0.0834464960629921
11
0.3129812598425197
21
-0.0851707874015748
0
LINE
8
BLACK
6
CONTINUOUS
10
0.3129812598425197
20
-0.0851707874015748
11
0.3133858267716536
21
-0.0872047244094488
0
LINE
8
BLACK
6
CONTINUOUS
10
0.3133858267716536
20
-0.0872047244094488
11
0.3133858267716536
21
-0.1017716535433071
0
LINE
8
BLACK
6
CONTINUOUS
10
0.3133858267716536
20
-0.1017716535433071
11
0.3129812598425197
21
-0.1038055905511811
0
LINE
8
BLACK
6
CONTINUOUS
10
0.3129812598425197
20
-0.1038055905511811
11
0.311829094488189
21
-0.1055298818897638
0
LINE
8
BLACK
6
CONTINUOUS
10
0.311829094488189
20
-0.1055298818897638
11
0.3101048031496063
21
-0.1066820472440945
0
LINE
8
BLACK
6
CONTINUOUS
10
0.3101048031496063
20
-0.1066820472440945
11
0.3080708661417323
21
-0.1070866141732283
0
LINE
8
BLACK
6
CONTINUOUS
10
0.3080708661417323
20
-0.1070866141732283
11
0.2974409448818898
21
-0.1070866141732283
0
LINE
8
BLACK
6
CONTINUOUS
10
0.2974409448818898
20
-0.1070866141732283
11
0.2954070078740157
21
-0.1066820472440945
0
LINE
8
BLACK
6
CONTINUOUS
10
0.2954070078740157
20
-0.1066820472440945
11
0.293682716535433
21
-0.1055298818897638
0
LINE
8
BLACK
6
CONTINUOUS
10
0.293682716535433
20
-0.1055298818897638
11
0.2925305511811024
21
-0.1038055905511811
0
LINE
8
BLACK
6
CONTINUOUS
10
0.2925305511811024
20
-0.1038055905511811
11
0.2921259842519685
21
-0.1017716535433071
0
LINE
8
BLACK
6
CONTINUOUS
10
0.2921259842519685
20
-0.1017716535433071
11
0.2921259842519685
21
-0.0872047244094488
0
LINE
8
BLACK
6
CONTINUOUS
10
0.2921259842519685
20
-0.0872047244094488
11
0.2925305511811024
21
-0.0851707874015748
0
LINE
8
BLACK
6
CONTINUOUS
10
0.2925305511811024
20
-0.0851707874015748
11
0.293682716535433
21
-0.0834464960629921
0
LINE
8
BLACK
6
CONTINUOUS
10
0.293682716535433
20
-0.0834464960629921
11
0.2954070078740157
21
-0.0822943307086614
0
LINE
8
BLACK
6
CONTINUOUS
10
0.2954070078740157
20
-0.0822943307086614
11
0.2974409448818898
21
-0.0818897637795276
0
LINE
8
BLACK
6
CONTINUOUS
10
0.2974409448818898
20
-0.0818897637795276
11
0.3080708661417323
21
-0.0818897637795276
0
LINE
8
BLACK
6
CONTINUOUS
10
0.3080708661417323
20
-0.0818897637795276
11
0.3101048031496063
21
-0.0822943307086614
0
LINE
8
BLACK
6
CONTINUOUS
10
0.3635266141732283
20
-0.082703031496063
11
0.3653147637795275
21
-0.0838978346456693
0
LINE
8
BLACK
6
CONTINUOUS
10
0.3653147637795275
20
-0.0838978346456693
11
0.3665095669291338
21
-0.0856859842519685
0
LINE
8
BLACK
6
CONTINUOUS
10
0.3665095669291338
20
-0.0856859842519685
11
0.3669291338582677
21
-0.0877952755905512
0
LINE
8
BLACK
6
CONTINUOUS
10
0.3669291338582677
20
-0.0877952755905512
11
0.3669291338582677
21
-0.1011811023622047
0
LINE
8
BLACK
6
CONTINUOUS
10
0.3669291338582677
20
-0.1011811023622047
11
0.3665095669291338
21
-0.1032903937007874
0
LINE
8
BLACK
6
CONTINUOUS
10
0.3665095669291338
20
-0.1032903937007874
11
0.3653147637795275
21
-0.1050785433070866
0
LINE
8
BLACK
6
CONTINUOUS
10
0.3653147637795275
20
-0.1050785433070866
11
0.3635266141732283
21
-0.1062733464566929
0
LINE
8
BLACK
6
CONTINUOUS
10
0.3635266141732283
20
-0.1062733464566929
11
0.3614173228346457
21
-0.1066929133858268
0
LINE
8
BLACK
6
CONTINUOUS
10
0.3614173228346457
20
-0.1066929133858268
11
0.3503937007874016
21
-0.1066929133858268
0
LINE
8
BLACK
6
CONTINUOUS
10
0.3503937007874016
20
-0.1066929133858268
11
0.3482844094488189
21
-0.1062733464566929
0
LINE
8
BLACK
6
CONTINUOUS
10
0.3482844094488189
20
-0.1062733464566929
11
0.3464962598425197
21
-0.1050785433070866
0
LINE
8
BLACK
6
CONTINUOUS
10
0.3464962598425197
20
-0.1050785433070866
11
0.3453014566929134
21
-0.1032903937007874
0
LINE
8
BLACK
6
CONTINUOUS
10
0.3453014566929134
20
-0.1032903937007874
11
0.3448818897637795
21
-0.1011811023622047
0
LINE
8
BLACK
6
CONTINUOUS
10
0.3448818897637795
20
-0.1011811023622047
11
0.3448818897637795
21
-0.0877952755905512
0
LINE
8
BLACK
6
CONTINUOUS
10
0.3448818897637795
20
-0.0877952755905512
11
0.3453014566929134
21
-0.0856859842519685
0
LINE
8
BLACK
6
CONTINUOUS
10
0.3453014566929134
20
-0.0856859842519685
11
0.3464962598425197
21
-0.0838978346456693
0
LINE
8
BLACK
6
CONTINUOUS
10
0.3464962598425197
20
-0.0838978346456693
11
0.3482844094488189
21
-0.082703031496063
0
LINE
8
BLACK
6
CONTINUOUS
10
0.3482844094488189
20
-0.082703031496063
11
0.3503937007874016
21
-0.0822834645669291
0
LINE
8
BLACK
6
CONTINUOUS
10
0.3503937007874016
20
-0.0822834645669291
11
0.3614173228346457
21
-0.0822834645669291
0
LINE
8
BLACK
6
CONTINUOUS
10
0.3614173228346457
20
-0.0822834645669291
11
0.3635266141732283
21
-0.082703031496063
0
LINE
8
BLACK
6
CONTINUOUS
10
0.4013218897637795
20
-0.082703031496063
11
0.4031100393700787
21
-0.0838978346456693
0
LINE
8
BLACK
6
CONTINUOUS
10
0.4031100393700787
20
-0.0838978346456693
11
0.404304842519685
21
-0.0856859842519685
0
LINE
8
BLACK
6
CONTINUOUS
10
0.404304842519685
20
-0.0856859842519685
11
0.4047244094488189
21
-0.0877952755905512
0
LINE
8
BLACK
6
CONTINUOUS
10
0.4047244094488189
20
-0.0877952755905512
11
0.4047244094488189
21
-0.1011811023622047
0
LINE
8
BLACK
6
CONTINUOUS
10
0.4047244094488189
20
-0.1011811023622047
11
0.404304842519685
21
-0.1032903937007874
0
LINE
8
BLACK
6
CONTINUOUS
10
0.404304842519685
20
-0.1032903937007874
11
0.4031100393700787
21
-0.1050785433070866
0
LINE
8
BLACK
6
CONTINUOUS
10
0.4031100393700787
20
-0.1050785433070866
11
0.4013218897637795
21
-0.1062733464566929
0
LINE
8
BLACK
6
CONTINUOUS
10
0.4013218897637795
20
-0.1062733464566929
11
0.3992125984251969
21
-0.1066929133858268
0
LINE
8
BLACK
6
CONTINUOUS
10
0.3992125984251969
20
-0.1066929133858268
11
0.3881889763779527
21
-0.1066929133858268
0
LINE
8
BLACK
6
CONTINUOUS
10
0.3881889763779527
20
-0.1066929133858268
11
0.3860796850393701
21
-0.1062733464566929
0
LINE
8
BLACK
6
CONTINUOUS
10
0.3860796850393701
20
-0.1062733464566929
11
0.3842915354330709
21
-0.1050785433070866
0
LINE
8
BLACK
6
CONTINUOUS
10
0.3842915354330709
20
-0.1050785433070866
11
0.3830967322834646
21
-0.1032903937007874
0
LINE
8
BLACK
6
CONTINUOUS
10
0.3830967322834646
20
-0.1032903937007874
11
0.3826771653543307
21
-0.1011811023622047
0
LINE
8
BLACK
6
CONTINUOUS
10
0.3826771653543307
20
-0.1011811023622047
11
0.3826771653543307
21
-0.0877952755905512
0
LINE
8
BLACK
6
CONTINUOUS
10
0.3826771653543307
20
-0.0877952755905512
11
0.3830967322834646
21
-0.0856859842519685
0
LINE
8
BLACK
6
CONTINUOUS
10
0.3830967322834646
20
-0.0856859842519685
11
0.3842915354330709
21
-0.0838978346456693
0
LINE
8
BLACK
6
CONTINUOUS
10
0.3842915354330709
20
-0.0838978346456693
11
0.3860796850393701
21
-0.082703031496063
0
LINE
8
BLACK
6
CONTINUOUS
10
0.3860796850393701
20
-0.082703031496063
11
0.3881889763779527
21
-0.0822834645669291
0
LINE
8
BLACK
6
CONTINUOUS
10
0.3881889763779527
20
-0.0822834645669291
11
0.3992125984251969
21
-0.0822834645669291
0
LINE
8
BLACK
6
CONTINUOUS
10
0.3992125984251969
20
-0.0822834645669291
11
0.4013218897637795
21
-0.082703031496063
0
LINE
8
BLACK
6
CONTINUOUS
10
-0.4463620866141732
20
-0.0831266929133858
11
-0.4444462204724409
21
-0.0844068503937008
0
LINE
8
BLACK
6
CONTINUOUS
10
-0.4444462204724409
20
-0.0844068503937008
11
-0.443166062992126
21
-0.0863227165354331
0
LINE
8
BLACK
6
CONTINUOUS
10
-0.443166062992126
20
-0.0863227165354331
11
-0.4427165354330709
21
-0.0885826771653543
0
LINE
8
BLACK
6
CONTINUOUS
10
-0.4427165354330709
20
-0.0885826771653543
11
-0.4427165354330709
21
-0.1003937007874016
0
LINE
8
BLACK
6
CONTINUOUS
10
-0.4427165354330709
20
-0.1003937007874016
11
-0.443166062992126
21
-0.1026536614173228
0
LINE
8
BLACK
6
CONTINUOUS
10
-0.443166062992126
20
-0.1026536614173228
11
-0.4444462204724409
21
-0.1045695275590551
0
LINE
8
BLACK
6
CONTINUOUS
10
-0.4444462204724409
20
-0.1045695275590551
11
-0.4463620866141732
21
-0.1058496850393701
0
LINE
8
BLACK
6
CONTINUOUS
10
-0.4463620866141732
20
-0.1058496850393701
11
-0.4486220472440945
21
-0.1062992125984252
0
LINE
8
BLACK
6
CONTINUOUS
10
-0.4486220472440945
20
-0.1062992125984252
11
-0.4820866141732283
21
-0.1062992125984252
0
LINE
8
BLACK
6
CONTINUOUS
10
-0.4820866141732283
20
-0.1062992125984252
11
-0.4843465748031496
21
-0.1058496850393701
0
LINE
8
BLACK
6
CONTINUOUS
10
-0.4843465748031496
20
-0.1058496850393701
11
-0.4862624409448819
21
-0.1045695275590551
0
LINE
8
BLACK
6
CONTINUOUS
10
-0.4862624409448819
20
-0.1045695275590551
11
-0.4875425984251968
21
-0.1026536614173228
0
LINE
8
BLACK
6
CONTINUOUS
10
-0.4875425984251968
20
-0.1026536614173228
11
-0.487992125984252
21
-0.1003937007874016
0
LINE
8
BLACK
6
CONTINUOUS
10
-0.487992125984252
20
-0.1003937007874016
11
-0.487992125984252
21
-0.0885826771653543
0
LINE
8
BLACK
6
CONTINUOUS
10
-0.487992125984252
20
-0.0885826771653543
11
-0.4875425984251968
21
-0.0863227165354331
0
LINE
8
BLACK
6
CONTINUOUS
10
-0.4875425984251968
20
-0.0863227165354331
11
-0.4862624409448819
21
-0.0844068503937008
0
LINE
8
BLACK
6
CONTINUOUS
10
-0.4862624409448819
20
-0.0844068503937008
11
-0.4843465748031496
21
-0.0831266929133858
0
LINE
8
BLACK
6
CONTINUOUS
10
-0.4843465748031496
20
-0.0831266929133858
11
-0.4820866141732283
21
-0.0826771653543307
0
LINE
8
BLACK
6
CONTINUOUS
10
-0.4820866141732283
20
-0.0826771653543307
11
-0.4486220472440945
21
-0.0826771653543307
0
LINE
8
BLACK
6
CONTINUOUS
10
-0.4486220472440945
20
-0.0826771653543307
11
-0.4463620866141732
21
-0.0831266929133858
0
LINE
8
BLACK
6
CONTINUOUS
10
-0.1157991732283465
20
-0.0754216141732283
11
-0.1148412204724409
21
-0.0760616929133858
0
LINE
8
BLACK
6
CONTINUOUS
10
-0.1148412204724409
20
-0.0760616929133858
11
-0.1142011417322835
21
-0.0770196456692913
0
LINE
8
BLACK
6
CONTINUOUS
10
-0.1142011417322835
20
-0.0770196456692913
11
-0.1139763779527559
21
-0.0781496062992126
0
LINE
8
BLACK
6
CONTINUOUS
10
-0.1139763779527559
20
-0.0781496062992126
11
-0.1139763779527559
21
-0.0840551181102362
0
LINE
8
BLACK
6
CONTINUOUS
10
-0.1139763779527559
20
-0.0840551181102362
11
-0.1142011417322835
21
-0.0851850787401575
0
LINE
8
BLACK
6
CONTINUOUS
10
-0.1142011417322835
20
-0.0851850787401575
11
-0.1148412204724409
21
-0.086143031496063
0
LINE
8
BLACK
6
CONTINUOUS
10
-0.1148412204724409
20
-0.086143031496063
11
-0.1157991732283465
21
-0.0867831102362205
0
LINE
8
BLACK
6
CONTINUOUS
10
-0.1157991732283465
20
-0.0867831102362205
11
-0.1169291338582677
21
-0.087007874015748
0
LINE
8
BLACK
6
CONTINUOUS
10
-0.1169291338582677
20
-0.087007874015748
11
-0.1690944881889764
21
-0.087007874015748
0
LINE
8
BLACK
6
CONTINUOUS
10
-0.1690944881889764
20
-0.087007874015748
11
-0.1702244488188976
21
-0.0867831102362205
0
LINE
8
BLACK
6
CONTINUOUS
10
-0.1702244488188976
20
-0.0867831102362205
11
-0.1711824015748031
21
-0.086143031496063
0
LINE
8
BLACK
6
CONTINUOUS
10
-0.1711824015748031
20
-0.086143031496063
11
-0.1718224803149606
21
-0.0851850787401575
0
LINE
8
BLACK
6
CONTINUOUS
10
-0.1718224803149606
20
-0.0851850787401575
11
-0.1720472440944882
21
-0.0840551181102362
0
LINE
8
BLACK
6
CONTINUOUS
10
-0.1720472440944882
20
-0.0840551181102362
11
-0.1720472440944882
21
-0.0781496062992126
0
LINE
8
BLACK
6
CONTINUOUS
10
-0.1720472440944882
20
-0.0781496062992126
11
-0.1718224803149606
21
-0.0770196456692913
0
LINE
8
BLACK
6
CONTINUOUS
10
-0.1718224803149606
20
-0.0770196456692913
11
-0.1711824015748031
21
-0.0760616929133858
0
LINE
8
BLACK
6
CONTINUOUS
10
-0.1711824015748031
20
-0.0760616929133858
11
-0.1702244488188976
21
-0.0754216141732283
0
LINE
8
BLACK
6
CONTINUOUS
10
-0.1702244488188976
20
-0.0754216141732283
11
-0.1690944881889764
21
-0.0751968503937008
0
LINE
8
BLACK
6
CONTINUOUS
10
-0.1690944881889764
20
-0.0751968503937008
11
-0.1169291338582677
21
-0.0751968503937008
0
LINE
8
BLACK
6
CONTINUOUS
10
-0.1169291338582677
20
-0.0751968503937008
11
-0.1157991732283465
21
-0.0754216141732283
0
LINE
8
BLACK
6
CONTINUOUS
10
0.2119567322834646
20
-0.0754216141732283
11
0.2129146850393701
21
-0.0760616929133858
0
LINE
8
BLACK
6
CONTINUOUS
10
0.2129146850393701
20
-0.0760616929133858
11
0.2135547637795276
21
-0.0770196456692913
0
LINE
8
BLACK
6
CONTINUOUS
10
0.2135547637795276
20
-0.0770196456692913
11
0.2137795275590551
21
-0.0781496062992126
0
LINE
8
BLACK
6
CONTINUOUS
10
0.2137795275590551
20
-0.0781496062992126
11
0.2137795275590551
21
-0.0840551181102362
0
LINE
8
BLACK
6
CONTINUOUS
10
0.2137795275590551
20
-0.0840551181102362
11
0.2135547637795276
21
-0.0851850787401575
0
LINE
8
BLACK
6
CONTINUOUS
10
0.2135547637795276
20
-0.0851850787401575
11
0.2129146850393701
21
-0.086143031496063
0
LINE
8
BLACK
6
CONTINUOUS
10
0.2129146850393701
20
-0.086143031496063
11
0.2119567322834646
21
-0.0867831102362205
0
LINE
8
BLACK
6
CONTINUOUS
10
0.2119567322834646
20
-0.0867831102362205
11
0.2108267716535433
21
-0.087007874015748
0
LINE
8
BLACK
6
CONTINUOUS
10
0.2108267716535433
20
-0.087007874015748
11
0.1586614173228346
21
-0.087007874015748
0
LINE
8
BLACK
6
CONTINUOUS
10
0.1586614173228346
20
-0.087007874015748
11
0.1575314566929134
21
-0.0867831102362205
0
LINE
8
BLACK
6
CONTINUOUS
10
0.1575314566929134
20
-0.0867831102362205
11
0.1565735039370079
21
-0.086143031496063
0
LINE
8
BLACK
6
CONTINUOUS
10
0.1565735039370079
20
-0.086143031496063
11
0.1559334251968504
21
-0.0851850787401575
0
LINE
8
BLACK
6
CONTINUOUS
10
0.1559334251968504
20
-0.0851850787401575
11
0.1557086614173228
21
-0.0840551181102362
0
LINE
8
BLACK
6
CONTINUOUS
10
0.1557086614173228
20
-0.0840551181102362
11
0.1557086614173228
21
-0.0781496062992126
0
LINE
8
BLACK
6
CONTINUOUS
10
0.1557086614173228
20
-0.0781496062992126
11
0.1559334251968504
21
-0.0770196456692913
0
LINE
8
BLACK
6
CONTINUOUS
10
0.1559334251968504
20
-0.0770196456692913
11
0.1565735039370079
21
-0.0760616929133858
0
LINE
8
BLACK
6
CONTINUOUS
10
0.1565735039370079
20
-0.0760616929133858
11
0.1575314566929134
21
-0.0754216141732283
0
LINE
8
BLACK
6
CONTINUOUS
10
0.1575314566929134
20
-0.0754216141732283
11
0.1586614173228346
21
-0.0751968503937008
0
LINE
8
BLACK
6
CONTINUOUS
10
0.1586614173228346
20
-0.0751968503937008
11
0.2108267716535433
21
-0.0751968503937008
0
LINE
8
BLACK
6
CONTINUOUS
10
0.2108267716535433
20
-0.0751968503937008
11
0.2119567322834646
21
-0.0754216141732283
0
LINE
8
BLACK
6
CONTINUOUS
10
-0.280810905511811
20
-0.0528117322834646
11
-0.2788950393700788
21
-0.0540918897637795
0
LINE
8
BLACK
6
CONTINUOUS
10
-0.2788950393700788
20
-0.0540918897637795
11
-0.2776148818897638
21
-0.0560077559055118
0
LINE
8
BLACK
6
CONTINUOUS
10
-0.2776148818897638
20
-0.0560077559055118
11
-0.2771653543307087
21
-0.0582677165354331
0
LINE
8
BLACK
6
CONTINUOUS
10
-0.2771653543307087
20
-0.0582677165354331
11
-0.2771653543307087
21
-0.0700787401574803
0
LINE
8
BLACK
6
CONTINUOUS
10
-0.2771653543307087
20
-0.0700787401574803
11
-0.2776148818897638
21
-0.0723387007874016
0
LINE
8
BLACK
6
CONTINUOUS
10
-0.2776148818897638
20
-0.0723387007874016
11
-0.2788950393700788
21
-0.0742545669291339
0
LINE
8
BLACK
6
CONTINUOUS
10
-0.2788950393700788
20
-0.0742545669291339
11
-0.280810905511811
21
-0.0755347244094488
0
LINE
8
BLACK
6
CONTINUOUS
10
-0.280810905511811
20
-0.0755347244094488
11
-0.2830708661417323
21
-0.0759842519685039
0
LINE
8
BLACK
6
CONTINUOUS
10
-0.2830708661417323
20
-0.0759842519685039
11
-0.3293307086614173
21
-0.0759842519685039
0
LINE
8
BLACK
6
CONTINUOUS
10
-0.3293307086614173
20
-0.0759842519685039
11
-0.3315906692913386
21
-0.0755347244094488
0
LINE
8
BLACK
6
CONTINUOUS
10
-0.3315906692913386
20
-0.0755347244094488
11
-0.3335065354330708
21
-0.0742545669291339
0
LINE
8
BLACK
6
CONTINUOUS
10
-0.3335065354330708
20
-0.0742545669291339
11
-0.3347866929133858
21
-0.0723387007874016
0
LINE
8
BLACK
6
CONTINUOUS
10
-0.3347866929133858
20
-0.0723387007874016
11
-0.3352362204724409
21
-0.0700787401574803
0
LINE
8
BLACK
6
CONTINUOUS
10
-0.3352362204724409
20
-0.0700787401574803
11
-0.3352362204724409
21
-0.0582677165354331
0
LINE
8
BLACK
6
CONTINUOUS
10
-0.3352362204724409
20
-0.0582677165354331
11
-0.3347866929133858
21
-0.0560077559055118
0
LINE
8
BLACK
6
CONTINUOUS
10
-0.3347866929133858
20
-0.0560077559055118
11
-0.3335065354330708
21
-0.0540918897637795
0
LINE
8
BLACK
6
CONTINUOUS
10
-0.3335065354330708
20
-0.0540918897637795
11
-0.3315906692913386
21
-0.0528117322834646
0
LINE
8
BLACK
6
CONTINUOUS
10
-0.3315906692913386
20
-0.0528117322834646
11
-0.3293307086614173
21
-0.0523622047244094
0
LINE
8
BLACK
6
CONTINUOUS
10
-0.3293307086614173
20
-0.0523622047244094
11
-0.2830708661417323
21
-0.0523622047244094
0
LINE
8
BLACK
6
CONTINUOUS
10
-0.2830708661417323
20
-0.0523622047244094
11
-0.280810905511811
21
-0.0528117322834646
0
LINE
8
BLACK
6
CONTINUOUS
10
-0.4445393307086614
20
-0.0632168897637795
11
-0.4435813779527559
21
-0.063856968503937
0
LINE
8
BLACK
6
CONTINUOUS
10
-0.4435813779527559
20
-0.063856968503937
11
-0.4429412992125984
21
-0.0648149212598425
0
LINE
8
BLACK
6
CONTINUOUS
10
-0.4429412992125984
20
-0.0648149212598425
11
-0.4427165354330709
21
-0.0659448818897638
0
LINE
8
BLACK
6
CONTINUOUS
10
-0.4427165354330709
20
-0.0659448818897638
11
-0.4427165354330709
21
-0.0718503937007874
0
LINE
8
BLACK
6
CONTINUOUS
10
-0.4427165354330709
20
-0.0718503937007874
11
-0.4429412992125984
21
-0.0729803543307087
0
LINE
8
BLACK
6
CONTINUOUS
10
-0.4429412992125984
20
-0.0729803543307087
11
-0.4435813779527559
21
-0.0739383070866142
0
LINE
8
BLACK
6
CONTINUOUS
10
-0.4435813779527559
20
-0.0739383070866142
11
-0.4445393307086614
21
-0.0745783858267716
0
LINE
8
BLACK
6
CONTINUOUS
10
-0.4445393307086614
20
-0.0745783858267716
11
-0.4456692913385827
21
-0.0748031496062992
0
LINE
8
BLACK
6
CONTINUOUS
10
-0.4456692913385827
20
-0.0748031496062992
11
-0.4850393700787402
21
-0.0748031496062992
0
LINE
8
BLACK
6
CONTINUOUS
10
-0.4850393700787402
20
-0.0748031496062992
11
-0.4861693307086614
21
-0.0745783858267716
0
LINE
8
BLACK
6
CONTINUOUS
10
-0.4861693307086614
20
-0.0745783858267716
11
-0.4871272834645669
21
-0.0739383070866142
0
LINE
8
BLACK
6
CONTINUOUS
10
-0.4871272834645669
20
-0.0739383070866142
11
-0.4877673622047244
21
-0.0729803543307087
0
LINE
8
BLACK
6
CONTINUOUS
10
-0.4877673622047244
20
-0.0729803543307087
11
-0.487992125984252
21
-0.0718503937007874
0
LINE
8
BLACK
6
CONTINUOUS
10
-0.487992125984252
20
-0.0718503937007874
11
-0.487992125984252
21
-0.0659448818897638
0
LINE
8
BLACK
6
CONTINUOUS
10
-0.487992125984252
20
-0.0659448818897638
11
-0.4877673622047244
21
-0.0648149212598425
0
LINE
8
BLACK
6
CONTINUOUS
10
-0.4877673622047244
20
-0.0648149212598425
11
-0.4871272834645669
21
-0.063856968503937
0
LINE
8
BLACK
6
CONTINUOUS
10
-0.4871272834645669
20
-0.063856968503937
11
-0.4861693307086614
21
-0.0632168897637795
0
LINE
8
BLACK
6
CONTINUOUS
10
-0.4861693307086614
20
-0.0632168897637795
11
-0.4850393700787402
21
-0.062992125984252
0
LINE
8
BLACK
6
CONTINUOUS
10
-0.4850393700787402
20
-0.062992125984252
11
-0.4456692913385827
21
-0.062992125984252
0
LINE
8
BLACK
6
CONTINUOUS
10
-0.4456692913385827
20
-0.062992125984252
11
-0.4445393307086614
21
-0.0632168897637795
0
LINE
8
BLACK
6
CONTINUOUS
10
-0.3955054330708661
20
-0.0496171653543307
11
-0.3937811417322835
21
-0.0507693307086614
0
LINE
8
BLACK
6
CONTINUOUS
10
-0.3937811417322835
20
-0.0507693307086614
11
-0.3926289763779527
21
-0.0524936220472441
0
LINE
8
BLACK
6
CONTINUOUS
10
-0.3926289763779527
20
-0.0524936220472441
11
-0.3922244094488189
21
-0.0545275590551181
0
LINE
8
BLACK
6
CONTINUOUS
10
-0.3922244094488189
20
-0.0545275590551181
11
-0.3922244094488189
21
-0.0690944881889764
0
LINE
8
BLACK
6
CONTINUOUS
10
-0.3922244094488189
20
-0.0690944881889764
11
-0.3926289763779527
21
-0.0711284251968504
0
LINE
8
BLACK
6
CONTINUOUS
10
-0.3926289763779527
20
-0.0711284251968504
11
-0.3937811417322835
21
-0.0728527165354331
0
LINE
8
BLACK
6
CONTINUOUS
10
-0.3937811417322835
20
-0.0728527165354331
11
-0.3955054330708661
21
-0.0740048818897638
0
LINE
8
BLACK
6
CONTINUOUS
10
-0.3955054330708661
20
-0.0740048818897638
11
-0.3975393700787401
21
-0.0744094488188976
0
LINE
8
BLACK
6
CONTINUOUS
10
-0.3975393700787401
20
-0.0744094488188976
11
-0.4081692913385827
21
-0.0744094488188976
0
LINE
8
BLACK
6
CONTINUOUS
10
-0.4081692913385827
20
-0.0744094488188976
11
-0.4102032283464567
21
-0.0740048818897638
0
LINE
8
BLACK
6
CONTINUOUS
10
-0.4102032283464567
20
-0.0740048818897638
11
-0.4119275196850394
21
-0.0728527165354331
0
LINE
8
BLACK
6
CONTINUOUS
10
-0.4119275196850394
20
-0.0728527165354331
11
-0.4130796850393701
21
-0.0711284251968504
0
LINE
8
BLACK
6
CONTINUOUS
10
-0.4130796850393701
20
-0.0711284251968504
11
-0.4134842519685039
21
-0.0690944881889764
0
LINE
8
BLACK
6
CONTINUOUS
10
-0.4134842519685039
20
-0.0690944881889764
11
-0.4134842519685039
21
-0.0545275590551181
0
LINE
8
BLACK
6
CONTINUOUS
10
-0.4134842519685039
20
-0.0545275590551181
11
-0.4130796850393701
21
-0.0524936220472441
0
LINE
8
BLACK
6
CONTINUOUS
10
-0.4130796850393701
20
-0.0524936220472441
11
-0.4119275196850394
21
-0.0507693307086614
0
LINE
8
BLACK
6
CONTINUOUS
10
-0.4119275196850394
20
-0.0507693307086614
11
-0.4102032283464567
21
-0.0496171653543307
0
LINE
8
BLACK
6
CONTINUOUS
10
-0.4102032283464567
20
-0.0496171653543307
11
-0.4081692913385827
21
-0.0492125984251968
0
LINE
8
BLACK
6
CONTINUOUS
10
-0.4081692913385827
20
-0.0492125984251968
11
-0.3975393700787401
21
-0.0492125984251968
0
LINE
8
BLACK
6
CONTINUOUS
10
-0.3975393700787401
20
-0.0492125984251968
11
-0.3955054330708661
21
-0.0496171653543307
0
LINE
8
BLACK
6
CONTINUOUS
10
-0.3553479527559055
20
-0.0496171653543307
11
-0.3536236614173228
21
-0.0507693307086614
0
LINE
8
BLACK
6
CONTINUOUS
10
-0.3536236614173228
20
-0.0507693307086614
11
-0.3524714960629921
21
-0.0524936220472441
0
LINE
8
BLACK
6
CONTINUOUS
10
-0.3524714960629921
20
-0.0524936220472441
11
-0.3520669291338583
21
-0.0545275590551181
0
LINE
8
BLACK
6
CONTINUOUS
10
-0.3520669291338583
20
-0.0545275590551181
11
-0.3520669291338583
21
-0.0690944881889764
0
LINE
8
BLACK
6
CONTINUOUS
10
-0.3520669291338583
20
-0.0690944881889764
11
-0.3524714960629921
21
-0.0711284251968504
0
LINE
8
BLACK
6
CONTINUOUS
10
-0.3524714960629921
20
-0.0711284251968504
11
-0.3536236614173228
21
-0.0728527165354331
0
LINE
8
BLACK
6
CONTINUOUS
10
-0.3536236614173228
20
-0.0728527165354331
11
-0.3553479527559055
21
-0.0740048818897638
0
LINE
8
BLACK
6
CONTINUOUS
10
-0.3553479527559055
20
-0.0740048818897638
11
-0.3573818897637795
21
-0.0744094488188976
0
LINE
8
BLACK
6
CONTINUOUS
10
-0.3573818897637795
20
-0.0744094488188976
11
-0.368011811023622
21
-0.0744094488188976
0
LINE
8
BLACK
6
CONTINUOUS
10
-0.368011811023622
20
-0.0744094488188976
11
-0.370045748031496
21
-0.0740048818897638
0
LINE
8
BLACK
6
CONTINUOUS
10
-0.370045748031496
20
-0.0740048818897638
11
-0.3717700393700787
21
-0.0728527165354331
0
LINE
8
BLACK
6
CONTINUOUS
10
-0.3717700393700787
20
-0.0728527165354331
11
-0.3729222047244095
21
-0.0711284251968504
0
LINE
8
BLACK
6
CONTINUOUS
10
-0.3729222047244095
20
-0.0711284251968504
11
-0.3733267716535433
21
-0.0690944881889764
0
LINE
8
BLACK
6
CONTINUOUS
10
-0.3733267716535433
20
-0.0690944881889764
11
-0.3733267716535433
21
-0.0545275590551181
0
LINE
8
BLACK
6
CONTINUOUS
10
-0.3733267716535433
20
-0.0545275590551181
11
-0.3729222047244095
21
-0.0524936220472441
0
LINE
8
BLACK
6
CONTINUOUS
10
-0.3729222047244095
20
-0.0524936220472441
11
-0.3717700393700787
21
-0.0507693307086614
0
LINE
8
BLACK
6
CONTINUOUS
10
-0.3717700393700787
20
-0.0507693307086614
11
-0.370045748031496
21
-0.0496171653543307
0
LINE
8
BLACK
6
CONTINUOUS
10
-0.370045748031496
20
-0.0496171653543307
11
-0.368011811023622
21
-0.0492125984251968
0
LINE
8
BLACK
6
CONTINUOUS
10
-0.368011811023622
20
-0.0492125984251968
11
-0.3573818897637795
21
-0.0492125984251968
0
LINE
8
BLACK
6
CONTINUOUS
10
-0.3573818897637795
20
-0.0492125984251968
11
-0.3553479527559055
21
-0.0496171653543307
0
LINE
8
BLACK
6
CONTINUOUS
10
-0.1157991732283465
20
-0.0557365748031496
11
-0.1148412204724409
21
-0.0563766535433071
0
LINE
8
BLACK
6
CONTINUOUS
10
-0.1148412204724409
20
-0.0563766535433071
11
-0.1142011417322835
21
-0.0573346062992126
0
LINE
8
BLACK
6
CONTINUOUS
10
-0.1142011417322835
20
-0.0573346062992126
11
-0.1139763779527559
21
-0.0584645669291339
0
LINE
8
BLACK
6
CONTINUOUS
10
-0.1139763779527559
20
-0.0584645669291339
11
-0.1139763779527559
21
-0.0643700787401575
0
LINE
8
BLACK
6
CONTINUOUS
10
-0.1139763779527559
20
-0.0643700787401575
11
-0.1142011417322835
21
-0.0655000393700787
0
LINE
8
BLACK
6
CONTINUOUS
10
-0.1142011417322835
20
-0.0655000393700787
11
-0.1148412204724409
21
-0.0664579921259842
0
LINE
8
BLACK
6
CONTINUOUS
10
-0.1148412204724409
20
-0.0664579921259842
11
-0.1157991732283465
21
-0.0670980708661417
0
LINE
8
BLACK
6
CONTINUOUS
10
-0.1157991732283465
20
-0.0670980708661417
11
-0.1169291338582677
21
-0.0673228346456693
0
LINE
8
BLACK
6
CONTINUOUS
10
-0.1169291338582677
20
-0.0673228346456693
11
-0.1690944881889764
21
-0.0673228346456693
0
LINE
8
BLACK
6
CONTINUOUS
10
-0.1690944881889764
20
-0.0673228346456693
11
-0.1702244488188976
21
-0.0670980708661417
0
LINE
8
BLACK
6
CONTINUOUS
10
-0.1702244488188976
20
-0.0670980708661417
11
-0.1711824015748031
21
-0.0664579921259842
0
LINE
8
BLACK
6
CONTINUOUS
10
-0.1711824015748031
20
-0.0664579921259842
11
-0.1718224803149606
21
-0.0655000393700787
0
LINE
8
BLACK
6
CONTINUOUS
10
-0.1718224803149606
20
-0.0655000393700787
11
-0.1720472440944882
21
-0.0643700787401575
0
LINE
8
BLACK
6
CONTINUOUS
10
-0.1720472440944882
20
-0.0643700787401575
11
-0.1720472440944882
21
-0.0584645669291339
0
LINE
8
BLACK
6
CONTINUOUS
10
-0.1720472440944882
20
-0.0584645669291339
11
-0.1718224803149606
21
-0.0573346062992126
0
LINE
8
BLACK
6
CONTINUOUS
10
-0.1718224803149606
20
-0.0573346062992126
11
-0.1711824015748031
21
-0.0563766535433071
0
LINE
8
BLACK
6
CONTINUOUS
10
-0.1711824015748031
20
-0.0563766535433071
11
-0.1702244488188976
21
-0.0557365748031496
0
LINE
8
BLACK
6
CONTINUOUS
10
-0.1702244488188976
20
-0.0557365748031496
11
-0.1690944881889764
21
-0.055511811023622
0
LINE
8
BLACK
6
CONTINUOUS
10
-0.1690944881889764
20
-0.055511811023622
11
-0.1169291338582677
21
-0.055511811023622
0
LINE
8
BLACK
6
CONTINUOUS
10
-0.1169291338582677
20
-0.055511811023622
11
-0.1157991732283465
21
-0.0557365748031496
0
LINE
8
BLACK
6
CONTINUOUS
10
0.2119567322834646
20
-0.0557365748031496
11
0.2129146850393701
21
-0.0563766535433071
0
LINE
8
BLACK
6
CONTINUOUS
10
0.2129146850393701
20
-0.0563766535433071
11
0.2135547637795276
21
-0.0573346062992126
0
LINE
8
BLACK
6
CONTINUOUS
10
0.2135547637795276
20
-0.0573346062992126
11
0.2137795275590551
21
-0.0584645669291339
0
LINE
8
BLACK
6
CONTINUOUS
10
0.2137795275590551
20
-0.0584645669291339
11
0.2137795275590551
21
-0.0643700787401575
0
LINE
8
BLACK
6
CONTINUOUS
10
0.2137795275590551
20
-0.0643700787401575
11
0.2135547637795276
21
-0.0655000393700787
0
LINE
8
BLACK
6
CONTINUOUS
10
0.2135547637795276
20
-0.0655000393700787
11
0.2129146850393701
21
-0.0664579921259842
0
LINE
8
BLACK
6
CONTINUOUS
10
0.2129146850393701
20
-0.0664579921259842
11
0.2119567322834646
21
-0.0670980708661417
0
LINE
8
BLACK
6
CONTINUOUS
10
0.2119567322834646
20
-0.0670980708661417
11
0.2108267716535433
21
-0.0673228346456693
0
LINE
8
BLACK
6
CONTINUOUS
10
0.2108267716535433
20
-0.0673228346456693
11
0.1586614173228346
21
-0.0673228346456693
0
LINE
8
BLACK
6
CONTINUOUS
10
0.1586614173228346
20
-0.0673228346456693
11
0.1575314566929134
21
-0.0670980708661417
0
LINE
8
BLACK
6
CONTINUOUS
10
0.1575314566929134
20
-0.0670980708661417
11
0.1565735039370079
21
-0.0664579921259842
0
LINE
8
BLACK
6
CONTINUOUS
10
0.1565735039370079
20
-0.0664579921259842
11
0.1559334251968504
21
-0.0655000393700787
0
LINE
8
BLACK
6
CONTINUOUS
10
0.1559334251968504
20
-0.0655000393700787
11
0.1557086614173228
21
-0.0643700787401575
0
LINE
8
BLACK
6
CONTINUOUS
10
0.1557086614173228
20
-0.0643700787401575
11
0.1557086614173228
21
-0.0584645669291339
0
LINE
8
BLACK
6
CONTINUOUS
10
0.1557086614173228
20
-0.0584645669291339
11
0.1559334251968504
21
-0.0573346062992126
0
LINE
8
BLACK
6
CONTINUOUS
10
0.1559334251968504
20
-0.0573346062992126
11
0.1565735039370079
21
-0.0563766535433071
0
LINE
8
BLACK
6
CONTINUOUS
10
0.1565735039370079
20
-0.0563766535433071
11
0.1575314566929134
21
-0.0557365748031496
0
LINE
8
BLACK
6
CONTINUOUS
10
0.1575314566929134
20
-0.0557365748031496
11
0.1586614173228346
21
-0.055511811023622
0
LINE
8
BLACK
6
CONTINUOUS
10
0.1586614173228346
20
-0.055511811023622
11
0.2108267716535433
21
-0.055511811023622
0
LINE
8
BLACK
6
CONTINUOUS
10
0.2108267716535433
20
-0.055511811023622
11
0.2119567322834646
21
-0.0557365748031496
0
LINE
8
BLACK
6
CONTINUOUS
10
0.3065224803149606
20
-0.0168909448818898
11
0.3097156299212598
21
-0.0190245275590551
0
LINE
8
BLACK
6
CONTINUOUS
10
0.3097156299212598
20
-0.0190245275590551
11
0.3118492125984252
21
-0.0222176771653543
0
LINE
8
BLACK
6
CONTINUOUS
10
0.3118492125984252
20
-0.0222176771653543
11
0.3125984251968504
21
-0.0259842519685039
0
LINE
8
BLACK
6
CONTINUOUS
10
0.3125984251968504
20
-0.0259842519685039
11
0.3125984251968504
21
-0.0535433070866142
0
LINE
8
BLACK
6
CONTINUOUS
10
0.3125984251968504
20
-0.0535433070866142
11
0.3118492125984252
21
-0.0573098818897638
0
LINE
8
BLACK
6
CONTINUOUS
10
0.3118492125984252
20
-0.0573098818897638
11
0.3097156299212598
21
-0.060503031496063
0
LINE
8
BLACK
6
CONTINUOUS
10
0.3097156299212598
20
-0.060503031496063
11
0.3065224803149606
21
-0.0626366141732283
0
LINE
8
BLACK
6
CONTINUOUS
10
0.3065224803149606
20
-0.0626366141732283
11
0.302755905511811
21
-0.0633858267716535
0
LINE
8
BLACK
6
CONTINUOUS
10
0.302755905511811
20
-0.0633858267716535
11
0.2673228346456693
21
-0.0633858267716535
0
LINE
8
BLACK
6
CONTINUOUS
10
0.2673228346456693
20
-0.0633858267716535
11
0.2635562598425197
21
-0.0626366141732283
0
LINE
8
BLACK
6
CONTINUOUS
10
0.2635562598425197
20
-0.0626366141732283
11
0.2603631102362204
21
-0.060503031496063
0
LINE
8
BLACK
6
CONTINUOUS
10
0.2603631102362204
20
-0.060503031496063
11
0.2582295275590551
21
-0.0573098818897638
0
LINE
8
BLACK
6
CONTINUOUS
10
0.2582295275590551
20
-0.0573098818897638
11
0.2574803149606299
21
-0.0535433070866142
0
LINE
8
BLACK
6
CONTINUOUS
10
0.2574803149606299
20
-0.0535433070866142
11
0.2574803149606299
21
-0.0259842519685039
0
LINE
8
BLACK
6
CONTINUOUS
10
0.2574803149606299
20
-0.0259842519685039
11
0.2582295275590551
21
-0.0222176771653543
0
LINE
8
BLACK
6
CONTINUOUS
10
0.2582295275590551
20
-0.0222176771653543
11
0.2603631102362204
21
-0.0190245275590551
0
LINE
8
BLACK
6
CONTINUOUS
10
0.2603631102362204
20
-0.0190245275590551
11
0.2635562598425197
21
-0.0168909448818898
0
LINE
8
BLACK
6
CONTINUOUS
10
0.2635562598425197
20
-0.0168909448818898
11
0.2673228346456693
21
-0.0161417322834646
0
LINE
8
BLACK
6
CONTINUOUS
10
0.2673228346456693
20
-0.0161417322834646
11
0.302755905511811
21
-0.0161417322834646
0
LINE
8
BLACK
6
CONTINUOUS
10
0.302755905511811
20
-0.0161417322834646
11
0.3065224803149606
21
-0.0168909448818898
0
LINE
8
BLACK
6
CONTINUOUS
10
0.3931366535433071
20
-0.0168909448818898
11
0.3963298031496063
21
-0.0190245275590551
0
LINE
8
BLACK
6
CONTINUOUS
10
0.3963298031496063
20
-0.0190245275590551
11
0.3984633858267717
21
-0.0222176771653543
0
LINE
8
BLACK
6
CONTINUOUS
10
0.3984633858267717
20
-0.0222176771653543
11
0.3992125984251969
21
-0.0259842519685039
0
LINE
8
BLACK
6
CONTINUOUS
10
0.3992125984251969
20
-0.0259842519685039
11
0.3992125984251969
21
-0.0535433070866142
0
LINE
8
BLACK
6
CONTINUOUS
10
0.3992125984251969
20
-0.0535433070866142
11
0.3984633858267717
21
-0.0573098818897638
0
LINE
8
BLACK
6
CONTINUOUS
10
0.3984633858267717
20
-0.0573098818897638
11
0.3963298031496063
21
-0.060503031496063
0
LINE
8
BLACK
6
CONTINUOUS
10
0.3963298031496063
20
-0.060503031496063
11
0.3931366535433071
21
-0.0626366141732283
0
LINE
8
BLACK
6
CONTINUOUS
10
0.3931366535433071
20
-0.0626366141732283
11
0.3893700787401575
21
-0.0633858267716535
0
LINE
8
BLACK
6
CONTINUOUS
10
0.3893700787401575
20
-0.0633858267716535
11
0.3539370078740157
21
-0.0633858267716535
0
LINE
8
BLACK
6
CONTINUOUS
10
0.3539370078740157
20
-0.0633858267716535
11
0.3501704330708661
21
-0.0626366141732283
0
LINE
8
BLACK
6
CONTINUOUS
10
0.3501704330708661
20
-0.0626366141732283
11
0.3469772834645669
21
-0.060503031496063
0
LINE
8
BLACK
6
CONTINUOUS
10
0.3469772834645669
20
-0.060503031496063
11
0.3448437007874016
21
-0.0573098818897638
0
LINE
8
BLACK
6
CONTINUOUS
10
0.3448437007874016
20
-0.0573098818897638
11
0.3440944881889764
21
-0.0535433070866142
0
LINE
8
BLACK
6
CONTINUOUS
10
0.3440944881889764
20
-0.0535433070866142
11
0.3440944881889764
21
-0.0259842519685039
0
LINE
8
BLACK
6
CONTINUOUS
10
0.3440944881889764
20
-0.0259842519685039
11
0.3448437007874016
21
-0.0222176771653543
0
LINE
8
BLACK
6
CONTINUOUS
10
0.3448437007874016
20
-0.0222176771653543
11
0.3469772834645669
21
-0.0190245275590551
0
LINE
8
BLACK
6
CONTINUOUS
10
0.3469772834645669
20
-0.0190245275590551
11
0.3501704330708661
21
-0.0168909448818898
0
LINE
8
BLACK
6
CONTINUOUS
10
0.3501704330708661
20
-0.0168909448818898
11
0.3539370078740157
21
-0.0161417322834646
0
LINE
8
BLACK
6
CONTINUOUS
10
0.3539370078740157
20
-0.0161417322834646
11
0.3893700787401575
21
-0.0161417322834646
0
LINE
8
BLACK
6
CONTINUOUS
10
0.3893700787401575
20
-0.0161417322834646
11
0.3931366535433071
21
-0.0168909448818898
0
LINE
8
BLACK
6
CONTINUOUS
10
-0.4445393307086614
20
-0.0435318503937008
11
-0.4435813779527559
21
-0.0441719291338583
0
LINE
8
BLACK
6
CONTINUOUS
10
-0.4435813779527559
20
-0.0441719291338583
11
-0.4429412992125984
21
-0.0451298818897638
0
LINE
8
BLACK
6
CONTINUOUS
10
-0.4429412992125984
20
-0.0451298818897638
11
-0.4427165354330709
21
-0.046259842519685
0
LINE
8
BLACK
6
CONTINUOUS
10
-0.4427165354330709
20
-0.046259842519685
11
-0.4427165354330709
21
-0.0521653543307087
0
LINE
8
BLACK
6
CONTINUOUS
10
-0.4427165354330709
20
-0.0521653543307087
11
-0.4429412992125984
21
-0.0532953149606299
0
LINE
8
BLACK
6
CONTINUOUS
10
-0.4429412992125984
20
-0.0532953149606299
11
-0.4435813779527559
21
-0.0542532677165354
0
LINE
8
BLACK
6
CONTINUOUS
10
-0.4435813779527559
20
-0.0542532677165354
11
-0.4445393307086614
21
-0.0548933464566929
0
LINE
8
BLACK
6
CONTINUOUS
10
-0.4445393307086614
20
-0.0548933464566929
11
-0.4456692913385827
21
-0.0551181102362205
0
LINE
8
BLACK
6
CONTINUOUS
10
-0.4456692913385827
20
-0.0551181102362205
11
-0.4850393700787402
21
-0.0551181102362205
0
LINE
8
BLACK
6
CONTINUOUS
10
-0.4850393700787402
20
-0.0551181102362205
11
-0.4861693307086614
21
-0.0548933464566929
0
LINE
8
BLACK
6
CONTINUOUS
10
-0.4861693307086614
20
-0.0548933464566929
11
-0.4871272834645669
21
-0.0542532677165354
0
LINE
8
BLACK
6
CONTINUOUS
10
-0.4871272834645669
20
-0.0542532677165354
11
-0.4877673622047244
21
-0.0532953149606299
0
LINE
8
BLACK
6
CONTINUOUS
10
-0.4877673622047244
20
-0.0532953149606299
11
-0.487992125984252
21
-0.0521653543307087
0
LINE
8
BLACK
6
CONTINUOUS
10
-0.487992125984252
20
-0.0521653543307087
11
-0.487992125984252
21
-0.046259842519685
0
LINE
8
BLACK
6
CONTINUOUS
10
-0.487992125984252
20
-0.046259842519685
11
-0.4877673622047244
21
-0.0451298818897638
0
LINE
8
BLACK
6
CONTINUOUS
10
-0.4877673622047244
20
-0.0451298818897638
11
-0.4871272834645669
21
-0.0441719291338583
0
LINE
8
BLACK
6
CONTINUOUS
10
-0.4871272834645669
20
-0.0441719291338583
11
-0.4861693307086614
21
-0.0435318503937008
0
LINE
8
BLACK
6
CONTINUOUS
10
-0.4861693307086614
20
-0.0435318503937008
11
-0.4850393700787402
21
-0.0433070866141732
0
LINE
8
BLACK
6
CONTINUOUS
10
-0.4850393700787402
20
-0.0433070866141732
11
-0.4456692913385827
21
-0.0433070866141732
0
LINE
8
BLACK
6
CONTINUOUS
10
-0.4456692913385827
20
-0.0433070866141732
11
-0.4445393307086614
21
-0.0435318503937008
0
LINE
8
BLACK
6
CONTINUOUS
10
-0.1157991732283465
20
-0.0360515354330709
11
-0.1148412204724409
21
-0.0366916141732283
0
LINE
8
BLACK
6
CONTINUOUS
10
-0.1148412204724409
20
-0.0366916141732283
11
-0.1142011417322835
21
-0.0376495669291339
0
LINE
8
BLACK
6
CONTINUOUS
10
-0.1142011417322835
20
-0.0376495669291339
11
-0.1139763779527559
21
-0.0387795275590551
0
LINE
8
BLACK
6
CONTINUOUS
10
-0.1139763779527559
20
-0.0387795275590551
11
-0.1139763779527559
21
-0.0446850393700787
0
LINE
8
BLACK
6
CONTINUOUS
10
-0.1139763779527559
20
-0.0446850393700787
11
-0.1142011417322835
21
-0.045815
0
LINE
8
BLACK
6
CONTINUOUS
10
-0.1142011417322835
20
-0.045815
11
-0.1148412204724409
21
-0.0467729527559055
0
LINE
8
BLACK
6
CONTINUOUS
10
-0.1148412204724409
20
-0.0467729527559055
11
-0.1157991732283465
21
-0.047413031496063
0
LINE
8
BLACK
6
CONTINUOUS
10
-0.1157991732283465
20
-0.047413031496063
11
-0.1169291338582677
21
-0.0476377952755905
0
LINE
8
BLACK
6
CONTINUOUS
10
-0.1169291338582677
20
-0.0476377952755905
11
-0.1690944881889764
21
-0.0476377952755905
0
LINE
8
BLACK
6
CONTINUOUS
10
-0.1690944881889764
20
-0.0476377952755905
11
-0.1702244488188976
21
-0.047413031496063
0
LINE
8
BLACK
6
CONTINUOUS
10
-0.1702244488188976
20
-0.047413031496063
11
-0.1711824015748031
21
-0.0467729527559055
0
LINE
8
BLACK
6
CONTINUOUS
10
-0.1711824015748031
20
-0.0467729527559055
11
-0.1718224803149606
21
-0.045815
0
LINE
8
BLACK
6
CONTINUOUS
10
-0.1718224803149606
20
-0.045815
11
-0.1720472440944882
21
-0.0446850393700787
0
LINE
8
BLACK
6
CONTINUOUS
10
-0.1720472440944882
20
-0.0446850393700787
11
-0.1720472440944882
21
-0.0387795275590551
0
LINE
8
BLACK
6
CONTINUOUS
10
-0.1720472440944882
20
-0.0387795275590551
11
-0.1718224803149606
21
-0.0376495669291339
0
LINE
8
BLACK
6
CONTINUOUS
10
-0.1718224803149606
20
-0.0376495669291339
11
-0.1711824015748031
21
-0.0366916141732283
0
LINE
8
BLACK
6
CONTINUOUS
10
-0.1711824015748031
20
-0.0366916141732283
11
-0.1702244488188976
21
-0.0360515354330709
0
LINE
8
BLACK
6
CONTINUOUS
10
-0.1702244488188976
20
-0.0360515354330709
11
-0.1690944881889764
21
-0.0358267716535433
0
LINE
8
BLACK
6
CONTINUOUS
10
-0.1690944881889764
20
-0.0358267716535433
11
-0.1169291338582677
21
-0.0358267716535433
0
LINE
8
BLACK
6
CONTINUOUS
10
-0.1169291338582677
20
-0.0358267716535433
11
-0.1157991732283465
21
-0.0360515354330709
0
LINE
8
BLACK
6
CONTINUOUS
10
0.2119567322834646
20
-0.0360515354330709
11
0.2129146850393701
21
-0.0366916141732283
0
LINE
8
BLACK
6
CONTINUOUS
10
0.2129146850393701
20
-0.0366916141732283
11
0.2135547637795276
21
-0.0376495669291339
0
LINE
8
BLACK
6
CONTINUOUS
10
0.2135547637795276
20
-0.0376495669291339
11
0.2137795275590551
21
-0.0387795275590551
0
LINE
8
BLACK
6
CONTINUOUS
10
0.2137795275590551
20
-0.0387795275590551
11
0.2137795275590551
21
-0.0446850393700787
0
LINE
8
BLACK
6
CONTINUOUS
10
0.2137795275590551
20
-0.0446850393700787
11
0.2135547637795276
21
-0.045815
0
LINE
8
BLACK
6
CONTINUOUS
10
0.2135547637795276
20
-0.045815
11
0.2129146850393701
21
-0.0467729527559055
0
LINE
8
BLACK
6
CONTINUOUS
10
0.2129146850393701
20
-0.0467729527559055
11
0.2119567322834646
21
-0.047413031496063
0
LINE
8
BLACK
6
CONTINUOUS
10
0.2119567322834646
20
-0.047413031496063
11
0.2108267716535433
21
-0.0476377952755905
0
LINE
8
BLACK
6
CONTINUOUS
10
0.2108267716535433
20
-0.0476377952755905
11
0.1586614173228346
21
-0.0476377952755905
0
LINE
8
BLACK
6
CONTINUOUS
10
0.1586614173228346
20
-0.0476377952755905
11
0.1575314566929134
21
-0.047413031496063
0
LINE
8
BLACK
6
CONTINUOUS
10
0.1575314566929134
20
-0.047413031496063
11
0.1565735039370079
21
-0.0467729527559055
0
LINE
8
BLACK
6
CONTINUOUS
10
0.1565735039370079
20
-0.0467729527559055
11
0.1559334251968504
21
-0.045815
0
LINE
8
BLACK
6
CONTINUOUS
10
0.1559334251968504
20
-0.045815
11
0.1557086614173228
21
-0.0446850393700787
0
LINE
8
BLACK
6
CONTINUOUS
10
0.1557086614173228
20
-0.0446850393700787
11
0.1557086614173228
21
-0.0387795275590551
0
LINE
8
BLACK
6
CONTINUOUS
10
0.1557086614173228
20
-0.0387795275590551
11
0.1559334251968504
21
-0.0376495669291339
0
LINE
8
BLACK
6
CONTINUOUS
10
0.1559334251968504
20
-0.0376495669291339
11
0.1565735039370079
21
-0.0366916141732283
0
LINE
8
BLACK
6
CONTINUOUS
10
0.1565735039370079
20
-0.0366916141732283
11
0.1575314566929134
21
-0.0360515354330709
0
LINE
8
BLACK
6
CONTINUOUS
10
0.1575314566929134
20
-0.0360515354330709
11
0.1586614173228346
21
-0.0358267716535433
0
LINE
8
BLACK
6
CONTINUOUS
10
0.1586614173228346
20
-0.0358267716535433
11
0.2108267716535433
21
-0.0358267716535433
0
LINE
8
BLACK
6
CONTINUOUS
10
0.2108267716535433
20
-0.0358267716535433
11
0.2119567322834646
21
-0.0360515354330709
0
LINE
8
BLACK
6
CONTINUOUS
10
-0.2069920078740158
20
-0.018166062992126
11
-0.2050761417322835
21
-0.0194462204724409
0
LINE
8
BLACK
6
CONTINUOUS
10
-0.2050761417322835
20
-0.0194462204724409
11
-0.2037959842519685
21
-0.0213620866141732
0
LINE
8
BLACK
6
CONTINUOUS
10
-0.2037959842519685
20
-0.0213620866141732
11
-0.2033464566929134
21
-0.0236220472440945
0
LINE
8
BLACK
6
CONTINUOUS
10
-0.2033464566929134
20
-0.0236220472440945
11
-0.2033464566929134
21
-0.0354330708661417
0
LINE
8
BLACK
6
CONTINUOUS
10
-0.2033464566929134
20
-0.0354330708661417
11
-0.2037959842519685
21
-0.037693031496063
0
LINE
8
BLACK
6
CONTINUOUS
10
-0.2037959842519685
20
-0.037693031496063
11
-0.2050761417322835
21
-0.0396088976377953
0
LINE
8
BLACK
6
CONTINUOUS
10
-0.2050761417322835
20
-0.0396088976377953
11
-0.2069920078740158
21
-0.0408890551181102
0
LINE
8
BLACK
6
CONTINUOUS
10
-0.2069920078740158
20
-0.0408890551181102
11
-0.209251968503937
21
-0.0413385826771654
0
LINE
8
BLACK
6
CONTINUOUS
10
-0.209251968503937
20
-0.0413385826771654
11
-0.255511811023622
21
-0.0413385826771654
0
LINE
8
BLACK
6
CONTINUOUS
10
-0.255511811023622
20
-0.0413385826771654
11
-0.2577717716535433
21
-0.0408890551181102
0
LINE
8
BLACK
6
CONTINUOUS
10
-0.2577717716535433
20
-0.0408890551181102
11
-0.2596876377952756
21
-0.0396088976377953
0
LINE
8
BLACK
6
CONTINUOUS
10
-0.2596876377952756
20
-0.0396088976377953
11
-0.2609677952755906
21
-0.037693031496063
0
LINE
8
BLACK
6
CONTINUOUS
10
-0.2609677952755906
20
-0.037693031496063
11
-0.2614173228346456
21
-0.0354330708661417
0
LINE
8
BLACK
6
CONTINUOUS
10
-0.2614173228346456
20
-0.0354330708661417
11
-0.2614173228346456
21
-0.0236220472440945
0
LINE
8
BLACK
6
CONTINUOUS
10
-0.2614173228346456
20
-0.0236220472440945
11
-0.2609677952755906
21
-0.0213620866141732
0
LINE
8
BLACK
6
CONTINUOUS
10
-0.2609677952755906
20
-0.0213620866141732
11
-0.2596876377952756
21
-0.0194462204724409
0
LINE
8
BLACK
6
CONTINUOUS
10
-0.2596876377952756
20
-0.0194462204724409
11
-0.2577717716535433
21
-0.018166062992126
0
LINE
8
BLACK
6
CONTINUOUS
10
-0.2577717716535433
20
-0.018166062992126
11
-0.255511811023622
21
-0.0177165354330709
0
LINE
8
BLACK
6
CONTINUOUS
10
-0.255511811023622
20
-0.0177165354330709
11
-0.209251968503937
21
-0.0177165354330709
0
LINE
8
BLACK
6
CONTINUOUS
10
-0.209251968503937
20
-0.0177165354330709
11
-0.2069920078740158
21
-0.018166062992126
0
LINE
8
BLACK
6
CONTINUOUS
10
-0.3553479527559055
20
-0.0118218897637795
11
-0.3536236614173228
21
-0.0129740551181102
0
LINE
8
BLACK
6
CONTINUOUS
10
-0.3536236614173228
20
-0.0129740551181102
11
-0.3524714960629921
21
-0.0146983464566929
0
LINE
8
BLACK
6
CONTINUOUS
10
-0.3524714960629921
20
-0.0146983464566929
11
-0.3520669291338583
21
-0.0167322834645669
0
LINE
8
BLACK
6
CONTINUOUS
10
-0.3520669291338583
20
-0.0167322834645669
11
-0.3520669291338583
21
-0.0312992125984252
0
LINE
8
BLACK
6
CONTINUOUS
10
-0.3520669291338583
20
-0.0312992125984252
11
-0.3524714960629921
21
-0.0333331496062992
0
LINE
8
BLACK
6
CONTINUOUS
10
-0.3524714960629921
20
-0.0333331496062992
11
-0.3536236614173228
21
-0.0350574409448819
0
LINE
8
BLACK
6
CONTINUOUS
10
-0.3536236614173228
20
-0.0350574409448819
11
-0.3553479527559055
21
-0.0362096062992126
0
LINE
8
BLACK
6
CONTINUOUS
10
-0.3553479527559055
20
-0.0362096062992126
11
-0.3573818897637795
21
-0.0366141732283465
0
LINE
8
BLACK
6
CONTINUOUS
10
-0.3573818897637795
20
-0.0366141732283465
11
-0.368011811023622
21
-0.0366141732283465
0
LINE
8
BLACK
6
CONTINUOUS
10
-0.368011811023622
20
-0.0366141732283465
11
-0.370045748031496
21
-0.0362096062992126
0
LINE
8
BLACK
6
CONTINUOUS
10
-0.370045748031496
20
-0.0362096062992126
11
-0.3717700393700787
21
-0.0350574409448819
0
LINE
8
BLACK
6
CONTINUOUS
10
-0.3717700393700787
20
-0.0350574409448819
11
-0.3729222047244095
21
-0.0333331496062992
0
LINE
8
BLACK
6
CONTINUOUS
10
-0.3729222047244095
20
-0.0333331496062992
11
-0.3733267716535433
21
-0.0312992125984252
0
LINE
8
BLACK
6
CONTINUOUS
10
-0.3733267716535433
20
-0.0312992125984252
11
-0.3733267716535433
21
-0.0167322834645669
0
LINE
8
BLACK
6
CONTINUOUS
10
-0.3733267716535433
20
-0.0167322834645669
11
-0.3729222047244095
21
-0.0146983464566929
0
LINE
8
BLACK
6
CONTINUOUS
10
-0.3729222047244095
20
-0.0146983464566929
11
-0.3717700393700787
21
-0.0129740551181102
0
LINE
8
BLACK
6
CONTINUOUS
10
-0.3717700393700787
20
-0.0129740551181102
11
-0.370045748031496
21
-0.0118218897637795
0
LINE
8
BLACK
6
CONTINUOUS
10
-0.370045748031496
20
-0.0118218897637795
11
-0.368011811023622
21
-0.0114173228346457
0
LINE
8
BLACK
6
CONTINUOUS
10
-0.368011811023622
20
-0.0114173228346457
11
-0.3573818897637795
21
-0.0114173228346457
0
LINE
8
BLACK
6
CONTINUOUS
10
-0.3573818897637795
20
-0.0114173228346457
11
-0.3553479527559055
21
-0.0118218897637795
0
LINE
8
BLACK
6
CONTINUOUS
10
-0.4445393307086614
20
-0.023846811023622
11
-0.4435813779527559
21
-0.0244868897637795
0
LINE
8
BLACK
6
CONTINUOUS
10
-0.4435813779527559
20
-0.0244868897637795
11
-0.4429412992125984
21
-0.025444842519685
0
LINE
8
BLACK
6
CONTINUOUS
10
-0.4429412992125984
20
-0.025444842519685
11
-0.4427165354330709
21
-0.0265748031496063
0
LINE
8
BLACK
6
CONTINUOUS
10
-0.4427165354330709
20
-0.0265748031496063
11
-0.4427165354330709
21
-0.0324803149606299
0
LINE
8
BLACK
6
CONTINUOUS
10
-0.4427165354330709
20
-0.0324803149606299
11
-0.4429412992125984
21
-0.0336102755905512
0
LINE
8
BLACK
6
CONTINUOUS
10
-0.4429412992125984
20
-0.0336102755905512
11
-0.4435813779527559
21
-0.0345682283464567
0
LINE
8
BLACK
6
CONTINUOUS
10
-0.4435813779527559
20
-0.0345682283464567
11
-0.4445393307086614
21
-0.0352083070866142
0
LINE
8
BLACK
6
CONTINUOUS
10
-0.4445393307086614
20
-0.0352083070866142
11
-0.4456692913385827
21
-0.0354330708661417
0
LINE
8
BLACK
6
CONTINUOUS
10
-0.4456692913385827
20
-0.0354330708661417
11
-0.4850393700787402
21
-0.0354330708661417
0
LINE
8
BLACK
6
CONTINUOUS
10
-0.4850393700787402
20
-0.0354330708661417
11
-0.4861693307086614
21
-0.0352083070866142
0
LINE
8
BLACK
6
CONTINUOUS
10
-0.4861693307086614
20
-0.0352083070866142
11
-0.4871272834645669
21
-0.0345682283464567
0
LINE
8
BLACK
6
CONTINUOUS
10
-0.4871272834645669
20
-0.0345682283464567
11
-0.4877673622047244
21
-0.0336102755905512
0
LINE
8
BLACK
6
CONTINUOUS
10
-0.4877673622047244
20
-0.0336102755905512
11
-0.487992125984252
21
-0.0324803149606299
0
LINE
8
BLACK
6
CONTINUOUS
10
-0.487992125984252
20
-0.0324803149606299
11
-0.487992125984252
21
-0.0265748031496063
0
LINE
8
BLACK
6
CONTINUOUS
10
-0.487992125984252
20
-0.0265748031496063
11
-0.4877673622047244
21
-0.025444842519685
0
LINE
8
BLACK
6
CONTINUOUS
10
-0.4877673622047244
20
-0.025444842519685
11
-0.4871272834645669
21
-0.0244868897637795
0
LINE
8
BLACK
6
CONTINUOUS
10
-0.4871272834645669
20
-0.0244868897637795
11
-0.4861693307086614
21
-0.023846811023622
0
LINE
8
BLACK
6
CONTINUOUS
10
-0.4861693307086614
20
-0.023846811023622
11
-0.4850393700787402
21
-0.0236220472440945
0
LINE
8
BLACK
6
CONTINUOUS
10
-0.4850393700787402
20
-0.0236220472440945
11
-0.4456692913385827
21
-0.0236220472440945
0
LINE
8
BLACK
6
CONTINUOUS
10
-0.4456692913385827
20
-0.0236220472440945
11
-0.4445393307086614
21
-0.023846811023622
0
LINE
8
BLACK
6
CONTINUOUS
10
-0.3955054330708661
20
-0.0102470866141732
11
-0.3937811417322835
21
-0.0113992519685039
0
LINE
8
BLACK
6
CONTINUOUS
10
-0.3937811417322835
20
-0.0113992519685039
11
-0.3926289763779527
21
-0.0131235433070866
0
LINE
8
BLACK
6
CONTINUOUS
10
-0.3926289763779527
20
-0.0131235433070866
11
-0.3922244094488189
21
-0.0151574803149606
0
LINE
8
BLACK
6
CONTINUOUS
10
-0.3922244094488189
20
-0.0151574803149606
11
-0.3922244094488189
21
-0.0297244094488189
0
LINE
8
BLACK
6
CONTINUOUS
10
-0.3922244094488189
20
-0.0297244094488189
11
-0.3926289763779527
21
-0.0317583464566929
0
LINE
8
BLACK
6
CONTINUOUS
10
-0.3926289763779527
20
-0.0317583464566929
11
-0.3937811417322835
21
-0.0334826377952756
0
LINE
8
BLACK
6
CONTINUOUS
10
-0.3937811417322835
20
-0.0334826377952756
11
-0.3955054330708661
21
-0.0346348031496063
0
LINE
8
BLACK
6
CONTINUOUS
10
-0.3955054330708661
20
-0.0346348031496063
11
-0.3975393700787401
21
-0.0350393700787402
0
LINE
8
BLACK
6
CONTINUOUS
10
-0.3975393700787401
20
-0.0350393700787402
11
-0.4081692913385827
21
-0.0350393700787402
0
LINE
8
BLACK
6
CONTINUOUS
10
-0.4081692913385827
20
-0.0350393700787402
11
-0.4102032283464567
21
-0.0346348031496063
0
LINE
8
BLACK
6
CONTINUOUS
10
-0.4102032283464567
20
-0.0346348031496063
11
-0.4119275196850394
21
-0.0334826377952756
0
LINE
8
BLACK
6
CONTINUOUS
10
-0.4119275196850394
20
-0.0334826377952756
11
-0.4130796850393701
21
-0.0317583464566929
0
LINE
8
BLACK
6
CONTINUOUS
10
-0.4130796850393701
20
-0.0317583464566929
11
-0.4134842519685039
21
-0.0297244094488189
0
LINE
8
BLACK
6
CONTINUOUS
10
-0.4134842519685039
20
-0.0297244094488189
11
-0.4134842519685039
21
-0.0151574803149606
0
LINE
8
BLACK
6
CONTINUOUS
10
-0.4134842519685039
20
-0.0151574803149606
11
-0.4130796850393701
21
-0.0131235433070866
0
LINE
8
BLACK
6
CONTINUOUS
10
-0.4130796850393701
20
-0.0131235433070866
11
-0.4119275196850394
21
-0.0113992519685039
0
LINE
8
BLACK
6
CONTINUOUS
10
-0.4119275196850394
20
-0.0113992519685039
11
-0.4102032283464567
21
-0.0102470866141732
0
LINE
8
BLACK
6
CONTINUOUS
10
-0.4102032283464567
20
-0.0102470866141732
11
-0.4081692913385827
21
-0.0098425196850394
0
LINE
8
BLACK
6
CONTINUOUS
10
-0.4081692913385827
20
-0.0098425196850394
11
-0.3975393700787401
21
-0.0098425196850394
0
LINE
8
BLACK
6
CONTINUOUS
10
-0.3975393700787401
20
-0.0098425196850394
11
-0.3955054330708661
21
-0.0102470866141732
0
LINE
8
BLACK
6
CONTINUOUS
10
-0.1157991732283465
20
-0.0163664566929134
11
-0.1148412204724409
21
-0.0170065354330709
0
LINE
8
BLACK
6
CONTINUOUS
10
-0.1148412204724409
20
-0.0170065354330709
11
-0.1142011417322835
21
-0.0179644881889764
0
LINE
8
BLACK
6
CONTINUOUS
10
-0.1142011417322835
20
-0.0179644881889764
11
-0.1139763779527559
21
-0.0190944488188976
0
LINE
8
BLACK
6
CONTINUOUS
10
-0.1139763779527559
20
-0.0190944488188976
11
-0.1139763779527559
21
-0.0249999606299213
0
LINE
8
BLACK
6
CONTINUOUS
10
-0.1139763779527559
20
-0.0249999606299213
11
-0.1142011417322835
21
-0.0261299212598425
0
LINE
8
BLACK
6
CONTINUOUS
10
-0.1142011417322835
20
-0.0261299212598425
11
-0.1148412204724409
21
-0.027087874015748
0
LINE
8
BLACK
6
CONTINUOUS
10
-0.1148412204724409
20
-0.027087874015748
11
-0.1157991732283465
21
-0.0277279527559055
0
LINE
8
BLACK
6
CONTINUOUS
10
-0.1157991732283465
20
-0.0277279527559055
11
-0.1169291338582677
21
-0.0279527165354331
0
LINE
8
BLACK
6
CONTINUOUS
10
-0.1169291338582677
20
-0.0279527165354331
11
-0.1690944881889764
21
-0.0279527165354331
0
LINE
8
BLACK
6
CONTINUOUS
10
-0.1690944881889764
20
-0.0279527165354331
11
-0.1702244488188976
21
-0.0277279527559055
0
LINE
8
BLACK
6
CONTINUOUS
10
-0.1702244488188976
20
-0.0277279527559055
11
-0.1711824015748031
21
-0.027087874015748
0
LINE
8
BLACK
6
CONTINUOUS
10
-0.1711824015748031
20
-0.027087874015748
11
-0.1718224803149606
21
-0.0261299212598425
0
LINE
8
BLACK
6
CONTINUOUS
10
-0.1718224803149606
20
-0.0261299212598425
11
-0.1720472440944882
21
-0.0249999606299213
0
LINE
8
BLACK
6
CONTINUOUS
10
-0.1720472440944882
20
-0.0249999606299213
11
-0.1720472440944882
21
-0.0190944488188976
0
LINE
8
BLACK
6
CONTINUOUS
10
-0.1720472440944882
20
-0.0190944488188976
11
-0.1718224803149606
21
-0.0179644881889764
0
LINE
8
BLACK
6
CONTINUOUS
10
-0.1718224803149606
20
-0.0179644881889764
11
-0.1711824015748031
21
-0.0170065354330709
0
LINE
8
BLACK
6
CONTINUOUS
10
-0.1711824015748031
20
-0.0170065354330709
11
-0.1702244488188976
21
-0.0163664566929134
0
LINE
8
BLACK
6
CONTINUOUS
10
-0.1702244488188976
20
-0.0163664566929134
11
-0.1690944881889764
21
-0.0161416929133858
0
LINE
8
BLACK
6
CONTINUOUS
10
-0.1690944881889764
20
-0.0161416929133858
11
-0.1169291338582677
21
-0.0161416929133858
0
LINE
8
BLACK
6
CONTINUOUS
10
-0.1169291338582677
20
-0.0161416929133858
11
-0.1157991732283465
21
-0.0163664566929134
0
LINE
8
BLACK
6
CONTINUOUS
10
0.2119567322834646
20
-0.0163664566929134
11
0.2129146850393701
21
-0.0170065354330709
0
LINE
8
BLACK
6
CONTINUOUS
10
0.2129146850393701
20
-0.0170065354330709
11
0.2135547637795276
21
-0.0179644881889764
0
LINE
8
BLACK
6
CONTINUOUS
10
0.2135547637795276
20
-0.0179644881889764
11
0.2137795275590551
21
-0.0190944488188976
0
LINE
8
BLACK
6
CONTINUOUS
10
0.2137795275590551
20
-0.0190944488188976
11
0.2137795275590551
21
-0.0249999606299213
0
LINE
8
BLACK
6
CONTINUOUS
10
0.2137795275590551
20
-0.0249999606299213
11
0.2135547637795276
21
-0.0261299212598425
0
LINE
8
BLACK
6
CONTINUOUS
10
0.2135547637795276
20
-0.0261299212598425
11
0.2129146850393701
21
-0.027087874015748
0
LINE
8
BLACK
6
CONTINUOUS
10
0.2129146850393701
20
-0.027087874015748
11
0.2119567322834646
21
-0.0277279527559055
0
LINE
8
BLACK
6
CONTINUOUS
10
0.2119567322834646
20
-0.0277279527559055
11
0.2108267716535433
21
-0.0279527165354331
0
LINE
8
BLACK
6
CONTINUOUS
10
0.2108267716535433
20
-0.0279527165354331
11
0.1586614173228346
21
-0.0279527165354331
0
LINE
8
BLACK
6
CONTINUOUS
10
0.1586614173228346
20
-0.0279527165354331
11
0.1575314566929134
21
-0.0277279527559055
0
LINE
8
BLACK
6
CONTINUOUS
10
0.1575314566929134
20
-0.0277279527559055
11
0.1565735039370079
21
-0.027087874015748
0
LINE
8
BLACK
6
CONTINUOUS
10
0.1565735039370079
20
-0.027087874015748
11
0.1559334251968504
21
-0.0261299212598425
0
LINE
8
BLACK
6
CONTINUOUS
10
0.1559334251968504
20
-0.0261299212598425
11
0.1557086614173228
21
-0.0249999606299213
0
LINE
8
BLACK
6
CONTINUOUS
10
0.1557086614173228
20
-0.0249999606299213
11
0.1557086614173228
21
-0.0190944488188976
0
LINE
8
BLACK
6
CONTINUOUS
10
0.1557086614173228
20
-0.0190944488188976
11
0.1559334251968504
21
-0.0179644881889764
0
LINE
8
BLACK
6
CONTINUOUS
10
0.1559334251968504
20
-0.0179644881889764
11
0.1565735039370079
21
-0.0170065354330709
0
LINE
8
BLACK
6
CONTINUOUS
10
0.1565735039370079
20
-0.0170065354330709
11
0.1575314566929134
21
-0.0163664566929134
0
LINE
8
BLACK
6
CONTINUOUS
10
0.1575314566929134
20
-0.0163664566929134
11
0.1586614173228346
21
-0.0161416929133858
0
LINE
8
BLACK
6
CONTINUOUS
10
0.1586614173228346
20
-0.0161416929133858
11
0.2108267716535433
21
-0.0161416929133858
0
LINE
8
BLACK
6
CONTINUOUS
10
0.2108267716535433
20
-0.0161416929133858
11
0.2119567322834646
21
-0.0163664566929134
0
LINE
8
BLACK
6
CONTINUOUS
10
-0.4445393307086614
20
-0.0041617716535433
11
-0.4435813779527559
21
-0.0048018503937008
0
LINE
8
BLACK
6
CONTINUOUS
10
-0.4435813779527559
20
-0.0048018503937008
11
-0.4429412992125984
21
-0.0057598031496063
0
LINE
8
BLACK
6
CONTINUOUS
10
-0.4429412992125984
20
-0.0057598031496063
11
-0.4427165354330709
21
-0.0068897637795276
0
LINE
8
BLACK
6
CONTINUOUS
10
-0.4427165354330709
20
-0.0068897637795276
11
-0.4427165354330709
21
-0.0127952755905512
0
LINE
8
BLACK
6
CONTINUOUS
10
-0.4427165354330709
20
-0.0127952755905512
11
-0.4429412992125984
21
-0.0139252362204724
0
LINE
8
BLACK
6
CONTINUOUS
10
-0.4429412992125984
20
-0.0139252362204724
11
-0.4435813779527559
21
-0.014883188976378
0
LINE
8
BLACK
6
CONTINUOUS
10
-0.4435813779527559
20
-0.014883188976378
11
-0.4445393307086614
21
-0.0155232677165354
0
LINE
8
BLACK
6
CONTINUOUS
10
-0.4445393307086614
20
-0.0155232677165354
11
-0.4456692913385827
21
-0.015748031496063
0
LINE
8
BLACK
6
CONTINUOUS
10
-0.4456692913385827
20
-0.015748031496063
11
-0.4850393700787402
21
-0.015748031496063
0
LINE
8
BLACK
6
CONTINUOUS
10
-0.4850393700787402
20
-0.015748031496063
11
-0.4861693307086614
21
-0.0155232677165354
0
LINE
8
BLACK
6
CONTINUOUS
10
-0.4861693307086614
20
-0.0155232677165354
11
-0.4871272834645669
21
-0.014883188976378
0
LINE
8
BLACK
6
CONTINUOUS
10
-0.4871272834645669
20
-0.014883188976378
11
-0.4877673622047244
21
-0.0139252362204724
0
LINE
8
BLACK
6
CONTINUOUS
10
-0.4877673622047244
20
-0.0139252362204724
11
-0.487992125984252
21
-0.0127952755905512
0
LINE
8
BLACK
6
CONTINUOUS
10
-0.487992125984252
20
-0.0127952755905512
11
-0.487992125984252
21
-0.0068897637795276
0
LINE
8
BLACK
6
CONTINUOUS
10
-0.487992125984252
20
-0.0068897637795276
11
-0.4877673622047244
21
-0.0057598031496063
0
LINE
8
BLACK
6
CONTINUOUS
10
-0.4877673622047244
20
-0.0057598031496063
11
-0.4871272834645669
21
-0.0048018503937008
0
LINE
8
BLACK
6
CONTINUOUS
10
-0.4871272834645669
20
-0.0048018503937008
11
-0.4861693307086614
21
-0.0041617716535433
0
LINE
8
BLACK
6
CONTINUOUS
10
-0.4861693307086614
20
-0.0041617716535433
11
-0.4850393700787402
21
-0.0039370078740157
0
LINE
8
BLACK
6
CONTINUOUS
10
-0.4850393700787402
20
-0.0039370078740157
11
-0.4456692913385827
21
-0.0039370078740157
0
LINE
8
BLACK
6
CONTINUOUS
10
-0.4456692913385827
20
-0.0039370078740157
11
-0.4445393307086614
21
-0.0041617716535433
0
LINE
8
BLACK
6
CONTINUOUS
10
-0.1157991732283465
20
0.0033185433070866
11
-0.1148412204724409
21
0.0026784645669291
0
LINE
8
BLACK
6
CONTINUOUS
10
-0.1148412204724409
20
0.0026784645669291
11
-0.1142011417322835
21
0.0017205118110236
0
LINE
8
BLACK
6
CONTINUOUS
10
-0.1142011417322835
20
0.0017205118110236
11
-0.1139763779527559
21
0.0005905511811024
0
LINE
8
BLACK
6
CONTINUOUS
10
-0.1139763779527559
20
0.0005905511811024
11
-0.1139763779527559
21
-0.0053149606299213
0
LINE
8
BLACK
6
CONTINUOUS
10
-0.1139763779527559
20
-0.0053149606299213
11
-0.1142011417322835
21
-0.0064449212598425
0
LINE
8
BLACK
6
CONTINUOUS
10
-0.1142011417322835
20
-0.0064449212598425
11
-0.1148412204724409
21
-0.007402874015748
0
LINE
8
BLACK
6
CONTINUOUS
10
-0.1148412204724409
20
-0.007402874015748
11
-0.1157991732283465
21
-0.0080429527559055
0
LINE
8
BLACK
6
CONTINUOUS
10
-0.1157991732283465
20
-0.0080429527559055
11
-0.1169291338582677
21
-0.0082677165354331
0
LINE
8
BLACK
6
CONTINUOUS
10
-0.1169291338582677
20
-0.0082677165354331
11
-0.1690944881889764
21
-0.0082677165354331
0
LINE
8
BLACK
6
CONTINUOUS
10
-0.1690944881889764
20
-0.0082677165354331
11
-0.1702244488188976
21
-0.0080429527559055
0
LINE
8
BLACK
6
CONTINUOUS
10
-0.1702244488188976
20
-0.0080429527559055
11
-0.1711824015748031
21
-0.007402874015748
0
LINE
8
BLACK
6
CONTINUOUS
10
-0.1711824015748031
20
-0.007402874015748
11
-0.1718224803149606
21
-0.0064449212598425
0
LINE
8
BLACK
6
CONTINUOUS
10
-0.1718224803149606
20
-0.0064449212598425
11
-0.1720472440944882
21
-0.0053149606299213
0
LINE
8
BLACK
6
CONTINUOUS
10
-0.1720472440944882
20
-0.0053149606299213
11
-0.1720472440944882
21
0.0005905511811024
0
LINE
8
BLACK
6
CONTINUOUS
10
-0.1720472440944882
20
0.0005905511811024
11
-0.1718224803149606
21
0.0017205118110236
0
LINE
8
BLACK
6
CONTINUOUS
10
-0.1718224803149606
20
0.0017205118110236
11
-0.1711824015748031
21
0.0026784645669291
0
LINE
8
BLACK
6
CONTINUOUS
10
-0.1711824015748031
20
0.0026784645669291
11
-0.1702244488188976
21
0.0033185433070866
0
LINE
8
BLACK
6
CONTINUOUS
10
-0.1702244488188976
20
0.0033185433070866
11
-0.1690944881889764
21
0.0035433070866142
0
LINE
8
BLACK
6
CONTINUOUS
10
-0.1690944881889764
20
0.0035433070866142
11
-0.1169291338582677
21
0.0035433070866142
0
LINE
8
BLACK
6
CONTINUOUS
10
-0.1169291338582677
20
0.0035433070866142
11
-0.1157991732283465
21
0.0033185433070866
0
LINE
8
BLACK
6
CONTINUOUS
10
0.2119567322834646
20
0.0033185433070866
11
0.2129146850393701
21
0.0026784645669291
0
LINE
8
BLACK
6
CONTINUOUS
10
0.2129146850393701
20
0.0026784645669291
11
0.2135547637795276
21
0.0017205118110236
0
LINE
8
BLACK
6
CONTINUOUS
10
0.2135547637795276
20
0.0017205118110236
11
0.2137795275590551
21
0.0005905511811024
0
LINE
8
BLACK
6
CONTINUOUS
10
0.2137795275590551
20
0.0005905511811024
11
0.2137795275590551
21
-0.0053149606299213
0
LINE
8
BLACK
6
CONTINUOUS
10
0.2137795275590551
20
-0.0053149606299213
11
0.2135547637795276
21
-0.0064449212598425
0
LINE
8
BLACK
6
CONTINUOUS
10
0.2135547637795276
20
-0.0064449212598425
11
0.2129146850393701
21
-0.007402874015748
0
LINE
8
BLACK
6
CONTINUOUS
10
0.2129146850393701
20
-0.007402874015748
11
0.2119567322834646
21
-0.0080429527559055
0
LINE
8
BLACK
6
CONTINUOUS
10
0.2119567322834646
20
-0.0080429527559055
11
0.2108267716535433
21
-0.0082677165354331
0
LINE
8
BLACK
6
CONTINUOUS
10
0.2108267716535433
20
-0.0082677165354331
11
0.1586614173228346
21
-0.0082677165354331
0
LINE
8
BLACK
6
CONTINUOUS
10
0.1586614173228346
20
-0.0082677165354331
11
0.1575314566929134
21
-0.0080429527559055
0
LINE
8
BLACK
6
CONTINUOUS
10
0.1575314566929134
20
-0.0080429527559055
11
0.1565735039370079
21
-0.007402874015748
0
LINE
8
BLACK
6
CONTINUOUS
10
0.1565735039370079
20
-0.007402874015748
11
0.1559334251968504
21
-0.0064449212598425
0
LINE
8
BLACK
6
CONTINUOUS
10
0.1559334251968504
20
-0.0064449212598425
11
0.1557086614173228
21
-0.0053149606299213
0
LINE
8
BLACK
6
CONTINUOUS
10
0.1557086614173228
20
-0.0053149606299213
11
0.1557086614173228
21
0.0005905511811024
0
LINE
8
BLACK
6
CONTINUOUS
10
0.1557086614173228
20
0.0005905511811024
11
0.1559334251968504
21
0.0017205118110236
0
LINE
8
BLACK
6
CONTINUOUS
10
0.1559334251968504
20
0.0017205118110236
11
0.1565735039370079
21
0.0026784645669291
0
LINE
8
BLACK
6
CONTINUOUS
10
0.1565735039370079
20
0.0026784645669291
11
0.1575314566929134
21
0.0033185433070866
0
LINE
8
BLACK
6
CONTINUOUS
10
0.1575314566929134
20
0.0033185433070866
11
0.1586614173228346
21
0.0035433070866142
0
LINE
8
BLACK
6
CONTINUOUS
10
0.1586614173228346
20
0.0035433070866142
11
0.2108267716535433
21
0.0035433070866142
0
LINE
8
BLACK
6
CONTINUOUS
10
0.2108267716535433
20
0.0035433070866142
11
0.2119567322834646
21
0.0033185433070866
0
LINE
8
BLACK
6
CONTINUOUS
10
-0.3955054330708661
20
0.0259733858267717
11
-0.3937811417322835
21
0.0248212204724409
0
LINE
8
BLACK
6
CONTINUOUS
10
-0.3937811417322835
20
0.0248212204724409
11
-0.3926289763779527
21
0.0230969291338583
0
LINE
8
BLACK
6
CONTINUOUS
10
-0.3926289763779527
20
0.0230969291338583
11
-0.3922244094488189
21
0.0210629921259842
0
LINE
8
BLACK
6
CONTINUOUS
10
-0.3922244094488189
20
0.0210629921259842
11
-0.3922244094488189
21
0.006496062992126
0
LINE
8
BLACK
6
CONTINUOUS
10
-0.3922244094488189
20
0.006496062992126
11
-0.3926289763779527
21
0.004462125984252
0
LINE
8
BLACK
6
CONTINUOUS
10
-0.3926289763779527
20
0.004462125984252
11
-0.3937811417322835
21
0.0027378346456693
0
LINE
8
BLACK
6
CONTINUOUS
10
-0.3937811417322835
20
0.0027378346456693
11
-0.3955054330708661
21
0.0015856692913386
0
LINE
8
BLACK
6
CONTINUOUS
10
-0.3955054330708661
20
0.0015856692913386
11
-0.3975393700787401
21
0.0011811023622047
0
LINE
8
BLACK
6
CONTINUOUS
10
-0.3975393700787401
20
0.0011811023622047
11
-0.4081692913385827
21
0.0011811023622047
0
LINE
8
BLACK
6
CONTINUOUS
10
-0.4081692913385827
20
0.0011811023622047
11
-0.4102032283464567
21
0.0015856692913386
0
LINE
8
BLACK
6
CONTINUOUS
10
-0.4102032283464567
20
0.0015856692913386
11
-0.4119275196850394
21
0.0027378346456693
0
LINE
8
BLACK
6
CONTINUOUS
10
-0.4119275196850394
20
0.0027378346456693
11
-0.4130796850393701
21
0.004462125984252
0
LINE
8
BLACK
6
CONTINUOUS
10
-0.4130796850393701
20
0.004462125984252
11
-0.4134842519685039
21
0.006496062992126
0
LINE
8
BLACK
6
CONTINUOUS
10
-0.4134842519685039
20
0.006496062992126
11
-0.4134842519685039
21
0.0210629921259842
0
LINE
8
BLACK
6
CONTINUOUS
10
-0.4134842519685039
20
0.0210629921259842
11
-0.4130796850393701
21
0.0230969291338583
0
LINE
8
BLACK
6
CONTINUOUS
10
-0.4130796850393701
20
0.0230969291338583
11
-0.4119275196850394
21
0.0248212204724409
0
LINE
8
BLACK
6
CONTINUOUS
10
-0.4119275196850394
20
0.0248212204724409
11
-0.4102032283464567
21
0.0259733858267717
0
LINE
8
BLACK
6
CONTINUOUS
10
-0.4102032283464567
20
0.0259733858267717
11
-0.4081692913385827
21
0.0263779527559055
0
LINE
8
BLACK
6
CONTINUOUS
10
-0.4081692913385827
20
0.0263779527559055
11
-0.3975393700787401
21
0.0263779527559055
0
LINE
8
BLACK
6
CONTINUOUS
10
-0.3975393700787401
20
0.0263779527559055
11
-0.3955054330708661
21
0.0259733858267717
0
LINE
8
BLACK
6
CONTINUOUS
10
-0.3553479527559055
20
0.0259733858267717
11
-0.3536236614173228
21
0.0248212204724409
0
LINE
8
BLACK
6
CONTINUOUS
10
-0.3536236614173228
20
0.0248212204724409
11
-0.3524714960629921
21
0.0230969291338583
0
LINE
8
BLACK
6
CONTINUOUS
10
-0.3524714960629921
20
0.0230969291338583
11
-0.3520669291338583
21
0.0210629921259842
0
LINE
8
BLACK
6
CONTINUOUS
10
-0.3520669291338583
20
0.0210629921259842
11
-0.3520669291338583
21
0.006496062992126
0
LINE
8
BLACK
6
CONTINUOUS
10
-0.3520669291338583
20
0.006496062992126
11
-0.3524714960629921
21
0.004462125984252
0
LINE
8
BLACK
6
CONTINUOUS
10
-0.3524714960629921
20
0.004462125984252
11
-0.3536236614173228
21
0.0027378346456693
0
LINE
8
BLACK
6
CONTINUOUS
10
-0.3536236614173228
20
0.0027378346456693
11
-0.3553479527559055
21
0.0015856692913386
0
LINE
8
BLACK
6
CONTINUOUS
10
-0.3553479527559055
20
0.0015856692913386
11
-0.3573818897637795
21
0.0011811023622047
0
LINE
8
BLACK
6
CONTINUOUS
10
-0.3573818897637795
20
0.0011811023622047
11
-0.368011811023622
21
0.0011811023622047
0
LINE
8
BLACK
6
CONTINUOUS
10
-0.368011811023622
20
0.0011811023622047
11
-0.370045748031496
21
0.0015856692913386
0
LINE
8
BLACK
6
CONTINUOUS
10
-0.370045748031496
20
0.0015856692913386
11
-0.3717700393700787
21
0.0027378346456693
0
LINE
8
BLACK
6
CONTINUOUS
10
-0.3717700393700787
20
0.0027378346456693
11
-0.3729222047244095
21
0.004462125984252
0
LINE
8
BLACK
6
CONTINUOUS
10
-0.3729222047244095
20
0.004462125984252
11
-0.3733267716535433
21
0.006496062992126
0
LINE
8
BLACK
6
CONTINUOUS
10
-0.3733267716535433
20
0.006496062992126
11
-0.3733267716535433
21
0.0210629921259842
0
LINE
8
BLACK
6
CONTINUOUS
10
-0.3733267716535433
20
0.0210629921259842
11
-0.3729222047244095
21
0.0230969291338583
0
LINE
8
BLACK
6
CONTINUOUS
10
-0.3729222047244095
20
0.0230969291338583
11
-0.3717700393700787
21
0.0248212204724409
0
LINE
8
BLACK
6
CONTINUOUS
10
-0.3717700393700787
20
0.0248212204724409
11
-0.370045748031496
21
0.0259733858267717
0
LINE
8
BLACK
6
CONTINUOUS
10
-0.370045748031496
20
0.0259733858267717
11
-0.368011811023622
21
0.0263779527559055
0
LINE
8
BLACK
6
CONTINUOUS
10
-0.368011811023622
20
0.0263779527559055
11
-0.3573818897637795
21
0.0263779527559055
0
LINE
8
BLACK
6
CONTINUOUS
10
-0.3573818897637795
20
0.0263779527559055
11
-0.3553479527559055
21
0.0259733858267717
0
LINE
8
BLACK
6
CONTINUOUS
10
0.3065224803149606
20
0.050038188976378
11
0.3097156299212598
21
0.0479046062992126
0
LINE
8
BLACK
6
CONTINUOUS
10
0.3097156299212598
20
0.0479046062992126
11
0.3118492125984252
21
0.0447114566929134
0
LINE
8
BLACK
6
CONTINUOUS
10
0.3118492125984252
20
0.0447114566929134
11
0.3125984251968504
21
0.0409448818897638
0
LINE
8
BLACK
6
CONTINUOUS
10
0.3125984251968504
20
0.0409448818897638
11
0.3125984251968504
21
0.0133858267716535
0
LINE
8
BLACK
6
CONTINUOUS
10
0.3125984251968504
20
0.0133858267716535
11
0.3118492125984252
21
0.0096192519685039
0
LINE
8
BLACK
6
CONTINUOUS
10
0.3118492125984252
20
0.0096192519685039
11
0.3097156299212598
21
0.0064261023622047
0
LINE
8
BLACK
6
CONTINUOUS
10
0.3097156299212598
20
0.0064261023622047
11
0.3065224803149606
21
0.0042925196850394
0
LINE
8
BLACK
6
CONTINUOUS
10
0.3065224803149606
20
0.0042925196850394
11
0.302755905511811
21
0.0035433070866142
0
LINE
8
BLACK
6
CONTINUOUS
10
0.302755905511811
20
0.0035433070866142
11
0.2673228346456693
21
0.0035433070866142
0
LINE
8
BLACK
6
CONTINUOUS
10
0.2673228346456693
20
0.0035433070866142
11
0.2635562598425197
21
0.0042925196850394
0
LINE
8
BLACK
6
CONTINUOUS
10
0.2635562598425197
20
0.0042925196850394
11
0.2603631102362204
21
0.0064261023622047
0
LINE
8
BLACK
6
CONTINUOUS
10
0.2603631102362204
20
0.0064261023622047
11
0.2582295275590551
21
0.0096192519685039
0
LINE
8
BLACK
6
CONTINUOUS
10
0.2582295275590551
20
0.0096192519685039
11
0.2574803149606299
21
0.0133858267716535
0
LINE
8
BLACK
6
CONTINUOUS
10
0.2574803149606299
20
0.0133858267716535
11
0.2574803149606299
21
0.0409448818897638
0
LINE
8
BLACK
6
CONTINUOUS
10
0.2574803149606299
20
0.0409448818897638
11
0.2582295275590551
21
0.0447114566929134
0
LINE
8
BLACK
6
CONTINUOUS
10
0.2582295275590551
20
0.0447114566929134
11
0.2603631102362204
21
0.0479046062992126
0
LINE
8
BLACK
6
CONTINUOUS
10
0.2603631102362204
20
0.0479046062992126
11
0.2635562598425197
21
0.050038188976378
0
LINE
8
BLACK
6
CONTINUOUS
10
0.2635562598425197
20
0.050038188976378
11
0.2673228346456693
21
0.0507874015748031
0
LINE
8
BLACK
6
CONTINUOUS
10
0.2673228346456693
20
0.0507874015748031
11
0.302755905511811
21
0.0507874015748031
0
LINE
8
BLACK
6
CONTINUOUS
10
0.302755905511811
20
0.0507874015748031
11
0.3065224803149606
21
0.050038188976378
0
LINE
8
BLACK
6
CONTINUOUS
10
0.3931366535433071
20
0.050038188976378
11
0.3963298031496063
21
0.0479046062992126
0
LINE
8
BLACK
6
CONTINUOUS
10
0.3963298031496063
20
0.0479046062992126
11
0.3984633858267717
21
0.0447114566929134
0
LINE
8
BLACK
6
CONTINUOUS
10
0.3984633858267717
20
0.0447114566929134
11
0.3992125984251969
21
0.0409448818897638
0
LINE
8
BLACK
6
CONTINUOUS
10
0.3992125984251969
20
0.0409448818897638
11
0.3992125984251969
21
0.0133858267716535
0
LINE
8
BLACK
6
CONTINUOUS
10
0.3992125984251969
20
0.0133858267716535
11
0.3984633858267717
21
0.0096192519685039
0
LINE
8
BLACK
6
CONTINUOUS
10
0.3984633858267717
20
0.0096192519685039
11
0.3963298031496063
21
0.0064261023622047
0
LINE
8
BLACK
6
CONTINUOUS
10
0.3963298031496063
20
0.0064261023622047
11
0.3931366535433071
21
0.0042925196850394
0
LINE
8
BLACK
6
CONTINUOUS
10
0.3931366535433071
20
0.0042925196850394
11
0.3893700787401575
21
0.0035433070866142
0
LINE
8
BLACK
6
CONTINUOUS
10
0.3893700787401575
20
0.0035433070866142
11
0.3539370078740157
21
0.0035433070866142
0
LINE
8
BLACK
6
CONTINUOUS
10
0.3539370078740157
20
0.0035433070866142
11
0.3501704330708661
21
0.0042925196850394
0
LINE
8
BLACK
6
CONTINUOUS
10
0.3501704330708661
20
0.0042925196850394
11
0.3469772834645669
21
0.0064261023622047
0
LINE
8
BLACK
6
CONTINUOUS
10
0.3469772834645669
20
0.0064261023622047
11
0.3448437007874016
21
0.0096192519685039
0
LINE
8
BLACK
6
CONTINUOUS
10
0.3448437007874016
20
0.0096192519685039
11
0.3440944881889764
21
0.0133858267716535
0
LINE
8
BLACK
6
CONTINUOUS
10
0.3440944881889764
20
0.0133858267716535
11
0.3440944881889764
21
0.0409448818897638
0
LINE
8
BLACK
6
CONTINUOUS
10
0.3440944881889764
20
0.0409448818897638
11
0.3448437007874016
21
0.0447114566929134
0
LINE
8
BLACK
6
CONTINUOUS
10
0.3448437007874016
20
0.0447114566929134
11
0.3469772834645669
21
0.0479046062992126
0
LINE
8
BLACK
6
CONTINUOUS
10
0.3469772834645669
20
0.0479046062992126
11
0.3501704330708661
21
0.050038188976378
0
LINE
8
BLACK
6
CONTINUOUS
10
0.3501704330708661
20
0.050038188976378
11
0.3539370078740157
21
0.0507874015748031
0
LINE
8
BLACK
6
CONTINUOUS
10
0.3539370078740157
20
0.0507874015748031
11
0.3893700787401575
21
0.0507874015748031
0
LINE
8
BLACK
6
CONTINUOUS
10
0.3893700787401575
20
0.0507874015748031
11
0.3931366535433071
21
0.050038188976378
0
LINE
8
BLACK
6
CONTINUOUS
10
-0.4445393307086614
20
0.0155232677165354
11
-0.4435813779527559
21
0.014883188976378
0
LINE
8
BLACK
6
CONTINUOUS
10
-0.4435813779527559
20
0.014883188976378
11
-0.4429412992125984
21
0.0139252362204724
0
LINE
8
BLACK
6
CONTINUOUS
10
-0.4429412992125984
20
0.0139252362204724
11
-0.4427165354330709
21
0.0127952755905512
0
LINE
8
BLACK
6
CONTINUOUS
10
-0.4427165354330709
20
0.0127952755905512
11
-0.4427165354330709
21
0.0068897637795276
0
LINE
8
BLACK
6
CONTINUOUS
10
-0.4427165354330709
20
0.0068897637795276
11
-0.4429412992125984
21
0.0057598031496063
0
LINE
8
BLACK
6
CONTINUOUS
10
-0.4429412992125984
20
0.0057598031496063
11
-0.4435813779527559
21
0.0048018503937008
0
LINE
8
BLACK
6
CONTINUOUS
10
-0.4435813779527559
20
0.0048018503937008
11
-0.4445393307086614
21
0.0041617716535433
0
LINE
8
BLACK
6
CONTINUOUS
10
-0.4445393307086614
20
0.0041617716535433
11
-0.4456692913385827
21
0.0039370078740157
0
LINE
8
BLACK
6
CONTINUOUS
10
-0.4456692913385827
20
0.0039370078740157
11
-0.4850393700787402
21
0.0039370078740157
0
LINE
8
BLACK
6
CONTINUOUS
10
-0.4850393700787402
20
0.0039370078740157
11
-0.4861693307086614
21
0.0041617716535433
0
LINE
8
BLACK
6
CONTINUOUS
10
-0.4861693307086614
20
0.0041617716535433
11
-0.4871272834645669
21
0.0048018503937008
0
LINE
8
BLACK
6
CONTINUOUS
10
-0.4871272834645669
20
0.0048018503937008
11
-0.4877673622047244
21
0.0057598031496063
0
LINE
8
BLACK
6
CONTINUOUS
10
-0.4877673622047244
20
0.0057598031496063
11
-0.487992125984252
21
0.0068897637795276
0
LINE
8
BLACK
6
CONTINUOUS
10
-0.487992125984252
20
0.0068897637795276
11
-0.487992125984252
21
0.0127952755905512
0
LINE
8
BLACK
6
CONTINUOUS
10
-0.487992125984252
20
0.0127952755905512
11
-0.4877673622047244
21
0.0139252362204724
0
LINE
8
BLACK
6
CONTINUOUS
10
-0.4877673622047244
20
0.0139252362204724
11
-0.4871272834645669
21
0.014883188976378
0
LINE
8
BLACK
6
CONTINUOUS
10
-0.4871272834645669
20
0.014883188976378
11
-0.4861693307086614
21
0.0155232677165354
0
LINE
8
BLACK
6
CONTINUOUS
10
-0.4861693307086614
20
0.0155232677165354
11
-0.4850393700787402
21
0.015748031496063
0
LINE
8
BLACK
6
CONTINUOUS
10
-0.4850393700787402
20
0.015748031496063
11
-0.4456692913385827
21
0.015748031496063
0
LINE
8
BLACK
6
CONTINUOUS
10
-0.4456692913385827
20
0.015748031496063
11
-0.4445393307086614
21
0.0155232677165354
0
LINE
8
BLACK
6
CONTINUOUS
10
-0.1157991732283465
20
0.0230035826771654
11
-0.1148412204724409
21
0.0223635039370079
0
LINE
8
BLACK
6
CONTINUOUS
10
-0.1148412204724409
20
0.0223635039370079
11
-0.1142011417322835
21
0.0214055511811024
0
LINE
8
BLACK
6
CONTINUOUS
10
-0.1142011417322835
20
0.0214055511811024
11
-0.1139763779527559
21
0.0202755905511811
0
LINE
8
BLACK
6
CONTINUOUS
10
-0.1139763779527559
20
0.0202755905511811
11
-0.1139763779527559
21
0.0143700787401575
0
LINE
8
BLACK
6
CONTINUOUS
10
-0.1139763779527559
20
0.0143700787401575
11
-0.1142011417322835
21
0.0132401181102362
0
LINE
8
BLACK
6
CONTINUOUS
10
-0.1142011417322835
20
0.0132401181102362
11
-0.1148412204724409
21
0.0122821653543307
0
LINE
8
BLACK
6
CONTINUOUS
10
-0.1148412204724409
20
0.0122821653543307
11
-0.1157991732283465
21
0.0116420866141732
0
LINE
8
BLACK
6
CONTINUOUS
10
-0.1157991732283465
20
0.0116420866141732
11
-0.1169291338582677
21
0.0114173228346457
0
LINE
8
BLACK
6
CONTINUOUS
10
-0.1169291338582677
20
0.0114173228346457
11
-0.1690944881889764
21
0.0114173228346457
0
LINE
8
BLACK
6
CONTINUOUS
10
-0.1690944881889764
20
0.0114173228346457
11
-0.1702244488188976
21
0.0116420866141732
0
LINE
8
BLACK
6
CONTINUOUS
10
-0.1702244488188976
20
0.0116420866141732
11
-0.1711824015748031
21
0.0122821653543307
0
LINE
8
BLACK
6
CONTINUOUS
10
-0.1711824015748031
20
0.0122821653543307
11
-0.1718224803149606
21
0.0132401181102362
0
LINE
8
BLACK
6
CONTINUOUS
10
-0.1718224803149606
20
0.0132401181102362
11
-0.1720472440944882
21
0.0143700787401575
0
LINE
8
BLACK
6
CONTINUOUS
10
-0.1720472440944882
20
0.0143700787401575
11
-0.1720472440944882
21
0.0202755905511811
0
LINE
8
BLACK
6
CONTINUOUS
10
-0.1720472440944882
20
0.0202755905511811
11
-0.1718224803149606
21
0.0214055511811024
0
LINE
8
BLACK
6
CONTINUOUS
10
-0.1718224803149606
20
0.0214055511811024
11
-0.1711824015748031
21
0.0223635039370079
0
LINE
8
BLACK
6
CONTINUOUS
10
-0.1711824015748031
20
0.0223635039370079
11
-0.1702244488188976
21
0.0230035826771654
0
LINE
8
BLACK
6
CONTINUOUS
10
-0.1702244488188976
20
0.0230035826771654
11
-0.1690944881889764
21
0.0232283464566929
0
LINE
8
BLACK
6
CONTINUOUS
10
-0.1690944881889764
20
0.0232283464566929
11
-0.1169291338582677
21
0.0232283464566929
0
LINE
8
BLACK
6
CONTINUOUS
10
-0.1169291338582677
20
0.0232283464566929
11
-0.1157991732283465
21
0.0230035826771654
0
LINE
8
BLACK
6
CONTINUOUS
10
0.2119567322834646
20
0.0230035826771654
11
0.2129146850393701
21
0.0223635039370079
0
LINE
8
BLACK
6
CONTINUOUS
10
0.2129146850393701
20
0.0223635039370079
11
0.2135547637795276
21
0.0214055511811024
0
LINE
8
BLACK
6
CONTINUOUS
10
0.2135547637795276
20
0.0214055511811024
11
0.2137795275590551
21
0.0202755905511811
0
LINE
8
BLACK
6
CONTINUOUS
10
0.2137795275590551
20
0.0202755905511811
11
0.2137795275590551
21
0.0143700787401575
0
LINE
8
BLACK
6
CONTINUOUS
10
0.2137795275590551
20
0.0143700787401575
11
0.2135547637795276
21
0.0132401181102362
0
LINE
8
BLACK
6
CONTINUOUS
10
0.2135547637795276
20
0.0132401181102362
11
0.2129146850393701
21
0.0122821653543307
0
LINE
8
BLACK
6
CONTINUOUS
10
0.2129146850393701
20
0.0122821653543307
11
0.2119567322834646
21
0.0116420866141732
0
LINE
8
BLACK
6
CONTINUOUS
10
0.2119567322834646
20
0.0116420866141732
11
0.2108267716535433
21
0.0114173228346457
0
LINE
8
BLACK
6
CONTINUOUS
10
0.2108267716535433
20
0.0114173228346457
11
0.1586614173228346
21
0.0114173228346457
0
LINE
8
BLACK
6
CONTINUOUS
10
0.1586614173228346
20
0.0114173228346457
11
0.1575314566929134
21
0.0116420866141732
0
LINE
8
BLACK
6
CONTINUOUS
10
0.1575314566929134
20
0.0116420866141732
11
0.1565735039370079
21
0.0122821653543307
0
LINE
8
BLACK
6
CONTINUOUS
10
0.1565735039370079
20
0.0122821653543307
11
0.1559334251968504
21
0.0132401181102362
0
LINE
8
BLACK
6
CONTINUOUS
10
0.1559334251968504
20
0.0132401181102362
11
0.1557086614173228
21
0.0143700787401575
0
LINE
8
BLACK
6
CONTINUOUS
10
0.1557086614173228
20
0.0143700787401575
11
0.1557086614173228
21
0.0202755905511811
0
LINE
8
BLACK
6
CONTINUOUS
10
0.1557086614173228
20
0.0202755905511811
11
0.1559334251968504
21
0.0214055511811024
0
LINE
8
BLACK
6
CONTINUOUS
10
0.1559334251968504
20
0.0214055511811024
11
0.1565735039370079
21
0.0223635039370079
0
LINE
8
BLACK
6
CONTINUOUS
10
0.1565735039370079
20
0.0223635039370079
11
0.1575314566929134
21
0.0230035826771654
0
LINE
8
BLACK
6
CONTINUOUS
10
0.1575314566929134
20
0.0230035826771654
11
0.1586614173228346
21
0.0232283464566929
0
LINE
8
BLACK
6
CONTINUOUS
10
0.1586614173228346
20
0.0232283464566929
11
0.2108267716535433
21
0.0232283464566929
0
LINE
8
BLACK
6
CONTINUOUS
10
0.2108267716535433
20
0.0232283464566929
11
0.2119567322834646
21
0.0230035826771654
0
LINE
8
BLACK
6
CONTINUOUS
10
-0.4445393307086614
20
0.0352083070866142
11
-0.4435813779527559
21
0.0345682283464567
0
LINE
8
BLACK
6
CONTINUOUS
10
-0.4435813779527559
20
0.0345682283464567
11
-0.4429412992125984
21
0.0336102755905512
0
LINE
8
BLACK
6
CONTINUOUS
10
-0.4429412992125984
20
0.0336102755905512
11
-0.4427165354330709
21
0.0324803149606299
0
LINE
8
BLACK
6
CONTINUOUS
10
-0.4427165354330709
20
0.0324803149606299
11
-0.4427165354330709
21
0.0265748031496063
0
LINE
8
BLACK
6
CONTINUOUS
10
-0.4427165354330709
20
0.0265748031496063
11
-0.4429412992125984
21
0.025444842519685
0
LINE
8
BLACK
6
CONTINUOUS
10
-0.4429412992125984
20
0.025444842519685
11
-0.4435813779527559
21
0.0244868897637795
0
LINE
8
BLACK
6
CONTINUOUS
10
-0.4435813779527559
20
0.0244868897637795
11
-0.4445393307086614
21
0.023846811023622
0
LINE
8
BLACK
6
CONTINUOUS
10
-0.4445393307086614
20
0.023846811023622
11
-0.4456692913385827
21
0.0236220472440945
0
LINE
8
BLACK
6
CONTINUOUS
10
-0.4456692913385827
20
0.0236220472440945
11
-0.4850393700787402
21
0.0236220472440945
0
LINE
8
BLACK
6
CONTINUOUS
10
-0.4850393700787402
20
0.0236220472440945
11
-0.4861693307086614
21
0.023846811023622
0
LINE
8
BLACK
6
CONTINUOUS
10
-0.4861693307086614
20
0.023846811023622
11
-0.4871272834645669
21
0.0244868897637795
0
LINE
8
BLACK
6
CONTINUOUS
10
-0.4871272834645669
20
0.0244868897637795
11
-0.4877673622047244
21
0.025444842519685
0
LINE
8
BLACK
6
CONTINUOUS
10
-0.4877673622047244
20
0.025444842519685
11
-0.487992125984252
21
0.0265748031496063
0
LINE
8
BLACK
6
CONTINUOUS
10
-0.487992125984252
20
0.0265748031496063
11
-0.487992125984252
21
0.0324803149606299
0
LINE
8
BLACK
6
CONTINUOUS
10
-0.487992125984252
20
0.0324803149606299
11
-0.4877673622047244
21
0.0336102755905512
0
LINE
8
BLACK
6
CONTINUOUS
10
-0.4877673622047244
20
0.0336102755905512
11
-0.4871272834645669
21
0.0345682283464567
0
LINE
8
BLACK
6
CONTINUOUS
10
-0.4871272834645669
20
0.0345682283464567
11
-0.4861693307086614
21
0.0352083070866142
0
LINE
8
BLACK
6
CONTINUOUS
10
-0.4861693307086614
20
0.0352083070866142
11
-0.4850393700787402
21
0.0354330708661417
0
LINE
8
BLACK
6
CONTINUOUS
10
-0.4850393700787402
20
0.0354330708661417
11
-0.4456692913385827
21
0.0354330708661417
0
LINE
8
BLACK
6
CONTINUOUS
10
-0.4456692913385827
20
0.0354330708661417
11
-0.4445393307086614
21
0.0352083070866142
0
LINE
8
BLACK
6
CONTINUOUS
10
-0.1157991732283465
20
0.0426886220472441
11
-0.1148412204724409
21
0.0420485433070866
0
LINE
8
BLACK
6
CONTINUOUS
10
-0.1148412204724409
20
0.0420485433070866
11
-0.1142011417322835
21
0.0410905905511811
0
LINE
8
BLACK
6
CONTINUOUS
10
-0.1142011417322835
20
0.0410905905511811
11
-0.1139763779527559
21
0.0399606299212598
0
LINE
8
BLACK
6
CONTINUOUS
10
-0.1139763779527559
20
0.0399606299212598
11
-0.1139763779527559
21
0.0340551181102362
0
LINE
8
BLACK
6
CONTINUOUS
10
-0.1139763779527559
20
0.0340551181102362
11
-0.1142011417322835
21
0.032925157480315
0
LINE
8
BLACK
6
CONTINUOUS
10
-0.1142011417322835
20
0.032925157480315
11
-0.1148412204724409
21
0.0319672047244094
0
LINE
8
BLACK
6
CONTINUOUS
10
-0.1148412204724409
20
0.0319672047244094
11
-0.1157991732283465
21
0.031327125984252
0
LINE
8
BLACK
6
CONTINUOUS
10
-0.1157991732283465
20
0.031327125984252
11
-0.1169291338582677
21
0.0311023622047244
0
LINE
8
BLACK
6
CONTINUOUS
10
-0.1169291338582677
20
0.0311023622047244
11
-0.1690944881889764
21
0.0311023622047244
0
LINE
8
BLACK
6
CONTINUOUS
10
-0.1690944881889764
20
0.0311023622047244
11
-0.1702244488188976
21
0.031327125984252
0
LINE
8
BLACK
6
CONTINUOUS
10
-0.1702244488188976
20
0.031327125984252
11
-0.1711824015748031
21
0.0319672047244094
0
LINE
8
BLACK
6
CONTINUOUS
10
-0.1711824015748031
20
0.0319672047244094
11
-0.1718224803149606
21
0.032925157480315
0
LINE
8
BLACK
6
CONTINUOUS
10
-0.1718224803149606
20
0.032925157480315
11
-0.1720472440944882
21
0.0340551181102362
0
LINE
8
BLACK
6
CONTINUOUS
10
-0.1720472440944882
20
0.0340551181102362
11
-0.1720472440944882
21
0.0399606299212598
0
LINE
8
BLACK
6
CONTINUOUS
10
-0.1720472440944882
20
0.0399606299212598
11
-0.1718224803149606
21
0.0410905905511811
0
LINE
8
BLACK
6
CONTINUOUS
10
-0.1718224803149606
20
0.0410905905511811
11
-0.1711824015748031
21
0.0420485433070866
0
LINE
8
BLACK
6
CONTINUOUS
10
-0.1711824015748031
20
0.0420485433070866
11
-0.1702244488188976
21
0.0426886220472441
0
LINE
8
BLACK
6
CONTINUOUS
10
-0.1702244488188976
20
0.0426886220472441
11
-0.1690944881889764
21
0.0429133858267716
0
LINE
8
BLACK
6
CONTINUOUS
10
-0.1690944881889764
20
0.0429133858267716
11
-0.1169291338582677
21
0.0429133858267716
0
LINE
8
BLACK
6
CONTINUOUS
10
-0.1169291338582677
20
0.0429133858267716
11
-0.1157991732283465
21
0.0426886220472441
0
LINE
8
BLACK
6
CONTINUOUS
10
0.2119567322834646
20
0.0426886220472441
11
0.2129146850393701
21
0.0420485433070866
0
LINE
8
BLACK
6
CONTINUOUS
10
0.2129146850393701
20
0.0420485433070866
11
0.2135547637795276
21
0.0410905905511811
0
LINE
8
BLACK
6
CONTINUOUS
10
0.2135547637795276
20
0.0410905905511811
11
0.2137795275590551
21
0.0399606299212598
0
LINE
8
BLACK
6
CONTINUOUS
10
0.2137795275590551
20
0.0399606299212598
11
0.2137795275590551
21
0.0340551181102362
0
LINE
8
BLACK
6
CONTINUOUS
10
0.2137795275590551
20
0.0340551181102362
11
0.2135547637795276
21
0.032925157480315
0
LINE
8
BLACK
6
CONTINUOUS
10
0.2135547637795276
20
0.032925157480315
11
0.2129146850393701
21
0.0319672047244094
0
LINE
8
BLACK
6
CONTINUOUS
10
0.2129146850393701
20
0.0319672047244094
11
0.2119567322834646
21
0.031327125984252
0
LINE
8
BLACK
6
CONTINUOUS
10
0.2119567322834646
20
0.031327125984252
11
0.2108267716535433
21
0.0311023622047244
0
LINE
8
BLACK
6
CONTINUOUS
10
0.2108267716535433
20
0.0311023622047244
11
0.1586614173228346
21
0.0311023622047244
0
LINE
8
BLACK
6
CONTINUOUS
10
0.1586614173228346
20
0.0311023622047244
11
0.1575314566929134
21
0.031327125984252
0
LINE
8
BLACK
6
CONTINUOUS
10
0.1575314566929134
20
0.031327125984252
11
0.1565735039370079
21
0.0319672047244094
0
LINE
8
BLACK
6
CONTINUOUS
10
0.1565735039370079
20
0.0319672047244094
11
0.1559334251968504
21
0.032925157480315
0
LINE
8
BLACK
6
CONTINUOUS
10
0.1559334251968504
20
0.032925157480315
11
0.1557086614173228
21
0.0340551181102362
0
LINE
8
BLACK
6
CONTINUOUS
10
0.1557086614173228
20
0.0340551181102362
11
0.1557086614173228
21
0.0399606299212598
0
LINE
8
BLACK
6
CONTINUOUS
10
0.1557086614173228
20
0.0399606299212598
11
0.1559334251968504
21
0.0410905905511811
0
LINE
8
BLACK
6
CONTINUOUS
10
0.1559334251968504
20
0.0410905905511811
11
0.1565735039370079
21
0.0420485433070866
0
LINE
8
BLACK
6
CONTINUOUS
10
0.1565735039370079
20
0.0420485433070866
11
0.1575314566929134
21
0.0426886220472441
0
LINE
8
BLACK
6
CONTINUOUS
10
0.1575314566929134
20
0.0426886220472441
11
0.1586614173228346
21
0.0429133858267716
0
LINE
8
BLACK
6
CONTINUOUS
10
0.1586614173228346
20
0.0429133858267716
11
0.2108267716535433
21
0.0429133858267716
0
LINE
8
BLACK
6
CONTINUOUS
10
0.2108267716535433
20
0.0429133858267716
11
0.2119567322834646
21
0.0426886220472441
0
LINE
8
BLACK
6
CONTINUOUS
10
-0.3940375590551181
20
0.0637311811023622
11
-0.3921536220472441
21
0.0624723622047244
0
LINE
8
BLACK
6
CONTINUOUS
10
-0.3921536220472441
20
0.0624723622047244
11
-0.3908948031496063
21
0.0605884251968504
0
LINE
8
BLACK
6
CONTINUOUS
10
-0.3908948031496063
20
0.0605884251968504
11
-0.3904527559055118
21
0.0583661417322835
0
LINE
8
BLACK
6
CONTINUOUS
10
-0.3904527559055118
20
0.0583661417322835
11
-0.3904527559055118
21
0.0447834645669291
0
LINE
8
BLACK
6
CONTINUOUS
10
-0.3904527559055118
20
0.0447834645669291
11
-0.3908948031496063
21
0.0425611811023622
0
LINE
8
BLACK
6
CONTINUOUS
10
-0.3908948031496063
20
0.0425611811023622
11
-0.3921536220472441
21
0.0406772440944882
0
LINE
8
BLACK
6
CONTINUOUS
10
-0.3921536220472441
20
0.0406772440944882
11
-0.3940375590551181
21
0.0394184251968504
0
LINE
8
BLACK
6
CONTINUOUS
10
-0.3940375590551181
20
0.0394184251968504
11
-0.396259842519685
21
0.0389763779527559
0
LINE
8
BLACK
6
CONTINUOUS
10
-0.396259842519685
20
0.0389763779527559
11
-0.4078740157480315
21
0.0389763779527559
0
LINE
8
BLACK
6
CONTINUOUS
10
-0.4078740157480315
20
0.0389763779527559
11
-0.4100962992125984
21
0.0394184251968504
0
LINE
8
BLACK
6
CONTINUOUS
10
-0.4100962992125984
20
0.0394184251968504
11
-0.4119802362204724
21
0.0406772440944882
0
LINE
8
BLACK
6
CONTINUOUS
10
-0.4119802362204724
20
0.0406772440944882
11
-0.4132390551181102
21
0.0425611811023622
0
LINE
8
BLACK
6
CONTINUOUS
10
-0.4132390551181102
20
0.0425611811023622
11
-0.4136811023622047
21
0.0447834645669291
0
LINE
8
BLACK
6
CONTINUOUS
10
-0.4136811023622047
20
0.0447834645669291
11
-0.4136811023622047
21
0.0583661417322835
0
LINE
8
BLACK
6
CONTINUOUS
10
-0.4136811023622047
20
0.0583661417322835
11
-0.4132390551181102
21
0.0605884251968504
0
LINE
8
BLACK
6
CONTINUOUS
10
-0.4132390551181102
20
0.0605884251968504
11
-0.4119802362204724
21
0.0624723622047244
0
LINE
8
BLACK
6
CONTINUOUS
10
-0.4119802362204724
20
0.0624723622047244
11
-0.4100962992125984
21
0.0637311811023622
0
LINE
8
BLACK
6
CONTINUOUS
10
-0.4100962992125984
20
0.0637311811023622
11
-0.4078740157480315
21
0.0641732283464567
0
LINE
8
BLACK
6
CONTINUOUS
10
-0.4078740157480315
20
0.0641732283464567
11
-0.396259842519685
21
0.0641732283464567
0
LINE
8
BLACK
6
CONTINUOUS
10
-0.396259842519685
20
0.0641732283464567
11
-0.3940375590551181
21
0.0637311811023622
0
LINE
8
BLACK
6
CONTINUOUS
10
-0.3558485826771653
20
0.0637311811023622
11
-0.3539646456692913
21
0.0624723622047244
0
LINE
8
BLACK
6
CONTINUOUS
10
-0.3539646456692913
20
0.0624723622047244
11
-0.3527058267716535
21
0.0605884251968504
0
LINE
8
BLACK
6
CONTINUOUS
10
-0.3527058267716535
20
0.0605884251968504
11
-0.3522637795275591
21
0.0583661417322835
0
LINE
8
BLACK
6
CONTINUOUS
10
-0.3522637795275591
20
0.0583661417322835
11
-0.3522637795275591
21
0.0447834645669291
0
LINE
8
BLACK
6
CONTINUOUS
10
-0.3522637795275591
20
0.0447834645669291
11
-0.3527058267716535
21
0.0425611811023622
0
LINE
8
BLACK
6
CONTINUOUS
10
-0.3527058267716535
20
0.0425611811023622
11
-0.3539646456692913
21
0.0406772440944882
0
LINE
8
BLACK
6
CONTINUOUS
10
-0.3539646456692913
20
0.0406772440944882
11
-0.3558485826771653
21
0.0394184251968504
0
LINE
8
BLACK
6
CONTINUOUS
10
-0.3558485826771653
20
0.0394184251968504
11
-0.3580708661417323
21
0.0389763779527559
0
LINE
8
BLACK
6
CONTINUOUS
10
-0.3580708661417323
20
0.0389763779527559
11
-0.3696850393700787
21
0.0389763779527559
0
LINE
8
BLACK
6
CONTINUOUS
10
-0.3696850393700787
20
0.0389763779527559
11
-0.3719073228346457
21
0.0394184251968504
0
LINE
8
BLACK
6
CONTINUOUS
10
-0.3719073228346457
20
0.0394184251968504
11
-0.3737912598425197
21
0.0406772440944882
0
LINE
8
BLACK
6
CONTINUOUS
10
-0.3737912598425197
20
0.0406772440944882
11
-0.3750500787401574
21
0.0425611811023622
0
LINE
8
BLACK
6
CONTINUOUS
10
-0.3750500787401574
20
0.0425611811023622
11
-0.375492125984252
21
0.0447834645669291
0
LINE
8
BLACK
6
CONTINUOUS
10
-0.375492125984252
20
0.0447834645669291
11
-0.375492125984252
21
0.0583661417322835
0
LINE
8
BLACK
6
CONTINUOUS
10
-0.375492125984252
20
0.0583661417322835
11
-0.3750500787401574
21
0.0605884251968504
0
LINE
8
BLACK
6
CONTINUOUS
10
-0.3750500787401574
20
0.0605884251968504
11
-0.3737912598425197
21
0.0624723622047244
0
LINE
8
BLACK
6
CONTINUOUS
10
-0.3737912598425197
20
0.0624723622047244
11
-0.3719073228346457
21
0.0637311811023622
0
LINE
8
BLACK
6
CONTINUOUS
10
-0.3719073228346457
20
0.0637311811023622
11
-0.3696850393700787
21
0.0641732283464567
0
LINE
8
BLACK
6
CONTINUOUS
10
-0.3696850393700787
20
0.0641732283464567
11
-0.3580708661417323
21
0.0641732283464567
0
LINE
8
BLACK
6
CONTINUOUS
10
-0.3580708661417323
20
0.0641732283464567
11
-0.3558485826771653
21
0.0637311811023622
0
LINE
8
BLACK
6
CONTINUOUS
10
-0.3216865354330709
20
0.0641623622047244
11
-0.3199622440944882
21
0.0630101968503937
0
LINE
8
BLACK
6
CONTINUOUS
10
-0.3199622440944882
20
0.0630101968503937
11
-0.3188100787401575
21
0.061285905511811
0
LINE
8
BLACK
6
CONTINUOUS
10
-0.3188100787401575
20
0.061285905511811
11
-0.3184055118110236
21
0.059251968503937
0
LINE
8
BLACK
6
CONTINUOUS
10
-0.3184055118110236
20
0.059251968503937
11
-0.3184055118110236
21
0.0446850393700787
0
LINE
8
BLACK
6
CONTINUOUS
10
-0.3184055118110236
20
0.0446850393700787
11
-0.3188100787401575
21
0.0426511023622047
0
LINE
8
BLACK
6
CONTINUOUS
10
-0.3188100787401575
20
0.0426511023622047
11
-0.3199622440944882
21
0.040926811023622
0
LINE
8
BLACK
6
CONTINUOUS
10
-0.3199622440944882
20
0.040926811023622
11
-0.3216865354330709
21
0.0397746456692913
0
LINE
8
BLACK
6
CONTINUOUS
10
-0.3216865354330709
20
0.0397746456692913
11
-0.3237204724409449
21
0.0393700787401575
0
LINE
8
BLACK
6
CONTINUOUS
10
-0.3237204724409449
20
0.0393700787401575
11
-0.3343503937007874
21
0.0393700787401575
0
LINE
8
BLACK
6
CONTINUOUS
10
-0.3343503937007874
20
0.0393700787401575
11
-0.3363843307086614
21
0.0397746456692913
0
LINE
8
BLACK
6
CONTINUOUS
10
-0.3363843307086614
20
0.0397746456692913
11
-0.3381086220472441
21
0.040926811023622
0
LINE
8
BLACK
6
CONTINUOUS
10
-0.3381086220472441
20
0.040926811023622
11
-0.3392607874015748
21
0.0426511023622047
0
LINE
8
BLACK
6
CONTINUOUS
10
-0.3392607874015748
20
0.0426511023622047
11
-0.3396653543307087
21
0.0446850393700787
0
LINE
8
BLACK
6
CONTINUOUS
10
-0.3396653543307087
20
0.0446850393700787
11
-0.3396653543307087
21
0.059251968503937
0
LINE
8
BLACK
6
CONTINUOUS
10
-0.3396653543307087
20
0.059251968503937
11
-0.3392607874015748
21
0.061285905511811
0
LINE
8
BLACK
6
CONTINUOUS
10
-0.3392607874015748
20
0.061285905511811
11
-0.3381086220472441
21
0.0630101968503937
0
LINE
8
BLACK
6
CONTINUOUS
10
-0.3381086220472441
20
0.0630101968503937
11
-0.3363843307086614
21
0.0641623622047244
0
LINE
8
BLACK
6
CONTINUOUS
10
-0.3363843307086614
20
0.0641623622047244
11
-0.3343503937007874
21
0.0645669291338583
0
LINE
8
BLACK
6
CONTINUOUS
10
-0.3343503937007874
20
0.0645669291338583
11
-0.3237204724409449
21
0.0645669291338583
0
LINE
8
BLACK
6
CONTINUOUS
10
-0.3237204724409449
20
0.0645669291338583
11
-0.3216865354330709
21
0.0641623622047244
0
LINE
8
BLACK
6
CONTINUOUS
10
-0.2815290551181102
20
0.0641623622047244
11
-0.2798047637795276
21
0.0630101968503937
0
LINE
8
BLACK
6
CONTINUOUS
10
-0.2798047637795276
20
0.0630101968503937
11
-0.2786525984251969
21
0.061285905511811
0
LINE
8
BLACK
6
CONTINUOUS
10
-0.2786525984251969
20
0.061285905511811
11
-0.278248031496063
21
0.059251968503937
0
LINE
8
BLACK
6
CONTINUOUS
10
-0.278248031496063
20
0.059251968503937
11
-0.278248031496063
21
0.0446850393700787
0
LINE
8
BLACK
6
CONTINUOUS
10
-0.278248031496063
20
0.0446850393700787
11
-0.2786525984251969
21
0.0426511023622047
0
LINE
8
BLACK
6
CONTINUOUS
10
-0.2786525984251969
20
0.0426511023622047
11
-0.2798047637795276
21
0.040926811023622
0
LINE
8
BLACK
6
CONTINUOUS
10
-0.2798047637795276
20
0.040926811023622
11
-0.2815290551181102
21
0.0397746456692913
0
LINE
8
BLACK
6
CONTINUOUS
10
-0.2815290551181102
20
0.0397746456692913
11
-0.2835629921259842
21
0.0393700787401575
0
LINE
8
BLACK
6
CONTINUOUS
10
-0.2835629921259842
20
0.0393700787401575
11
-0.2941929133858268
21
0.0393700787401575
0
LINE
8
BLACK
6
CONTINUOUS
10
-0.2941929133858268
20
0.0393700787401575
11
-0.2962268503937008
21
0.0397746456692913
0
LINE
8
BLACK
6
CONTINUOUS
10
-0.2962268503937008
20
0.0397746456692913
11
-0.2979511417322834
21
0.040926811023622
0
LINE
8
BLACK
6
CONTINUOUS
10
-0.2979511417322834
20
0.040926811023622
11
-0.2991033070866141
21
0.0426511023622047
0
LINE
8
BLACK
6
CONTINUOUS
10
-0.2991033070866141
20
0.0426511023622047
11
-0.299507874015748
21
0.0446850393700787
0
LINE
8
BLACK
6
CONTINUOUS
10
-0.299507874015748
20
0.0446850393700787
11
-0.299507874015748
21
0.059251968503937
0
LINE
8
BLACK
6
CONTINUOUS
10
-0.299507874015748
20
0.059251968503937
11
-0.2991033070866141
21
0.061285905511811
0
LINE
8
BLACK
6
CONTINUOUS
10
-0.2991033070866141
20
0.061285905511811
11
-0.2979511417322834
21
0.0630101968503937
0
LINE
8
BLACK
6
CONTINUOUS
10
-0.2979511417322834
20
0.0630101968503937
11
-0.2962268503937008
21
0.0641623622047244
0
LINE
8
BLACK
6
CONTINUOUS
10
-0.2962268503937008
20
0.0641623622047244
11
-0.2941929133858268
21
0.0645669291338583
0
LINE
8
BLACK
6
CONTINUOUS
10
-0.2941929133858268
20
0.0645669291338583
11
-0.2835629921259842
21
0.0645669291338583
0
LINE
8
BLACK
6
CONTINUOUS
10
-0.2835629921259842
20
0.0645669291338583
11
-0.2815290551181102
21
0.0641623622047244
0
LINE
8
BLACK
6
CONTINUOUS
10
-0.246981811023622
20
0.064556062992126
11
-0.2452575196850394
21
0.0634038976377953
0
LINE
8
BLACK
6
CONTINUOUS
10
-0.2452575196850394
20
0.0634038976377953
11
-0.2441053543307087
21
0.0616796062992126
0
LINE
8
BLACK
6
CONTINUOUS
10
-0.2441053543307087
20
0.0616796062992126
11
-0.2437007874015748
21
0.0596456692913386
0
LINE
8
BLACK
6
CONTINUOUS
10
-0.2437007874015748
20
0.0596456692913386
11
-0.2437007874015748
21
0.0450787401574803
0
LINE
8
BLACK
6
CONTINUOUS
10
-0.2437007874015748
20
0.0450787401574803
11
-0.2441053543307087
21
0.0430448031496063
0
LINE
8
BLACK
6
CONTINUOUS
10
-0.2441053543307087
20
0.0430448031496063
11
-0.2452575196850394
21
0.0413205118110236
0
LINE
8
BLACK
6
CONTINUOUS
10
-0.2452575196850394
20
0.0413205118110236
11
-0.246981811023622
21
0.0401683464566929
0
LINE
8
BLACK
6
CONTINUOUS
10
-0.246981811023622
20
0.0401683464566929
11
-0.2490157480314961
21
0.0397637795275591
0
LINE
8
BLACK
6
CONTINUOUS
10
-0.2490157480314961
20
0.0397637795275591
11
-0.2596456692913386
21
0.0397637795275591
0
LINE
8
BLACK
6
CONTINUOUS
10
-0.2596456692913386
20
0.0397637795275591
11
-0.2616796062992126
21
0.0401683464566929
0
LINE
8
BLACK
6
CONTINUOUS
10
-0.2616796062992126
20
0.0401683464566929
11
-0.2634038976377953
21
0.0413205118110236
0
LINE
8
BLACK
6
CONTINUOUS
10
-0.2634038976377953
20
0.0413205118110236
11
-0.264556062992126
21
0.0430448031496063
0
LINE
8
BLACK
6
CONTINUOUS
10
-0.264556062992126
20
0.0430448031496063
11
-0.2649606299212598
21
0.0450787401574803
0
LINE
8
BLACK
6
CONTINUOUS
10
-0.2649606299212598
20
0.0450787401574803
11
-0.2649606299212598
21
0.0596456692913386
0
LINE
8
BLACK
6
CONTINUOUS
10
-0.2649606299212598
20
0.0596456692913386
11
-0.264556062992126
21
0.0616796062992126
0
LINE
8
BLACK
6
CONTINUOUS
10
-0.264556062992126
20
0.0616796062992126
11
-0.2634038976377953
21
0.0634038976377953
0
LINE
8
BLACK
6
CONTINUOUS
10
-0.2634038976377953
20
0.0634038976377953
11
-0.2616796062992126
21
0.064556062992126
0
LINE
8
BLACK
6
CONTINUOUS
10
-0.2616796062992126
20
0.064556062992126
11
-0.2596456692913386
21
0.0649606299212598
0
LINE
8
BLACK
6
CONTINUOUS
10
-0.2596456692913386
20
0.0649606299212598
11
-0.2490157480314961
21
0.0649606299212598
0
LINE
8
BLACK
6
CONTINUOUS
10
-0.2490157480314961
20
0.0649606299212598
11
-0.246981811023622
21
0.064556062992126
0
LINE
8
BLACK
6
CONTINUOUS
10
-0.2068243307086614
20
0.064556062992126
11
-0.2051000393700787
21
0.0634038976377953
0
LINE
8
BLACK
6
CONTINUOUS
10
-0.2051000393700787
20
0.0634038976377953
11
-0.203947874015748
21
0.0616796062992126
0
LINE
8
BLACK
6
CONTINUOUS
10
-0.203947874015748
20
0.0616796062992126
11
-0.2035433070866142
21
0.0596456692913386
0
LINE
8
BLACK
6
CONTINUOUS
10
-0.2035433070866142
20
0.0596456692913386
11
-0.2035433070866142
21
0.0450787401574803
0
LINE
8
BLACK
6
CONTINUOUS
10
-0.2035433070866142
20
0.0450787401574803
11
-0.203947874015748
21
0.0430448031496063
0
LINE
8
BLACK
6
CONTINUOUS
10
-0.203947874015748
20
0.0430448031496063
11
-0.2051000393700787
21
0.0413205118110236
0
LINE
8
BLACK
6
CONTINUOUS
10
-0.2051000393700787
20
0.0413205118110236
11
-0.2068243307086614
21
0.0401683464566929
0
LINE
8
BLACK
6
CONTINUOUS
10
-0.2068243307086614
20
0.0401683464566929
11
-0.2088582677165354
21
0.0397637795275591
0
LINE
8
BLACK
6
CONTINUOUS
10
-0.2088582677165354
20
0.0397637795275591
11
-0.219488188976378
21
0.0397637795275591
0
LINE
8
BLACK
6
CONTINUOUS
10
-0.219488188976378
20
0.0397637795275591
11
-0.221522125984252
21
0.0401683464566929
0
LINE
8
BLACK
6
CONTINUOUS
10
-0.221522125984252
20
0.0401683464566929
11
-0.2232464173228347
21
0.0413205118110236
0
LINE
8
BLACK
6
CONTINUOUS
10
-0.2232464173228347
20
0.0413205118110236
11
-0.2243985826771653
21
0.0430448031496063
0
LINE
8
BLACK
6
CONTINUOUS
10
-0.2243985826771653
20
0.0430448031496063
11
-0.2248031496062992
21
0.0450787401574803
0
LINE
8
BLACK
6
CONTINUOUS
10
-0.2248031496062992
20
0.0450787401574803
11
-0.2248031496062992
21
0.0596456692913386
0
LINE
8
BLACK
6
CONTINUOUS
10
-0.2248031496062992
20
0.0596456692913386
11
-0.2243985826771653
21
0.0616796062992126
0
LINE
8
BLACK
6
CONTINUOUS
10
-0.2243985826771653
20
0.0616796062992126
11
-0.2232464173228347
21
0.0634038976377953
0
LINE
8
BLACK
6
CONTINUOUS
10
-0.2232464173228347
20
0.0634038976377953
11
-0.221522125984252
21
0.064556062992126
0
LINE
8
BLACK
6
CONTINUOUS
10
-0.221522125984252
20
0.064556062992126
11
-0.219488188976378
21
0.0649606299212598
0
LINE
8
BLACK
6
CONTINUOUS
10
-0.219488188976378
20
0.0649606299212598
11
-0.2088582677165354
21
0.0649606299212598
0
LINE
8
BLACK
6
CONTINUOUS
10
-0.2088582677165354
20
0.0649606299212598
11
-0.2068243307086614
21
0.064556062992126
0
LINE
8
BLACK
6
CONTINUOUS
10
-0.4445393307086614
20
0.0548933464566929
11
-0.4435813779527559
21
0.0542532677165354
0
LINE
8
BLACK
6
CONTINUOUS
10
-0.4435813779527559
20
0.0542532677165354
11
-0.4429412992125984
21
0.0532953149606299
0
LINE
8
BLACK
6
CONTINUOUS
10
-0.4429412992125984
20
0.0532953149606299
11
-0.4427165354330709
21
0.0521653543307087
0
LINE
8
BLACK
6
CONTINUOUS
10
-0.4427165354330709
20
0.0521653543307087
11
-0.4427165354330709
21
0.046259842519685
0
LINE
8
BLACK
6
CONTINUOUS
10
-0.4427165354330709
20
0.046259842519685
11
-0.4429412992125984
21
0.0451298818897638
0
LINE
8
BLACK
6
CONTINUOUS
10
-0.4429412992125984
20
0.0451298818897638
11
-0.4435813779527559
21
0.0441719291338583
0
LINE
8
BLACK
6
CONTINUOUS
10
-0.4435813779527559
20
0.0441719291338583
11
-0.4445393307086614
21
0.0435318503937008
0
LINE
8
BLACK
6
CONTINUOUS
10
-0.4445393307086614
20
0.0435318503937008
11
-0.4456692913385827
21
0.0433070866141732
0
LINE
8
BLACK
6
CONTINUOUS
10
-0.4456692913385827
20
0.0433070866141732
11
-0.4850393700787402
21
0.0433070866141732
0
LINE
8
BLACK
6
CONTINUOUS
10
-0.4850393700787402
20
0.0433070866141732
11
-0.4861693307086614
21
0.0435318503937008
0
LINE
8
BLACK
6
CONTINUOUS
10
-0.4861693307086614
20
0.0435318503937008
11
-0.4871272834645669
21
0.0441719291338583
0
LINE
8
BLACK
6
CONTINUOUS
10
-0.4871272834645669
20
0.0441719291338583
11
-0.4877673622047244
21
0.0451298818897638
0
LINE
8
BLACK
6
CONTINUOUS
10
-0.4877673622047244
20
0.0451298818897638
11
-0.487992125984252
21
0.046259842519685
0
LINE
8
BLACK
6
CONTINUOUS
10
-0.487992125984252
20
0.046259842519685
11
-0.487992125984252
21
0.0521653543307087
0
LINE
8
BLACK
6
CONTINUOUS
10
-0.487992125984252
20
0.0521653543307087
11
-0.4877673622047244
21
0.0532953149606299
0
LINE
8
BLACK
6
CONTINUOUS
10
-0.4877673622047244
20
0.0532953149606299
11
-0.4871272834645669
21
0.0542532677165354
0
LINE
8
BLACK
6
CONTINUOUS
10
-0.4871272834645669
20
0.0542532677165354
11
-0.4861693307086614
21
0.0548933464566929
0
LINE
8
BLACK
6
CONTINUOUS
10
-0.4861693307086614
20
0.0548933464566929
11
-0.4850393700787402
21
0.0551181102362205
0
LINE
8
BLACK
6
CONTINUOUS
10
-0.4850393700787402
20
0.0551181102362205
11
-0.4456692913385827
21
0.0551181102362205
0
LINE
8
BLACK
6
CONTINUOUS
10
-0.4456692913385827
20
0.0551181102362205
11
-0.4445393307086614
21
0.0548933464566929
0
LINE
8
BLACK
6
CONTINUOUS
10
-0.1157991732283465
20
0.0623736614173228
11
-0.1148412204724409
21
0.0617335826771654
0
LINE
8
BLACK
6
CONTINUOUS
10
-0.1148412204724409
20
0.0617335826771654
11
-0.1142011417322835
21
0.0607756299212598
0
LINE
8
BLACK
6
CONTINUOUS
10
-0.1142011417322835
20
0.0607756299212598
11
-0.1139763779527559
21
0.0596456692913386
0
LINE
8
BLACK
6
CONTINUOUS
10
-0.1139763779527559
20
0.0596456692913386
11
-0.1139763779527559
21
0.053740157480315
0
LINE
8
BLACK
6
CONTINUOUS
10
-0.1139763779527559
20
0.053740157480315
11
-0.1142011417322835
21
0.0526101968503937
0
LINE
8
BLACK
6
CONTINUOUS
10
-0.1142011417322835
20
0.0526101968503937
11
-0.1148412204724409
21
0.0516522440944882
0
LINE
8
BLACK
6
CONTINUOUS
10
-0.1148412204724409
20
0.0516522440944882
11
-0.1157991732283465
21
0.0510121653543307
0
LINE
8
BLACK
6
CONTINUOUS
10
-0.1157991732283465
20
0.0510121653543307
11
-0.1169291338582677
21
0.0507874015748031
0
LINE
8
BLACK
6
CONTINUOUS
10
-0.1169291338582677
20
0.0507874015748031
11
-0.1690944881889764
21
0.0507874015748031
0
LINE
8
BLACK
6
CONTINUOUS
10
-0.1690944881889764
20
0.0507874015748031
11
-0.1702244488188976
21
0.0510121653543307
0
LINE
8
BLACK
6
CONTINUOUS
10
-0.1702244488188976
20
0.0510121653543307
11
-0.1711824015748031
21
0.0516522440944882
0
LINE
8
BLACK
6
CONTINUOUS
10
-0.1711824015748031
20
0.0516522440944882
11
-0.1718224803149606
21
0.0526101968503937
0
LINE
8
BLACK
6
CONTINUOUS
10
-0.1718224803149606
20
0.0526101968503937
11
-0.1720472440944882
21
0.053740157480315
0
LINE
8
BLACK
6
CONTINUOUS
10
-0.1720472440944882
20
0.053740157480315
11
-0.1720472440944882
21
0.0596456692913386
0
LINE
8
BLACK
6
CONTINUOUS
10
-0.1720472440944882
20
0.0596456692913386
11
-0.1718224803149606
21
0.0607756299212598
0
LINE
8
BLACK
6
CONTINUOUS
10
-0.1718224803149606
20
0.0607756299212598
11
-0.1711824015748031
21
0.0617335826771654
0
LINE
8
BLACK
6
CONTINUOUS
10
-0.1711824015748031
20
0.0617335826771654
11
-0.1702244488188976
21
0.0623736614173228
0
LINE
8
BLACK
6
CONTINUOUS
10
-0.1702244488188976
20
0.0623736614173228
11
-0.1690944881889764
21
0.0625984251968504
0
LINE
8
BLACK
6
CONTINUOUS
10
-0.1690944881889764
20
0.0625984251968504
11
-0.1169291338582677
21
0.0625984251968504
0
LINE
8
BLACK
6
CONTINUOUS
10
-0.1169291338582677
20
0.0625984251968504
11
-0.1157991732283465
21
0.0623736614173228
0
LINE
8
BLACK
6
CONTINUOUS
10
0.2119567322834646
20
0.0623736614173228
11
0.2129146850393701
21
0.0617335826771654
0
LINE
8
BLACK
6
CONTINUOUS
10
0.2129146850393701
20
0.0617335826771654
11
0.2135547637795276
21
0.0607756299212598
0
LINE
8
BLACK
6
CONTINUOUS
10
0.2135547637795276
20
0.0607756299212598
11
0.2137795275590551
21
0.0596456692913386
0
LINE
8
BLACK
6
CONTINUOUS
10
0.2137795275590551
20
0.0596456692913386
11
0.2137795275590551
21
0.053740157480315
0
LINE
8
BLACK
6
CONTINUOUS
10
0.2137795275590551
20
0.053740157480315
11
0.2135547637795276
21
0.0526101968503937
0
LINE
8
BLACK
6
CONTINUOUS
10
0.2135547637795276
20
0.0526101968503937
11
0.2129146850393701
21
0.0516522440944882
0
LINE
8
BLACK
6
CONTINUOUS
10
0.2129146850393701
20
0.0516522440944882
11
0.2119567322834646
21
0.0510121653543307
0
LINE
8
BLACK
6
CONTINUOUS
10
0.2119567322834646
20
0.0510121653543307
11
0.2108267716535433
21
0.0507874015748031
0
LINE
8
BLACK
6
CONTINUOUS
10
0.2108267716535433
20
0.0507874015748031
11
0.1586614173228346
21
0.0507874015748031
0
LINE
8
BLACK
6
CONTINUOUS
10
0.1586614173228346
20
0.0507874015748031
11
0.1575314566929134
21
0.0510121653543307
0
LINE
8
BLACK
6
CONTINUOUS
10
0.1575314566929134
20
0.0510121653543307
11
0.1565735039370079
21
0.0516522440944882
0
LINE
8
BLACK
6
CONTINUOUS
10
0.1565735039370079
20
0.0516522440944882
11
0.1559334251968504
21
0.0526101968503937
0
LINE
8
BLACK
6
CONTINUOUS
10
0.1559334251968504
20
0.0526101968503937
11
0.1557086614173228
21
0.053740157480315
0
LINE
8
BLACK
6
CONTINUOUS
10
0.1557086614173228
20
0.053740157480315
11
0.1557086614173228
21
0.0596456692913386
0
LINE
8
BLACK
6
CONTINUOUS
10
0.1557086614173228
20
0.0596456692913386
11
0.1559334251968504
21
0.0607756299212598
0
LINE
8
BLACK
6
CONTINUOUS
10
0.1559334251968504
20
0.0607756299212598
11
0.1565735039370079
21
0.0617335826771654
0
LINE
8
BLACK
6
CONTINUOUS
10
0.1565735039370079
20
0.0617335826771654
11
0.1575314566929134
21
0.0623736614173228
0
LINE
8
BLACK
6
CONTINUOUS
10
0.1575314566929134
20
0.0623736614173228
11
0.1586614173228346
21
0.0625984251968504
0
LINE
8
BLACK
6
CONTINUOUS
10
0.1586614173228346
20
0.0625984251968504
11
0.2108267716535433
21
0.0625984251968504
0
LINE
8
BLACK
6
CONTINUOUS
10
0.2108267716535433
20
0.0625984251968504
11
0.2119567322834646
21
0.0623736614173228
0
LINE
8
BLACK
6
CONTINUOUS
10
-0.4445393307086614
20
0.0745783858267716
11
-0.4435813779527559
21
0.0739383070866142
0
LINE
8
BLACK
6
CONTINUOUS
10
-0.4435813779527559
20
0.0739383070866142
11
-0.4429412992125984
21
0.0729803543307087
0
LINE
8
BLACK
6
CONTINUOUS
10
-0.4429412992125984
20
0.0729803543307087
11
-0.4427165354330709
21
0.0718503937007874
0
LINE
8
BLACK
6
CONTINUOUS
10
-0.4427165354330709
20
0.0718503937007874
11
-0.4427165354330709
21
0.0659448818897638
0
LINE
8
BLACK
6
CONTINUOUS
10
-0.4427165354330709
20
0.0659448818897638
11
-0.4429412992125984
21
0.0648149212598425
0
LINE
8
BLACK
6
CONTINUOUS
10
-0.4429412992125984
20
0.0648149212598425
11
-0.4435813779527559
21
0.063856968503937
0
LINE
8
BLACK
6
CONTINUOUS
10
-0.4435813779527559
20
0.063856968503937
11
-0.4445393307086614
21
0.0632168897637795
0
LINE
8
BLACK
6
CONTINUOUS
10
-0.4445393307086614
20
0.0632168897637795
11
-0.4456692913385827
21
0.062992125984252
0
LINE
8
BLACK
6
CONTINUOUS
10
-0.4456692913385827
20
0.062992125984252
11
-0.4850393700787402
21
0.062992125984252
0
LINE
8
BLACK
6
CONTINUOUS
10
-0.4850393700787402
20
0.062992125984252
11
-0.4861693307086614
21
0.0632168897637795
0
LINE
8
BLACK
6
CONTINUOUS
10
-0.4861693307086614
20
0.0632168897637795
11
-0.4871272834645669
21
0.063856968503937
0
LINE
8
BLACK
6
CONTINUOUS
10
-0.4871272834645669
20
0.063856968503937
11
-0.4877673622047244
21
0.0648149212598425
0
LINE
8
BLACK
6
CONTINUOUS
10
-0.4877673622047244
20
0.0648149212598425
11
-0.487992125984252
21
0.0659448818897638
0
LINE
8
BLACK
6
CONTINUOUS
10
-0.487992125984252
20
0.0659448818897638
11
-0.487992125984252
21
0.0718503937007874
0
LINE
8
BLACK
6
CONTINUOUS
10
-0.487992125984252
20
0.0718503937007874
11
-0.4877673622047244
21
0.0729803543307087
0
LINE
8
BLACK
6
CONTINUOUS
10
-0.4877673622047244
20
0.0729803543307087
11
-0.4871272834645669
21
0.0739383070866142
0
LINE
8
BLACK
6
CONTINUOUS
10
-0.4871272834645669
20
0.0739383070866142
11
-0.4861693307086614
21
0.0745783858267716
0
LINE
8
BLACK
6
CONTINUOUS
10
-0.4861693307086614
20
0.0745783858267716
11
-0.4850393700787402
21
0.0748031496062992
0
LINE
8
BLACK
6
CONTINUOUS
10
-0.4850393700787402
20
0.0748031496062992
11
-0.4456692913385827
21
0.0748031496062992
0
LINE
8
BLACK
6
CONTINUOUS
10
-0.4456692913385827
20
0.0748031496062992
11
-0.4445393307086614
21
0.0745783858267716
0
LINE
8
BLACK
6
CONTINUOUS
10
0.3635266141732283
20
0.0928875196850394
11
0.3653147637795275
21
0.0916927165354331
0
LINE
8
BLACK
6
CONTINUOUS
10
0.3653147637795275
20
0.0916927165354331
11
0.3665095669291338
21
0.0899045669291339
0
LINE
8
BLACK
6
CONTINUOUS
10
0.3665095669291338
20
0.0899045669291339
11
0.3669291338582677
21
0.0877952755905512
0
LINE
8
BLACK
6
CONTINUOUS
10
0.3669291338582677
20
0.0877952755905512
11
0.3669291338582677
21
0.0744094488188976
0
LINE
8
BLACK
6
CONTINUOUS
10
0.3669291338582677
20
0.0744094488188976
11
0.3665095669291338
21
0.072300157480315
0
LINE
8
BLACK
6
CONTINUOUS
10
0.3665095669291338
20
0.072300157480315
11
0.3653147637795275
21
0.0705120078740158
0
LINE
8
BLACK
6
CONTINUOUS
10
0.3653147637795275
20
0.0705120078740158
11
0.3635266141732283
21
0.0693172047244094
0
LINE
8
BLACK
6
CONTINUOUS
10
0.3635266141732283
20
0.0693172047244094
11
0.3614173228346457
21
0.0688976377952756
0
LINE
8
BLACK
6
CONTINUOUS
10
0.3614173228346457
20
0.0688976377952756
11
0.3503937007874016
21
0.0688976377952756
0
LINE
8
BLACK
6
CONTINUOUS
10
0.3503937007874016
20
0.0688976377952756
11
0.3482844094488189
21
0.0693172047244094
0
LINE
8
BLACK
6
CONTINUOUS
10
0.3482844094488189
20
0.0693172047244094
11
0.3464962598425197
21
0.0705120078740158
0
LINE
8
BLACK
6
CONTINUOUS
10
0.3464962598425197
20
0.0705120078740158
11
0.3453014566929134
21
0.072300157480315
0
LINE
8
BLACK
6
CONTINUOUS
10
0.3453014566929134
20
0.072300157480315
11
0.3448818897637795
21
0.0744094488188976
0
LINE
8
BLACK
6
CONTINUOUS
10
0.3448818897637795
20
0.0744094488188976
11
0.3448818897637795
21
0.0877952755905512
0
LINE
8
BLACK
6
CONTINUOUS
10
0.3448818897637795
20
0.0877952755905512
11
0.3453014566929134
21
0.0899045669291339
0
LINE
8
BLACK
6
CONTINUOUS
10
0.3453014566929134
20
0.0899045669291339
11
0.3464962598425197
21
0.0916927165354331
0
LINE
8
BLACK
6
CONTINUOUS
10
0.3464962598425197
20
0.0916927165354331
11
0.3482844094488189
21
0.0928875196850394
0
LINE
8
BLACK
6
CONTINUOUS
10
0.3482844094488189
20
0.0928875196850394
11
0.3503937007874016
21
0.0933070866141732
0
LINE
8
BLACK
6
CONTINUOUS
10
0.3503937007874016
20
0.0933070866141732
11
0.3614173228346457
21
0.0933070866141732
0
LINE
8
BLACK
6
CONTINUOUS
10
0.3614173228346457
20
0.0933070866141732
11
0.3635266141732283
21
0.0928875196850394
0
LINE
8
BLACK
6
CONTINUOUS
10
0.4013218897637795
20
0.0928875196850394
11
0.4031100393700787
21
0.0916927165354331
0
LINE
8
BLACK
6
CONTINUOUS
10
0.4031100393700787
20
0.0916927165354331
11
0.404304842519685
21
0.0899045669291339
0
LINE
8
BLACK
6
CONTINUOUS
10
0.404304842519685
20
0.0899045669291339
11
0.4047244094488189
21
0.0877952755905512
0
LINE
8
BLACK
6
CONTINUOUS
10
0.4047244094488189
20
0.0877952755905512
11
0.4047244094488189
21
0.0744094488188976
0
LINE
8
BLACK
6
CONTINUOUS
10
0.4047244094488189
20
0.0744094488188976
11
0.404304842519685
21
0.072300157480315
0
LINE
8
BLACK
6
CONTINUOUS
10
0.404304842519685
20
0.072300157480315
11
0.4031100393700787
21
0.0705120078740158
0
LINE
8
BLACK
6
CONTINUOUS
10
0.4031100393700787
20
0.0705120078740158
11
0.4013218897637795
21
0.0693172047244094
0
LINE
8
BLACK
6
CONTINUOUS
10
0.4013218897637795
20
0.0693172047244094
11
0.3992125984251969
21
0.0688976377952756
0
LINE
8
BLACK
6
CONTINUOUS
10
0.3992125984251969
20
0.0688976377952756
11
0.3881889763779527
21
0.0688976377952756
0
LINE
8
BLACK
6
CONTINUOUS
10
0.3881889763779527
20
0.0688976377952756
11
0.3860796850393701
21
0.0693172047244094
0
LINE
8
BLACK
6
CONTINUOUS
10
0.3860796850393701
20
0.0693172047244094
11
0.3842915354330709
21
0.0705120078740158
0
LINE
8
BLACK
6
CONTINUOUS
10
0.3842915354330709
20
0.0705120078740158
11
0.3830967322834646
21
0.072300157480315
0
LINE
8
BLACK
6
CONTINUOUS
10
0.3830967322834646
20
0.072300157480315
11
0.3826771653543307
21
0.0744094488188976
0
LINE
8
BLACK
6
CONTINUOUS
10
0.3826771653543307
20
0.0744094488188976
11
0.3826771653543307
21
0.0877952755905512
0
LINE
8
BLACK
6
CONTINUOUS
10
0.3826771653543307
20
0.0877952755905512
11
0.3830967322834646
21
0.0899045669291339
0
LINE
8
BLACK
6
CONTINUOUS
10
0.3830967322834646
20
0.0899045669291339
11
0.3842915354330709
21
0.0916927165354331
0
LINE
8
BLACK
6
CONTINUOUS
10
0.3842915354330709
20
0.0916927165354331
11
0.3860796850393701
21
0.0928875196850394
0
LINE
8
BLACK
6
CONTINUOUS
10
0.3860796850393701
20
0.0928875196850394
11
0.3881889763779527
21
0.0933070866141732
0
LINE
8
BLACK
6
CONTINUOUS
10
0.3881889763779527
20
0.0933070866141732
11
0.3992125984251969
21
0.0933070866141732
0
LINE
8
BLACK
6
CONTINUOUS
10
0.3992125984251969
20
0.0933070866141732
11
0.4013218897637795
21
0.0928875196850394
0
LINE
8
BLACK
6
CONTINUOUS
10
0.2698258267716535
20
0.0936749212598425
11
0.2716139763779528
21
0.0924801181102362
0
LINE
8
BLACK
6
CONTINUOUS
10
0.2716139763779528
20
0.0924801181102362
11
0.2728087795275591
21
0.090691968503937
0
LINE
8
BLACK
6
CONTINUOUS
10
0.2728087795275591
20
0.090691968503937
11
0.2732283464566929
21
0.0885826771653543
0
LINE
8
BLACK
6
CONTINUOUS
10
0.2732283464566929
20
0.0885826771653543
11
0.2732283464566929
21
0.0751968503937008
0
LINE
8
BLACK
6
CONTINUOUS
10
0.2732283464566929
20
0.0751968503937008
11
0.2728087795275591
21
0.0730875590551181
0
LINE
8
BLACK
6
CONTINUOUS
10
0.2728087795275591
20
0.0730875590551181
11
0.2716139763779528
21
0.0712994094488189
0
LINE
8
BLACK
6
CONTINUOUS
10
0.2716139763779528
20
0.0712994094488189
11
0.2698258267716535
21
0.0701046062992126
0
LINE
8
BLACK
6
CONTINUOUS
10
0.2698258267716535
20
0.0701046062992126
11
0.2677165354330708
21
0.0696850393700787
0
LINE
8
BLACK
6
CONTINUOUS
10
0.2677165354330708
20
0.0696850393700787
11
0.2566929133858268
21
0.0696850393700787
0
LINE
8
BLACK
6
CONTINUOUS
10
0.2566929133858268
20
0.0696850393700787
11
0.2545836220472441
21
0.0701046062992126
0
LINE
8
BLACK
6
CONTINUOUS
10
0.2545836220472441
20
0.0701046062992126
11
0.2527954724409449
21
0.0712994094488189
0
LINE
8
BLACK
6
CONTINUOUS
10
0.2527954724409449
20
0.0712994094488189
11
0.2516006692913386
21
0.0730875590551181
0
LINE
8
BLACK
6
CONTINUOUS
10
0.2516006692913386
20
0.0730875590551181
11
0.2511811023622047
21
0.0751968503937008
0
LINE
8
BLACK
6
CONTINUOUS
10
0.2511811023622047
20
0.0751968503937008
11
0.2511811023622047
21
0.0885826771653543
0
LINE
8
BLACK
6
CONTINUOUS
10
0.2511811023622047
20
0.0885826771653543
11
0.2516006692913386
21
0.090691968503937
0
LINE
8
BLACK
6
CONTINUOUS
10
0.2516006692913386
20
0.090691968503937
11
0.2527954724409449
21
0.0924801181102362
0
LINE
8
BLACK
6
CONTINUOUS
10
0.2527954724409449
20
0.0924801181102362
11
0.2545836220472441
21
0.0936749212598425
0
LINE
8
BLACK
6
CONTINUOUS
10
0.2545836220472441
20
0.0936749212598425
11
0.2566929133858268
21
0.0940944881889764
0
LINE
8
BLACK
6
CONTINUOUS
10
0.2566929133858268
20
0.0940944881889764
11
0.2677165354330708
21
0.0940944881889764
0
LINE
8
BLACK
6
CONTINUOUS
10
0.2677165354330708
20
0.0940944881889764
11
0.2698258267716535
21
0.0936749212598425
0
LINE
8
BLACK
6
CONTINUOUS
10
0.3076211023622047
20
0.0936749212598425
11
0.3094092519685039
21
0.0924801181102362
0
LINE
8
BLACK
6
CONTINUOUS
10
0.3094092519685039
20
0.0924801181102362
11
0.3106040551181102
21
0.090691968503937
0
LINE
8
BLACK
6
CONTINUOUS
10
0.3106040551181102
20
0.090691968503937
11
0.3110236220472441
21
0.0885826771653543
0
LINE
8
BLACK
6
CONTINUOUS
10
0.3110236220472441
20
0.0885826771653543
11
0.3110236220472441
21
0.0751968503937008
0
LINE
8
BLACK
6
CONTINUOUS
10
0.3110236220472441
20
0.0751968503937008
11
0.3106040551181102
21
0.0730875590551181
0
LINE
8
BLACK
6
CONTINUOUS
10
0.3106040551181102
20
0.0730875590551181
11
0.3094092519685039
21
0.0712994094488189
0
LINE
8
BLACK
6
CONTINUOUS
10
0.3094092519685039
20
0.0712994094488189
11
0.3076211023622047
21
0.0701046062992126
0
LINE
8
BLACK
6
CONTINUOUS
10
0.3076211023622047
20
0.0701046062992126
11
0.305511811023622
21
0.0696850393700787
0
LINE
8
BLACK
6
CONTINUOUS
10
0.305511811023622
20
0.0696850393700787
11
0.294488188976378
21
0.0696850393700787
0
LINE
8
BLACK
6
CONTINUOUS
10
0.294488188976378
20
0.0696850393700787
11
0.2923788976377953
21
0.0701046062992126
0
LINE
8
BLACK
6
CONTINUOUS
10
0.2923788976377953
20
0.0701046062992126
11
0.290590748031496
21
0.0712994094488189
0
LINE
8
BLACK
6
CONTINUOUS
10
0.290590748031496
20
0.0712994094488189
11
0.2893959448818897
21
0.0730875590551181
0
LINE
8
BLACK
6
CONTINUOUS
10
0.2893959448818897
20
0.0730875590551181
11
0.2889763779527559
21
0.0751968503937008
0
LINE
8
BLACK
6
CONTINUOUS
10
0.2889763779527559
20
0.0751968503937008
11
0.2889763779527559
21
0.0885826771653543
0
LINE
8
BLACK
6
CONTINUOUS
10
0.2889763779527559
20
0.0885826771653543
11
0.2893959448818897
21
0.090691968503937
0
LINE
8
BLACK
6
CONTINUOUS
10
0.2893959448818897
20
0.090691968503937
11
0.290590748031496
21
0.0924801181102362
0
LINE
8
BLACK
6
CONTINUOUS
10
0.290590748031496
20
0.0924801181102362
11
0.2923788976377953
21
0.0936749212598425
0
LINE
8
BLACK
6
CONTINUOUS
10
0.2923788976377953
20
0.0936749212598425
11
0.294488188976378
21
0.0940944881889764
0
LINE
8
BLACK
6
CONTINUOUS
10
0.294488188976378
20
0.0940944881889764
11
0.305511811023622
21
0.0940944881889764
0
LINE
8
BLACK
6
CONTINUOUS
10
0.305511811023622
20
0.0940944881889764
11
0.3076211023622047
21
0.0936749212598425
0
LINE
8
BLACK
6
CONTINUOUS
10
-0.1157991732283465
20
0.0820586614173228
11
-0.1148412204724409
21
0.0814185826771654
0
LINE
8
BLACK
6
CONTINUOUS
10
-0.1148412204724409
20
0.0814185826771654
11
-0.1142011417322835
21
0.0804606299212598
0
LINE
8
BLACK
6
CONTINUOUS
10
-0.1142011417322835
20
0.0804606299212598
11
-0.1139763779527559
21
0.0793306692913386
0
LINE
8
BLACK
6
CONTINUOUS
10
-0.1139763779527559
20
0.0793306692913386
11
-0.1139763779527559
21
0.073425157480315
0
LINE
8
BLACK
6
CONTINUOUS
10
-0.1139763779527559
20
0.073425157480315
11
-0.1142011417322835
21
0.0722951968503937
0
LINE
8
BLACK
6
CONTINUOUS
10
-0.1142011417322835
20
0.0722951968503937
11
-0.1148412204724409
21
0.0713372440944882
0
LINE
8
BLACK
6
CONTINUOUS
10
-0.1148412204724409
20
0.0713372440944882
11
-0.1157991732283465
21
0.0706971653543307
0
LINE
8
BLACK
6
CONTINUOUS
10
-0.1157991732283465
20
0.0706971653543307
11
-0.1169291338582677
21
0.0704724015748032
0
LINE
8
BLACK
6
CONTINUOUS
10
-0.1169291338582677
20
0.0704724015748032
11
-0.1690944881889764
21
0.0704724015748032
0
LINE
8
BLACK
6
CONTINUOUS
10
-0.1690944881889764
20
0.0704724015748032
11
-0.1702244488188976
21
0.0706971653543307
0
LINE
8
BLACK
6
CONTINUOUS
10
-0.1702244488188976
20
0.0706971653543307
11
-0.1711824015748031
21
0.0713372440944882
0
LINE
8
BLACK
6
CONTINUOUS
10
-0.1711824015748031
20
0.0713372440944882
11
-0.1718224803149606
21
0.0722951968503937
0
LINE
8
BLACK
6
CONTINUOUS
10
-0.1718224803149606
20
0.0722951968503937
11
-0.1720472440944882
21
0.073425157480315
0
LINE
8
BLACK
6
CONTINUOUS
10
-0.1720472440944882
20
0.073425157480315
11
-0.1720472440944882
21
0.0793306692913386
0
LINE
8
BLACK
6
CONTINUOUS
10
-0.1720472440944882
20
0.0793306692913386
11
-0.1718224803149606
21
0.0804606299212598
0
LINE
8
BLACK
6
CONTINUOUS
10
-0.1718224803149606
20
0.0804606299212598
11
-0.1711824015748031
21
0.0814185826771654
0
LINE
8
BLACK
6
CONTINUOUS
10
-0.1711824015748031
20
0.0814185826771654
11
-0.1702244488188976
21
0.0820586614173228
0
LINE
8
BLACK
6
CONTINUOUS
10
-0.1702244488188976
20
0.0820586614173228
11
-0.1690944881889764
21
0.0822834251968504
0
LINE
8
BLACK
6
CONTINUOUS
10
-0.1690944881889764
20
0.0822834251968504
11
-0.1169291338582677
21
0.0822834251968504
0
LINE
8
BLACK
6
CONTINUOUS
10
-0.1169291338582677
20
0.0822834251968504
11
-0.1157991732283465
21
0.0820586614173228
0
LINE
8
BLACK
6
CONTINUOUS
10
0.2119567322834646
20
0.0820586614173228
11
0.2129146850393701
21
0.0814185826771654
0
LINE
8
BLACK
6
CONTINUOUS
10
0.2129146850393701
20
0.0814185826771654
11
0.2135547637795276
21
0.0804606299212598
0
LINE
8
BLACK
6
CONTINUOUS
10
0.2135547637795276
20
0.0804606299212598
11
0.2137795275590551
21
0.0793306692913386
0
LINE
8
BLACK
6
CONTINUOUS
10
0.2137795275590551
20
0.0793306692913386
11
0.2137795275590551
21
0.073425157480315
0
LINE
8
BLACK
6
CONTINUOUS
10
0.2137795275590551
20
0.073425157480315
11
0.2135547637795276
21
0.0722951968503937
0
LINE
8
BLACK
6
CONTINUOUS
10
0.2135547637795276
20
0.0722951968503937
11
0.2129146850393701
21
0.0713372440944882
0
LINE
8
BLACK
6
CONTINUOUS
10
0.2129146850393701
20
0.0713372440944882
11
0.2119567322834646
21
0.0706971653543307
0
LINE
8
BLACK
6
CONTINUOUS
10
0.2119567322834646
20
0.0706971653543307
11
0.2108267716535433
21
0.0704724015748032
0
LINE
8
BLACK
6
CONTINUOUS
10
0.2108267716535433
20
0.0704724015748032
11
0.1586614173228346
21
0.0704724015748032
0
LINE
8
BLACK
6
CONTINUOUS
10
0.1586614173228346
20
0.0704724015748032
11
0.1575314566929134
21
0.0706971653543307
0
LINE
8
BLACK
6
CONTINUOUS
10
0.1575314566929134
20
0.0706971653543307
11
0.1565735039370079
21
0.0713372440944882
0
LINE
8
BLACK
6
CONTINUOUS
10
0.1565735039370079
20
0.0713372440944882
11
0.1559334251968504
21
0.0722951968503937
0
LINE
8
BLACK
6
CONTINUOUS
10
0.1559334251968504
20
0.0722951968503937
11
0.1557086614173228
21
0.073425157480315
0
LINE
8
BLACK
6
CONTINUOUS
10
0.1557086614173228
20
0.073425157480315
11
0.1557086614173228
21
0.0793306692913386
0
LINE
8
BLACK
6
CONTINUOUS
10
0.1557086614173228
20
0.0793306692913386
11
0.1559334251968504
21
0.0804606299212598
0
LINE
8
BLACK
6
CONTINUOUS
10
0.1559334251968504
20
0.0804606299212598
11
0.1565735039370079
21
0.0814185826771654
0
LINE
8
BLACK
6
CONTINUOUS
10
0.1565735039370079
20
0.0814185826771654
11
0.1575314566929134
21
0.0820586614173228
0
LINE
8
BLACK
6
CONTINUOUS
10
0.1575314566929134
20
0.0820586614173228
11
0.1586614173228346
21
0.0822834251968504
0
LINE
8
BLACK
6
CONTINUOUS
10
0.1586614173228346
20
0.0822834251968504
11
0.2108267716535433
21
0.0822834251968504
0
LINE
8
BLACK
6
CONTINUOUS
10
0.2108267716535433
20
0.0822834251968504
11
0.2119567322834646
21
0.0820586614173228
0
LINE
8
BLACK
6
CONTINUOUS
10
-0.3940375590551181
20
0.1015264566929134
11
-0.3921536220472441
21
0.1002676377952756
0
LINE
8
BLACK
6
CONTINUOUS
10
-0.3921536220472441
20
0.1002676377952756
11
-0.3908948031496063
21
0.0983837007874016
0
LINE
8
BLACK
6
CONTINUOUS
10
-0.3908948031496063
20
0.0983837007874016
11
-0.3904527559055118
21
0.0961614173228346
0
LINE
8
BLACK
6
CONTINUOUS
10
-0.3904527559055118
20
0.0961614173228346
11
-0.3904527559055118
21
0.0825787401574803
0
LINE
8
BLACK
6
CONTINUOUS
10
-0.3904527559055118
20
0.0825787401574803
11
-0.3908948031496063
21
0.0803564566929134
0
LINE
8
BLACK
6
CONTINUOUS
10
-0.3908948031496063
20
0.0803564566929134
11
-0.3921536220472441
21
0.0784725196850394
0
LINE
8
BLACK
6
CONTINUOUS
10
-0.3921536220472441
20
0.0784725196850394
11
-0.3940375590551181
21
0.0772137007874016
0
LINE
8
BLACK
6
CONTINUOUS
10
-0.3940375590551181
20
0.0772137007874016
11
-0.396259842519685
21
0.0767716535433071
0
LINE
8
BLACK
6
CONTINUOUS
10
-0.396259842519685
20
0.0767716535433071
11
-0.4078740157480315
21
0.0767716535433071
0
LINE
8
BLACK
6
CONTINUOUS
10
-0.4078740157480315
20
0.0767716535433071
11
-0.4100962992125984
21
0.0772137007874016
0
LINE
8
BLACK
6
CONTINUOUS
10
-0.4100962992125984
20
0.0772137007874016
11
-0.4119802362204724
21
0.0784725196850394
0
LINE
8
BLACK
6
CONTINUOUS
10
-0.4119802362204724
20
0.0784725196850394
11
-0.4132390551181102
21
0.0803564566929134
0
LINE
8
BLACK
6
CONTINUOUS
10
-0.4132390551181102
20
0.0803564566929134
11
-0.4136811023622047
21
0.0825787401574803
0
LINE
8
BLACK
6
CONTINUOUS
10
-0.4136811023622047
20
0.0825787401574803
11
-0.4136811023622047
21
0.0961614173228346
0
LINE
8
BLACK
6
CONTINUOUS
10
-0.4136811023622047
20
0.0961614173228346
11
-0.4132390551181102
21
0.0983837007874016
0
LINE
8
BLACK
6
CONTINUOUS
10
-0.4132390551181102
20
0.0983837007874016
11
-0.4119802362204724
21
0.1002676377952756
0
LINE
8
BLACK
6
CONTINUOUS
10
-0.4119802362204724
20
0.1002676377952756
11
-0.4100962992125984
21
0.1015264566929134
0
LINE
8
BLACK
6
CONTINUOUS
10
-0.4100962992125984
20
0.1015264566929134
11
-0.4078740157480315
21
0.1019685039370079
0
LINE
8
BLACK
6
CONTINUOUS
10
-0.4078740157480315
20
0.1019685039370079
11
-0.396259842519685
21
0.1019685039370079
0
LINE
8
BLACK
6
CONTINUOUS
10
-0.396259842519685
20
0.1019685039370079
11
-0.3940375590551181
21
0.1015264566929134
0
LINE
8
BLACK
6
CONTINUOUS
10
-0.3558485826771653
20
0.1015264566929134
11
-0.3539646456692913
21
0.1002676377952756
0
LINE
8
BLACK
6
CONTINUOUS
10
-0.3539646456692913
20
0.1002676377952756
11
-0.3527058267716535
21
0.0983837007874016
0
LINE
8
BLACK
6
CONTINUOUS
10
-0.3527058267716535
20
0.0983837007874016
11
-0.3522637795275591
21
0.0961614173228346
0
LINE
8
BLACK
6
CONTINUOUS
10
-0.3522637795275591
20
0.0961614173228346
11
-0.3522637795275591
21
0.0825787401574803
0
LINE
8
BLACK
6
CONTINUOUS
10
-0.3522637795275591
20
0.0825787401574803
11
-0.3527058267716535
21
0.0803564566929134
0
LINE
8
BLACK
6
CONTINUOUS
10
-0.3527058267716535
20
0.0803564566929134
11
-0.3539646456692913
21
0.0784725196850394
0
LINE
8
BLACK
6
CONTINUOUS
10
-0.3539646456692913
20
0.0784725196850394
11
-0.3558485826771653
21
0.0772137007874016
0
LINE
8
BLACK
6
CONTINUOUS
10
-0.3558485826771653
20
0.0772137007874016
11
-0.3580708661417323
21
0.0767716535433071
0
LINE
8
BLACK
6
CONTINUOUS
10
-0.3580708661417323
20
0.0767716535433071
11
-0.3696850393700787
21
0.0767716535433071
0
LINE
8
BLACK
6
CONTINUOUS
10
-0.3696850393700787
20
0.0767716535433071
11
-0.3719073228346457
21
0.0772137007874016
0
LINE
8
BLACK
6
CONTINUOUS
10
-0.3719073228346457
20
0.0772137007874016
11
-0.3737912598425197
21
0.0784725196850394
0
LINE
8
BLACK
6
CONTINUOUS
10
-0.3737912598425197
20
0.0784725196850394
11
-0.3750500787401574
21
0.0803564566929134
0
LINE
8
BLACK
6
CONTINUOUS
10
-0.3750500787401574
20
0.0803564566929134
11
-0.375492125984252
21
0.0825787401574803
0
LINE
8
BLACK
6
CONTINUOUS
10
-0.375492125984252
20
0.0825787401574803
11
-0.375492125984252
21
0.0961614173228346
0
LINE
8
BLACK
6
CONTINUOUS
10
-0.375492125984252
20
0.0961614173228346
11
-0.3750500787401574
21
0.0983837007874016
0
LINE
8
BLACK
6
CONTINUOUS
10
-0.3750500787401574
20
0.0983837007874016
11
-0.3737912598425197
21
0.1002676377952756
0
LINE
8
BLACK
6
CONTINUOUS
10
-0.3737912598425197
20
0.1002676377952756
11
-0.3719073228346457
21
0.1015264566929134
0
LINE
8
BLACK
6
CONTINUOUS
10
-0.3719073228346457
20
0.1015264566929134
11
-0.3696850393700787
21
0.1019685039370079
0
LINE
8
BLACK
6
CONTINUOUS
10
-0.3696850393700787
20
0.1019685039370079
11
-0.3580708661417323
21
0.1019685039370079
0
LINE
8
BLACK
6
CONTINUOUS
10
-0.3580708661417323
20
0.1019685039370079
11
-0.3558485826771653
21
0.1015264566929134
0
LINE
8
BLACK
6
CONTINUOUS
10
-0.3216865354330709
20
0.1019576377952756
11
-0.3199622440944882
21
0.1008054724409449
0
LINE
8
BLACK
6
CONTINUOUS
10
-0.3199622440944882
20
0.1008054724409449
11
-0.3188100787401575
21
0.0990811811023622
0
LINE
8
BLACK
6
CONTINUOUS
10
-0.3188100787401575
20
0.0990811811023622
11
-0.3184055118110236
21
0.0970472440944882
0
LINE
8
BLACK
6
CONTINUOUS
10
-0.3184055118110236
20
0.0970472440944882
11
-0.3184055118110236
21
0.0824803149606299
0
LINE
8
BLACK
6
CONTINUOUS
10
-0.3184055118110236
20
0.0824803149606299
11
-0.3188100787401575
21
0.0804463779527559
0
LINE
8
BLACK
6
CONTINUOUS
10
-0.3188100787401575
20
0.0804463779527559
11
-0.3199622440944882
21
0.0787220866141732
0
LINE
8
BLACK
6
CONTINUOUS
10
-0.3199622440944882
20
0.0787220866141732
11
-0.3216865354330709
21
0.0775699212598425
0
LINE
8
BLACK
6
CONTINUOUS
10
-0.3216865354330709
20
0.0775699212598425
11
-0.3237204724409449
21
0.0771653543307087
0
LINE
8
BLACK
6
CONTINUOUS
10
-0.3237204724409449
20
0.0771653543307087
11
-0.3343503937007874
21
0.0771653543307087
0
LINE
8
BLACK
6
CONTINUOUS
10
-0.3343503937007874
20
0.0771653543307087
11
-0.3363843307086614
21
0.0775699212598425
0
LINE
8
BLACK
6
CONTINUOUS
10
-0.3363843307086614
20
0.0775699212598425
11
-0.3381086220472441
21
0.0787220866141732
0
LINE
8
BLACK
6
CONTINUOUS
10
-0.3381086220472441
20
0.0787220866141732
11
-0.3392607874015748
21
0.0804463779527559
0
LINE
8
BLACK
6
CONTINUOUS
10
-0.3392607874015748
20
0.0804463779527559
11
-0.3396653543307087
21
0.0824803149606299
0
LINE
8
BLACK
6
CONTINUOUS
10
-0.3396653543307087
20
0.0824803149606299
11
-0.3396653543307087
21
0.0970472440944882
0
LINE
8
BLACK
6
CONTINUOUS
10
-0.3396653543307087
20
0.0970472440944882
11
-0.3392607874015748
21
0.0990811811023622
0
LINE
8
BLACK
6
CONTINUOUS
10
-0.3392607874015748
20
0.0990811811023622
11
-0.3381086220472441
21
0.1008054724409449
0
LINE
8
BLACK
6
CONTINUOUS
10
-0.3381086220472441
20
0.1008054724409449
11
-0.3363843307086614
21
0.1019576377952756
0
LINE
8
BLACK
6
CONTINUOUS
10
-0.3363843307086614
20
0.1019576377952756
11
-0.3343503937007874
21
0.1023622047244094
0
LINE
8
BLACK
6
CONTINUOUS
10
-0.3343503937007874
20
0.1023622047244094
11
-0.3237204724409449
21
0.1023622047244094
0
LINE
8
BLACK
6
CONTINUOUS
10
-0.3237204724409449
20
0.1023622047244094
11
-0.3216865354330709
21
0.1019576377952756
0
LINE
8
BLACK
6
CONTINUOUS
10
-0.2815290551181102
20
0.1019576377952756
11
-0.2798047637795276
21
0.1008054724409449
0
LINE
8
BLACK
6
CONTINUOUS
10
-0.2798047637795276
20
0.1008054724409449
11
-0.2786525984251969
21
0.0990811811023622
0
LINE
8
BLACK
6
CONTINUOUS
10
-0.2786525984251969
20
0.0990811811023622
11
-0.278248031496063
21
0.0970472440944882
0
LINE
8
BLACK
6
CONTINUOUS
10
-0.278248031496063
20
0.0970472440944882
11
-0.278248031496063
21
0.0824803149606299
0
LINE
8
BLACK
6
CONTINUOUS
10
-0.278248031496063
20
0.0824803149606299
11
-0.2786525984251969
21
0.0804463779527559
0
LINE
8
BLACK
6
CONTINUOUS
10
-0.2786525984251969
20
0.0804463779527559
11
-0.2798047637795276
21
0.0787220866141732
0
LINE
8
BLACK
6
CONTINUOUS
10
-0.2798047637795276
20
0.0787220866141732
11
-0.2815290551181102
21
0.0775699212598425
0
LINE
8
BLACK
6
CONTINUOUS
10
-0.2815290551181102
20
0.0775699212598425
11
-0.2835629921259842
21
0.0771653543307087
0
LINE
8
BLACK
6
CONTINUOUS
10
-0.2835629921259842
20
0.0771653543307087
11
-0.2941929133858268
21
0.0771653543307087
0
LINE
8
BLACK
6
CONTINUOUS
10
-0.2941929133858268
20
0.0771653543307087
11
-0.2962268503937008
21
0.0775699212598425
0
LINE
8
BLACK
6
CONTINUOUS
10
-0.2962268503937008
20
0.0775699212598425
11
-0.2979511417322834
21
0.0787220866141732
0
LINE
8
BLACK
6
CONTINUOUS
10
-0.2979511417322834
20
0.0787220866141732
11
-0.2991033070866141
21
0.0804463779527559
0
LINE
8
BLACK
6
CONTINUOUS
10
-0.2991033070866141
20
0.0804463779527559
11
-0.299507874015748
21
0.0824803149606299
0
LINE
8
BLACK
6
CONTINUOUS
10
-0.299507874015748
20
0.0824803149606299
11
-0.299507874015748
21
0.0970472440944882
0
LINE
8
BLACK
6
CONTINUOUS
10
-0.299507874015748
20
0.0970472440944882
11
-0.2991033070866141
21
0.0990811811023622
0
LINE
8
BLACK
6
CONTINUOUS
10
-0.2991033070866141
20
0.0990811811023622
11
-0.2979511417322834
21
0.1008054724409449
0
LINE
8
BLACK
6
CONTINUOUS
10
-0.2979511417322834
20
0.1008054724409449
11
-0.2962268503937008
21
0.1019576377952756
0
LINE
8
BLACK
6
CONTINUOUS
10
-0.2962268503937008
20
0.1019576377952756
11
-0.2941929133858268
21
0.1023622047244094
0
LINE
8
BLACK
6
CONTINUOUS
10
-0.2941929133858268
20
0.1023622047244094
11
-0.2835629921259842
21
0.1023622047244094
0
LINE
8
BLACK
6
CONTINUOUS
10
-0.2835629921259842
20
0.1023622047244094
11
-0.2815290551181102
21
0.1019576377952756
0
LINE
8
BLACK
6
CONTINUOUS
10
-0.2473755118110236
20
0.1023513385826772
11
-0.245651220472441
21
0.1011991732283465
0
LINE
8
BLACK
6
CONTINUOUS
10
-0.245651220472441
20
0.1011991732283465
11
-0.2444990551181102
21
0.0994748818897638
0
LINE
8
BLACK
6
CONTINUOUS
10
-0.2444990551181102
20
0.0994748818897638
11
-0.2440944881889764
21
0.0974409448818898
0
LINE
8
BLACK
6
CONTINUOUS
10
-0.2440944881889764
20
0.0974409448818898
11
-0.2440944881889764
21
0.0828740157480315
0
LINE
8
BLACK
6
CONTINUOUS
10
-0.2440944881889764
20
0.0828740157480315
11
-0.2444990551181102
21
0.0808400787401575
0
LINE
8
BLACK
6
CONTINUOUS
10
-0.2444990551181102
20
0.0808400787401575
11
-0.245651220472441
21
0.0791157874015748
0
LINE
8
BLACK
6
CONTINUOUS
10
-0.245651220472441
20
0.0791157874015748
11
-0.2473755118110236
21
0.0779636220472441
0
LINE
8
BLACK
6
CONTINUOUS
10
-0.2473755118110236
20
0.0779636220472441
11
-0.2494094488188976
21
0.0775590551181102
0
LINE
8
BLACK
6
CONTINUOUS
10
-0.2494094488188976
20
0.0775590551181102
11
-0.2600393700787402
21
0.0775590551181102
0
LINE
8
BLACK
6
CONTINUOUS
10
-0.2600393700787402
20
0.0775590551181102
11
-0.2620733070866142
21
0.0779636220472441
0
LINE
8
BLACK
6
CONTINUOUS
10
-0.2620733070866142
20
0.0779636220472441
11
-0.2637975984251968
21
0.0791157874015748
0
LINE
8
BLACK
6
CONTINUOUS
10
-0.2637975984251968
20
0.0791157874015748
11
-0.2649497637795276
21
0.0808400787401575
0
LINE
8
BLACK
6
CONTINUOUS
10
-0.2649497637795276
20
0.0808400787401575
11
-0.2653543307086614
21
0.0828740157480315
0
LINE
8
BLACK
6
CONTINUOUS
10
-0.2653543307086614
20
0.0828740157480315
11
-0.2653543307086614
21
0.0974409448818898
0
LINE
8
BLACK
6
CONTINUOUS
10
-0.2653543307086614
20
0.0974409448818898
11
-0.2649497637795276
21
0.0994748818897638
0
LINE
8
BLACK
6
CONTINUOUS
10
-0.2649497637795276
20
0.0994748818897638
11
-0.2637975984251968
21
0.1011991732283465
0
LINE
8
BLACK
6
CONTINUOUS
10
-0.2637975984251968
20
0.1011991732283465
11
-0.2620733070866142
21
0.1023513385826772
0
LINE
8
BLACK
6
CONTINUOUS
10
-0.2620733070866142
20
0.1023513385826772
11
-0.2600393700787402
21
0.102755905511811
0
LINE
8
BLACK
6
CONTINUOUS
10
-0.2600393700787402
20
0.102755905511811
11
-0.2494094488188976
21
0.102755905511811
0
LINE
8
BLACK
6
CONTINUOUS
10
-0.2494094488188976
20
0.102755905511811
11
-0.2473755118110236
21
0.1023513385826772
0
LINE
8
BLACK
6
CONTINUOUS
10
-0.2080054330708661
20
0.1023513385826772
11
-0.2062811417322835
21
0.1011991732283465
0
LINE
8
BLACK
6
CONTINUOUS
10
-0.2062811417322835
20
0.1011991732283465
11
-0.2051289763779527
21
0.0994748818897638
0
LINE
8
BLACK
6
CONTINUOUS
10
-0.2051289763779527
20
0.0994748818897638
11
-0.2047244094488189
21
0.0974409448818898
0
LINE
8
BLACK
6
CONTINUOUS
10
-0.2047244094488189
20
0.0974409448818898
11
-0.2047244094488189
21
0.0828740157480315
0
LINE
8
BLACK
6
CONTINUOUS
10
-0.2047244094488189
20
0.0828740157480315
11
-0.2051289763779527
21
0.0808400787401575
0
LINE
8
BLACK
6
CONTINUOUS
10
-0.2051289763779527
20
0.0808400787401575
11
-0.2062811417322835
21
0.0791157874015748
0
LINE
8
BLACK
6
CONTINUOUS
10
-0.2062811417322835
20
0.0791157874015748
11
-0.2080054330708661
21
0.0779636220472441
0
LINE
8
BLACK
6
CONTINUOUS
10
-0.2080054330708661
20
0.0779636220472441
11
-0.2100393700787402
21
0.0775590551181102
0
LINE
8
BLACK
6
CONTINUOUS
10
-0.2100393700787402
20
0.0775590551181102
11
-0.2206692913385827
21
0.0775590551181102
0
LINE
8
BLACK
6
CONTINUOUS
10
-0.2206692913385827
20
0.0775590551181102
11
-0.2227032283464567
21
0.0779636220472441
0
LINE
8
BLACK
6
CONTINUOUS
10
-0.2227032283464567
20
0.0779636220472441
11
-0.2244275196850394
21
0.0791157874015748
0
LINE
8
BLACK
6
CONTINUOUS
10
-0.2244275196850394
20
0.0791157874015748
11
-0.2255796850393701
21
0.0808400787401575
0
LINE
8
BLACK
6
CONTINUOUS
10
-0.2255796850393701
20
0.0808400787401575
11
-0.2259842519685039
21
0.0828740157480315
0
LINE
8
BLACK
6
CONTINUOUS
10
-0.2259842519685039
20
0.0828740157480315
11
-0.2259842519685039
21
0.0974409448818898
0
LINE
8
BLACK
6
CONTINUOUS
10
-0.2259842519685039
20
0.0974409448818898
11
-0.2255796850393701
21
0.0994748818897638
0
LINE
8
BLACK
6
CONTINUOUS
10
-0.2255796850393701
20
0.0994748818897638
11
-0.2244275196850394
21
0.1011991732283465
0
LINE
8
BLACK
6
CONTINUOUS
10
-0.2244275196850394
20
0.1011991732283465
11
-0.2227032283464567
21
0.1023513385826772
0
LINE
8
BLACK
6
CONTINUOUS
10
-0.2227032283464567
20
0.1023513385826772
11
-0.2206692913385827
21
0.102755905511811
0
LINE
8
BLACK
6
CONTINUOUS
10
-0.2206692913385827
20
0.102755905511811
11
-0.2100393700787402
21
0.102755905511811
0
LINE
8
BLACK
6
CONTINUOUS
10
-0.2100393700787402
20
0.102755905511811
11
-0.2080054330708661
21
0.1023513385826772
0
LINE
8
BLACK
6
CONTINUOUS
10
-0.4463620866141732
20
0.1058496850393701
11
-0.4444462204724409
21
0.1045695275590551
0
LINE
8
BLACK
6
CONTINUOUS
10
-0.4444462204724409
20
0.1045695275590551
11
-0.443166062992126
21
0.1026536614173228
0
LINE
8
BLACK
6
CONTINUOUS
10
-0.443166062992126
20
0.1026536614173228
11
-0.4427165354330709
21
0.1003937007874016
0
LINE
8
BLACK
6
CONTINUOUS
10
-0.4427165354330709
20
0.1003937007874016
11
-0.4427165354330709
21
0.0885826771653543
0
LINE
8
BLACK
6
CONTINUOUS
10
-0.4427165354330709
20
0.0885826771653543
11
-0.443166062992126
21
0.0863227165354331
0
LINE
8
BLACK
6
CONTINUOUS
10
-0.443166062992126
20
0.0863227165354331
11
-0.4444462204724409
21
0.0844068503937008
0
LINE
8
BLACK
6
CONTINUOUS
10
-0.4444462204724409
20
0.0844068503937008
11
-0.4463620866141732
21
0.0831266929133858
0
LINE
8
BLACK
6
CONTINUOUS
10
-0.4463620866141732
20
0.0831266929133858
11
-0.4486220472440945
21
0.0826771653543307
0
LINE
8
BLACK
6
CONTINUOUS
10
-0.4486220472440945
20
0.0826771653543307
11
-0.4820866141732283
21
0.0826771653543307
0
LINE
8
BLACK
6
CONTINUOUS
10
-0.4820866141732283
20
0.0826771653543307
11
-0.4843465748031496
21
0.0831266929133858
0
LINE
8
BLACK
6
CONTINUOUS
10
-0.4843465748031496
20
0.0831266929133858
11
-0.4862624409448819
21
0.0844068503937008
0
LINE
8
BLACK
6
CONTINUOUS
10
-0.4862624409448819
20
0.0844068503937008
11
-0.4875425984251968
21
0.0863227165354331
0
LINE
8
BLACK
6
CONTINUOUS
10
-0.4875425984251968
20
0.0863227165354331
11
-0.487992125984252
21
0.0885826771653543
0
LINE
8
BLACK
6
CONTINUOUS
10
-0.487992125984252
20
0.0885826771653543
11
-0.487992125984252
21
0.1003937007874016
0
LINE
8
BLACK
6
CONTINUOUS
10
-0.487992125984252
20
0.1003937007874016
11
-0.4875425984251968
21
0.1026536614173228
0
LINE
8
BLACK
6
CONTINUOUS
10
-0.4875425984251968
20
0.1026536614173228
11
-0.4862624409448819
21
0.1045695275590551
0
LINE
8
BLACK
6
CONTINUOUS
10
-0.4862624409448819
20
0.1045695275590551
11
-0.4843465748031496
21
0.1058496850393701
0
LINE
8
BLACK
6
CONTINUOUS
10
-0.4843465748031496
20
0.1058496850393701
11
-0.4820866141732283
21
0.1062992125984252
0
LINE
8
BLACK
6
CONTINUOUS
10
-0.4820866141732283
20
0.1062992125984252
11
-0.4486220472440945
21
0.1062992125984252
0
LINE
8
BLACK
6
CONTINUOUS
10
-0.4486220472440945
20
0.1062992125984252
11
-0.4463620866141732
21
0.1058496850393701
0
LINE
8
BLACK
6
CONTINUOUS
10
-0.1157991732283465
20
0.1017437401574803
11
-0.1148412204724409
21
0.1011036614173228
0
LINE
8
BLACK
6
CONTINUOUS
10
-0.1148412204724409
20
0.1011036614173228
11
-0.1142011417322835
21
0.1001457086614173
0
LINE
8
BLACK
6
CONTINUOUS
10
-0.1142011417322835
20
0.1001457086614173
11
-0.1139763779527559
21
0.0990157480314961
0
LINE
8
BLACK
6
CONTINUOUS
10
-0.1139763779527559
20
0.0990157480314961
11
-0.1139763779527559
21
0.0931102362204724
0
LINE
8
BLACK
6
CONTINUOUS
10
-0.1139763779527559
20
0.0931102362204724
11
-0.1142011417322835
21
0.0919802755905512
0
LINE
8
BLACK
6
CONTINUOUS
10
-0.1142011417322835
20
0.0919802755905512
11
-0.1148412204724409
21
0.0910223228346457
0
LINE
8
BLACK
6
CONTINUOUS
10
-0.1148412204724409
20
0.0910223228346457
11
-0.1157991732283465
21
0.0903822440944882
0
LINE
8
BLACK
6
CONTINUOUS
10
-0.1157991732283465
20
0.0903822440944882
11
-0.1169291338582677
21
0.0901574803149606
0
LINE
8
BLACK
6
CONTINUOUS
10
-0.1169291338582677
20
0.0901574803149606
11
-0.1690944881889764
21
0.0901574803149606
0
LINE
8
BLACK
6
CONTINUOUS
10
-0.1690944881889764
20
0.0901574803149606
11
-0.1702244488188976
21
0.0903822440944882
0
LINE
8
BLACK
6
CONTINUOUS
10
-0.1702244488188976
20
0.0903822440944882
11
-0.1711824015748031
21
0.0910223228346457
0
LINE
8
BLACK
6
CONTINUOUS
10
-0.1711824015748031
20
0.0910223228346457
11
-0.1718224803149606
21
0.0919802755905512
0
LINE
8
BLACK
6
CONTINUOUS
10
-0.1718224803149606
20
0.0919802755905512
11
-0.1720472440944882
21
0.0931102362204724
0
LINE
8
BLACK
6
CONTINUOUS
10
-0.1720472440944882
20
0.0931102362204724
11
-0.1720472440944882
21
0.0990157480314961
0
LINE
8
BLACK
6
CONTINUOUS
10
-0.1720472440944882
20
0.0990157480314961
11
-0.1718224803149606
21
0.1001457086614173
0
LINE
8
BLACK
6
CONTINUOUS
10
-0.1718224803149606
20
0.1001457086614173
11
-0.1711824015748031
21
0.1011036614173228
0
LINE
8
BLACK
6
CONTINUOUS
10
-0.1711824015748031
20
0.1011036614173228
11
-0.1702244488188976
21
0.1017437401574803
0
LINE
8
BLACK
6
CONTINUOUS
10
-0.1702244488188976
20
0.1017437401574803
11
-0.1690944881889764
21
0.1019685039370079
0
LINE
8
BLACK
6
CONTINUOUS
10
-0.1690944881889764
20
0.1019685039370079
11
-0.1169291338582677
21
0.1019685039370079
0
LINE
8
BLACK
6
CONTINUOUS
10
-0.1169291338582677
20
0.1019685039370079
11
-0.1157991732283465
21
0.1017437401574803
0
LINE
8
BLACK
6
CONTINUOUS
10
0.2119567322834646
20
0.1017437401574803
11
0.2129146850393701
21
0.1011036614173228
0
LINE
8
BLACK
6
CONTINUOUS
10
0.2129146850393701
20
0.1011036614173228
11
0.2135547637795276
21
0.1001457086614173
0
LINE
8
BLACK
6
CONTINUOUS
10
0.2135547637795276
20
0.1001457086614173
11
0.2137795275590551
21
0.0990157480314961
0
LINE
8
BLACK
6
CONTINUOUS
10
0.2137795275590551
20
0.0990157480314961
11
0.2137795275590551
21
0.0931102362204724
0
LINE
8
BLACK
6
CONTINUOUS
10
0.2137795275590551
20
0.0931102362204724
11
0.2135547637795276
21
0.0919802755905512
0
LINE
8
BLACK
6
CONTINUOUS
10
0.2135547637795276
20
0.0919802755905512
11
0.2129146850393701
21
0.0910223228346457
0
LINE
8
BLACK
6
CONTINUOUS
10
0.2129146850393701
20
0.0910223228346457
11
0.2119567322834646
21
0.0903822440944882
0
LINE
8
BLACK
6
CONTINUOUS
10
0.2119567322834646
20
0.0903822440944882
11
0.2108267716535433
21
0.0901574803149606
0
LINE
8
BLACK
6
CONTINUOUS
10
0.2108267716535433
20
0.0901574803149606
11
0.1586614173228346
21
0.0901574803149606
0
LINE
8
BLACK
6
CONTINUOUS
10
0.1586614173228346
20
0.0901574803149606
11
0.1575314566929134
21
0.0903822440944882
0
LINE
8
BLACK
6
CONTINUOUS
10
0.1575314566929134
20
0.0903822440944882
11
0.1565735039370079
21
0.0910223228346457
0
LINE
8
BLACK
6
CONTINUOUS
10
0.1565735039370079
20
0.0910223228346457
11
0.1559334251968504
21
0.0919802755905512
0
LINE
8
BLACK
6
CONTINUOUS
10
0.1559334251968504
20
0.0919802755905512
11
0.1557086614173228
21
0.0931102362204724
0
LINE
8
BLACK
6
CONTINUOUS
10
0.1557086614173228
20
0.0931102362204724
11
0.1557086614173228
21
0.0990157480314961
0
LINE
8
BLACK
6
CONTINUOUS
10
0.1557086614173228
20
0.0990157480314961
11
0.1559334251968504
21
0.1001457086614173
0
LINE
8
BLACK
6
CONTINUOUS
10
0.1559334251968504
20
0.1001457086614173
11
0.1565735039370079
21
0.1011036614173228
0
LINE
8
BLACK
6
CONTINUOUS
10
0.1565735039370079
20
0.1011036614173228
11
0.1575314566929134
21
0.1017437401574803
0
LINE
8
BLACK
6
CONTINUOUS
10
0.1575314566929134
20
0.1017437401574803
11
0.1586614173228346
21
0.1019685039370079
0
LINE
8
BLACK
6
CONTINUOUS
10
0.1586614173228346
20
0.1019685039370079
11
0.2108267716535433
21
0.1019685039370079
0
LINE
8
BLACK
6
CONTINUOUS
10
0.2108267716535433
20
0.1019685039370079
11
0.2119567322834646
21
0.1017437401574803
0
LINE
8
BLACK
6
CONTINUOUS
10
0.2683725196850394
20
0.1310914960629921
11
0.270096811023622
21
0.1299393307086614
0
LINE
8
BLACK
6
CONTINUOUS
10
0.270096811023622
20
0.1299393307086614
11
0.2712489763779528
21
0.1282150393700787
0
LINE
8
BLACK
6
CONTINUOUS
10
0.2712489763779528
20
0.1282150393700787
11
0.2716535433070866
21
0.1261811023622047
0
LINE
8
BLACK
6
CONTINUOUS
10
0.2716535433070866
20
0.1261811023622047
11
0.2716535433070866
21
0.1116141732283464
0
LINE
8
BLACK
6
CONTINUOUS
10
0.2716535433070866
20
0.1116141732283464
11
0.2712489763779528
21
0.1095802362204724
0
LINE
8
BLACK
6
CONTINUOUS
10
0.2712489763779528
20
0.1095802362204724
11
0.270096811023622
21
0.1078559448818898
0
LINE
8
BLACK
6
CONTINUOUS
10
0.270096811023622
20
0.1078559448818898
11
0.2683725196850394
21
0.1067037795275591
0
LINE
8
BLACK
6
CONTINUOUS
10
0.2683725196850394
20
0.1067037795275591
11
0.2663385826771654
21
0.1062992125984252
0
LINE
8
BLACK
6
CONTINUOUS
10
0.2663385826771654
20
0.1062992125984252
11
0.2557086614173228
21
0.1062992125984252
0
LINE
8
BLACK
6
CONTINUOUS
10
0.2557086614173228
20
0.1062992125984252
11
0.2536747244094488
21
0.1067037795275591
0
LINE
8
BLACK
6
CONTINUOUS
10
0.2536747244094488
20
0.1067037795275591
11
0.2519504330708661
21
0.1078559448818898
0
LINE
8
BLACK
6
CONTINUOUS
10
0.2519504330708661
20
0.1078559448818898
11
0.2507982677165354
21
0.1095802362204724
0
LINE
8
BLACK
6
CONTINUOUS
10
0.2507982677165354
20
0.1095802362204724
11
0.2503937007874016
21
0.1116141732283464
0
LINE
8
BLACK
6
CONTINUOUS
10
0.2503937007874016
20
0.1116141732283464
11
0.2503937007874016
21
0.1261811023622047
0
LINE
8
BLACK
6
CONTINUOUS
10
0.2503937007874016
20
0.1261811023622047
11
0.2507982677165354
21
0.1282150393700787
0
LINE
8
BLACK
6
CONTINUOUS
10
0.2507982677165354
20
0.1282150393700787
11
0.2519504330708661
21
0.1299393307086614
0
LINE
8
BLACK
6
CONTINUOUS
10
0.2519504330708661
20
0.1299393307086614
11
0.2536747244094488
21
0.1310914960629921
0
LINE
8
BLACK
6
CONTINUOUS
10
0.2536747244094488
20
0.1310914960629921
11
0.2557086614173228
21
0.131496062992126
0
LINE
8
BLACK
6
CONTINUOUS
10
0.2557086614173228
20
0.131496062992126
11
0.2663385826771654
21
0.131496062992126
0
LINE
8
BLACK
6
CONTINUOUS
10
0.2663385826771654
20
0.131496062992126
11
0.2683725196850394
21
0.1310914960629921
0
LINE
8
BLACK
6
CONTINUOUS
10
0.30853
20
0.1310914960629921
11
0.3102542913385827
21
0.1299393307086614
0
LINE
8
BLACK
6
CONTINUOUS
10
0.3102542913385827
20
0.1299393307086614
11
0.3114064566929134
21
0.1282150393700787
0
LINE
8
BLACK
6
CONTINUOUS
10
0.3114064566929134
20
0.1282150393700787
11
0.3118110236220472
21
0.1261811023622047
0
LINE
8
BLACK
6
CONTINUOUS
10
0.3118110236220472
20
0.1261811023622047
11
0.3118110236220472
21
0.1116141732283464
0
LINE
8
BLACK
6
CONTINUOUS
10
0.3118110236220472
20
0.1116141732283464
11
0.3114064566929134
21
0.1095802362204724
0
LINE
8
BLACK
6
CONTINUOUS
10
0.3114064566929134
20
0.1095802362204724
11
0.3102542913385827
21
0.1078559448818898
0
LINE
8
BLACK
6
CONTINUOUS
10
0.3102542913385827
20
0.1078559448818898
11
0.30853
21
0.1067037795275591
0
LINE
8
BLACK
6
CONTINUOUS
10
0.30853
20
0.1067037795275591
11
0.306496062992126
21
0.1062992125984252
0
LINE
8
BLACK
6
CONTINUOUS
10
0.306496062992126
20
0.1062992125984252
11
0.2958661417322835
21
0.1062992125984252
0
LINE
8
BLACK
6
CONTINUOUS
10
0.2958661417322835
20
0.1062992125984252
11
0.2938322047244095
21
0.1067037795275591
0
LINE
8
BLACK
6
CONTINUOUS
10
0.2938322047244095
20
0.1067037795275591
11
0.2921079133858268
21
0.1078559448818898
0
LINE
8
BLACK
6
CONTINUOUS
10
0.2921079133858268
20
0.1078559448818898
11
0.290955748031496
21
0.1095802362204724
0
LINE
8
BLACK
6
CONTINUOUS
10
0.290955748031496
20
0.1095802362204724
11
0.2905511811023622
21
0.1116141732283464
0
LINE
8
BLACK
6
CONTINUOUS
10
0.2905511811023622
20
0.1116141732283464
11
0.2905511811023622
21
0.1261811023622047
0
LINE
8
BLACK
6
CONTINUOUS
10
0.2905511811023622
20
0.1261811023622047
11
0.290955748031496
21
0.1282150393700787
0
LINE
8
BLACK
6
CONTINUOUS
10
0.290955748031496
20
0.1282150393700787
11
0.2921079133858268
21
0.1299393307086614
0
LINE
8
BLACK
6
CONTINUOUS
10
0.2921079133858268
20
0.1299393307086614
11
0.2938322047244095
21
0.1310914960629921
0
LINE
8
BLACK
6
CONTINUOUS
10
0.2938322047244095
20
0.1310914960629921
11
0.2958661417322835
21
0.131496062992126
0
LINE
8
BLACK
6
CONTINUOUS
10
0.2958661417322835
20
0.131496062992126
11
0.306496062992126
21
0.131496062992126
0
LINE
8
BLACK
6
CONTINUOUS
10
0.306496062992126
20
0.131496062992126
11
0.30853
21
0.1310914960629921
0
LINE
8
BLACK
6
CONTINUOUS
10
0.3636481102362205
20
0.1338474015748032
11
0.3653724015748032
21
0.1326952362204724
0
LINE
8
BLACK
6
CONTINUOUS
10
0.3653724015748032
20
0.1326952362204724
11
0.3665245669291339
21
0.1309709448818898
0
LINE
8
BLACK
6
CONTINUOUS
10
0.3665245669291339
20
0.1309709448818898
11
0.3669291338582677
21
0.1289370078740157
0
LINE
8
BLACK
6
CONTINUOUS
10
0.3669291338582677
20
0.1289370078740157
11
0.3669291338582677
21
0.1143700787401575
0
LINE
8
BLACK
6
CONTINUOUS
10
0.3669291338582677
20
0.1143700787401575
11
0.3665245669291339
21
0.1123361417322835
0
LINE
8
BLACK
6
CONTINUOUS
10
0.3665245669291339
20
0.1123361417322835
11
0.3653724015748032
21
0.1106118503937008
0
LINE
8
BLACK
6
CONTINUOUS
10
0.3653724015748032
20
0.1106118503937008
11
0.3636481102362205
21
0.1094596850393701
0
LINE
8
BLACK
6
CONTINUOUS
10
0.3636481102362205
20
0.1094596850393701
11
0.3616141732283464
21
0.1090551181102362
0
LINE
8
BLACK
6
CONTINUOUS
10
0.3616141732283464
20
0.1090551181102362
11
0.3509842519685039
21
0.1090551181102362
0
LINE
8
BLACK
6
CONTINUOUS
10
0.3509842519685039
20
0.1090551181102362
11
0.3489503149606299
21
0.1094596850393701
0
LINE
8
BLACK
6
CONTINUOUS
10
0.3489503149606299
20
0.1094596850393701
11
0.3472260236220472
21
0.1106118503937008
0
LINE
8
BLACK
6
CONTINUOUS
10
0.3472260236220472
20
0.1106118503937008
11
0.3460738582677165
21
0.1123361417322835
0
LINE
8
BLACK
6
CONTINUOUS
10
0.3460738582677165
20
0.1123361417322835
11
0.3456692913385827
21
0.1143700787401575
0
LINE
8
BLACK
6
CONTINUOUS
10
0.3456692913385827
20
0.1143700787401575
11
0.3456692913385827
21
0.1289370078740157
0
LINE
8
BLACK
6
CONTINUOUS
10
0.3456692913385827
20
0.1289370078740157
11
0.3460738582677165
21
0.1309709448818898
0
LINE
8
BLACK
6
CONTINUOUS
10
0.3460738582677165
20
0.1309709448818898
11
0.3472260236220472
21
0.1326952362204724
0
LINE
8
BLACK
6
CONTINUOUS
10
0.3472260236220472
20
0.1326952362204724
11
0.3489503149606299
21
0.1338474015748032
0
LINE
8
BLACK
6
CONTINUOUS
10
0.3489503149606299
20
0.1338474015748032
11
0.3509842519685039
21
0.134251968503937
0
LINE
8
BLACK
6
CONTINUOUS
10
0.3509842519685039
20
0.134251968503937
11
0.3616141732283464
21
0.134251968503937
0
LINE
8
BLACK
6
CONTINUOUS
10
0.3616141732283464
20
0.134251968503937
11
0.3636481102362205
21
0.1338474015748032
0
LINE
8
BLACK
6
CONTINUOUS
10
0.4038055905511811
20
0.1338474015748032
11
0.4055298818897637
21
0.1326952362204724
0
LINE
8
BLACK
6
CONTINUOUS
10
0.4055298818897637
20
0.1326952362204724
11
0.4066820472440945
21
0.1309709448818898
0
LINE
8
BLACK
6
CONTINUOUS
10
0.4066820472440945
20
0.1309709448818898
11
0.4070866141732283
21
0.1289370078740157
0
LINE
8
BLACK
6
CONTINUOUS
10
0.4070866141732283
20
0.1289370078740157
11
0.4070866141732283
21
0.1143700787401575
0
LINE
8
BLACK
6
CONTINUOUS
10
0.4070866141732283
20
0.1143700787401575
11
0.4066820472440945
21
0.1123361417322835
0
LINE
8
BLACK
6
CONTINUOUS
10
0.4066820472440945
20
0.1123361417322835
11
0.4055298818897637
21
0.1106118503937008
0
LINE
8
BLACK
6
CONTINUOUS
10
0.4055298818897637
20
0.1106118503937008
11
0.4038055905511811
21
0.1094596850393701
0
LINE
8
BLACK
6
CONTINUOUS
10
0.4038055905511811
20
0.1094596850393701
11
0.4017716535433071
21
0.1090551181102362
0
LINE
8
BLACK
6
CONTINUOUS
10
0.4017716535433071
20
0.1090551181102362
11
0.3911417322834645
21
0.1090551181102362
0
LINE
8
BLACK
6
CONTINUOUS
10
0.3911417322834645
20
0.1090551181102362
11
0.3891077952755905
21
0.1094596850393701
0
LINE
8
BLACK
6
CONTINUOUS
10
0.3891077952755905
20
0.1094596850393701
11
0.3873835039370079
21
0.1106118503937008
0
LINE
8
BLACK
6
CONTINUOUS
10
0.3873835039370079
20
0.1106118503937008
11
0.3862313385826772
21
0.1123361417322835
0
LINE
8
BLACK
6
CONTINUOUS
10
0.3862313385826772
20
0.1123361417322835
11
0.3858267716535433
21
0.1143700787401575
0
LINE
8
BLACK
6
CONTINUOUS
10
0.3858267716535433
20
0.1143700787401575
11
0.3858267716535433
21
0.1289370078740157
0
LINE
8
BLACK
6
CONTINUOUS
10
0.3858267716535433
20
0.1289370078740157
11
0.3862313385826772
21
0.1309709448818898
0
LINE
8
BLACK
6
CONTINUOUS
10
0.3862313385826772
20
0.1309709448818898
11
0.3873835039370079
21
0.1326952362204724
0
LINE
8
BLACK
6
CONTINUOUS
10
0.3873835039370079
20
0.1326952362204724
11
0.3891077952755905
21
0.1338474015748032
0
LINE
8
BLACK
6
CONTINUOUS
10
0.3891077952755905
20
0.1338474015748032
11
0.3911417322834645
21
0.134251968503937
0
LINE
8
BLACK
6
CONTINUOUS
10
0.3911417322834645
20
0.134251968503937
11
0.4017716535433071
21
0.134251968503937
0
LINE
8
BLACK
6
CONTINUOUS
10
0.4017716535433071
20
0.134251968503937
11
0.4038055905511811
21
0.1338474015748032
0
LINE
8
BLACK
6
CONTINUOUS
10
-0.1157991732283465
20
0.1214287795275591
11
-0.1148412204724409
21
0.1207887007874016
0
LINE
8
BLACK
6
CONTINUOUS
10
-0.1148412204724409
20
0.1207887007874016
11
-0.1142011417322835
21
0.1198307480314961
0
LINE
8
BLACK
6
CONTINUOUS
10
-0.1142011417322835
20
0.1198307480314961
11
-0.1139763779527559
21
0.1187007874015748
0
LINE
8
BLACK
6
CONTINUOUS
10
-0.1139763779527559
20
0.1187007874015748
11
-0.1139763779527559
21
0.1127952755905512
0
LINE
8
BLACK
6
CONTINUOUS
10
-0.1139763779527559
20
0.1127952755905512
11
-0.1142011417322835
21
0.1116653149606299
0
LINE
8
BLACK
6
CONTINUOUS
10
-0.1142011417322835
20
0.1116653149606299
11
-0.1148412204724409
21
0.1107073622047244
0
LINE
8
BLACK
6
CONTINUOUS
10
-0.1148412204724409
20
0.1107073622047244
11
-0.1157991732283465
21
0.1100672834645669
0
LINE
8
BLACK
6
CONTINUOUS
10
-0.1157991732283465
20
0.1100672834645669
11
-0.1169291338582677
21
0.1098425196850394
0
LINE
8
BLACK
6
CONTINUOUS
10
-0.1169291338582677
20
0.1098425196850394
11
-0.1690944881889764
21
0.1098425196850394
0
LINE
8
BLACK
6
CONTINUOUS
10
-0.1690944881889764
20
0.1098425196850394
11
-0.1702244488188976
21
0.1100672834645669
0
LINE
8
BLACK
6
CONTINUOUS
10
-0.1702244488188976
20
0.1100672834645669
11
-0.1711824015748031
21
0.1107073622047244
0
LINE
8
BLACK
6
CONTINUOUS
10
-0.1711824015748031
20
0.1107073622047244
11
-0.1718224803149606
21
0.1116653149606299
0
LINE
8
BLACK
6
CONTINUOUS
10
-0.1718224803149606
20
0.1116653149606299
11
-0.1720472440944882
21
0.1127952755905512
0
LINE
8
BLACK
6
CONTINUOUS
10
-0.1720472440944882
20
0.1127952755905512
11
-0.1720472440944882
21
0.1187007874015748
0
LINE
8
BLACK
6
CONTINUOUS
10
-0.1720472440944882
20
0.1187007874015748
11
-0.1718224803149606
21
0.1198307480314961
0
LINE
8
BLACK
6
CONTINUOUS
10
-0.1718224803149606
20
0.1198307480314961
11
-0.1711824015748031
21
0.1207887007874016
0
LINE
8
BLACK
6
CONTINUOUS
10
-0.1711824015748031
20
0.1207887007874016
11
-0.1702244488188976
21
0.1214287795275591
0
LINE
8
BLACK
6
CONTINUOUS
10
-0.1702244488188976
20
0.1214287795275591
11
-0.1690944881889764
21
0.1216535433070866
0
LINE
8
BLACK
6
CONTINUOUS
10
-0.1690944881889764
20
0.1216535433070866
11
-0.1169291338582677
21
0.1216535433070866
0
LINE
8
BLACK
6
CONTINUOUS
10
-0.1169291338582677
20
0.1216535433070866
11
-0.1157991732283465
21
0.1214287795275591
0
LINE
8
BLACK
6
CONTINUOUS
10
0.2119567322834646
20
0.1214287795275591
11
0.2129146850393701
21
0.1207887007874016
0
LINE
8
BLACK
6
CONTINUOUS
10
0.2129146850393701
20
0.1207887007874016
11
0.2135547637795276
21
0.1198307480314961
0
LINE
8
BLACK
6
CONTINUOUS
10
0.2135547637795276
20
0.1198307480314961
11
0.2137795275590551
21
0.1187007874015748
0
LINE
8
BLACK
6
CONTINUOUS
10
0.2137795275590551
20
0.1187007874015748
11
0.2137795275590551
21
0.1127952755905512
0
LINE
8
BLACK
6
CONTINUOUS
10
0.2137795275590551
20
0.1127952755905512
11
0.2135547637795276
21
0.1116653149606299
0
LINE
8
BLACK
6
CONTINUOUS
10
0.2135547637795276
20
0.1116653149606299
11
0.2129146850393701
21
0.1107073622047244
0
LINE
8
BLACK
6
CONTINUOUS
10
0.2129146850393701
20
0.1107073622047244
11
0.2119567322834646
21
0.1100672834645669
0
LINE
8
BLACK
6
CONTINUOUS
10
0.2119567322834646
20
0.1100672834645669
11
0.2108267716535433
21
0.1098425196850394
0
LINE
8
BLACK
6
CONTINUOUS
10
0.2108267716535433
20
0.1098425196850394
11
0.1586614173228346
21
0.1098425196850394
0
LINE
8
BLACK
6
CONTINUOUS
10
0.1586614173228346
20
0.1098425196850394
11
0.1575314566929134
21
0.1100672834645669
0
LINE
8
BLACK
6
CONTINUOUS
10
0.1575314566929134
20
0.1100672834645669
11
0.1565735039370079
21
0.1107073622047244
0
LINE
8
BLACK
6
CONTINUOUS
10
0.1565735039370079
20
0.1107073622047244
11
0.1559334251968504
21
0.1116653149606299
0
LINE
8
BLACK
6
CONTINUOUS
10
0.1559334251968504
20
0.1116653149606299
11
0.1557086614173228
21
0.1127952755905512
0
LINE
8
BLACK
6
CONTINUOUS
10
0.1557086614173228
20
0.1127952755905512
11
0.1557086614173228
21
0.1187007874015748
0
LINE
8
BLACK
6
CONTINUOUS
10
0.1557086614173228
20
0.1187007874015748
11
0.1559334251968504
21
0.1198307480314961
0
LINE
8
BLACK
6
CONTINUOUS
10
0.1559334251968504
20
0.1198307480314961
11
0.1565735039370079
21
0.1207887007874016
0
LINE
8
BLACK
6
CONTINUOUS
10
0.1565735039370079
20
0.1207887007874016
11
0.1575314566929134
21
0.1214287795275591
0
LINE
8
BLACK
6
CONTINUOUS
10
0.1575314566929134
20
0.1214287795275591
11
0.1586614173228346
21
0.1216535433070866
0
LINE
8
BLACK
6
CONTINUOUS
10
0.1586614173228346
20
0.1216535433070866
11
0.2108267716535433
21
0.1216535433070866
0
LINE
8
BLACK
6
CONTINUOUS
10
0.2108267716535433
20
0.1216535433070866
11
0.2119567322834646
21
0.1214287795275591
0
LINE
8
BLACK
6
CONTINUOUS
10
-0.4463620866141732
20
0.1373457480314961
11
-0.4444462204724409
21
0.1360655905511811
0
LINE
8
BLACK
6
CONTINUOUS
10
-0.4444462204724409
20
0.1360655905511811
11
-0.443166062992126
21
0.1341497244094488
0
LINE
8
BLACK
6
CONTINUOUS
10
-0.443166062992126
20
0.1341497244094488
11
-0.4427165354330709
21
0.1318897637795275
0
LINE
8
BLACK
6
CONTINUOUS
10
-0.4427165354330709
20
0.1318897637795275
11
-0.4427165354330709
21
0.1200787401574803
0
LINE
8
BLACK
6
CONTINUOUS
10
-0.4427165354330709
20
0.1200787401574803
11
-0.443166062992126
21
0.1178187795275591
0
LINE
8
BLACK
6
CONTINUOUS
10
-0.443166062992126
20
0.1178187795275591
11
-0.4444462204724409
21
0.1159029133858268
0
LINE
8
BLACK
6
CONTINUOUS
10
-0.4444462204724409
20
0.1159029133858268
11
-0.4463620866141732
21
0.1146227559055118
0
LINE
8
BLACK
6
CONTINUOUS
10
-0.4463620866141732
20
0.1146227559055118
11
-0.4486220472440945
21
0.1141732283464567
0
LINE
8
BLACK
6
CONTINUOUS
10
-0.4486220472440945
20
0.1141732283464567
11
-0.4820866141732283
21
0.1141732283464567
0
LINE
8
BLACK
6
CONTINUOUS
10
-0.4820866141732283
20
0.1141732283464567
11
-0.4843465748031496
21
0.1146227559055118
0
LINE
8
BLACK
6
CONTINUOUS
10
-0.4843465748031496
20
0.1146227559055118
11
-0.4862624409448819
21
0.1159029133858268
0
LINE
8
BLACK
6
CONTINUOUS
10
-0.4862624409448819
20
0.1159029133858268
11
-0.4875425984251968
21
0.1178187795275591
0
LINE
8
BLACK
6
CONTINUOUS
10
-0.4875425984251968
20
0.1178187795275591
11
-0.487992125984252
21
0.1200787401574803
0
LINE
8
BLACK
6
CONTINUOUS
10
-0.487992125984252
20
0.1200787401574803
11
-0.487992125984252
21
0.1318897637795275
0
LINE
8
BLACK
6
CONTINUOUS
10
-0.487992125984252
20
0.1318897637795275
11
-0.4875425984251968
21
0.1341497244094488
0
LINE
8
BLACK
6
CONTINUOUS
10
-0.4875425984251968
20
0.1341497244094488
11
-0.4862624409448819
21
0.1360655905511811
0
LINE
8
BLACK
6
CONTINUOUS
10
-0.4862624409448819
20
0.1360655905511811
11
-0.4843465748031496
21
0.1373457480314961
0
LINE
8
BLACK
6
CONTINUOUS
10
-0.4843465748031496
20
0.1373457480314961
11
-0.4820866141732283
21
0.1377952755905512
0
LINE
8
BLACK
6
CONTINUOUS
10
-0.4820866141732283
20
0.1377952755905512
11
-0.4486220472440945
21
0.1377952755905512
0
LINE
8
BLACK
6
CONTINUOUS
10
-0.4486220472440945
20
0.1377952755905512
11
-0.4463620866141732
21
0.1373457480314961
0
LINE
8
BLACK
6
CONTINUOUS
10
-0.3845048818897638
20
0.1472182283464567
11
-0.3827167322834645
21
0.1460234251968504
0
LINE
8
BLACK
6
CONTINUOUS
10
-0.3827167322834645
20
0.1460234251968504
11
-0.3815219291338582
21
0.1442352755905512
0
LINE
8
BLACK
6
CONTINUOUS
10
-0.3815219291338582
20
0.1442352755905512
11
-0.3811023622047244
21
0.1421259842519685
0
LINE
8
BLACK
6
CONTINUOUS
10
-0.3811023622047244
20
0.1421259842519685
11
-0.3811023622047244
21
0.1287401574803149
0
LINE
8
BLACK
6
CONTINUOUS
10
-0.3811023622047244
20
0.1287401574803149
11
-0.3815219291338582
21
0.1266308661417323
0
LINE
8
BLACK
6
CONTINUOUS
10
-0.3815219291338582
20
0.1266308661417323
11
-0.3827167322834645
21
0.1248427165354331
0
LINE
8
BLACK
6
CONTINUOUS
10
-0.3827167322834645
20
0.1248427165354331
11
-0.3845048818897638
21
0.1236479133858268
0
LINE
8
BLACK
6
CONTINUOUS
10
-0.3845048818897638
20
0.1236479133858268
11
-0.3866141732283465
21
0.1232283464566929
0
LINE
8
BLACK
6
CONTINUOUS
10
-0.3866141732283465
20
0.1232283464566929
11
-0.3976377952755906
21
0.1232283464566929
0
LINE
8
BLACK
6
CONTINUOUS
10
-0.3976377952755906
20
0.1232283464566929
11
-0.3997470866141732
21
0.1236479133858268
0
LINE
8
BLACK
6
CONTINUOUS
10
-0.3997470866141732
20
0.1236479133858268
11
-0.4015352362204724
21
0.1248427165354331
0
LINE
8
BLACK
6
CONTINUOUS
10
-0.4015352362204724
20
0.1248427165354331
11
-0.4027300393700787
21
0.1266308661417323
0
LINE
8
BLACK
6
CONTINUOUS
10
-0.4027300393700787
20
0.1266308661417323
11
-0.4031496062992126
21
0.1287401574803149
0
LINE
8
BLACK
6
CONTINUOUS
10
-0.4031496062992126
20
0.1287401574803149
11
-0.4031496062992126
21
0.1421259842519685
0
LINE
8
BLACK
6
CONTINUOUS
10
-0.4031496062992126
20
0.1421259842519685
11
-0.4027300393700787
21
0.1442352755905512
0
LINE
8
BLACK
6
CONTINUOUS
10
-0.4027300393700787
20
0.1442352755905512
11
-0.4015352362204724
21
0.1460234251968504
0
LINE
8
BLACK
6
CONTINUOUS
10
-0.4015352362204724
20
0.1460234251968504
11
-0.3997470866141732
21
0.1472182283464567
0
LINE
8
BLACK
6
CONTINUOUS
10
-0.3997470866141732
20
0.1472182283464567
11
-0.3976377952755906
21
0.1476377952755905
0
LINE
8
BLACK
6
CONTINUOUS
10
-0.3976377952755906
20
0.1476377952755905
11
-0.3866141732283465
21
0.1476377952755905
0
LINE
8
BLACK
6
CONTINUOUS
10
-0.3866141732283465
20
0.1476377952755905
11
-0.3845048818897638
21
0.1472182283464567
0
LINE
8
BLACK
6
CONTINUOUS
10
-0.3467096062992126
20
0.1472182283464567
11
-0.3449214566929134
21
0.1460234251968504
0
LINE
8
BLACK
6
CONTINUOUS
10
-0.3449214566929134
20
0.1460234251968504
11
-0.3437266535433071
21
0.1442352755905512
0
LINE
8
BLACK
6
CONTINUOUS
10
-0.3437266535433071
20
0.1442352755905512
11
-0.3433070866141732
21
0.1421259842519685
0
LINE
8
BLACK
6
CONTINUOUS
10
-0.3433070866141732
20
0.1421259842519685
11
-0.3433070866141732
21
0.1287401574803149
0
LINE
8
BLACK
6
CONTINUOUS
10
-0.3433070866141732
20
0.1287401574803149
11
-0.3437266535433071
21
0.1266308661417323
0
LINE
8
BLACK
6
CONTINUOUS
10
-0.3437266535433071
20
0.1266308661417323
11
-0.3449214566929134
21
0.1248427165354331
0
LINE
8
BLACK
6
CONTINUOUS
10
-0.3449214566929134
20
0.1248427165354331
11
-0.3467096062992126
21
0.1236479133858268
0
LINE
8
BLACK
6
CONTINUOUS
10
-0.3467096062992126
20
0.1236479133858268
11
-0.3488188976377953
21
0.1232283464566929
0
LINE
8
BLACK
6
CONTINUOUS
10
-0.3488188976377953
20
0.1232283464566929
11
-0.3598425196850394
21
0.1232283464566929
0
LINE
8
BLACK
6
CONTINUOUS
10
-0.3598425196850394
20
0.1232283464566929
11
-0.3619518110236221
21
0.1236479133858268
0
LINE
8
BLACK
6
CONTINUOUS
10
-0.3619518110236221
20
0.1236479133858268
11
-0.3637399606299213
21
0.1248427165354331
0
LINE
8
BLACK
6
CONTINUOUS
10
-0.3637399606299213
20
0.1248427165354331
11
-0.3649347637795275
21
0.1266308661417323
0
LINE
8
BLACK
6
CONTINUOUS
10
-0.3649347637795275
20
0.1266308661417323
11
-0.3653543307086614
21
0.1287401574803149
0
LINE
8
BLACK
6
CONTINUOUS
10
-0.3653543307086614
20
0.1287401574803149
11
-0.3653543307086614
21
0.1421259842519685
0
LINE
8
BLACK
6
CONTINUOUS
10
-0.3653543307086614
20
0.1421259842519685
11
-0.3649347637795275
21
0.1442352755905512
0
LINE
8
BLACK
6
CONTINUOUS
10
-0.3649347637795275
20
0.1442352755905512
11
-0.3637399606299213
21
0.1460234251968504
0
LINE
8
BLACK
6
CONTINUOUS
10
-0.3637399606299213
20
0.1460234251968504
11
-0.3619518110236221
21
0.1472182283464567
0
LINE
8
BLACK
6
CONTINUOUS
10
-0.3619518110236221
20
0.1472182283464567
11
-0.3598425196850394
21
0.1476377952755905
0
LINE
8
BLACK
6
CONTINUOUS
10
-0.3598425196850394
20
0.1476377952755905
11
-0.3488188976377953
21
0.1476377952755905
0
LINE
8
BLACK
6
CONTINUOUS
10
-0.3488188976377953
20
0.1476377952755905
11
-0.3467096062992126
21
0.1472182283464567
0
LINE
8
BLACK
6
CONTINUOUS
10
-0.228055
20
0.1511252755905512
11
-0.2261391338582677
21
0.1498451181102362
0
LINE
8
BLACK
6
CONTINUOUS
10
-0.2261391338582677
20
0.1498451181102362
11
-0.2248589763779527
21
0.1479292519685039
0
LINE
8
BLACK
6
CONTINUOUS
10
-0.2248589763779527
20
0.1479292519685039
11
-0.2244094488188976
21
0.1456692913385827
0
LINE
8
BLACK
6
CONTINUOUS
10
-0.2244094488188976
20
0.1456692913385827
11
-0.2244094488188976
21
0.1338582677165354
0
LINE
8
BLACK
6
CONTINUOUS
10
-0.2244094488188976
20
0.1338582677165354
11
-0.2248589763779527
21
0.1315983070866142
0
LINE
8
BLACK
6
CONTINUOUS
10
-0.2248589763779527
20
0.1315983070866142
11
-0.2261391338582677
21
0.1296824409448819
0
LINE
8
BLACK
6
CONTINUOUS
10
-0.2261391338582677
20
0.1296824409448819
11
-0.228055
21
0.1284022834645669
0
LINE
8
BLACK
6
CONTINUOUS
10
-0.228055
20
0.1284022834645669
11
-0.2303149606299213
21
0.1279527559055118
0
LINE
8
BLACK
6
CONTINUOUS
10
-0.2303149606299213
20
0.1279527559055118
11
-0.2706692913385827
21
0.1279527559055118
0
LINE
8
BLACK
6
CONTINUOUS
10
-0.2706692913385827
20
0.1279527559055118
11
-0.2729292519685039
21
0.1284022834645669
0
LINE
8
BLACK
6
CONTINUOUS
10
-0.2729292519685039
20
0.1284022834645669
11
-0.2748451181102362
21
0.1296824409448819
0
LINE
8
BLACK
6
CONTINUOUS
10
-0.2748451181102362
20
0.1296824409448819
11
-0.2761252755905512
21
0.1315983070866142
0
LINE
8
BLACK
6
CONTINUOUS
10
-0.2761252755905512
20
0.1315983070866142
11
-0.2765748031496063
21
0.1338582677165354
0
LINE
8
BLACK
6
CONTINUOUS
10
-0.2765748031496063
20
0.1338582677165354
11
-0.2765748031496063
21
0.1456692913385827
0
LINE
8
BLACK
6
CONTINUOUS
10
-0.2765748031496063
20
0.1456692913385827
11
-0.2761252755905512
21
0.1479292519685039
0
LINE
8
BLACK
6
CONTINUOUS
10
-0.2761252755905512
20
0.1479292519685039
11
-0.2748451181102362
21
0.1498451181102362
0
LINE
8
BLACK
6
CONTINUOUS
10
-0.2748451181102362
20
0.1498451181102362
11
-0.2729292519685039
21
0.1511252755905512
0
LINE
8
BLACK
6
CONTINUOUS
10
-0.2729292519685039
20
0.1511252755905512
11
-0.2706692913385827
21
0.1515748031496063
0
LINE
8
BLACK
6
CONTINUOUS
10
-0.2706692913385827
20
0.1515748031496063
11
-0.2303149606299213
21
0.1515748031496063
0
LINE
8
BLACK
6
CONTINUOUS
10
-0.2303149606299213
20
0.1515748031496063
11
-0.228055
21
0.1511252755905512
0
LINE
8
BLACK
6
CONTINUOUS
10
-0.1157991732283465
20
0.1411138188976378
11
-0.1148412204724409
21
0.1404737401574803
0
LINE
8
BLACK
6
CONTINUOUS
10
-0.1148412204724409
20
0.1404737401574803
11
-0.1142011417322835
21
0.1395157874015748
0
LINE
8
BLACK
6
CONTINUOUS
10
-0.1142011417322835
20
0.1395157874015748
11
-0.1139763779527559
21
0.1383858267716535
0
LINE
8
BLACK
6
CONTINUOUS
10
-0.1139763779527559
20
0.1383858267716535
11
-0.1139763779527559
21
0.1324803149606299
0
LINE
8
BLACK
6
CONTINUOUS
10
-0.1139763779527559
20
0.1324803149606299
11
-0.1142011417322835
21
0.1313503543307087
0
LINE
8
BLACK
6
CONTINUOUS
10
-0.1142011417322835
20
0.1313503543307087
11
-0.1148412204724409
21
0.1303924015748031
0
LINE
8
BLACK
6
CONTINUOUS
10
-0.1148412204724409
20
0.1303924015748031
11
-0.1157991732283465
21
0.1297523228346457
0
LINE
8
BLACK
6
CONTINUOUS
10
-0.1157991732283465
20
0.1297523228346457
11
-0.1169291338582677
21
0.1295275590551181
0
LINE
8
BLACK
6
CONTINUOUS
10
-0.1169291338582677
20
0.1295275590551181
11
-0.1690944881889764
21
0.1295275590551181
0
LINE
8
BLACK
6
CONTINUOUS
10
-0.1690944881889764
20
0.1295275590551181
11
-0.1702244488188976
21
0.1297523228346457
0
LINE
8
BLACK
6
CONTINUOUS
10
-0.1702244488188976
20
0.1297523228346457
11
-0.1711824015748031
21
0.1303924015748031
0
LINE
8
BLACK
6
CONTINUOUS
10
-0.1711824015748031
20
0.1303924015748031
11
-0.1718224803149606
21
0.1313503543307087
0
LINE
8
BLACK
6
CONTINUOUS
10
-0.1718224803149606
20
0.1313503543307087
11
-0.1720472440944882
21
0.1324803149606299
0
LINE
8
BLACK
6
CONTINUOUS
10
-0.1720472440944882
20
0.1324803149606299
11
-0.1720472440944882
21
0.1383858267716535
0
LINE
8
BLACK
6
CONTINUOUS
10
-0.1720472440944882
20
0.1383858267716535
11
-0.1718224803149606
21
0.1395157874015748
0
LINE
8
BLACK
6
CONTINUOUS
10
-0.1718224803149606
20
0.1395157874015748
11
-0.1711824015748031
21
0.1404737401574803
0
LINE
8
BLACK
6
CONTINUOUS
10
-0.1711824015748031
20
0.1404737401574803
11
-0.1702244488188976
21
0.1411138188976378
0
LINE
8
BLACK
6
CONTINUOUS
10
-0.1702244488188976
20
0.1411138188976378
11
-0.1690944881889764
21
0.1413385826771653
0
LINE
8
BLACK
6
CONTINUOUS
10
-0.1690944881889764
20
0.1413385826771653
11
-0.1169291338582677
21
0.1413385826771653
0
LINE
8
BLACK
6
CONTINUOUS
10
-0.1169291338582677
20
0.1413385826771653
11
-0.1157991732283465
21
0.1411138188976378
0
LINE
8
BLACK
6
CONTINUOUS
10
0.2119567322834646
20
0.1411138188976378
11
0.2129146850393701
21
0.1404737401574803
0
LINE
8
BLACK
6
CONTINUOUS
10
0.2129146850393701
20
0.1404737401574803
11
0.2135547637795276
21
0.1395157874015748
0
LINE
8
BLACK
6
CONTINUOUS
10
0.2135547637795276
20
0.1395157874015748
11
0.2137795275590551
21
0.1383858267716535
0
LINE
8
BLACK
6
CONTINUOUS
10
0.2137795275590551
20
0.1383858267716535
11
0.2137795275590551
21
0.1324803149606299
0
LINE
8
BLACK
6
CONTINUOUS
10
0.2137795275590551
20
0.1324803149606299
11
0.2135547637795276
21
0.1313503543307087
0
LINE
8
BLACK
6
CONTINUOUS
10
0.2135547637795276
20
0.1313503543307087
11
0.2129146850393701
21
0.1303924015748031
0
LINE
8
BLACK
6
CONTINUOUS
10
0.2129146850393701
20
0.1303924015748031
11
0.2119567322834646
21
0.1297523228346457
0
LINE
8
BLACK
6
CONTINUOUS
10
0.2119567322834646
20
0.1297523228346457
11
0.2108267716535433
21
0.1295275590551181
0
LINE
8
BLACK
6
CONTINUOUS
10
0.2108267716535433
20
0.1295275590551181
11
0.1586614173228346
21
0.1295275590551181
0
LINE
8
BLACK
6
CONTINUOUS
10
0.1586614173228346
20
0.1295275590551181
11
0.1575314566929134
21
0.1297523228346457
0
LINE
8
BLACK
6
CONTINUOUS
10
0.1575314566929134
20
0.1297523228346457
11
0.1565735039370079
21
0.1303924015748031
0
LINE
8
BLACK
6
CONTINUOUS
10
0.1565735039370079
20
0.1303924015748031
11
0.1559334251968504
21
0.1313503543307087
0
LINE
8
BLACK
6
CONTINUOUS
10
0.1559334251968504
20
0.1313503543307087
11
0.1557086614173228
21
0.1324803149606299
0
LINE
8
BLACK
6
CONTINUOUS
10
0.1557086614173228
20
0.1324803149606299
11
0.1557086614173228
21
0.1383858267716535
0
LINE
8
BLACK
6
CONTINUOUS
10
0.1557086614173228
20
0.1383858267716535
11
0.1559334251968504
21
0.1395157874015748
0
LINE
8
BLACK
6
CONTINUOUS
10
0.1559334251968504
20
0.1395157874015748
11
0.1565735039370079
21
0.1404737401574803
0
LINE
8
BLACK
6
CONTINUOUS
10
0.1565735039370079
20
0.1404737401574803
11
0.1575314566929134
21
0.1411138188976378
0
LINE
8
BLACK
6
CONTINUOUS
10
0.1575314566929134
20
0.1411138188976378
11
0.1586614173228346
21
0.1413385826771653
0
LINE
8
BLACK
6
CONTINUOUS
10
0.1586614173228346
20
0.1413385826771653
11
0.2108267716535433
21
0.1413385826771653
0
LINE
8
BLACK
6
CONTINUOUS
10
0.2108267716535433
20
0.1413385826771653
11
0.2119567322834646
21
0.1411138188976378
0
LINE
8
BLACK
6
CONTINUOUS
10
0.2683725196850394
20
0.1688867716535433
11
0.270096811023622
21
0.1677346062992126
0
LINE
8
BLACK
6
CONTINUOUS
10
0.270096811023622
20
0.1677346062992126
11
0.2712489763779528
21
0.1660103149606299
0
LINE
8
BLACK
6
CONTINUOUS
10
0.2712489763779528
20
0.1660103149606299
11
0.2716535433070866
21
0.1639763779527559
0
LINE
8
BLACK
6
CONTINUOUS
10
0.2716535433070866
20
0.1639763779527559
11
0.2716535433070866
21
0.1494094488188976
0
LINE
8
BLACK
6
CONTINUOUS
10
0.2716535433070866
20
0.1494094488188976
11
0.2712489763779528
21
0.1473755118110236
0
LINE
8
BLACK
6
CONTINUOUS
10
0.2712489763779528
20
0.1473755118110236
11
0.270096811023622
21
0.1456512204724409
0
LINE
8
BLACK
6
CONTINUOUS
10
0.270096811023622
20
0.1456512204724409
11
0.2683725196850394
21
0.1444990551181102
0
LINE
8
BLACK
6
CONTINUOUS
10
0.2683725196850394
20
0.1444990551181102
11
0.2663385826771654
21
0.1440944881889764
0
LINE
8
BLACK
6
CONTINUOUS
10
0.2663385826771654
20
0.1440944881889764
11
0.2557086614173228
21
0.1440944881889764
0
LINE
8
BLACK
6
CONTINUOUS
10
0.2557086614173228
20
0.1440944881889764
11
0.2536747244094488
21
0.1444990551181102
0
LINE
8
BLACK
6
CONTINUOUS
10
0.2536747244094488
20
0.1444990551181102
11
0.2519504330708661
21
0.1456512204724409
0
LINE
8
BLACK
6
CONTINUOUS
10
0.2519504330708661
20
0.1456512204724409
11
0.2507982677165354
21
0.1473755118110236
0
LINE
8
BLACK
6
CONTINUOUS
10
0.2507982677165354
20
0.1473755118110236
11
0.2503937007874016
21
0.1494094488188976
0
LINE
8
BLACK
6
CONTINUOUS
10
0.2503937007874016
20
0.1494094488188976
11
0.2503937007874016
21
0.1639763779527559
0
LINE
8
BLACK
6
CONTINUOUS
10
0.2503937007874016
20
0.1639763779527559
11
0.2507982677165354
21
0.1660103149606299
0
LINE
8
BLACK
6
CONTINUOUS
10
0.2507982677165354
20
0.1660103149606299
11
0.2519504330708661
21
0.1677346062992126
0
LINE
8
BLACK
6
CONTINUOUS
10
0.2519504330708661
20
0.1677346062992126
11
0.2536747244094488
21
0.1688867716535433
0
LINE
8
BLACK
6
CONTINUOUS
10
0.2536747244094488
20
0.1688867716535433
11
0.2557086614173228
21
0.1692913385826772
0
LINE
8
BLACK
6
CONTINUOUS
10
0.2557086614173228
20
0.1692913385826772
11
0.2663385826771654
21
0.1692913385826772
0
LINE
8
BLACK
6
CONTINUOUS
10
0.2663385826771654
20
0.1692913385826772
11
0.2683725196850394
21
0.1688867716535433
0
LINE
8
BLACK
6
CONTINUOUS
10
0.30853
20
0.1688867716535433
11
0.3102542913385827
21
0.1677346062992126
0
LINE
8
BLACK
6
CONTINUOUS
10
0.3102542913385827
20
0.1677346062992126
11
0.3114064566929134
21
0.1660103149606299
0
LINE
8
BLACK
6
CONTINUOUS
10
0.3114064566929134
20
0.1660103149606299
11
0.3118110236220472
21
0.1639763779527559
0
LINE
8
BLACK
6
CONTINUOUS
10
0.3118110236220472
20
0.1639763779527559
11
0.3118110236220472
21
0.1494094488188976
0
LINE
8
BLACK
6
CONTINUOUS
10
0.3118110236220472
20
0.1494094488188976
11
0.3114064566929134
21
0.1473755118110236
0
LINE
8
BLACK
6
CONTINUOUS
10
0.3114064566929134
20
0.1473755118110236
11
0.3102542913385827
21
0.1456512204724409
0
LINE
8
BLACK
6
CONTINUOUS
10
0.3102542913385827
20
0.1456512204724409
11
0.30853
21
0.1444990551181102
0
LINE
8
BLACK
6
CONTINUOUS
10
0.30853
20
0.1444990551181102
11
0.306496062992126
21
0.1440944881889764
0
LINE
8
BLACK
6
CONTINUOUS
10
0.306496062992126
20
0.1440944881889764
11
0.2958661417322835
21
0.1440944881889764
0
LINE
8
BLACK
6
CONTINUOUS
10
0.2958661417322835
20
0.1440944881889764
11
0.2938322047244095
21
0.1444990551181102
0
LINE
8
BLACK
6
CONTINUOUS
10
0.2938322047244095
20
0.1444990551181102
11
0.2921079133858268
21
0.1456512204724409
0
LINE
8
BLACK
6
CONTINUOUS
10
0.2921079133858268
20
0.1456512204724409
11
0.290955748031496
21
0.1473755118110236
0
LINE
8
BLACK
6
CONTINUOUS
10
0.290955748031496
20
0.1473755118110236
11
0.2905511811023622
21
0.1494094488188976
0
LINE
8
BLACK
6
CONTINUOUS
10
0.2905511811023622
20
0.1494094488188976
11
0.2905511811023622
21
0.1639763779527559
0
LINE
8
BLACK
6
CONTINUOUS
10
0.2905511811023622
20
0.1639763779527559
11
0.290955748031496
21
0.1660103149606299
0
LINE
8
BLACK
6
CONTINUOUS
10
0.290955748031496
20
0.1660103149606299
11
0.2921079133858268
21
0.1677346062992126
0
LINE
8
BLACK
6
CONTINUOUS
10
0.2921079133858268
20
0.1677346062992126
11
0.2938322047244095
21
0.1688867716535433
0
LINE
8
BLACK
6
CONTINUOUS
10
0.2938322047244095
20
0.1688867716535433
11
0.2958661417322835
21
0.1692913385826772
0
LINE
8
BLACK
6
CONTINUOUS
10
0.2958661417322835
20
0.1692913385826772
11
0.306496062992126
21
0.1692913385826772
0
LINE
8
BLACK
6
CONTINUOUS
10
0.306496062992126
20
0.1692913385826772
11
0.30853
21
0.1688867716535433
0
LINE
8
BLACK
6
CONTINUOUS
10
0.3644355118110236
20
0.1716426771653543
11
0.3661598031496063
21
0.1704905118110236
0
LINE
8
BLACK
6
CONTINUOUS
10
0.3661598031496063
20
0.1704905118110236
11
0.367311968503937
21
0.1687662204724409
0
LINE
8
BLACK
6
CONTINUOUS
10
0.367311968503937
20
0.1687662204724409
11
0.3677165354330709
21
0.1667322834645669
0
LINE
8
BLACK
6
CONTINUOUS
10
0.3677165354330709
20
0.1667322834645669
11
0.3677165354330709
21
0.1521653543307087
0
LINE
8
BLACK
6
CONTINUOUS
10
0.3677165354330709
20
0.1521653543307087
11
0.367311968503937
21
0.1501314173228346
0
LINE
8
BLACK
6
CONTINUOUS
10
0.367311968503937
20
0.1501314173228346
11
0.3661598031496063
21
0.148407125984252
0
LINE
8
BLACK
6
CONTINUOUS
10
0.3661598031496063
20
0.148407125984252
11
0.3644355118110236
21
0.1472549606299212
0
LINE
8
BLACK
6
CONTINUOUS
10
0.3644355118110236
20
0.1472549606299212
11
0.3624015748031496
21
0.1468503937007874
0
LINE
8
BLACK
6
CONTINUOUS
10
0.3624015748031496
20
0.1468503937007874
11
0.3517716535433071
21
0.1468503937007874
0
LINE
8
BLACK
6
CONTINUOUS
10
0.3517716535433071
20
0.1468503937007874
11
0.3497377165354331
21
0.1472549606299212
0
LINE
8
BLACK
6
CONTINUOUS
10
0.3497377165354331
20
0.1472549606299212
11
0.3480134251968504
21
0.148407125984252
0
LINE
8
BLACK
6
CONTINUOUS
10
0.3480134251968504
20
0.148407125984252
11
0.3468612598425197
21
0.1501314173228346
0
LINE
8
BLACK
6
CONTINUOUS
10
0.3468612598425197
20
0.1501314173228346
11
0.3464566929133858
21
0.1521653543307087
0
LINE
8
BLACK
6
CONTINUOUS
10
0.3464566929133858
20
0.1521653543307087
11
0.3464566929133858
21
0.1667322834645669
0
LINE
8
BLACK
6
CONTINUOUS
10
0.3464566929133858
20
0.1667322834645669
11
0.3468612598425197
21
0.1687662204724409
0
LINE
8
BLACK
6
CONTINUOUS
10
0.3468612598425197
20
0.1687662204724409
11
0.3480134251968504
21
0.1704905118110236
0
LINE
8
BLACK
6
CONTINUOUS
10
0.3480134251968504
20
0.1704905118110236
11
0.3497377165354331
21
0.1716426771653543
0
LINE
8
BLACK
6
CONTINUOUS
10
0.3497377165354331
20
0.1716426771653543
11
0.3517716535433071
21
0.1720472440944882
0
LINE
8
BLACK
6
CONTINUOUS
10
0.3517716535433071
20
0.1720472440944882
11
0.3624015748031496
21
0.1720472440944882
0
LINE
8
BLACK
6
CONTINUOUS
10
0.3624015748031496
20
0.1720472440944882
11
0.3644355118110236
21
0.1716426771653543
0
LINE
8
BLACK
6
CONTINUOUS
10
0.4045929921259843
20
0.1716426771653543
11
0.4063172834645669
21
0.1704905118110236
0
LINE
8
BLACK
6
CONTINUOUS
10
0.4063172834645669
20
0.1704905118110236
11
0.4074694488188976
21
0.1687662204724409
0
LINE
8
BLACK
6
CONTINUOUS
10
0.4074694488188976
20
0.1687662204724409
11
0.4078740157480315
21
0.1667322834645669
0
LINE
8
BLACK
6
CONTINUOUS
10
0.4078740157480315
20
0.1667322834645669
11
0.4078740157480315
21
0.1521653543307087
0
LINE
8
BLACK
6
CONTINUOUS
10
0.4078740157480315
20
0.1521653543307087
11
0.4074694488188976
21
0.1501314173228346
0
LINE
8
BLACK
6
CONTINUOUS
10
0.4074694488188976
20
0.1501314173228346
11
0.4063172834645669
21
0.148407125984252
0
LINE
8
BLACK
6
CONTINUOUS
10
0.4063172834645669
20
0.148407125984252
11
0.4045929921259843
21
0.1472549606299212
0
LINE
8
BLACK
6
CONTINUOUS
10
0.4045929921259843
20
0.1472549606299212
11
0.4025590551181102
21
0.1468503937007874
0
LINE
8
BLACK
6
CONTINUOUS
10
0.4025590551181102
20
0.1468503937007874
11
0.3919291338582677
21
0.1468503937007874
0
LINE
8
BLACK
6
CONTINUOUS
10
0.3919291338582677
20
0.1468503937007874
11
0.3898951968503937
21
0.1472549606299212
0
LINE
8
BLACK
6
CONTINUOUS
10
0.3898951968503937
20
0.1472549606299212
11
0.388170905511811
21
0.148407125984252
0
LINE
8
BLACK
6
CONTINUOUS
10
0.388170905511811
20
0.148407125984252
11
0.3870187401574803
21
0.1501314173228346
0
LINE
8
BLACK
6
CONTINUOUS
10
0.3870187401574803
20
0.1501314173228346
11
0.3866141732283465
21
0.1521653543307087
0
LINE
8
BLACK
6
CONTINUOUS
10
0.3866141732283465
20
0.1521653543307087
11
0.3866141732283465
21
0.1667322834645669
0
LINE
8
BLACK
6
CONTINUOUS
10
0.3866141732283465
20
0.1667322834645669
11
0.3870187401574803
21
0.1687662204724409
0
LINE
8
BLACK
6
CONTINUOUS
10
0.3870187401574803
20
0.1687662204724409
11
0.388170905511811
21
0.1704905118110236
0
LINE
8
BLACK
6
CONTINUOUS
10
0.388170905511811
20
0.1704905118110236
11
0.3898951968503937
21
0.1716426771653543
0
LINE
8
BLACK
6
CONTINUOUS
10
0.3898951968503937
20
0.1716426771653543
11
0.3919291338582677
21
0.1720472440944882
0
LINE
8
BLACK
6
CONTINUOUS
10
0.3919291338582677
20
0.1720472440944882
11
0.4025590551181102
21
0.1720472440944882
0
LINE
8
BLACK
6
CONTINUOUS
10
0.4025590551181102
20
0.1720472440944882
11
0.4045929921259843
21
0.1716426771653543
0
LINE
8
BLACK
6
CONTINUOUS
10
-0.6342416141732283
20
0.1895953543307086
11
-0.629277874015748
21
0.1882653543307087
0
LINE
8
BLACK
6
CONTINUOUS
10
-0.629277874015748
20
0.1882653543307087
11
-0.6248275196850394
21
0.1856959448818898
0
LINE
8
BLACK
6
CONTINUOUS
10
-0.6248275196850394
20
0.1856959448818898
11
-0.6211938188976378
21
0.1820622440944882
0
LINE
8
BLACK
6
CONTINUOUS
10
-0.6211938188976378
20
0.1820622440944882
11
-0.6186244094488189
21
0.1776118897637795
0
LINE
8
BLACK
6
CONTINUOUS
10
-0.6186244094488189
20
0.1776118897637795
11
-0.6172944094488189
21
0.1726481496062992
0
LINE
8
BLACK
6
CONTINUOUS
10
-0.6172944094488189
20
0.1726481496062992
11
-0.6172944094488189
21
0.1675093307086614
0
LINE
8
BLACK
6
CONTINUOUS
10
-0.6172944094488189
20
0.1675093307086614
11
-0.6186244094488189
21
0.1625455905511811
0
LINE
8
BLACK
6
CONTINUOUS
10
-0.6186244094488189
20
0.1625455905511811
11
-0.6211938188976378
21
0.1580952362204724
0
LINE
8
BLACK
6
CONTINUOUS
10
-0.6211938188976378
20
0.1580952362204724
11
-0.6248275196850394
21
0.1544615354330709
0
LINE
8
BLACK
6
CONTINUOUS
10
-0.6248275196850394
20
0.1544615354330709
11
-0.629277874015748
21
0.151892125984252
0
LINE
8
BLACK
6
CONTINUOUS
10
-0.629277874015748
20
0.151892125984252
11
-0.6342416141732283
21
0.150562125984252
0
LINE
8
BLACK
6
CONTINUOUS
10
-0.6342416141732283
20
0.150562125984252
11
-0.6368110236220472
21
0.1503937007874016
0
LINE
8
BLACK
6
CONTINUOUS
10
-0.6368110236220472
20
0.1503937007874016
11
-0.6683070866141733
21
0.1503937007874016
0
LINE
8
BLACK
6
CONTINUOUS
10
-0.6683070866141733
20
0.1503937007874016
11
-0.6708764960629922
21
0.150562125984252
0
LINE
8
BLACK
6
CONTINUOUS
10
-0.6708764960629922
20
0.150562125984252
11
-0.6758402362204724
21
0.151892125984252
0
LINE
8
BLACK
6
CONTINUOUS
10
-0.6758402362204724
20
0.151892125984252
11
-0.6802905905511811
21
0.1544615354330709
0
LINE
8
BLACK
6
CONTINUOUS
10
-0.6802905905511811
20
0.1544615354330709
11
-0.6839242913385827
21
0.1580952362204724
0
LINE
8
BLACK
6
CONTINUOUS
10
-0.6839242913385827
20
0.1580952362204724
11
-0.6864937007874016
21
0.1625455905511811
0
LINE
8
BLACK
6
CONTINUOUS
10
-0.6864937007874016
20
0.1625455905511811
11
-0.6878237007874015
21
0.1675093307086614
0
LINE
8
BLACK
6
CONTINUOUS
10
-0.6878237007874015
20
0.1675093307086614
11
-0.6878237007874015
21
0.1726481496062992
0
LINE
8
BLACK
6
CONTINUOUS
10
-0.6878237007874015
20
0.1726481496062992
11
-0.6864937007874016
21
0.1776118897637795
0
LINE
8
BLACK
6
CONTINUOUS
10
-0.6864937007874016
20
0.1776118897637795
11
-0.6839242913385827
21
0.1820622440944882
0
LINE
8
BLACK
6
CONTINUOUS
10
-0.6839242913385827
20
0.1820622440944882
11
-0.6802905905511811
21
0.1856959448818898
0
LINE
8
BLACK
6
CONTINUOUS
10
-0.6802905905511811
20
0.1856959448818898
11
-0.6758402362204724
21
0.1882653543307087
0
LINE
8
BLACK
6
CONTINUOUS
10
-0.6758402362204724
20
0.1882653543307087
11
-0.6708764960629922
21
0.1895953543307086
0
LINE
8
BLACK
6
CONTINUOUS
10
-0.6708764960629922
20
0.1895953543307086
11
-0.6683070866141733
21
0.189763779527559
0
LINE
8
BLACK
6
CONTINUOUS
10
-0.6683070866141733
20
0.189763779527559
11
-0.6368110236220472
21
0.189763779527559
0
LINE
8
BLACK
6
CONTINUOUS
10
-0.6368110236220472
20
0.189763779527559
11
-0.6342416141732283
21
0.1895953543307086
0
LINE
8
BLACK
6
CONTINUOUS
10
-0.4637691732283464
20
0.1895953543307086
11
-0.4588054330708661
21
0.1882653543307087
0
LINE
8
BLACK
6
CONTINUOUS
10
-0.4588054330708661
20
0.1882653543307087
11
-0.4543550787401575
21
0.1856959448818898
0
LINE
8
BLACK
6
CONTINUOUS
10
-0.4543550787401575
20
0.1856959448818898
11
-0.4507213779527559
21
0.1820622440944882
0
LINE
8
BLACK
6
CONTINUOUS
10
-0.4507213779527559
20
0.1820622440944882
11
-0.448151968503937
21
0.1776118897637795
0
LINE
8
BLACK
6
CONTINUOUS
10
-0.448151968503937
20
0.1776118897637795
11
-0.446821968503937
21
0.1726481496062992
0
LINE
8
BLACK
6
CONTINUOUS
10
-0.446821968503937
20
0.1726481496062992
11
-0.446821968503937
21
0.1675093307086614
0
LINE
8
BLACK
6
CONTINUOUS
10
-0.446821968503937
20
0.1675093307086614
11
-0.448151968503937
21
0.1625455905511811
0
LINE
8
BLACK
6
CONTINUOUS
10
-0.448151968503937
20
0.1625455905511811
11
-0.4507213779527559
21
0.1580952362204724
0
LINE
8
BLACK
6
CONTINUOUS
10
-0.4507213779527559
20
0.1580952362204724
11
-0.4543550787401575
21
0.1544615354330709
0
LINE
8
BLACK
6
CONTINUOUS
10
-0.4543550787401575
20
0.1544615354330709
11
-0.4588054330708661
21
0.151892125984252
0
LINE
8
BLACK
6
CONTINUOUS
10
-0.4588054330708661
20
0.151892125984252
11
-0.4637691732283464
21
0.150562125984252
0
LINE
8
BLACK
6
CONTINUOUS
10
-0.4637691732283464
20
0.150562125984252
11
-0.4663385826771653
21
0.1503937007874016
0
LINE
8
BLACK
6
CONTINUOUS
10
-0.4663385826771653
20
0.1503937007874016
11
-0.5096456692913386
21
0.1503937007874016
0
LINE
8
BLACK
6
CONTINUOUS
10
-0.5096456692913386
20
0.1503937007874016
11
-0.5122150787401575
21
0.150562125984252
0
LINE
8
BLACK
6
CONTINUOUS
10
-0.5122150787401575
20
0.150562125984252
11
-0.5171788188976378
21
0.151892125984252
0
LINE
8
BLACK
6
CONTINUOUS
10
-0.5171788188976378
20
0.151892125984252
11
-0.5216291732283465
21
0.1544615354330709
0
LINE
8
BLACK
6
CONTINUOUS
10
-0.5216291732283465
20
0.1544615354330709
11
-0.525262874015748
21
0.1580952362204724
0
LINE
8
BLACK
6
CONTINUOUS
10
-0.525262874015748
20
0.1580952362204724
11
-0.5278322834645669
21
0.1625455905511811
0
LINE
8
BLACK
6
CONTINUOUS
10
-0.5278322834645669
20
0.1625455905511811
11
-0.529162283464567
21
0.1675093307086614
0
LINE
8
BLACK
6
CONTINUOUS
10
-0.529162283464567
20
0.1675093307086614
11
-0.529162283464567
21
0.1726481496062992
0
LINE
8
BLACK
6
CONTINUOUS
10
-0.529162283464567
20
0.1726481496062992
11
-0.5278322834645669
21
0.1776118897637795
0
LINE
8
BLACK
6
CONTINUOUS
10
-0.5278322834645669
20
0.1776118897637795
11
-0.525262874015748
21
0.1820622440944882
0
LINE
8
BLACK
6
CONTINUOUS
10
-0.525262874015748
20
0.1820622440944882
11
-0.5216291732283465
21
0.1856959448818898
0
LINE
8
BLACK
6
CONTINUOUS
10
-0.5216291732283465
20
0.1856959448818898
11
-0.5171788188976378
21
0.1882653543307087
0
LINE
8
BLACK
6
CONTINUOUS
10
-0.5171788188976378
20
0.1882653543307087
11
-0.5122150787401575
21
0.1895953543307086
0
LINE
8
BLACK
6
CONTINUOUS
10
-0.5122150787401575
20
0.1895953543307086
11
-0.5096456692913386
21
0.189763779527559
0
LINE
8
BLACK
6
CONTINUOUS
10
-0.5096456692913386
20
0.189763779527559
11
-0.4663385826771653
21
0.189763779527559
0
LINE
8
BLACK
6
CONTINUOUS
10
-0.4663385826771653
20
0.189763779527559
11
-0.4637691732283464
21
0.1895953543307086
0
LINE
8
BLACK
6
CONTINUOUS
10
-0.0833188582677165
20
0.2198539763779528
11
-0.082360905511811
21
0.2192138976377953
0
LINE
8
BLACK
6
CONTINUOUS
10
-0.082360905511811
20
0.2192138976377953
11
-0.0817208267716535
21
0.2182559448818898
0
LINE
8
BLACK
6
CONTINUOUS
10
-0.0817208267716535
20
0.2182559448818898
11
-0.081496062992126
21
0.2171259842519685
0
LINE
8
BLACK
6
CONTINUOUS
10
-0.081496062992126
20
0.2171259842519685
11
-0.081496062992126
21
0.1649606299212598
0
LINE
8
BLACK
6
CONTINUOUS
10
-0.081496062992126
20
0.1649606299212598
11
-0.0817208267716535
21
0.1638306692913386
0
LINE
8
BLACK
6
CONTINUOUS
10
-0.0817208267716535
20
0.1638306692913386
11
-0.082360905511811
21
0.1628727165354331
0
LINE
8
BLACK
6
CONTINUOUS
10
-0.082360905511811
20
0.1628727165354331
11
-0.0833188582677165
21
0.1622326377952756
0
LINE
8
BLACK
6
CONTINUOUS
10
-0.0833188582677165
20
0.1622326377952756
11
-0.0844488188976378
21
0.162007874015748
0
LINE
8
BLACK
6
CONTINUOUS
10
-0.0844488188976378
20
0.162007874015748
11
-0.0903543307086614
21
0.162007874015748
0
LINE
8
BLACK
6
CONTINUOUS
10
-0.0903543307086614
20
0.162007874015748
11
-0.0914842913385827
21
0.1622326377952756
0
LINE
8
BLACK
6
CONTINUOUS
10
-0.0914842913385827
20
0.1622326377952756
11
-0.0924422440944882
21
0.1628727165354331
0
LINE
8
BLACK
6
CONTINUOUS
10
-0.0924422440944882
20
0.1628727165354331
11
-0.0930823228346457
21
0.1638306692913386
0
LINE
8
BLACK
6
CONTINUOUS
10
-0.0930823228346457
20
0.1638306692913386
11
-0.0933070866141732
21
0.1649606299212598
0
LINE
8
BLACK
6
CONTINUOUS
10
-0.0933070866141732
20
0.1649606299212598
11
-0.0933070866141732
21
0.2171259842519685
0
LINE
8
BLACK
6
CONTINUOUS
10
-0.0933070866141732
20
0.2171259842519685
11
-0.0930823228346457
21
0.2182559448818898
0
LINE
8
BLACK
6
CONTINUOUS
10
-0.0930823228346457
20
0.2182559448818898
11
-0.0924422440944882
21
0.2192138976377953
0
LINE
8
BLACK
6
CONTINUOUS
10
-0.0924422440944882
20
0.2192138976377953
11
-0.0914842913385827
21
0.2198539763779528
0
LINE
8
BLACK
6
CONTINUOUS
10
-0.0914842913385827
20
0.2198539763779528
11
-0.0903543307086614
21
0.2200787401574803
0
LINE
8
BLACK
6
CONTINUOUS
10
-0.0903543307086614
20
0.2200787401574803
11
-0.0844488188976378
21
0.2200787401574803
0
LINE
8
BLACK
6
CONTINUOUS
10
-0.0844488188976378
20
0.2200787401574803
11
-0.0833188582677165
21
0.2198539763779528
0
LINE
8
BLACK
6
CONTINUOUS
10
-0.0636338188976378
20
0.2198539763779528
11
-0.0626758661417323
21
0.2192138976377953
0
LINE
8
BLACK
6
CONTINUOUS
10
-0.0626758661417323
20
0.2192138976377953
11
-0.0620357874015748
21
0.2182559448818898
0
LINE
8
BLACK
6
CONTINUOUS
10
-0.0620357874015748
20
0.2182559448818898
11
-0.0618110236220472
21
0.2171259842519685
0
LINE
8
BLACK
6
CONTINUOUS
10
-0.0618110236220472
20
0.2171259842519685
11
-0.0618110236220472
21
0.1649606299212598
0
LINE
8
BLACK
6
CONTINUOUS
10
-0.0618110236220472
20
0.1649606299212598
11
-0.0620357874015748
21
0.1638306692913386
0
LINE
8
BLACK
6
CONTINUOUS
10
-0.0620357874015748
20
0.1638306692913386
11
-0.0626758661417323
21
0.1628727165354331
0
LINE
8
BLACK
6
CONTINUOUS
10
-0.0626758661417323
20
0.1628727165354331
11
-0.0636338188976378
21
0.1622326377952756
0
LINE
8
BLACK
6
CONTINUOUS
10
-0.0636338188976378
20
0.1622326377952756
11
-0.0647637795275591
21
0.162007874015748
0
LINE
8
BLACK
6
CONTINUOUS
10
-0.0647637795275591
20
0.162007874015748
11
-0.0706692913385827
21
0.162007874015748
0
LINE
8
BLACK
6
CONTINUOUS
10
-0.0706692913385827
20
0.162007874015748
11
-0.0717992519685039
21
0.1622326377952756
0
LINE
8
BLACK
6
CONTINUOUS
10
-0.0717992519685039
20
0.1622326377952756
11
-0.0727572047244094
21
0.1628727165354331
0
LINE
8
BLACK
6
CONTINUOUS
10
-0.0727572047244094
20
0.1628727165354331
11
-0.0733972834645669
21
0.1638306692913386
0
LINE
8
BLACK
6
CONTINUOUS
10
-0.0733972834645669
20
0.1638306692913386
11
-0.0736220472440945
21
0.1649606299212598
0
LINE
8
BLACK
6
CONTINUOUS
10
-0.0736220472440945
20
0.1649606299212598
11
-0.0736220472440945
21
0.2171259842519685
0
LINE
8
BLACK
6
CONTINUOUS
10
-0.0736220472440945
20
0.2171259842519685
11
-0.0733972834645669
21
0.2182559448818898
0
LINE
8
BLACK
6
CONTINUOUS
10
-0.0733972834645669
20
0.2182559448818898
11
-0.0727572047244094
21
0.2192138976377953
0
LINE
8
BLACK
6
CONTINUOUS
10
-0.0727572047244094
20
0.2192138976377953
11
-0.0717992519685039
21
0.2198539763779528
0
LINE
8
BLACK
6
CONTINUOUS
10
-0.0717992519685039
20
0.2198539763779528
11
-0.0706692913385827
21
0.2200787401574803
0
LINE
8
BLACK
6
CONTINUOUS
10
-0.0706692913385827
20
0.2200787401574803
11
-0.0647637795275591
21
0.2200787401574803
0
LINE
8
BLACK
6
CONTINUOUS
10
-0.0647637795275591
20
0.2200787401574803
11
-0.0636338188976378
21
0.2198539763779528
0
LINE
8
BLACK
6
CONTINUOUS
10
-0.0439487795275591
20
0.2198539763779528
11
-0.0429908267716535
21
0.2192138976377953
0
LINE
8
BLACK
6
CONTINUOUS
10
-0.0429908267716535
20
0.2192138976377953
11
-0.0423507480314961
21
0.2182559448818898
0
LINE
8
BLACK
6
CONTINUOUS
10
-0.0423507480314961
20
0.2182559448818898
11
-0.0421259842519685
21
0.2171259842519685
0
LINE
8
BLACK
6
CONTINUOUS
10
-0.0421259842519685
20
0.2171259842519685
11
-0.0421259842519685
21
0.1649606299212598
0
LINE
8
BLACK
6
CONTINUOUS
10
-0.0421259842519685
20
0.1649606299212598
11
-0.0423507480314961
21
0.1638306692913386
0
LINE
8
BLACK
6
CONTINUOUS
10
-0.0423507480314961
20
0.1638306692913386
11
-0.0429908267716535
21
0.1628727165354331
0
LINE
8
BLACK
6
CONTINUOUS
10
-0.0429908267716535
20
0.1628727165354331
11
-0.0439487795275591
21
0.1622326377952756
0
LINE
8
BLACK
6
CONTINUOUS
10
-0.0439487795275591
20
0.1622326377952756
11
-0.0450787401574803
21
0.162007874015748
0
LINE
8
BLACK
6
CONTINUOUS
10
-0.0450787401574803
20
0.162007874015748
11
-0.0509842519685039
21
0.162007874015748
0
LINE
8
BLACK
6
CONTINUOUS
10
-0.0509842519685039
20
0.162007874015748
11
-0.0521142125984252
21
0.1622326377952756
0
LINE
8
BLACK
6
CONTINUOUS
10
-0.0521142125984252
20
0.1622326377952756
11
-0.0530721653543307
21
0.1628727165354331
0
LINE
8
BLACK
6
CONTINUOUS
10
-0.0530721653543307
20
0.1628727165354331
11
-0.0537122440944882
21
0.1638306692913386
0
LINE
8
BLACK
6
CONTINUOUS
10
-0.0537122440944882
20
0.1638306692913386
11
-0.0539370078740157
21
0.1649606299212598
0
LINE
8
BLACK
6
CONTINUOUS
10
-0.0539370078740157
20
0.1649606299212598
11
-0.0539370078740157
21
0.2171259842519685
0
LINE
8
BLACK
6
CONTINUOUS
10
-0.0539370078740157
20
0.2171259842519685
11
-0.0537122440944882
21
0.2182559448818898
0
LINE
8
BLACK
6
CONTINUOUS
10
-0.0537122440944882
20
0.2182559448818898
11
-0.0530721653543307
21
0.2192138976377953
0
LINE
8
BLACK
6
CONTINUOUS
10
-0.0530721653543307
20
0.2192138976377953
11
-0.0521142125984252
21
0.2198539763779528
0
LINE
8
BLACK
6
CONTINUOUS
10
-0.0521142125984252
20
0.2198539763779528
11
-0.0509842519685039
21
0.2200787401574803
0
LINE
8
BLACK
6
CONTINUOUS
10
-0.0509842519685039
20
0.2200787401574803
11
-0.0450787401574803
21
0.2200787401574803
0
LINE
8
BLACK
6
CONTINUOUS
10
-0.0450787401574803
20
0.2200787401574803
11
-0.0439487795275591
21
0.2198539763779528
0
LINE
8
BLACK
6
CONTINUOUS
10
-0.0242637007874016
20
0.2198539763779528
11
-0.0233057480314961
21
0.2192138976377953
0
LINE
8
BLACK
6
CONTINUOUS
10
-0.0233057480314961
20
0.2192138976377953
11
-0.0226656692913386
21
0.2182559448818898
0
LINE
8
BLACK
6
CONTINUOUS
10
-0.0226656692913386
20
0.2182559448818898
11
-0.022440905511811
21
0.2171259842519685
0
LINE
8
BLACK
6
CONTINUOUS
10
-0.022440905511811
20
0.2171259842519685
11
-0.022440905511811
21
0.1649606299212598
0
LINE
8
BLACK
6
CONTINUOUS
10
-0.022440905511811
20
0.1649606299212598
11
-0.0226656692913386
21
0.1638306692913386
0
LINE
8
BLACK
6
CONTINUOUS
10
-0.0226656692913386
20
0.1638306692913386
11
-0.0233057480314961
21
0.1628727165354331
0
LINE
8
BLACK
6
CONTINUOUS
10
-0.0233057480314961
20
0.1628727165354331
11
-0.0242637007874016
21
0.1622326377952756
0
LINE
8
BLACK
6
CONTINUOUS
10
-0.0242637007874016
20
0.1622326377952756
11
-0.0253936614173228
21
0.162007874015748
0
LINE
8
BLACK
6
CONTINUOUS
10
-0.0253936614173228
20
0.162007874015748
11
-0.0312991732283465
21
0.162007874015748
0
LINE
8
BLACK
6
CONTINUOUS
10
-0.0312991732283465
20
0.162007874015748
11
-0.0324291338582677
21
0.1622326377952756
0
LINE
8
BLACK
6
CONTINUOUS
10
-0.0324291338582677
20
0.1622326377952756
11
-0.0333870866141732
21
0.1628727165354331
0
LINE
8
BLACK
6
CONTINUOUS
10
-0.0333870866141732
20
0.1628727165354331
11
-0.0340271653543307
21
0.1638306692913386
0
LINE
8
BLACK
6
CONTINUOUS
10
-0.0340271653543307
20
0.1638306692913386
11
-0.0342519291338583
21
0.1649606299212598
0
LINE
8
BLACK
6
CONTINUOUS
10
-0.0342519291338583
20
0.1649606299212598
11
-0.0342519291338583
21
0.2171259842519685
0
LINE
8
BLACK
6
CONTINUOUS
10
-0.0342519291338583
20
0.2171259842519685
11
-0.0340271653543307
21
0.2182559448818898
0
LINE
8
BLACK
6
CONTINUOUS
10
-0.0340271653543307
20
0.2182559448818898
11
-0.0333870866141732
21
0.2192138976377953
0
LINE
8
BLACK
6
CONTINUOUS
10
-0.0333870866141732
20
0.2192138976377953
11
-0.0324291338582677
21
0.2198539763779528
0
LINE
8
BLACK
6
CONTINUOUS
10
-0.0324291338582677
20
0.2198539763779528
11
-0.0312991732283465
21
0.2200787401574803
0
LINE
8
BLACK
6
CONTINUOUS
10
-0.0312991732283465
20
0.2200787401574803
11
-0.0253936614173228
21
0.2200787401574803
0
LINE
8
BLACK
6
CONTINUOUS
10
-0.0253936614173228
20
0.2200787401574803
11
-0.0242637007874016
21
0.2198539763779528
0
LINE
8
BLACK
6
CONTINUOUS
10
-0.0045787007874016
20
0.2198539763779528
11
-0.0036207480314961
21
0.2192138976377953
0
LINE
8
BLACK
6
CONTINUOUS
10
-0.0036207480314961
20
0.2192138976377953
11
-0.0029806692913386
21
0.2182559448818898
0
LINE
8
BLACK
6
CONTINUOUS
10
-0.0029806692913386
20
0.2182559448818898
11
-0.002755905511811
21
0.2171259842519685
0
LINE
8
BLACK
6
CONTINUOUS
10
-0.002755905511811
20
0.2171259842519685
11
-0.002755905511811
21
0.1649606299212598
0
LINE
8
BLACK
6
CONTINUOUS
10
-0.002755905511811
20
0.1649606299212598
11
-0.0029806692913386
21
0.1638306692913386
0
LINE
8
BLACK
6
CONTINUOUS
10
-0.0029806692913386
20
0.1638306692913386
11
-0.0036207480314961
21
0.1628727165354331
0
LINE
8
BLACK
6
CONTINUOUS
10
-0.0036207480314961
20
0.1628727165354331
11
-0.0045787007874016
21
0.1622326377952756
0
LINE
8
BLACK
6
CONTINUOUS
10
-0.0045787007874016
20
0.1622326377952756
11
-0.0057086614173228
21
0.162007874015748
0
LINE
8
BLACK
6
CONTINUOUS
10
-0.0057086614173228
20
0.162007874015748
11
-0.0116141732283465
21
0.162007874015748
0
LINE
8
BLACK
6
CONTINUOUS
10
-0.0116141732283465
20
0.162007874015748
11
-0.0127441338582677
21
0.1622326377952756
0
LINE
8
BLACK
6
CONTINUOUS
10
-0.0127441338582677
20
0.1622326377952756
11
-0.0137020866141732
21
0.1628727165354331
0
LINE
8
BLACK
6
CONTINUOUS
10
-0.0137020866141732
20
0.1628727165354331
11
-0.0143421653543307
21
0.1638306692913386
0
LINE
8
BLACK
6
CONTINUOUS
10
-0.0143421653543307
20
0.1638306692913386
11
-0.0145669291338583
21
0.1649606299212598
0
LINE
8
BLACK
6
CONTINUOUS
10
-0.0145669291338583
20
0.1649606299212598
11
-0.0145669291338583
21
0.2171259842519685
0
LINE
8
BLACK
6
CONTINUOUS
10
-0.0145669291338583
20
0.2171259842519685
11
-0.0143421653543307
21
0.2182559448818898
0
LINE
8
BLACK
6
CONTINUOUS
10
-0.0143421653543307
20
0.2182559448818898
11
-0.0137020866141732
21
0.2192138976377953
0
LINE
8
BLACK
6
CONTINUOUS
10
-0.0137020866141732
20
0.2192138976377953
11
-0.0127441338582677
21
0.2198539763779528
0
LINE
8
BLACK
6
CONTINUOUS
10
-0.0127441338582677
20
0.2198539763779528
11
-0.0116141732283465
21
0.2200787401574803
0
LINE
8
BLACK
6
CONTINUOUS
10
-0.0116141732283465
20
0.2200787401574803
11
-0.0057086614173228
21
0.2200787401574803
0
LINE
8
BLACK
6
CONTINUOUS
10
-0.0057086614173228
20
0.2200787401574803
11
-0.0045787007874016
21
0.2198539763779528
0
LINE
8
BLACK
6
CONTINUOUS
10
0.0151063385826772
20
0.2198539763779528
11
0.0160642913385827
21
0.2192138976377953
0
LINE
8
BLACK
6
CONTINUOUS
10
0.0160642913385827
20
0.2192138976377953
11
0.0167043700787402
21
0.2182559448818898
0
LINE
8
BLACK
6
CONTINUOUS
10
0.0167043700787402
20
0.2182559448818898
11
0.0169291338582677
21
0.2171259842519685
0
LINE
8
BLACK
6
CONTINUOUS
10
0.0169291338582677
20
0.2171259842519685
11
0.0169291338582677
21
0.1649606299212598
0
LINE
8
BLACK
6
CONTINUOUS
10
0.0169291338582677
20
0.1649606299212598
11
0.0167043700787402
21
0.1638306692913386
0
LINE
8
BLACK
6
CONTINUOUS
10
0.0167043700787402
20
0.1638306692913386
11
0.0160642913385827
21
0.1628727165354331
0
LINE
8
BLACK
6
CONTINUOUS
10
0.0160642913385827
20
0.1628727165354331
11
0.0151063385826772
21
0.1622326377952756
0
LINE
8
BLACK
6
CONTINUOUS
10
0.0151063385826772
20
0.1622326377952756
11
0.0139763779527559
21
0.162007874015748
0
LINE
8
BLACK
6
CONTINUOUS
10
0.0139763779527559
20
0.162007874015748
11
0.0080708661417323
21
0.162007874015748
0
LINE
8
BLACK
6
CONTINUOUS
10
0.0080708661417323
20
0.162007874015748
11
0.006940905511811
21
0.1622326377952756
0
LINE
8
BLACK
6
CONTINUOUS
10
0.006940905511811
20
0.1622326377952756
11
0.0059829527559055
21
0.1628727165354331
0
LINE
8
BLACK
6
CONTINUOUS
10
0.0059829527559055
20
0.1628727165354331
11
0.005342874015748
21
0.1638306692913386
0
LINE
8
BLACK
6
CONTINUOUS
10
0.005342874015748
20
0.1638306692913386
11
0.0051181102362205
21
0.1649606299212598
0
LINE
8
BLACK
6
CONTINUOUS
10
0.0051181102362205
20
0.1649606299212598
11
0.0051181102362205
21
0.2171259842519685
0
LINE
8
BLACK
6
CONTINUOUS
10
0.0051181102362205
20
0.2171259842519685
11
0.005342874015748
21
0.2182559448818898
0
LINE
8
BLACK
6
CONTINUOUS
10
0.005342874015748
20
0.2182559448818898
11
0.0059829527559055
21
0.2192138976377953
0
LINE
8
BLACK
6
CONTINUOUS
10
0.0059829527559055
20
0.2192138976377953
11
0.006940905511811
21
0.2198539763779528
0
LINE
8
BLACK
6
CONTINUOUS
10
0.006940905511811
20
0.2198539763779528
11
0.0080708661417323
21
0.2200787401574803
0
LINE
8
BLACK
6
CONTINUOUS
10
0.0080708661417323
20
0.2200787401574803
11
0.0139763779527559
21
0.2200787401574803
0
LINE
8
BLACK
6
CONTINUOUS
10
0.0139763779527559
20
0.2200787401574803
11
0.0151063385826772
21
0.2198539763779528
0
LINE
8
BLACK
6
CONTINUOUS
10
0.0347913779527559
20
0.2198539763779528
11
0.0357493307086614
21
0.2192138976377953
0
LINE
8
BLACK
6
CONTINUOUS
10
0.0357493307086614
20
0.2192138976377953
11
0.0363894094488189
21
0.2182559448818898
0
LINE
8
BLACK
6
CONTINUOUS
10
0.0363894094488189
20
0.2182559448818898
11
0.0366141732283465
21
0.2171259842519685
0
LINE
8
BLACK
6
CONTINUOUS
10
0.0366141732283465
20
0.2171259842519685
11
0.0366141732283465
21
0.1649606299212598
0
LINE
8
BLACK
6
CONTINUOUS
10
0.0366141732283465
20
0.1649606299212598
11
0.0363894094488189
21
0.1638306692913386
0
LINE
8
BLACK
6
CONTINUOUS
10
0.0363894094488189
20
0.1638306692913386
11
0.0357493307086614
21
0.1628727165354331
0
LINE
8
BLACK
6
CONTINUOUS
10
0.0357493307086614
20
0.1628727165354331
11
0.0347913779527559
21
0.1622326377952756
0
LINE
8
BLACK
6
CONTINUOUS
10
0.0347913779527559
20
0.1622326377952756
11
0.0336614173228346
21
0.162007874015748
0
LINE
8
BLACK
6
CONTINUOUS
10
0.0336614173228346
20
0.162007874015748
11
0.027755905511811
21
0.162007874015748
0
LINE
8
BLACK
6
CONTINUOUS
10
0.027755905511811
20
0.162007874015748
11
0.0266259448818898
21
0.1622326377952756
0
LINE
8
BLACK
6
CONTINUOUS
10
0.0266259448818898
20
0.1622326377952756
11
0.0256679921259843
21
0.1628727165354331
0
LINE
8
BLACK
6
CONTINUOUS
10
0.0256679921259843
20
0.1628727165354331
11
0.0250279133858268
21
0.1638306692913386
0
LINE
8
BLACK
6
CONTINUOUS
10
0.0250279133858268
20
0.1638306692913386
11
0.0248031496062992
21
0.1649606299212598
0
LINE
8
BLACK
6
CONTINUOUS
10
0.0248031496062992
20
0.1649606299212598
11
0.0248031496062992
21
0.2171259842519685
0
LINE
8
BLACK
6
CONTINUOUS
10
0.0248031496062992
20
0.2171259842519685
11
0.0250279133858268
21
0.2182559448818898
0
LINE
8
BLACK
6
CONTINUOUS
10
0.0250279133858268
20
0.2182559448818898
11
0.0256679921259843
21
0.2192138976377953
0
LINE
8
BLACK
6
CONTINUOUS
10
0.0256679921259843
20
0.2192138976377953
11
0.0266259448818898
21
0.2198539763779528
0
LINE
8
BLACK
6
CONTINUOUS
10
0.0266259448818898
20
0.2198539763779528
11
0.027755905511811
21
0.2200787401574803
0
LINE
8
BLACK
6
CONTINUOUS
10
0.027755905511811
20
0.2200787401574803
11
0.0336614173228346
21
0.2200787401574803
0
LINE
8
BLACK
6
CONTINUOUS
10
0.0336614173228346
20
0.2200787401574803
11
0.0347913779527559
21
0.2198539763779528
0
LINE
8
BLACK
6
CONTINUOUS
10
0.0544764173228346
20
0.2198539763779528
11
0.0554343700787402
21
0.2192138976377953
0
LINE
8
BLACK
6
CONTINUOUS
10
0.0554343700787402
20
0.2192138976377953
11
0.0560744488188976
21
0.2182559448818898
0
LINE
8
BLACK
6
CONTINUOUS
10
0.0560744488188976
20
0.2182559448818898
11
0.0562992125984252
21
0.2171259842519685
0
LINE
8
BLACK
6
CONTINUOUS
10
0.0562992125984252
20
0.2171259842519685
11
0.0562992125984252
21
0.1649606299212598
0
LINE
8
BLACK
6
CONTINUOUS
10
0.0562992125984252
20
0.1649606299212598
11
0.0560744488188976
21
0.1638306692913386
0
LINE
8
BLACK
6
CONTINUOUS
10
0.0560744488188976
20
0.1638306692913386
11
0.0554343700787402
21
0.1628727165354331
0
LINE
8
BLACK
6
CONTINUOUS
10
0.0554343700787402
20
0.1628727165354331
11
0.0544764173228346
21
0.1622326377952756
0
LINE
8
BLACK
6
CONTINUOUS
10
0.0544764173228346
20
0.1622326377952756
11
0.0533464566929134
21
0.162007874015748
0
LINE
8
BLACK
6
CONTINUOUS
10
0.0533464566929134
20
0.162007874015748
11
0.0474409448818898
21
0.162007874015748
0
LINE
8
BLACK
6
CONTINUOUS
10
0.0474409448818898
20
0.162007874015748
11
0.0463109842519685
21
0.1622326377952756
0
LINE
8
BLACK
6
CONTINUOUS
10
0.0463109842519685
20
0.1622326377952756
11
0.045353031496063
21
0.1628727165354331
0
LINE
8
BLACK
6
CONTINUOUS
10
0.045353031496063
20
0.1628727165354331
11
0.0447129527559055
21
0.1638306692913386
0
LINE
8
BLACK
6
CONTINUOUS
10
0.0447129527559055
20
0.1638306692913386
11
0.0444881889763779
21
0.1649606299212598
0
LINE
8
BLACK
6
CONTINUOUS
10
0.0444881889763779
20
0.1649606299212598
11
0.0444881889763779
21
0.2171259842519685
0
LINE
8
BLACK
6
CONTINUOUS
10
0.0444881889763779
20
0.2171259842519685
11
0.0447129527559055
21
0.2182559448818898
0
LINE
8
BLACK
6
CONTINUOUS
10
0.0447129527559055
20
0.2182559448818898
11
0.045353031496063
21
0.2192138976377953
0
LINE
8
BLACK
6
CONTINUOUS
10
0.045353031496063
20
0.2192138976377953
11
0.0463109842519685
21
0.2198539763779528
0
LINE
8
BLACK
6
CONTINUOUS
10
0.0463109842519685
20
0.2198539763779528
11
0.0474409448818898
21
0.2200787401574803
0
LINE
8
BLACK
6
CONTINUOUS
10
0.0474409448818898
20
0.2200787401574803
11
0.0533464566929134
21
0.2200787401574803
0
LINE
8
BLACK
6
CONTINUOUS
10
0.0533464566929134
20
0.2200787401574803
11
0.0544764173228346
21
0.2198539763779528
0
LINE
8
BLACK
6
CONTINUOUS
10
0.0741614173228346
20
0.2198539763779528
11
0.0751193700787402
21
0.2192138976377953
0
LINE
8
BLACK
6
CONTINUOUS
10
0.0751193700787402
20
0.2192138976377953
11
0.0757594488188976
21
0.2182559448818898
0
LINE
8
BLACK
6
CONTINUOUS
10
0.0757594488188976
20
0.2182559448818898
11
0.0759842125984252
21
0.2171259842519685
0
LINE
8
BLACK
6
CONTINUOUS
10
0.0759842125984252
20
0.2171259842519685
11
0.0759842125984252
21
0.1649606299212598
0
LINE
8
BLACK
6
CONTINUOUS
10
0.0759842125984252
20
0.1649606299212598
11
0.0757594488188976
21
0.1638306692913386
0
LINE
8
BLACK
6
CONTINUOUS
10
0.0757594488188976
20
0.1638306692913386
11
0.0751193700787402
21
0.1628727165354331
0
LINE
8
BLACK
6
CONTINUOUS
10
0.0751193700787402
20
0.1628727165354331
11
0.0741614173228346
21
0.1622326377952756
0
LINE
8
BLACK
6
CONTINUOUS
10
0.0741614173228346
20
0.1622326377952756
11
0.0730314566929134
21
0.162007874015748
0
LINE
8
BLACK
6
CONTINUOUS
10
0.0730314566929134
20
0.162007874015748
11
0.0671259448818898
21
0.162007874015748
0
LINE
8
BLACK
6
CONTINUOUS
10
0.0671259448818898
20
0.162007874015748
11
0.0659959842519685
21
0.1622326377952756
0
LINE
8
BLACK
6
CONTINUOUS
10
0.0659959842519685
20
0.1622326377952756
11
0.065038031496063
21
0.1628727165354331
0
LINE
8
BLACK
6
CONTINUOUS
10
0.065038031496063
20
0.1628727165354331
11
0.0643979527559055
21
0.1638306692913386
0
LINE
8
BLACK
6
CONTINUOUS
10
0.0643979527559055
20
0.1638306692913386
11
0.064173188976378
21
0.1649606299212598
0
LINE
8
BLACK
6
CONTINUOUS
10
0.064173188976378
20
0.1649606299212598
11
0.064173188976378
21
0.2171259842519685
0
LINE
8
BLACK
6
CONTINUOUS
10
0.064173188976378
20
0.2171259842519685
11
0.0643979527559055
21
0.2182559448818898
0
LINE
8
BLACK
6
CONTINUOUS
10
0.0643979527559055
20
0.2182559448818898
11
0.065038031496063
21
0.2192138976377953
0
LINE
8
BLACK
6
CONTINUOUS
10
0.065038031496063
20
0.2192138976377953
11
0.0659959842519685
21
0.2198539763779528
0
LINE
8
BLACK
6
CONTINUOUS
10
0.0659959842519685
20
0.2198539763779528
11
0.0671259448818898
21
0.2200787401574803
0
LINE
8
BLACK
6
CONTINUOUS
10
0.0671259448818898
20
0.2200787401574803
11
0.0730314566929134
21
0.2200787401574803
0
LINE
8
BLACK
6
CONTINUOUS
10
0.0730314566929134
20
0.2200787401574803
11
0.0741614173228346
21
0.2198539763779528
0
LINE
8
BLACK
6
CONTINUOUS
10
0.0938464960629921
20
0.2198539763779528
11
0.0948044488188976
21
0.2192138976377953
0
LINE
8
BLACK
6
CONTINUOUS
10
0.0948044488188976
20
0.2192138976377953
11
0.0954445275590551
21
0.2182559448818898
0
LINE
8
BLACK
6
CONTINUOUS
10
0.0954445275590551
20
0.2182559448818898
11
0.0956692913385827
21
0.2171259842519685
0
LINE
8
BLACK
6
CONTINUOUS
10
0.0956692913385827
20
0.2171259842519685
11
0.0956692913385827
21
0.1649606299212598
0
LINE
8
BLACK
6
CONTINUOUS
10
0.0956692913385827
20
0.1649606299212598
11
0.0954445275590551
21
0.1638306692913386
0
LINE
8
BLACK
6
CONTINUOUS
10
0.0954445275590551
20
0.1638306692913386
11
0.0948044488188976
21
0.1628727165354331
0
LINE
8
BLACK
6
CONTINUOUS
10
0.0948044488188976
20
0.1628727165354331
11
0.0938464960629921
21
0.1622326377952756
0
LINE
8
BLACK
6
CONTINUOUS
10
0.0938464960629921
20
0.1622326377952756
11
0.0927165354330709
21
0.162007874015748
0
LINE
8
BLACK
6
CONTINUOUS
10
0.0927165354330709
20
0.162007874015748
11
0.0868110236220472
21
0.162007874015748
0
LINE
8
BLACK
6
CONTINUOUS
10
0.0868110236220472
20
0.162007874015748
11
0.085681062992126
21
0.1622326377952756
0
LINE
8
BLACK
6
CONTINUOUS
10
0.085681062992126
20
0.1622326377952756
11
0.0847231102362205
21
0.1628727165354331
0
LINE
8
BLACK
6
CONTINUOUS
10
0.0847231102362205
20
0.1628727165354331
11
0.084083031496063
21
0.1638306692913386
0
LINE
8
BLACK
6
CONTINUOUS
10
0.084083031496063
20
0.1638306692913386
11
0.0838582677165354
21
0.1649606299212598
0
LINE
8
BLACK
6
CONTINUOUS
10
0.0838582677165354
20
0.1649606299212598
11
0.0838582677165354
21
0.2171259842519685
0
LINE
8
BLACK
6
CONTINUOUS
10
0.0838582677165354
20
0.2171259842519685
11
0.084083031496063
21
0.2182559448818898
0
LINE
8
BLACK
6
CONTINUOUS
10
0.084083031496063
20
0.2182559448818898
11
0.0847231102362205
21
0.2192138976377953
0
LINE
8
BLACK
6
CONTINUOUS
10
0.0847231102362205
20
0.2192138976377953
11
0.085681062992126
21
0.2198539763779528
0
LINE
8
BLACK
6
CONTINUOUS
10
0.085681062992126
20
0.2198539763779528
11
0.0868110236220472
21
0.2200787401574803
0
LINE
8
BLACK
6
CONTINUOUS
10
0.0868110236220472
20
0.2200787401574803
11
0.0927165354330709
21
0.2200787401574803
0
LINE
8
BLACK
6
CONTINUOUS
10
0.0927165354330709
20
0.2200787401574803
11
0.0938464960629921
21
0.2198539763779528
0
LINE
8
BLACK
6
CONTINUOUS
10
0.1135315354330709
20
0.2198539763779528
11
0.1144894881889764
21
0.2192138976377953
0
LINE
8
BLACK
6
CONTINUOUS
10
0.1144894881889764
20
0.2192138976377953
11
0.1151295669291339
21
0.2182559448818898
0
LINE
8
BLACK
6
CONTINUOUS
10
0.1151295669291339
20
0.2182559448818898
11
0.1153543307086614
21
0.2171259842519685
0
LINE
8
BLACK
6
CONTINUOUS
10
0.1153543307086614
20
0.2171259842519685
11
0.1153543307086614
21
0.1649606299212598
0
LINE
8
BLACK
6
CONTINUOUS
10
0.1153543307086614
20
0.1649606299212598
11
0.1151295669291339
21
0.1638306692913386
0
LINE
8
BLACK
6
CONTINUOUS
10
0.1151295669291339
20
0.1638306692913386
11
0.1144894881889764
21
0.1628727165354331
0
LINE
8
BLACK
6
CONTINUOUS
10
0.1144894881889764
20
0.1628727165354331
11
0.1135315354330709
21
0.1622326377952756
0
LINE
8
BLACK
6
CONTINUOUS
10
0.1135315354330709
20
0.1622326377952756
11
0.1124015748031496
21
0.162007874015748
0
LINE
8
BLACK
6
CONTINUOUS
10
0.1124015748031496
20
0.162007874015748
11
0.106496062992126
21
0.162007874015748
0
LINE
8
BLACK
6
CONTINUOUS
10
0.106496062992126
20
0.162007874015748
11
0.1053661023622047
21
0.1622326377952756
0
LINE
8
BLACK
6
CONTINUOUS
10
0.1053661023622047
20
0.1622326377952756
11
0.1044081496062992
21
0.1628727165354331
0
LINE
8
BLACK
6
CONTINUOUS
10
0.1044081496062992
20
0.1628727165354331
11
0.1037680708661417
21
0.1638306692913386
0
LINE
8
BLACK
6
CONTINUOUS
10
0.1037680708661417
20
0.1638306692913386
11
0.1035433070866142
21
0.1649606299212598
0
LINE
8
BLACK
6
CONTINUOUS
10
0.1035433070866142
20
0.1649606299212598
11
0.1035433070866142
21
0.2171259842519685
0
LINE
8
BLACK
6
CONTINUOUS
10
0.1035433070866142
20
0.2171259842519685
11
0.1037680708661417
21
0.2182559448818898
0
LINE
8
BLACK
6
CONTINUOUS
10
0.1037680708661417
20
0.2182559448818898
11
0.1044081496062992
21
0.2192138976377953
0
LINE
8
BLACK
6
CONTINUOUS
10
0.1044081496062992
20
0.2192138976377953
11
0.1053661023622047
21
0.2198539763779528
0
LINE
8
BLACK
6
CONTINUOUS
10
0.1053661023622047
20
0.2198539763779528
11
0.106496062992126
21
0.2200787401574803
0
LINE
8
BLACK
6
CONTINUOUS
10
0.106496062992126
20
0.2200787401574803
11
0.1124015748031496
21
0.2200787401574803
0
LINE
8
BLACK
6
CONTINUOUS
10
0.1124015748031496
20
0.2200787401574803
11
0.1135315354330709
21
0.2198539763779528
0
LINE
8
BLACK
6
CONTINUOUS
10
0.1332165748031496
20
0.2198539763779528
11
0.1341745275590551
21
0.2192138976377953
0
LINE
8
BLACK
6
CONTINUOUS
10
0.1341745275590551
20
0.2192138976377953
11
0.1348146062992126
21
0.2182559448818898
0
LINE
8
BLACK
6
CONTINUOUS
10
0.1348146062992126
20
0.2182559448818898
11
0.1350393700787401
21
0.2171259842519685
0
LINE
8
BLACK
6
CONTINUOUS
10
0.1350393700787401
20
0.2171259842519685
11
0.1350393700787401
21
0.1649606299212598
0
LINE
8
BLACK
6
CONTINUOUS
10
0.1350393700787401
20
0.1649606299212598
11
0.1348146062992126
21
0.1638306692913386
0
LINE
8
BLACK
6
CONTINUOUS
10
0.1348146062992126
20
0.1638306692913386
11
0.1341745275590551
21
0.1628727165354331
0
LINE
8
BLACK
6
CONTINUOUS
10
0.1341745275590551
20
0.1628727165354331
11
0.1332165748031496
21
0.1622326377952756
0
LINE
8
BLACK
6
CONTINUOUS
10
0.1332165748031496
20
0.1622326377952756
11
0.1320866141732283
21
0.162007874015748
0
LINE
8
BLACK
6
CONTINUOUS
10
0.1320866141732283
20
0.162007874015748
11
0.1261811023622047
21
0.162007874015748
0
LINE
8
BLACK
6
CONTINUOUS
10
0.1261811023622047
20
0.162007874015748
11
0.1250511417322835
21
0.1622326377952756
0
LINE
8
BLACK
6
CONTINUOUS
10
0.1250511417322835
20
0.1622326377952756
11
0.1240931889763779
21
0.1628727165354331
0
LINE
8
BLACK
6
CONTINUOUS
10
0.1240931889763779
20
0.1628727165354331
11
0.1234531102362205
21
0.1638306692913386
0
LINE
8
BLACK
6
CONTINUOUS
10
0.1234531102362205
20
0.1638306692913386
11
0.1232283464566929
21
0.1649606299212598
0
LINE
8
BLACK
6
CONTINUOUS
10
0.1232283464566929
20
0.1649606299212598
11
0.1232283464566929
21
0.2171259842519685
0
LINE
8
BLACK
6
CONTINUOUS
10
0.1232283464566929
20
0.2171259842519685
11
0.1234531102362205
21
0.2182559448818898
0
LINE
8
BLACK
6
CONTINUOUS
10
0.1234531102362205
20
0.2182559448818898
11
0.1240931889763779
21
0.2192138976377953
0
LINE
8
BLACK
6
CONTINUOUS
10
0.1240931889763779
20
0.2192138976377953
11
0.1250511417322835
21
0.2198539763779528
0
LINE
8
BLACK
6
CONTINUOUS
10
0.1250511417322835
20
0.2198539763779528
11
0.1261811023622047
21
0.2200787401574803
0
LINE
8
BLACK
6
CONTINUOUS
10
0.1261811023622047
20
0.2200787401574803
11
0.1320866141732283
21
0.2200787401574803
0
LINE
8
BLACK
6
CONTINUOUS
10
0.1320866141732283
20
0.2200787401574803
11
0.1332165748031496
21
0.2198539763779528
0
LINE
8
BLACK
6
CONTINUOUS
10
-0.3176219291338583
20
0.1885268503937008
11
-0.315706062992126
21
0.1872466929133858
0
LINE
8
BLACK
6
CONTINUOUS
10
-0.315706062992126
20
0.1872466929133858
11
-0.314425905511811
21
0.1853308267716536
0
LINE
8
BLACK
6
CONTINUOUS
10
-0.314425905511811
20
0.1853308267716536
11
-0.3139763779527559
21
0.1830708661417323
0
LINE
8
BLACK
6
CONTINUOUS
10
-0.3139763779527559
20
0.1830708661417323
11
-0.3139763779527559
21
0.171259842519685
0
LINE
8
BLACK
6
CONTINUOUS
10
-0.3139763779527559
20
0.171259842519685
11
-0.314425905511811
21
0.1689998818897638
0
LINE
8
BLACK
6
CONTINUOUS
10
-0.314425905511811
20
0.1689998818897638
11
-0.315706062992126
21
0.1670840157480315
0
LINE
8
BLACK
6
CONTINUOUS
10
-0.315706062992126
20
0.1670840157480315
11
-0.3176219291338583
21
0.1658038582677165
0
LINE
8
BLACK
6
CONTINUOUS
10
-0.3176219291338583
20
0.1658038582677165
11
-0.3198818897637795
21
0.1653543307086614
0
LINE
8
BLACK
6
CONTINUOUS
10
-0.3198818897637795
20
0.1653543307086614
11
-0.3602362204724409
21
0.1653543307086614
0
LINE
8
BLACK
6
CONTINUOUS
10
-0.3602362204724409
20
0.1653543307086614
11
-0.3624961811023622
21
0.1658038582677165
0
LINE
8
BLACK
6
CONTINUOUS
10
-0.3624961811023622
20
0.1658038582677165
11
-0.3644120472440945
21
0.1670840157480315
0
LINE
8
BLACK
6
CONTINUOUS
10
-0.3644120472440945
20
0.1670840157480315
11
-0.3656922047244094
21
0.1689998818897638
0
LINE
8
BLACK
6
CONTINUOUS
10
-0.3656922047244094
20
0.1689998818897638
11
-0.3661417322834646
21
0.171259842519685
0
LINE
8
BLACK
6
CONTINUOUS
10
-0.3661417322834646
20
0.171259842519685
11
-0.3661417322834646
21
0.1830708661417323
0
LINE
8
BLACK
6
CONTINUOUS
10
-0.3661417322834646
20
0.1830708661417323
11
-0.3656922047244094
21
0.1853308267716536
0
LINE
8
BLACK
6
CONTINUOUS
10
-0.3656922047244094
20
0.1853308267716536
11
-0.3644120472440945
21
0.1872466929133858
0
LINE
8
BLACK
6
CONTINUOUS
10
-0.3644120472440945
20
0.1872466929133858
11
-0.3624961811023622
21
0.1885268503937008
0
LINE
8
BLACK
6
CONTINUOUS
10
-0.3624961811023622
20
0.1885268503937008
11
-0.3602362204724409
21
0.1889763779527559
0
LINE
8
BLACK
6
CONTINUOUS
10
-0.3602362204724409
20
0.1889763779527559
11
-0.3198818897637795
21
0.1889763779527559
0
LINE
8
BLACK
6
CONTINUOUS
10
-0.3198818897637795
20
0.1889763779527559
11
-0.3176219291338583
21
0.1885268503937008
0
LINE
8
BLACK
6
CONTINUOUS
10
-0.3856859842519685
20
0.1877694094488189
11
-0.3838978346456693
21
0.1865746062992126
0
LINE
8
BLACK
6
CONTINUOUS
10
-0.3838978346456693
20
0.1865746062992126
11
-0.382703031496063
21
0.1847864566929134
0
LINE
8
BLACK
6
CONTINUOUS
10
-0.382703031496063
20
0.1847864566929134
11
-0.3822834645669291
21
0.1826771653543307
0
LINE
8
BLACK
6
CONTINUOUS
10
-0.3822834645669291
20
0.1826771653543307
11
-0.3822834645669291
21
0.1716535433070866
0
LINE
8
BLACK
6
CONTINUOUS
10
-0.3822834645669291
20
0.1716535433070866
11
-0.382703031496063
21
0.1695442519685039
0
LINE
8
BLACK
6
CONTINUOUS
10
-0.382703031496063
20
0.1695442519685039
11
-0.3838978346456693
21
0.1677561023622047
0
LINE
8
BLACK
6
CONTINUOUS
10
-0.3838978346456693
20
0.1677561023622047
11
-0.3856859842519685
21
0.1665612992125984
0
LINE
8
BLACK
6
CONTINUOUS
10
-0.3856859842519685
20
0.1665612992125984
11
-0.3877952755905512
21
0.1661417322834646
0
LINE
8
BLACK
6
CONTINUOUS
10
-0.3877952755905512
20
0.1661417322834646
11
-0.4011811023622047
21
0.1661417322834646
0
LINE
8
BLACK
6
CONTINUOUS
10
-0.4011811023622047
20
0.1661417322834646
11
-0.4032903937007874
21
0.1665612992125984
0
LINE
8
BLACK
6
CONTINUOUS
10
-0.4032903937007874
20
0.1665612992125984
11
-0.4050785433070866
21
0.1677561023622047
0
LINE
8
BLACK
6
CONTINUOUS
10
-0.4050785433070866
20
0.1677561023622047
11
-0.4062733464566929
21
0.1695442519685039
0
LINE
8
BLACK
6
CONTINUOUS
10
-0.4062733464566929
20
0.1695442519685039
11
-0.4066929133858267
21
0.1716535433070866
0
LINE
8
BLACK
6
CONTINUOUS
10
-0.4066929133858267
20
0.1716535433070866
11
-0.4066929133858267
21
0.1826771653543307
0
LINE
8
BLACK
6
CONTINUOUS
10
-0.4066929133858267
20
0.1826771653543307
11
-0.4062733464566929
21
0.1847864566929134
0
LINE
8
BLACK
6
CONTINUOUS
10
-0.4062733464566929
20
0.1847864566929134
11
-0.4050785433070866
21
0.1865746062992126
0
LINE
8
BLACK
6
CONTINUOUS
10
-0.4050785433070866
20
0.1865746062992126
11
-0.4032903937007874
21
0.1877694094488189
0
LINE
8
BLACK
6
CONTINUOUS
10
-0.4032903937007874
20
0.1877694094488189
11
-0.4011811023622047
21
0.1881889763779528
0
LINE
8
BLACK
6
CONTINUOUS
10
-0.4011811023622047
20
0.1881889763779528
11
-0.3877952755905512
21
0.1881889763779528
0
LINE
8
BLACK
6
CONTINUOUS
10
-0.3877952755905512
20
0.1881889763779528
11
-0.3856859842519685
21
0.1877694094488189
0
LINE
8
BLACK
6
CONTINUOUS
10
0.2683725196850394
20
0.2066820472440945
11
0.270096811023622
21
0.2055298818897638
0
LINE
8
BLACK
6
CONTINUOUS
10
0.270096811023622
20
0.2055298818897638
11
0.2712489763779528
21
0.2038055905511811
0
LINE
8
BLACK
6
CONTINUOUS
10
0.2712489763779528
20
0.2038055905511811
11
0.2716535433070866
21
0.2017716535433071
0
LINE
8
BLACK
6
CONTINUOUS
10
0.2716535433070866
20
0.2017716535433071
11
0.2716535433070866
21
0.1872047244094488
0
LINE
8
BLACK
6
CONTINUOUS
10
0.2716535433070866
20
0.1872047244094488
11
0.2712489763779528
21
0.1851707874015748
0
LINE
8
BLACK
6
CONTINUOUS
10
0.2712489763779528
20
0.1851707874015748
11
0.270096811023622
21
0.1834464960629921
0
LINE
8
BLACK
6
CONTINUOUS
10
0.270096811023622
20
0.1834464960629921
11
0.2683725196850394
21
0.1822943307086614
0
LINE
8
BLACK
6
CONTINUOUS
10
0.2683725196850394
20
0.1822943307086614
11
0.2663385826771654
21
0.1818897637795276
0
LINE
8
BLACK
6
CONTINUOUS
10
0.2663385826771654
20
0.1818897637795276
11
0.2557086614173228
21
0.1818897637795276
0
LINE
8
BLACK
6
CONTINUOUS
10
0.2557086614173228
20
0.1818897637795276
11
0.2536747244094488
21
0.1822943307086614
0
LINE
8
BLACK
6
CONTINUOUS
10
0.2536747244094488
20
0.1822943307086614
11
0.2519504330708661
21
0.1834464960629921
0
LINE
8
BLACK
6
CONTINUOUS
10
0.2519504330708661
20
0.1834464960629921
11
0.2507982677165354
21
0.1851707874015748
0
LINE
8
BLACK
6
CONTINUOUS
10
0.2507982677165354
20
0.1851707874015748
11
0.2503937007874016
21
0.1872047244094488
0
LINE
8
BLACK
6
CONTINUOUS
10
0.2503937007874016
20
0.1872047244094488
11
0.2503937007874016
21
0.2017716535433071
0
LINE
8
BLACK
6
CONTINUOUS
10
0.2503937007874016
20
0.2017716535433071
11
0.2507982677165354
21
0.2038055905511811
0
LINE
8
BLACK
6
CONTINUOUS
10
0.2507982677165354
20
0.2038055905511811
11
0.2519504330708661
21
0.2055298818897638
0
LINE
8
BLACK
6
CONTINUOUS
10
0.2519504330708661
20
0.2055298818897638
11
0.2536747244094488
21
0.2066820472440945
0
LINE
8
BLACK
6
CONTINUOUS
10
0.2536747244094488
20
0.2066820472440945
11
0.2557086614173228
21
0.2070866141732284
0
LINE
8
BLACK
6
CONTINUOUS
10
0.2557086614173228
20
0.2070866141732284
11
0.2663385826771654
21
0.2070866141732284
0
LINE
8
BLACK
6
CONTINUOUS
10
0.2663385826771654
20
0.2070866141732284
11
0.2683725196850394
21
0.2066820472440945
0
LINE
8
BLACK
6
CONTINUOUS
10
0.30853
20
0.2066820472440945
11
0.3102542913385827
21
0.2055298818897638
0
LINE
8
BLACK
6
CONTINUOUS
10
0.3102542913385827
20
0.2055298818897638
11
0.3114064566929134
21
0.2038055905511811
0
LINE
8
BLACK
6
CONTINUOUS
10
0.3114064566929134
20
0.2038055905511811
11
0.3118110236220472
21
0.2017716535433071
0
LINE
8
BLACK
6
CONTINUOUS
10
0.3118110236220472
20
0.2017716535433071
11
0.3118110236220472
21
0.1872047244094488
0
LINE
8
BLACK
6
CONTINUOUS
10
0.3118110236220472
20
0.1872047244094488
11
0.3114064566929134
21
0.1851707874015748
0
LINE
8
BLACK
6
CONTINUOUS
10
0.3114064566929134
20
0.1851707874015748
11
0.3102542913385827
21
0.1834464960629921
0
LINE
8
BLACK
6
CONTINUOUS
10
0.3102542913385827
20
0.1834464960629921
11
0.30853
21
0.1822943307086614
0
LINE
8
BLACK
6
CONTINUOUS
10
0.30853
20
0.1822943307086614
11
0.306496062992126
21
0.1818897637795276
0
LINE
8
BLACK
6
CONTINUOUS
10
0.306496062992126
20
0.1818897637795276
11
0.2958661417322835
21
0.1818897637795276
0
LINE
8
BLACK
6
CONTINUOUS
10
0.2958661417322835
20
0.1818897637795276
11
0.2938322047244095
21
0.1822943307086614
0
LINE
8
BLACK
6
CONTINUOUS
10
0.2938322047244095
20
0.1822943307086614
11
0.2921079133858268
21
0.1834464960629921
0
LINE
8
BLACK
6
CONTINUOUS
10
0.2921079133858268
20
0.1834464960629921
11
0.290955748031496
21
0.1851707874015748
0
LINE
8
BLACK
6
CONTINUOUS
10
0.290955748031496
20
0.1851707874015748
11
0.2905511811023622
21
0.1872047244094488
0
LINE
8
BLACK
6
CONTINUOUS
10
0.2905511811023622
20
0.1872047244094488
11
0.2905511811023622
21
0.2017716535433071
0
LINE
8
BLACK
6
CONTINUOUS
10
0.2905511811023622
20
0.2017716535433071
11
0.290955748031496
21
0.2038055905511811
0
LINE
8
BLACK
6
CONTINUOUS
10
0.290955748031496
20
0.2038055905511811
11
0.2921079133858268
21
0.2055298818897638
0
LINE
8
BLACK
6
CONTINUOUS
10
0.2921079133858268
20
0.2055298818897638
11
0.2938322047244095
21
0.2066820472440945
0
LINE
8
BLACK
6
CONTINUOUS
10
0.2938322047244095
20
0.2066820472440945
11
0.2958661417322835
21
0.2070866141732284
0
LINE
8
BLACK
6
CONTINUOUS
10
0.2958661417322835
20
0.2070866141732284
11
0.306496062992126
21
0.2070866141732284
0
LINE
8
BLACK
6
CONTINUOUS
10
0.306496062992126
20
0.2070866141732284
11
0.30853
21
0.2066820472440945
0
LINE
8
BLACK
6
CONTINUOUS
10
0.3636481102362205
20
0.2090442519685039
11
0.3653724015748032
21
0.2078920866141732
0
LINE
8
BLACK
6
CONTINUOUS
10
0.3653724015748032
20
0.2078920866141732
11
0.3665245669291339
21
0.2061677952755905
0
LINE
8
BLACK
6
CONTINUOUS
10
0.3665245669291339
20
0.2061677952755905
11
0.3669291338582677
21
0.2041338582677165
0
LINE
8
BLACK
6
CONTINUOUS
10
0.3669291338582677
20
0.2041338582677165
11
0.3669291338582677
21
0.1895669291338583
0
LINE
8
BLACK
6
CONTINUOUS
10
0.3669291338582677
20
0.1895669291338583
11
0.3665245669291339
21
0.1875329921259843
0
LINE
8
BLACK
6
CONTINUOUS
10
0.3665245669291339
20
0.1875329921259843
11
0.3653724015748032
21
0.1858087007874016
0
LINE
8
BLACK
6
CONTINUOUS
10
0.3653724015748032
20
0.1858087007874016
11
0.3636481102362205
21
0.1846565354330709
0
LINE
8
BLACK
6
CONTINUOUS
10
0.3636481102362205
20
0.1846565354330709
11
0.3616141732283464
21
0.184251968503937
0
LINE
8
BLACK
6
CONTINUOUS
10
0.3616141732283464
20
0.184251968503937
11
0.3509842519685039
21
0.184251968503937
0
LINE
8
BLACK
6
CONTINUOUS
10
0.3509842519685039
20
0.184251968503937
11
0.3489503149606299
21
0.1846565354330709
0
LINE
8
BLACK
6
CONTINUOUS
10
0.3489503149606299
20
0.1846565354330709
11
0.3472260236220472
21
0.1858087007874016
0
LINE
8
BLACK
6
CONTINUOUS
10
0.3472260236220472
20
0.1858087007874016
11
0.3460738582677165
21
0.1875329921259843
0
LINE
8
BLACK
6
CONTINUOUS
10
0.3460738582677165
20
0.1875329921259843
11
0.3456692913385827
21
0.1895669291338583
0
LINE
8
BLACK
6
CONTINUOUS
10
0.3456692913385827
20
0.1895669291338583
11
0.3456692913385827
21
0.2041338582677165
0
LINE
8
BLACK
6
CONTINUOUS
10
0.3456692913385827
20
0.2041338582677165
11
0.3460738582677165
21
0.2061677952755905
0
LINE
8
BLACK
6
CONTINUOUS
10
0.3460738582677165
20
0.2061677952755905
11
0.3472260236220472
21
0.2078920866141732
0
LINE
8
BLACK
6
CONTINUOUS
10
0.3472260236220472
20
0.2078920866141732
11
0.3489503149606299
21
0.2090442519685039
0
LINE
8
BLACK
6
CONTINUOUS
10
0.3489503149606299
20
0.2090442519685039
11
0.3509842519685039
21
0.2094488188976378
0
LINE
8
BLACK
6
CONTINUOUS
10
0.3509842519685039
20
0.2094488188976378
11
0.3616141732283464
21
0.2094488188976378
0
LINE
8
BLACK
6
CONTINUOUS
10
0.3616141732283464
20
0.2094488188976378
11
0.3636481102362205
21
0.2090442519685039
0
LINE
8
BLACK
6
CONTINUOUS
10
0.4038055905511811
20
0.2090442519685039
11
0.4055298818897637
21
0.2078920866141732
0
LINE
8
BLACK
6
CONTINUOUS
10
0.4055298818897637
20
0.2078920866141732
11
0.4066820472440945
21
0.2061677952755905
0
LINE
8
BLACK
6
CONTINUOUS
10
0.4066820472440945
20
0.2061677952755905
11
0.4070866141732283
21
0.2041338582677165
0
LINE
8
BLACK
6
CONTINUOUS
10
0.4070866141732283
20
0.2041338582677165
11
0.4070866141732283
21
0.1895669291338583
0
LINE
8
BLACK
6
CONTINUOUS
10
0.4070866141732283
20
0.1895669291338583
11
0.4066820472440945
21
0.1875329921259843
0
LINE
8
BLACK
6
CONTINUOUS
10
0.4066820472440945
20
0.1875329921259843
11
0.4055298818897637
21
0.1858087007874016
0
LINE
8
BLACK
6
CONTINUOUS
10
0.4055298818897637
20
0.1858087007874016
11
0.4038055905511811
21
0.1846565354330709
0
LINE
8
BLACK
6
CONTINUOUS
10
0.4038055905511811
20
0.1846565354330709
11
0.4017716535433071
21
0.184251968503937
0
LINE
8
BLACK
6
CONTINUOUS
10
0.4017716535433071
20
0.184251968503937
11
0.3911417322834645
21
0.184251968503937
0
LINE
8
BLACK
6
CONTINUOUS
10
0.3911417322834645
20
0.184251968503937
11
0.3891077952755905
21
0.1846565354330709
0
LINE
8
BLACK
6
CONTINUOUS
10
0.3891077952755905
20
0.1846565354330709
11
0.3873835039370079
21
0.1858087007874016
0
LINE
8
BLACK
6
CONTINUOUS
10
0.3873835039370079
20
0.1858087007874016
11
0.3862313385826772
21
0.1875329921259843
0
LINE
8
BLACK
6
CONTINUOUS
10
0.3862313385826772
20
0.1875329921259843
11
0.3858267716535433
21
0.1895669291338583
0
LINE
8
BLACK
6
CONTINUOUS
10
0.3858267716535433
20
0.1895669291338583
11
0.3858267716535433
21
0.2041338582677165
0
LINE
8
BLACK
6
CONTINUOUS
10
0.3858267716535433
20
0.2041338582677165
11
0.3862313385826772
21
0.2061677952755905
0
LINE
8
BLACK
6
CONTINUOUS
10
0.3862313385826772
20
0.2061677952755905
11
0.3873835039370079
21
0.2078920866141732
0
LINE
8
BLACK
6
CONTINUOUS
10
0.3873835039370079
20
0.2078920866141732
11
0.3891077952755905
21
0.2090442519685039
0
LINE
8
BLACK
6
CONTINUOUS
10
0.3891077952755905
20
0.2090442519685039
11
0.3911417322834645
21
0.2094488188976378
0
LINE
8
BLACK
6
CONTINUOUS
10
0.3911417322834645
20
0.2094488188976378
11
0.4017716535433071
21
0.2094488188976378
0
LINE
8
BLACK
6
CONTINUOUS
10
0.4017716535433071
20
0.2094488188976378
11
0.4038055905511811
21
0.2090442519685039
0
LINE
8
BLACK
6
CONTINUOUS
10
-0.1502529133858268
20
0.2235961811023622
11
-0.1484647637795276
21
0.2224013779527559
0
LINE
8
BLACK
6
CONTINUOUS
10
-0.1484647637795276
20
0.2224013779527559
11
-0.1472699606299213
21
0.2206132283464567
0
LINE
8
BLACK
6
CONTINUOUS
10
-0.1472699606299213
20
0.2206132283464567
11
-0.1468503937007874
21
0.218503937007874
0
LINE
8
BLACK
6
CONTINUOUS
10
-0.1468503937007874
20
0.218503937007874
11
-0.1468503937007874
21
0.2051181102362205
0
LINE
8
BLACK
6
CONTINUOUS
10
-0.1468503937007874
20
0.2051181102362205
11
-0.1472699606299213
21
0.2030088188976378
0
LINE
8
BLACK
6
CONTINUOUS
10
-0.1472699606299213
20
0.2030088188976378
11
-0.1484647637795276
21
0.2012206692913386
0
LINE
8
BLACK
6
CONTINUOUS
10
-0.1484647637795276
20
0.2012206692913386
11
-0.1502529133858268
21
0.2000258661417323
0
LINE
8
BLACK
6
CONTINUOUS
10
-0.1502529133858268
20
0.2000258661417323
11
-0.1523622047244095
21
0.1996062992125984
0
LINE
8
BLACK
6
CONTINUOUS
10
-0.1523622047244095
20
0.1996062992125984
11
-0.1633858267716535
21
0.1996062992125984
0
LINE
8
BLACK
6
CONTINUOUS
10
-0.1633858267716535
20
0.1996062992125984
11
-0.1654951181102362
21
0.2000258661417323
0
LINE
8
BLACK
6
CONTINUOUS
10
-0.1654951181102362
20
0.2000258661417323
11
-0.1672832677165354
21
0.2012206692913386
0
LINE
8
BLACK
6
CONTINUOUS
10
-0.1672832677165354
20
0.2012206692913386
11
-0.1684780708661417
21
0.2030088188976378
0
LINE
8
BLACK
6
CONTINUOUS
10
-0.1684780708661417
20
0.2030088188976378
11
-0.1688976377952756
21
0.2051181102362205
0
LINE
8
BLACK
6
CONTINUOUS
10
-0.1688976377952756
20
0.2051181102362205
11
-0.1688976377952756
21
0.218503937007874
0
LINE
8
BLACK
6
CONTINUOUS
10
-0.1688976377952756
20
0.218503937007874
11
-0.1684780708661417
21
0.2206132283464567
0
LINE
8
BLACK
6
CONTINUOUS
10
-0.1684780708661417
20
0.2206132283464567
11
-0.1672832677165354
21
0.2224013779527559
0
LINE
8
BLACK
6
CONTINUOUS
10
-0.1672832677165354
20
0.2224013779527559
11
-0.1654951181102362
21
0.2235961811023622
0
LINE
8
BLACK
6
CONTINUOUS
10
-0.1654951181102362
20
0.2235961811023622
11
-0.1633858267716535
21
0.2240157480314961
0
LINE
8
BLACK
6
CONTINUOUS
10
-0.1633858267716535
20
0.2240157480314961
11
-0.1523622047244095
21
0.2240157480314961
0
LINE
8
BLACK
6
CONTINUOUS
10
-0.1523622047244095
20
0.2240157480314961
11
-0.1502529133858268
21
0.2235961811023622
0
LINE
8
BLACK
6
CONTINUOUS
10
-0.1124576377952756
20
0.2235961811023622
11
-0.1106694881889764
21
0.2224013779527559
0
LINE
8
BLACK
6
CONTINUOUS
10
-0.1106694881889764
20
0.2224013779527559
11
-0.1094746850393701
21
0.2206132283464567
0
LINE
8
BLACK
6
CONTINUOUS
10
-0.1094746850393701
20
0.2206132283464567
11
-0.1090551181102362
21
0.218503937007874
0
LINE
8
BLACK
6
CONTINUOUS
10
-0.1090551181102362
20
0.218503937007874
11
-0.1090551181102362
21
0.2051181102362205
0
LINE
8
BLACK
6
CONTINUOUS
10
-0.1090551181102362
20
0.2051181102362205
11
-0.1094746850393701
21
0.2030088188976378
0
LINE
8
BLACK
6
CONTINUOUS
10
-0.1094746850393701
20
0.2030088188976378
11
-0.1106694881889764
21
0.2012206692913386
0
LINE
8
BLACK
6
CONTINUOUS
10
-0.1106694881889764
20
0.2012206692913386
11
-0.1124576377952756
21
0.2000258661417323
0
LINE
8
BLACK
6
CONTINUOUS
10
-0.1124576377952756
20
0.2000258661417323
11
-0.1145669291338583
21
0.1996062992125984
0
LINE
8
BLACK
6
CONTINUOUS
10
-0.1145669291338583
20
0.1996062992125984
11
-0.1255905511811024
21
0.1996062992125984
0
LINE
8
BLACK
6
CONTINUOUS
10
-0.1255905511811024
20
0.1996062992125984
11
-0.127699842519685
21
0.2000258661417323
0
LINE
8
BLACK
6
CONTINUOUS
10
-0.127699842519685
20
0.2000258661417323
11
-0.1294879921259842
21
0.2012206692913386
0
LINE
8
BLACK
6
CONTINUOUS
10
-0.1294879921259842
20
0.2012206692913386
11
-0.1306827952755905
21
0.2030088188976378
0
LINE
8
BLACK
6
CONTINUOUS
10
-0.1306827952755905
20
0.2030088188976378
11
-0.1311023622047244
21
0.2051181102362205
0
LINE
8
BLACK
6
CONTINUOUS
10
-0.1311023622047244
20
0.2051181102362205
11
-0.1311023622047244
21
0.218503937007874
0
LINE
8
BLACK
6
CONTINUOUS
10
-0.1311023622047244
20
0.218503937007874
11
-0.1306827952755905
21
0.2206132283464567
0
LINE
8
BLACK
6
CONTINUOUS
10
-0.1306827952755905
20
0.2206132283464567
11
-0.1294879921259842
21
0.2224013779527559
0
LINE
8
BLACK
6
CONTINUOUS
10
-0.1294879921259842
20
0.2224013779527559
11
-0.127699842519685
21
0.2235961811023622
0
LINE
8
BLACK
6
CONTINUOUS
10
-0.127699842519685
20
0.2235961811023622
11
-0.1255905511811024
21
0.2240157480314961
0
LINE
8
BLACK
6
CONTINUOUS
10
-0.1255905511811024
20
0.2240157480314961
11
-0.1145669291338583
21
0.2240157480314961
0
LINE
8
BLACK
6
CONTINUOUS
10
-0.1145669291338583
20
0.2240157480314961
11
-0.1124576377952756
21
0.2235961811023622
0
LINE
8
BLACK
6
CONTINUOUS
10
0.169432125984252
20
0.2235961811023622
11
0.1712202755905512
21
0.2224013779527559
0
LINE
8
BLACK
6
CONTINUOUS
10
0.1712202755905512
20
0.2224013779527559
11
0.1724150787401575
21
0.2206132283464567
0
LINE
8
BLACK
6
CONTINUOUS
10
0.1724150787401575
20
0.2206132283464567
11
0.1728346456692913
21
0.218503937007874
0
LINE
8
BLACK
6
CONTINUOUS
10
0.1728346456692913
20
0.218503937007874
11
0.1728346456692913
21
0.2051181102362205
0
LINE
8
BLACK
6
CONTINUOUS
10
0.1728346456692913
20
0.2051181102362205
11
0.1724150787401575
21
0.2030088188976378
0
LINE
8
BLACK
6
CONTINUOUS
10
0.1724150787401575
20
0.2030088188976378
11
0.1712202755905512
21
0.2012206692913386
0
LINE
8
BLACK
6
CONTINUOUS
10
0.1712202755905512
20
0.2012206692913386
11
0.169432125984252
21
0.2000258661417323
0
LINE
8
BLACK
6
CONTINUOUS
10
0.169432125984252
20
0.2000258661417323
11
0.1673228346456693
21
0.1996062992125984
0
LINE
8
BLACK
6
CONTINUOUS
10
0.1673228346456693
20
0.1996062992125984
11
0.1562992125984252
21
0.1996062992125984
0
LINE
8
BLACK
6
CONTINUOUS
10
0.1562992125984252
20
0.1996062992125984
11
0.1541899212598425
21
0.2000258661417323
0
LINE
8
BLACK
6
CONTINUOUS
10
0.1541899212598425
20
0.2000258661417323
11
0.1524017716535433
21
0.2012206692913386
0
LINE
8
BLACK
6
CONTINUOUS
10
0.1524017716535433
20
0.2012206692913386
11
0.151206968503937
21
0.2030088188976378
0
LINE
8
BLACK
6
CONTINUOUS
10
0.151206968503937
20
0.2030088188976378
11
0.1507874015748031
21
0.2051181102362205
0
LINE
8
BLACK
6
CONTINUOUS
10
0.1507874015748031
20
0.2051181102362205
11
0.1507874015748031
21
0.218503937007874
0
LINE
8
BLACK
6
CONTINUOUS
10
0.1507874015748031
20
0.218503937007874
11
0.151206968503937
21
0.2206132283464567
0
LINE
8
BLACK
6
CONTINUOUS
10
0.151206968503937
20
0.2206132283464567
11
0.1524017716535433
21
0.2224013779527559
0
LINE
8
BLACK
6
CONTINUOUS
10
0.1524017716535433
20
0.2224013779527559
11
0.1541899212598425
21
0.2235961811023622
0
LINE
8
BLACK
6
CONTINUOUS
10
0.1541899212598425
20
0.2235961811023622
11
0.1562992125984252
21
0.2240157480314961
0
LINE
8
BLACK
6
CONTINUOUS
10
0.1562992125984252
20
0.2240157480314961
11
0.1673228346456693
21
0.2240157480314961
0
LINE
8
BLACK
6
CONTINUOUS
10
0.1673228346456693
20
0.2240157480314961
11
0.169432125984252
21
0.2235961811023622
0
LINE
8
BLACK
6
CONTINUOUS
10
0.2072274015748032
20
0.2235961811023622
11
0.2090155511811023
21
0.2224013779527559
0
LINE
8
BLACK
6
CONTINUOUS
10
0.2090155511811023
20
0.2224013779527559
11
0.2102103543307086
21
0.2206132283464567
0
LINE
8
BLACK
6
CONTINUOUS
10
0.2102103543307086
20
0.2206132283464567
11
0.2106299212598425
21
0.218503937007874
0
LINE
8
BLACK
6
CONTINUOUS
10
0.2106299212598425
20
0.218503937007874
11
0.2106299212598425
21
0.2051181102362205
0
LINE
8
BLACK
6
CONTINUOUS
10
0.2106299212598425
20
0.2051181102362205
11
0.2102103543307086
21
0.2030088188976378
0
LINE
8
BLACK
6
CONTINUOUS
10
0.2102103543307086
20
0.2030088188976378
11
0.2090155511811023
21
0.2012206692913386
0
LINE
8
BLACK
6
CONTINUOUS
10
0.2090155511811023
20
0.2012206692913386
11
0.2072274015748032
21
0.2000258661417323
0
LINE
8
BLACK
6
CONTINUOUS
10
0.2072274015748032
20
0.2000258661417323
11
0.2051181102362205
21
0.1996062992125984
0
LINE
8
BLACK
6
CONTINUOUS
10
0.2051181102362205
20
0.1996062992125984
11
0.1940944881889764
21
0.1996062992125984
0
LINE
8
BLACK
6
CONTINUOUS
10
0.1940944881889764
20
0.1996062992125984
11
0.1919851968503937
21
0.2000258661417323
0
LINE
8
BLACK
6
CONTINUOUS
10
0.1919851968503937
20
0.2000258661417323
11
0.1901970472440945
21
0.2012206692913386
0
LINE
8
BLACK
6
CONTINUOUS
10
0.1901970472440945
20
0.2012206692913386
11
0.1890022440944882
21
0.2030088188976378
0
LINE
8
BLACK
6
CONTINUOUS
10
0.1890022440944882
20
0.2030088188976378
11
0.1885826771653543
21
0.2051181102362205
0
LINE
8
BLACK
6
CONTINUOUS
10
0.1885826771653543
20
0.2051181102362205
11
0.1885826771653543
21
0.218503937007874
0
LINE
8
BLACK
6
CONTINUOUS
10
0.1885826771653543
20
0.218503937007874
11
0.1890022440944882
21
0.2206132283464567
0
LINE
8
BLACK
6
CONTINUOUS
10
0.1890022440944882
20
0.2206132283464567
11
0.1901970472440945
21
0.2224013779527559
0
LINE
8
BLACK
6
CONTINUOUS
10
0.1901970472440945
20
0.2224013779527559
11
0.1919851968503937
21
0.2235961811023622
0
LINE
8
BLACK
6
CONTINUOUS
10
0.1919851968503937
20
0.2235961811023622
11
0.1940944881889764
21
0.2240157480314961
0
LINE
8
BLACK
6
CONTINUOUS
10
0.1940944881889764
20
0.2240157480314961
11
0.2051181102362205
21
0.2240157480314961
0
LINE
8
BLACK
6
CONTINUOUS
10
0.2051181102362205
20
0.2240157480314961
11
0.2072274015748032
21
0.2235961811023622
0
LINE
8
BLACK
6
CONTINUOUS
10
-0.228055
20
0.2259284251968504
11
-0.2261391338582677
21
0.2246482677165354
0
LINE
8
BLACK
6
CONTINUOUS
10
-0.2261391338582677
20
0.2246482677165354
11
-0.2248589763779527
21
0.2227324015748031
0
LINE
8
BLACK
6
CONTINUOUS
10
-0.2248589763779527
20
0.2227324015748031
11
-0.2244094488188976
21
0.2204724409448819
0
LINE
8
BLACK
6
CONTINUOUS
10
-0.2244094488188976
20
0.2204724409448819
11
-0.2244094488188976
21
0.2086614173228346
0
LINE
8
BLACK
6
CONTINUOUS
10
-0.2244094488188976
20
0.2086614173228346
11
-0.2248589763779527
21
0.2064014566929134
0
LINE
8
BLACK
6
CONTINUOUS
10
-0.2248589763779527
20
0.2064014566929134
11
-0.2261391338582677
21
0.2044855905511811
0
LINE
8
BLACK
6
CONTINUOUS
10
-0.2261391338582677
20
0.2044855905511811
11
-0.228055
21
0.2032054330708661
0
LINE
8
BLACK
6
CONTINUOUS
10
-0.228055
20
0.2032054330708661
11
-0.2303149606299213
21
0.202755905511811
0
LINE
8
BLACK
6
CONTINUOUS
10
-0.2303149606299213
20
0.202755905511811
11
-0.2706692913385827
21
0.202755905511811
0
LINE
8
BLACK
6
CONTINUOUS
10
-0.2706692913385827
20
0.202755905511811
11
-0.2729292519685039
21
0.2032054330708661
0
LINE
8
BLACK
6
CONTINUOUS
10
-0.2729292519685039
20
0.2032054330708661
11
-0.2748451181102362
21
0.2044855905511811
0
LINE
8
BLACK
6
CONTINUOUS
10
-0.2748451181102362
20
0.2044855905511811
11
-0.2761252755905512
21
0.2064014566929134
0
LINE
8
BLACK
6
CONTINUOUS
10
-0.2761252755905512
20
0.2064014566929134
11
-0.2765748031496063
21
0.2086614173228346
0
LINE
8
BLACK
6
CONTINUOUS
10
-0.2765748031496063
20
0.2086614173228346
11
-0.2765748031496063
21
0.2204724409448819
0
LINE
8
BLACK
6
CONTINUOUS
10
-0.2765748031496063
20
0.2204724409448819
11
-0.2761252755905512
21
0.2227324015748031
0
LINE
8
BLACK
6
CONTINUOUS
10
-0.2761252755905512
20
0.2227324015748031
11
-0.2748451181102362
21
0.2246482677165354
0
LINE
8
BLACK
6
CONTINUOUS
10
-0.2748451181102362
20
0.2246482677165354
11
-0.2729292519685039
21
0.2259284251968504
0
LINE
8
BLACK
6
CONTINUOUS
10
-0.2729292519685039
20
0.2259284251968504
11
-0.2706692913385827
21
0.2263779527559055
0
LINE
8
BLACK
6
CONTINUOUS
10
-0.2706692913385827
20
0.2263779527559055
11
-0.2303149606299213
21
0.2263779527559055
0
LINE
8
BLACK
6
CONTINUOUS
10
-0.2303149606299213
20
0.2263779527559055
11
-0.228055
21
0.2259284251968504
0
LINE
8
BLACK
6
CONTINUOUS
10
-0.3856859842519685
20
0.2255646850393701
11
-0.3838978346456693
21
0.2243698818897638
0
LINE
8
BLACK
6
CONTINUOUS
10
-0.3838978346456693
20
0.2243698818897638
11
-0.382703031496063
21
0.2225817322834646
0
LINE
8
BLACK
6
CONTINUOUS
10
-0.382703031496063
20
0.2225817322834646
11
-0.3822834645669291
21
0.2204724409448819
0
LINE
8
BLACK
6
CONTINUOUS
10
-0.3822834645669291
20
0.2204724409448819
11
-0.3822834645669291
21
0.2094488188976378
0
LINE
8
BLACK
6
CONTINUOUS
10
-0.3822834645669291
20
0.2094488188976378
11
-0.382703031496063
21
0.2073395275590551
0
LINE
8
BLACK
6
CONTINUOUS
10
-0.382703031496063
20
0.2073395275590551
11
-0.3838978346456693
21
0.2055513779527559
0
LINE
8
BLACK
6
CONTINUOUS
10
-0.3838978346456693
20
0.2055513779527559
11
-0.3856859842519685
21
0.2043565748031496
0
LINE
8
BLACK
6
CONTINUOUS
10
-0.3856859842519685
20
0.2043565748031496
11
-0.3877952755905512
21
0.2039370078740158
0
LINE
8
BLACK
6
CONTINUOUS
10
-0.3877952755905512
20
0.2039370078740158
11
-0.4011811023622047
21
0.2039370078740158
0
LINE
8
BLACK
6
CONTINUOUS
10
-0.4011811023622047
20
0.2039370078740158
11
-0.4032903937007874
21
0.2043565748031496
0
LINE
8
BLACK
6
CONTINUOUS
10
-0.4032903937007874
20
0.2043565748031496
11
-0.4050785433070866
21
0.2055513779527559
0
LINE
8
BLACK
6
CONTINUOUS
10
-0.4050785433070866
20
0.2055513779527559
11
-0.4062733464566929
21
0.2073395275590551
0
LINE
8
BLACK
6
CONTINUOUS
10
-0.4062733464566929
20
0.2073395275590551
11
-0.4066929133858267
21
0.2094488188976378
0
LINE
8
BLACK
6
CONTINUOUS
10
-0.4066929133858267
20
0.2094488188976378
11
-0.4066929133858267
21
0.2204724409448819
0
LINE
8
BLACK
6
CONTINUOUS
10
-0.4066929133858267
20
0.2204724409448819
11
-0.4062733464566929
21
0.2225817322834646
0
LINE
8
BLACK
6
CONTINUOUS
10
-0.4062733464566929
20
0.2225817322834646
11
-0.4050785433070866
21
0.2243698818897638
0
LINE
8
BLACK
6
CONTINUOUS
10
-0.4050785433070866
20
0.2243698818897638
11
-0.4032903937007874
21
0.2255646850393701
0
LINE
8
BLACK
6
CONTINUOUS
10
-0.4032903937007874
20
0.2255646850393701
11
-0.4011811023622047
21
0.2259842519685039
0
LINE
8
BLACK
6
CONTINUOUS
10
-0.4011811023622047
20
0.2259842519685039
11
-0.3877952755905512
21
0.2259842519685039
0
LINE
8
BLACK
6
CONTINUOUS
10
-0.3877952755905512
20
0.2259842519685039
11
-0.3856859842519685
21
0.2255646850393701
0
LINE
8
BLACK
6
CONTINUOUS
10
0.7086614173228346
20
0.2568897637795275
11
0.7156688582677165
21
0.2562766929133858
0
LINE
8
BLACK
6
CONTINUOUS
10
0.7156688582677165
20
0.2562766929133858
11
0.7224634251968504
21
0.2544561023622047
0
LINE
8
BLACK
6
CONTINUOUS
10
0.7224634251968504
20
0.2544561023622047
11
0.7288385826771654
21
0.2514833070866141
0
LINE
8
BLACK
6
CONTINUOUS
10
0.7288385826771654
20
0.2514833070866141
11
0.7346006692913386
21
0.2474486614173228
0
LINE
8
BLACK
6
CONTINUOUS
10
0.7346006692913386
20
0.2474486614173228
11
0.7395746456692913
21
0.2424746850393701
0
LINE
8
BLACK
6
CONTINUOUS
10
0.7395746456692913
20
0.2424746850393701
11
0.7436092913385827
21
0.2367125984251968
0
LINE
8
BLACK
6
CONTINUOUS
10
0.7436092913385827
20
0.2367125984251968
11
0.7465820866141732
21
0.2303374409448819
0
LINE
8
BLACK
6
CONTINUOUS
10
0.7465820866141732
20
0.2303374409448819
11
0.7484026771653544
21
0.223542874015748
0
LINE
8
BLACK
6
CONTINUOUS
10
0.7484026771653544
20
0.223542874015748
11
0.7490157480314961
21
0.2165354330708661
0
LINE
8
BLACK
6
CONTINUOUS
10
0.7490157480314961
20
0.2165354330708661
11
0.7490157480314961
21
-0.2165354330708661
0
LINE
8
BLACK
6
CONTINUOUS
10
0.7490157480314961
20
-0.2165354330708661
11
0.7484026771653544
21
-0.223542874015748
0
LINE
8
BLACK
6
CONTINUOUS
10
0.7484026771653544
20
-0.223542874015748
11
0.7465820866141732
21
-0.2303374409448819
0
LINE
8
BLACK
6
CONTINUOUS
10
0.7465820866141732
20
-0.2303374409448819
11
0.7436092913385827
21
-0.2367125984251968
0
LINE
8
BLACK
6
CONTINUOUS
10
0.7436092913385827
20
-0.2367125984251968
11
0.7395746456692913
21
-0.2424746850393701
0
LINE
8
BLACK
6
CONTINUOUS
10
0.7395746456692913
20
-0.2424746850393701
11
0.7346006692913386
21
-0.2474486614173228
0
LINE
8
BLACK
6
CONTINUOUS
10
0.7346006692913386
20
-0.2474486614173228
11
0.7288385826771654
21
-0.2514833070866141
0
LINE
8
BLACK
6
CONTINUOUS
10
0.7288385826771654
20
-0.2514833070866141
11
0.7224634251968504
21
-0.2544561023622047
0
LINE
8
BLACK
6
CONTINUOUS
10
0.7224634251968504
20
-0.2544561023622047
11
0.7156688582677165
21
-0.2562766929133858
0
LINE
8
BLACK
6
CONTINUOUS
10
0.7156688582677165
20
-0.2562766929133858
11
0.7086614173228346
21
-0.2568897637795275
0
LINE
8
BLACK
6
CONTINUOUS
10
0.7086614173228346
20
-0.2568897637795275
11
-0.7086614173228346
21
-0.2568897637795275
0
LINE
8
BLACK
6
CONTINUOUS
10
-0.7086614173228346
20
-0.2568897637795275
11
-0.7156688582677165
21
-0.2562766929133858
0
LINE
8
BLACK
6
CONTINUOUS
10
-0.7156688582677165
20
-0.2562766929133858
11
-0.7224634251968504
21
-0.2544561023622047
0
LINE
8
BLACK
6
CONTINUOUS
10
-0.7224634251968504
20
-0.2544561023622047
11
-0.7288385826771654
21
-0.2514833070866141
0
LINE
8
BLACK
6
CONTINUOUS
10
-0.7288385826771654
20
-0.2514833070866141
11
-0.7346006692913386
21
-0.2474486614173228
0
LINE
8
BLACK
6
CONTINUOUS
10
-0.7346006692913386
20
-0.2474486614173228
11
-0.7395746456692913
21
-0.2424746850393701
0
LINE
8
BLACK
6
CONTINUOUS
10
-0.7395746456692913
20
-0.2424746850393701
11
-0.7436092913385827
21
-0.2367125984251968
0
LINE
8
BLACK
6
CONTINUOUS
10
-0.7436092913385827
20
-0.2367125984251968
11
-0.7465820866141732
21
-0.2303374409448819
0
LINE
8
BLACK
6
CONTINUOUS
10
-0.7465820866141732
20
-0.2303374409448819
11
-0.7484026771653544
21
-0.223542874015748
0
LINE
8
BLACK
6
CONTINUOUS
10
-0.7484026771653544
20
-0.223542874015748
11
-0.7490157480314961
21
-0.2165354330708661
0
LINE
8
BLACK
6
CONTINUOUS
10
-0.7490157480314961
20
-0.2165354330708661
11
-0.7490157480314961
21
0.2165354330708661
0
LINE
8
BLACK
6
CONTINUOUS
10
-0.7490157480314961
20
0.2165354330708661
11
-0.7484026771653544
21
0.223542874015748
0
LINE
8
BLACK
6
CONTINUOUS
10
-0.7484026771653544
20
0.223542874015748
11
-0.7465820866141732
21
0.2303374409448819
0
LINE
8
BLACK
6
CONTINUOUS
10
-0.7465820866141732
20
0.2303374409448819
11
-0.7436092913385827
21
0.2367125984251968
0
LINE
8
BLACK
6
CONTINUOUS
10
-0.7436092913385827
20
0.2367125984251968
11
-0.7395746456692913
21
0.2424746850393701
0
LINE
8
BLACK
6
CONTINUOUS
10
-0.7395746456692913
20
0.2424746850393701
11
-0.7346006692913386
21
0.2474486614173228
0
LINE
8
BLACK
6
CONTINUOUS
10
-0.7346006692913386
20
0.2474486614173228
11
-0.7288385826771654
21
0.2514833070866141
0
LINE
8
BLACK
6
CONTINUOUS
10
-0.7288385826771654
20
0.2514833070866141
11
-0.7224634251968504
21
0.2544561023622047
0
LINE
8
BLACK
6
CONTINUOUS
10
-0.7224634251968504
20
0.2544561023622047
11
-0.7156688582677165
21
0.2562766929133858
0
LINE
8
BLACK
6
CONTINUOUS
10
-0.7156688582677165
20
0.2562766929133858
11
-0.7086614173228346
21
0.2568897637795275
0
LINE
8
BLACK
6
CONTINUOUS
10
-0.7086614173228346
20
0.2568897637795275
11
0.7086614173228346
21
0.2568897637795275
0
LINE
8
BLACK
6
CONTINUOUS
10
-0.7086614173228346
20
0.2549212598425197
11
-0.7120197244094488
21
0.2549212598425197
0
LINE
8
BLACK
6
CONTINUOUS
10
-0.7120197244094488
20
0.2549212598425197
11
-0.7186343307086615
21
0.2537549212598425
0
LINE
8
BLACK
6
CONTINUOUS
10
-0.7186343307086615
20
0.2537549212598425
11
-0.7249459448818898
21
0.2514576771653543
0
LINE
8
BLACK
6
CONTINUOUS
10
-0.7249459448818898
20
0.2514576771653543
11
-0.730762716535433
21
0.2480993700787401
0
LINE
8
BLACK
6
CONTINUOUS
10
-0.730762716535433
20
0.2480993700787401
11
-0.7359079527559055
21
0.243781968503937
0
LINE
8
BLACK
6
CONTINUOUS
10
-0.7359079527559055
20
0.243781968503937
11
-0.7402253543307087
21
0.2386367322834645
0
LINE
8
BLACK
6
CONTINUOUS
10
-0.7402253543307087
20
0.2386367322834645
11
-0.7435836614173228
21
0.2328199606299212
0
LINE
8
BLACK
6
CONTINUOUS
10
-0.7435836614173228
20
0.2328199606299212
11
-0.745880905511811
21
0.2265083464566929
0
LINE
8
BLACK
6
CONTINUOUS
10
-0.745880905511811
20
0.2265083464566929
11
-0.7470472440944882
21
0.2198937401574803
0
LINE
8
BLACK
6
CONTINUOUS
10
-0.7470472440944882
20
0.2198937401574803
11
-0.7470472440944882
21
0.2165354330708661
0
LINE
8
BLACK
6
CONTINUOUS
10
-0.7470472440944882
20
0.2165354330708661
11
-0.7470472440944882
21
-0.2165354330708661
0
LINE
8
BLACK
6
CONTINUOUS
10
-0.7470472440944882
20
-0.2165354330708661
11
-0.7470472440944882
21
-0.2198937401574803
0
LINE
8
BLACK
6
CONTINUOUS
10
-0.7470472440944882
20
-0.2198937401574803
11
-0.745880905511811
21
-0.2265083464566929
0
LINE
8
BLACK
6
CONTINUOUS
10
-0.745880905511811
20
-0.2265083464566929
11
-0.7435836614173228
21
-0.2328199606299212
0
LINE
8
BLACK
6
CONTINUOUS
10
-0.7435836614173228
20
-0.2328199606299212
11
-0.7402253543307087
21
-0.2386367322834645
0
LINE
8
BLACK
6
CONTINUOUS
10
-0.7402253543307087
20
-0.2386367322834645
11
-0.7359079527559055
21
-0.243781968503937
0
LINE
8
BLACK
6
CONTINUOUS
10
-0.7359079527559055
20
-0.243781968503937
11
-0.730762716535433
21
-0.2480993700787401
0
LINE
8
BLACK
6
CONTINUOUS
10
-0.730762716535433
20
-0.2480993700787401
11
-0.7249459448818898
21
-0.2514576771653543
0
LINE
8
BLACK
6
CONTINUOUS
10
-0.7249459448818898
20
-0.2514576771653543
11
-0.7186343307086615
21
-0.2537549212598425
0
LINE
8
BLACK
6
CONTINUOUS
10
-0.7186343307086615
20
-0.2537549212598425
11
-0.7120197244094488
21
-0.2549212598425197
0
LINE
8
BLACK
6
CONTINUOUS
10
-0.7120197244094488
20
-0.2549212598425197
11
-0.7086614173228346
21
-0.2549212598425197
0
LINE
8
BLACK
6
CONTINUOUS
10
-0.7086614173228346
20
-0.2549212598425197
11
0.7086614173228346
21
-0.2549212598425197
0
LINE
8
BLACK
6
CONTINUOUS
10
0.7086614173228346
20
-0.2549212598425197
11
0.7120197244094488
21
-0.2549212598425197
0
LINE
8
BLACK
6
CONTINUOUS
10
0.7120197244094488
20
-0.2549212598425197
11
0.7186343307086615
21
-0.2537549212598425
0
LINE
8
BLACK
6
CONTINUOUS
10
0.7186343307086615
20
-0.2537549212598425
11
0.7249459448818898
21
-0.2514576771653543
0
LINE
8
BLACK
6
CONTINUOUS
10
0.7249459448818898
20
-0.2514576771653543
11
0.730762716535433
21
-0.2480993700787401
0
LINE
8
BLACK
6
CONTINUOUS
10
0.730762716535433
20
-0.2480993700787401
11
0.7359079527559055
21
-0.243781968503937
0
LINE
8
BLACK
6
CONTINUOUS
10
0.7359079527559055
20
-0.243781968503937
11
0.7402253543307087
21
-0.2386367322834645
0
LINE
8
BLACK
6
CONTINUOUS
10
0.7402253543307087
20
-0.2386367322834645
11
0.7435836614173228
21
-0.2328199606299212
0
LINE
8
BLACK
6
CONTINUOUS
10
0.7435836614173228
20
-0.2328199606299212
11
0.745880905511811
21
-0.2265083464566929
0
LINE
8
BLACK
6
CONTINUOUS
10
0.745880905511811
20
-0.2265083464566929
11
0.7470472440944882
21
-0.2198937401574803
0
LINE
8
BLACK
6
CONTINUOUS
10
0.7470472440944882
20
-0.2198937401574803
11
0.7470472440944882
21
-0.2165354330708661
0
LINE
8
BLACK
6
CONTINUOUS
10
0.7470472440944882
20
-0.2165354330708661
11
0.7470472440944882
21
0.2165354330708661
0
LINE
8
BLACK
6
CONTINUOUS
10
0.7470472440944882
20
0.2165354330708661
11
0.7470472440944882
21
0.2198937401574803
0
LINE
8
BLACK
6
CONTINUOUS
10
0.7470472440944882
20
0.2198937401574803
11
0.745880905511811
21
0.2265083464566929
0
LINE
8
BLACK
6
CONTINUOUS
10
0.745880905511811
20
0.2265083464566929
11
0.7435836614173228
21
0.2328199606299212
0
LINE
8
BLACK
6
CONTINUOUS
10
0.7435836614173228
20
0.2328199606299212
11
0.7402253543307087
21
0.2386367322834645
0
LINE
8
BLACK
6
CONTINUOUS
10
0.7402253543307087
20
0.2386367322834645
11
0.7359079527559055
21
0.243781968503937
0
LINE
8
BLACK
6
CONTINUOUS
10
0.7359079527559055
20
0.243781968503937
11
0.730762716535433
21
0.2480993700787401
0
LINE
8
BLACK
6
CONTINUOUS
10
0.730762716535433
20
0.2480993700787401
11
0.7249459448818898
21
0.2514576771653543
0
LINE
8
BLACK
6
CONTINUOUS
10
0.7249459448818898
20
0.2514576771653543
11
0.7186343307086615
21
0.2537549212598425
0
LINE
8
BLACK
6
CONTINUOUS
10
0.7186343307086615
20
0.2537549212598425
11
0.7120197244094488
21
0.2549212598425197
0
LINE
8
BLACK
6
CONTINUOUS
10
0.7120197244094488
20
0.2549212598425197
11
0.7086614173228346
21
0.2549212598425197
0
LINE
8
BLACK
6
CONTINUOUS
10
0.7086614173228346
20
0.2549212598425197
11
-0.7086614173228346
21
0.2549212598425197
  0
ENDSEC
  0
EOF
