ISO-10303-21;
HEADER;
FILE_DESCRIPTION(('FreeCAD Model'),'2;1');
FILE_NAME('Open CASCADE Shape Model','2025-11-30T23:34:02',(''),(''),
  'Open CASCADE STEP processor 7.7','FreeCAD','Unknown');
FILE_SCHEMA(('AUTOMOTIVE_DESIGN { 1 0 10303 214 1 1 1 1 }'));
ENDSEC;
DATA;
#1 = APPLICATION_PROTOCOL_DEFINITION('international standard',
  'automotive_design',2000,#2);
#2 = APPLICATION_CONTEXT(
  'core data for automotive mechanical design processes');
#3 = SHAPE_DEFINITION_REPRESENTATION(#4,#10);
#4 = PRODUCT_DEFINITION_SHAPE('','',#5);
#5 = PRODUCT_DEFINITION('design','',#6,#9);
#6 = PRODUCT_DEFINITION_FORMATION('','',#7);
#7 = PRODUCT('USB1~USB-C-SMD_TYPE-C-24P-QT~USB-C-SMD_TYPE-C-24P-QT~axvK'
  ,'USB1~USB-C-SMD_TYPE-C-24P-QT~USB-C-SMD_TYPE-C-24P-QT~axvK','',(#8));
#8 = PRODUCT_CONTEXT('',#2,'mechanical');
#9 = PRODUCT_DEFINITION_CONTEXT('part definition',#2,'design');
#10 = SHAPE_REPRESENTATION('',(#11,#15),#19);
#11 = AXIS2_PLACEMENT_3D('',#12,#13,#14);
#12 = CARTESIAN_POINT('',(0.,0.,0.));
#13 = DIRECTION('',(0.,0.,1.));
#14 = DIRECTION('',(1.,0.,-0.));
#15 = AXIS2_PLACEMENT_3D('',#16,#17,#18);
#16 = CARTESIAN_POINT('',(0.,0.,0.));
#17 = DIRECTION('',(0.,0.,1.));
#18 = DIRECTION('',(1.,0.,0.));
#19 = ( GEOMETRIC_REPRESENTATION_CONTEXT(3) 
GLOBAL_UNCERTAINTY_ASSIGNED_CONTEXT((#23)) GLOBAL_UNIT_ASSIGNED_CONTEXT(
(#20,#21,#22)) REPRESENTATION_CONTEXT('Context #1',
  '3D Context with UNIT and UNCERTAINTY') );
#20 = ( LENGTH_UNIT() NAMED_UNIT(*) SI_UNIT(.MILLI.,.METRE.) );
#21 = ( NAMED_UNIT(*) PLANE_ANGLE_UNIT() SI_UNIT($,.RADIAN.) );
#22 = ( NAMED_UNIT(*) SI_UNIT($,.STERADIAN.) SOLID_ANGLE_UNIT() );
#23 = UNCERTAINTY_MEASURE_WITH_UNIT(LENGTH_MEASURE(1.E-05),#20,
  'distance_accuracy_value','confusion accuracy');
#24 = PRODUCT_RELATED_PRODUCT_CATEGORY('part',$,(#7));
#25 = SHAPE_DEFINITION_REPRESENTATION(#26,#32);
#26 = PRODUCT_DEFINITION_SHAPE('','',#27);
#27 = PRODUCT_DEFINITION('design','',#28,#31);
#28 = PRODUCT_DEFINITION_FORMATION('','',#29);
#29 = PRODUCT('USB-C-SMD_TYPE-C-24P-QT~USB-C-SMD_TYPE-C-24P-QT~axvK002',
  'USB-C-SMD_TYPE-C-24P-QT~USB-C-SMD_TYPE-C-24P-QT~axvK002','',(#30));
#30 = PRODUCT_CONTEXT('',#2,'mechanical');
#31 = PRODUCT_DEFINITION_CONTEXT('part definition',#2,'design');
#32 = SHAPE_REPRESENTATION('',(#11,#33,#37),#41);
#33 = AXIS2_PLACEMENT_3D('',#34,#35,#36);
#34 = CARTESIAN_POINT('',(0.,0.,0.));
#35 = DIRECTION('',(0.,0.,1.));
#36 = DIRECTION('',(1.,0.,0.));
#37 = AXIS2_PLACEMENT_3D('',#38,#39,#40);
#38 = CARTESIAN_POINT('',(0.,0.,0.));
#39 = DIRECTION('',(0.,0.,1.));
#40 = DIRECTION('',(1.,0.,0.));
#41 = ( GEOMETRIC_REPRESENTATION_CONTEXT(3) 
GLOBAL_UNCERTAINTY_ASSIGNED_CONTEXT((#45)) GLOBAL_UNIT_ASSIGNED_CONTEXT(
(#42,#43,#44)) REPRESENTATION_CONTEXT('Context #1',
  '3D Context with UNIT and UNCERTAINTY') );
#42 = ( LENGTH_UNIT() NAMED_UNIT(*) SI_UNIT(.MILLI.,.METRE.) );
#43 = ( NAMED_UNIT(*) PLANE_ANGLE_UNIT() SI_UNIT($,.RADIAN.) );
#44 = ( NAMED_UNIT(*) SI_UNIT($,.STERADIAN.) SOLID_ANGLE_UNIT() );
#45 = UNCERTAINTY_MEASURE_WITH_UNIT(LENGTH_MEASURE(1.E-05),#42,
  'distance_accuracy_value','confusion accuracy');
#46 = CONTEXT_DEPENDENT_SHAPE_REPRESENTATION(#47,#49);
#47 = ( REPRESENTATION_RELATIONSHIP('','',#32,#10) 
REPRESENTATION_RELATIONSHIP_WITH_TRANSFORMATION(#48) 
SHAPE_REPRESENTATION_RELATIONSHIP() );
#48 = ITEM_DEFINED_TRANSFORMATION('','',#11,#15);
#49 = PRODUCT_DEFINITION_SHAPE('Placement','Placement of an item',#50);
#50 = NEXT_ASSEMBLY_USAGE_OCCURRENCE('3',
  'USB-C-SMD_TYPE-C-24P-QT~USB-C-SMD_TYPE-C-24P-QT~axvK002','',#5,#27,$
  );
#51 = PRODUCT_RELATED_PRODUCT_CATEGORY('part',$,(#29));
#52 = SHAPE_DEFINITION_REPRESENTATION(#53,#59);
#53 = PRODUCT_DEFINITION_SHAPE('','',#54);
#54 = PRODUCT_DEFINITION('design','',#55,#58);
#55 = PRODUCT_DEFINITION_FORMATION('','',#56);
#56 = PRODUCT('USB-C-SMD_TYPE-C-24P-QT~USB-C-SMD_TYPE-C-24P-QT~axvK',
  'USB-C-SMD_TYPE-C-24P-QT~USB-C-SMD_TYPE-C-24P-QT~axvK','',(#57));
#57 = PRODUCT_CONTEXT('',#2,'mechanical');
#58 = PRODUCT_DEFINITION_CONTEXT('part definition',#2,'design');
#59 = ADVANCED_BREP_SHAPE_REPRESENTATION('',(#11,#60),#5680);
#60 = MANIFOLD_SOLID_BREP('',#61);
#61 = CLOSED_SHELL('',(#62,#668,#710,#750,#790,#823,#865,#909,#949,#1029
    ,#1238,#1270,#1367,#1420,#1535,#1566,#1632,#1836,#1858,#1882,#1906,
    #1928,#1950,#1972,#2014,#2036,#2058,#2080,#2102,#2124,#2136,#2148,
    #2160,#2172,#2184,#2196,#2208,#2220,#2232,#2244,#2261,#2273,#2290,
    #2302,#2327,#2352,#2388,#2450,#2654,#2690,#2754,#2958,#2980,#3004,
    #3028,#3050,#3072,#3094,#3116,#3138,#3160,#3182,#3204,#3216,#3228,
    #3240,#3252,#3264,#3276,#3288,#3300,#3312,#3324,#3341,#3353,#3370,
    #3382,#3406,#3428,#3450,#3472,#3494,#3518,#3530,#3542,#3554,#3566,
    #3578,#3590,#3602,#3614,#3631,#3648,#3660,#3691,#3715,#3739,#3763,
    #3787,#3811,#3835,#3852,#3926,#3957,#3981,#4019,#4043,#4081,#4098,
    #4129,#4153,#4177,#4251,#4318,#4405,#4436,#4510,#4584,#4608,#4625,
    #4656,#4680,#4704,#4728,#4752,#4776,#4800,#4824,#4848,#4872,#4896,
    #4913,#4933,#4964,#5014,#5088,#5162,#5212,#5236,#5286,#5360,#5434,
    #5477,#5495,#5526,#5550,#5574,#5598,#5622,#5639,#5653,#5667));
#62 = ADVANCED_FACE('',(#63,#129,#263,#337,#435,#613),#663,.T.);
#63 = FACE_BOUND('',#64,.T.);
#64 = EDGE_LOOP('',(#65,#75,#83,#91,#99,#107,#115,#123));
#65 = ORIENTED_EDGE('',*,*,#66,.T.);
#66 = EDGE_CURVE('',#67,#69,#71,.T.);
#67 = VERTEX_POINT('',#68);
#68 = CARTESIAN_POINT('',(1.560873981985,-1.018143897491,
    5.616082110471E-08));
#69 = VERTEX_POINT('',#70);
#70 = CARTESIAN_POINT('',(1.695020321079,-1.018143897491,
    5.616082110471E-08));
#71 = LINE('',#72,#73);
#72 = CARTESIAN_POINT('',(1.560873981985,-1.018143897491,
    5.616082110471E-08));
#73 = VECTOR('',#74,1.);
#74 = DIRECTION('',(1.,0.,0.));
#75 = ORIENTED_EDGE('',*,*,#76,.T.);
#76 = EDGE_CURVE('',#69,#77,#79,.T.);
#77 = VERTEX_POINT('',#78);
#78 = CARTESIAN_POINT('',(2.085264216626,-1.814391515209E-02,
    5.616082465743E-08));
#79 = LINE('',#80,#81);
#80 = CARTESIAN_POINT('',(1.695020321079,-1.018143897491,
    5.616082110471E-08));
#81 = VECTOR('',#82,1.);
#82 = DIRECTION('',(0.363542485653,0.931577619485,3.252585874116E-15));
#83 = ORIENTED_EDGE('',*,*,#84,.T.);
#84 = EDGE_CURVE('',#77,#85,#87,.T.);
#85 = VERTEX_POINT('',#86);
#86 = CARTESIAN_POINT('',(1.938922755796,-1.814391515209E-02,
    5.616082465743E-08));
#87 = LINE('',#88,#89);
#88 = CARTESIAN_POINT('',(2.085264216626,-1.814391515209E-02,
    5.616082465743E-08));
#89 = VECTOR('',#90,1.);
#90 = DIRECTION('',(-1.,0.,0.));
#91 = ORIENTED_EDGE('',*,*,#92,.T.);
#92 = EDGE_CURVE('',#85,#93,#95,.T.);
#93 = VERTEX_POINT('',#94);
#94 = CARTESIAN_POINT('',(1.837741355144,-0.298631715077,
    5.61608235472E-08));
#95 = LINE('',#96,#97);
#96 = CARTESIAN_POINT('',(1.938922755796,-1.814391515209E-02,
    5.616082465743E-08));
#97 = VECTOR('',#98,1.);
#98 = DIRECTION('',(-0.339330377275,-0.940667260544,-3.284322186246E-15)
  );
#99 = ORIENTED_EDGE('',*,*,#100,.T.);
#100 = EDGE_CURVE('',#93,#101,#103,.T.);
#101 = VERTEX_POINT('',#102);
#102 = CARTESIAN_POINT('',(1.424631606342,-0.298631715077,
    5.61608235472E-08));
#103 = LINE('',#104,#105);
#104 = CARTESIAN_POINT('',(1.837741355144,-0.298631715077,
    5.61608235472E-08));
#105 = VECTOR('',#106,1.);
#106 = DIRECTION('',(-1.,0.,0.));
#107 = ORIENTED_EDGE('',*,*,#108,.T.);
#108 = EDGE_CURVE('',#101,#109,#111,.T.);
#109 = VERTEX_POINT('',#110);
#110 = CARTESIAN_POINT('',(1.329166669004,-1.814391515209E-02,
    5.616082465743E-08));
#111 = LINE('',#112,#113);
#112 = CARTESIAN_POINT('',(1.424631606342,-0.298631715077,
    5.61608235472E-08));
#113 = VECTOR('',#114,1.);
#114 = DIRECTION('',(-0.322202485606,0.946670776072,3.305283348685E-15)
  );
#115 = ORIENTED_EDGE('',*,*,#116,.T.);
#116 = EDGE_CURVE('',#109,#117,#119,.T.);
#117 = VERTEX_POINT('',#118);
#118 = CARTESIAN_POINT('',(1.182825208174,-1.814391515209E-02,
    5.616082465743E-08));
#119 = LINE('',#120,#121);
#120 = CARTESIAN_POINT('',(1.329166669004,-1.814391515209E-02,
    5.616082465743E-08));
#121 = VECTOR('',#122,1.);
#122 = DIRECTION('',(-1.,0.,0.));
#123 = ORIENTED_EDGE('',*,*,#124,.T.);
#124 = EDGE_CURVE('',#117,#67,#125,.T.);
#125 = LINE('',#126,#127);
#126 = CARTESIAN_POINT('',(1.182825208174,-1.814391515209E-02,
    5.616082465743E-08));
#127 = VECTOR('',#128,1.);
#128 = DIRECTION('',(0.353622392329,-0.93538826358,-3.265890666864E-15)
  );
#129 = FACE_BOUND('',#130,.T.);
#130 = EDGE_LOOP('',(#131,#141,#149,#157,#166,#174,#183,#191,#199,#207,
    #215,#223,#232,#240,#249,#257));
#131 = ORIENTED_EDGE('',*,*,#132,.F.);
#132 = EDGE_CURVE('',#133,#135,#137,.T.);
#133 = VERTEX_POINT('',#134);
#134 = CARTESIAN_POINT('',(-3.220101543336,-5.309918672154,
    5.616080600568E-08));
#135 = VERTEX_POINT('',#136);
#136 = CARTESIAN_POINT('',(3.21989834293,-5.309918672154,
    5.616080600568E-08));
#137 = LINE('',#138,#139);
#138 = CARTESIAN_POINT('',(-3.220101543336,-5.309918672154,
    5.616080600568E-08));
#139 = VECTOR('',#140,1.);
#140 = DIRECTION('',(1.,0.,0.));
#141 = ORIENTED_EDGE('',*,*,#142,.F.);
#142 = EDGE_CURVE('',#143,#133,#145,.T.);
#143 = VERTEX_POINT('',#144);
#144 = CARTESIAN_POINT('',(-3.220101543336,-3.759918699528,
    5.616081133475E-08));
#145 = LINE('',#146,#147);
#146 = CARTESIAN_POINT('',(-3.220101543336,2.590081188327,
    5.616083376125E-08));
#147 = VECTOR('',#148,1.);
#148 = DIRECTION('',(0.,-1.,-3.491481338843E-15));
#149 = ORIENTED_EDGE('',*,*,#150,.F.);
#150 = EDGE_CURVE('',#151,#143,#153,.T.);
#151 = VERTEX_POINT('',#152);
#152 = CARTESIAN_POINT('',(-2.470101556581,-3.759918699528,
    5.616081133475E-08));
#153 = LINE('',#154,#155);
#154 = CARTESIAN_POINT('',(-2.270101560114,-3.759918699528,
    5.616081133475E-08));
#155 = VECTOR('',#156,1.);
#156 = DIRECTION('',(-1.,0.,0.));
#157 = ORIENTED_EDGE('',*,*,#158,.F.);
#158 = EDGE_CURVE('',#159,#151,#161,.T.);
#159 = VERTEX_POINT('',#160);
#160 = CARTESIAN_POINT('',(-2.270101560114,-3.55991870306,
    5.616081222293E-08));
#161 = CIRCLE('',#162,0.199999996468);
#162 = AXIS2_PLACEMENT_3D('',#163,#164,#165);
#163 = CARTESIAN_POINT('',(-2.470101556581,-3.55991870306,
    5.616081222293E-08));
#164 = DIRECTION('',(0.,3.491481338843E-15,-1.));
#165 = DIRECTION('',(0.,1.,3.491481338843E-15));
#166 = ORIENTED_EDGE('',*,*,#167,.T.);
#167 = EDGE_CURVE('',#159,#168,#170,.T.);
#168 = VERTEX_POINT('',#169);
#169 = CARTESIAN_POINT('',(-2.270101560114,-1.659918736615,
    5.616081888427E-08));
#170 = LINE('',#171,#172);
#171 = CARTESIAN_POINT('',(-2.270101560114,-3.759918699528,
    5.616081133475E-08));
#172 = VECTOR('',#173,1.);
#173 = DIRECTION('',(0.,1.,3.585759788624E-15));
#174 = ORIENTED_EDGE('',*,*,#175,.F.);
#175 = EDGE_CURVE('',#176,#168,#178,.T.);
#176 = VERTEX_POINT('',#177);
#177 = CARTESIAN_POINT('',(-2.470101556581,-1.459918740147,
    5.61608195504E-08));
#178 = CIRCLE('',#179,0.199999996468);
#179 = AXIS2_PLACEMENT_3D('',#180,#181,#182);
#180 = CARTESIAN_POINT('',(-2.470101556581,-1.659918736615,
    5.616081866222E-08));
#181 = DIRECTION('',(0.,3.491481338843E-15,-1.));
#182 = DIRECTION('',(0.,1.,3.491481338843E-15));
#183 = ORIENTED_EDGE('',*,*,#184,.T.);
#184 = EDGE_CURVE('',#176,#185,#187,.T.);
#185 = VERTEX_POINT('',#186);
#186 = CARTESIAN_POINT('',(-3.220101543336,-1.459918740147,
    5.61608195504E-08));
#187 = LINE('',#188,#189);
#188 = CARTESIAN_POINT('',(-2.270101560114,-1.459918740147,
    5.61608195504E-08));
#189 = VECTOR('',#190,1.);
#190 = DIRECTION('',(-1.,0.,0.));
#191 = ORIENTED_EDGE('',*,*,#192,.F.);
#192 = EDGE_CURVE('',#193,#185,#195,.T.);
#193 = VERTEX_POINT('',#194);
#194 = CARTESIAN_POINT('',(-3.220101543336,0.290081228947,
    5.616082576765E-08));
#195 = LINE('',#196,#197);
#196 = CARTESIAN_POINT('',(-3.220101543336,2.590081188327,
    5.616083376125E-08));
#197 = VECTOR('',#198,1.);
#198 = DIRECTION('',(0.,-1.,-3.491481338843E-15));
#199 = ORIENTED_EDGE('',*,*,#200,.T.);
#200 = EDGE_CURVE('',#193,#201,#203,.T.);
#201 = VERTEX_POINT('',#202);
#202 = CARTESIAN_POINT('',(3.21989834293,0.290081228947,
    5.616082576765E-08));
#203 = LINE('',#204,#205);
#204 = CARTESIAN_POINT('',(-4.47010152126,0.290081228947,
    5.616082576765E-08));
#205 = VECTOR('',#206,1.);
#206 = DIRECTION('',(1.,0.,0.));
#207 = ORIENTED_EDGE('',*,*,#208,.T.);
#208 = EDGE_CURVE('',#201,#209,#211,.T.);
#209 = VERTEX_POINT('',#210);
#210 = CARTESIAN_POINT('',(3.21989834293,-1.459918740147,
    5.61608195504E-08));
#211 = LINE('',#212,#213);
#212 = CARTESIAN_POINT('',(3.21989834293,2.590081188327,
    5.616083376125E-08));
#213 = VECTOR('',#214,1.);
#214 = DIRECTION('',(0.,-1.,-3.491481338843E-15));
#215 = ORIENTED_EDGE('',*,*,#216,.F.);
#216 = EDGE_CURVE('',#217,#209,#219,.T.);
#217 = VERTEX_POINT('',#218);
#218 = CARTESIAN_POINT('',(2.469898356175,-1.459918740147,
    5.61608195504E-08));
#219 = LINE('',#220,#221);
#220 = CARTESIAN_POINT('',(2.269898359707,-1.459918740147,
    5.61608195504E-08));
#221 = VECTOR('',#222,1.);
#222 = DIRECTION('',(1.,0.,0.));
#223 = ORIENTED_EDGE('',*,*,#224,.T.);
#224 = EDGE_CURVE('',#217,#225,#227,.T.);
#225 = VERTEX_POINT('',#226);
#226 = CARTESIAN_POINT('',(2.269898359707,-1.659918736615,
    5.616081888427E-08));
#227 = CIRCLE('',#228,0.199999996468);
#228 = AXIS2_PLACEMENT_3D('',#229,#230,#231);
#229 = CARTESIAN_POINT('',(2.469898356175,-1.659918736615,
    5.616081866222E-08));
#230 = DIRECTION('',(0.,-3.491481338843E-15,1.));
#231 = DIRECTION('',(0.,1.,3.491481338843E-15));
#232 = ORIENTED_EDGE('',*,*,#233,.F.);
#233 = EDGE_CURVE('',#234,#225,#236,.T.);
#234 = VERTEX_POINT('',#235);
#235 = CARTESIAN_POINT('',(2.269898359707,-3.55991870306,
    5.616081222293E-08));
#236 = LINE('',#237,#238);
#237 = CARTESIAN_POINT('',(2.269898359707,-3.759918699528,
    5.616081133475E-08));
#238 = VECTOR('',#239,1.);
#239 = DIRECTION('',(0.,1.,3.585759788624E-15));
#240 = ORIENTED_EDGE('',*,*,#241,.T.);
#241 = EDGE_CURVE('',#234,#242,#244,.T.);
#242 = VERTEX_POINT('',#243);
#243 = CARTESIAN_POINT('',(2.469898356175,-3.759918699528,
    5.616081133475E-08));
#244 = CIRCLE('',#245,0.199999996468);
#245 = AXIS2_PLACEMENT_3D('',#246,#247,#248);
#246 = CARTESIAN_POINT('',(2.469898356175,-3.55991870306,
    5.616081222293E-08));
#247 = DIRECTION('',(0.,-3.491481338843E-15,1.));
#248 = DIRECTION('',(0.,1.,3.491481338843E-15));
#249 = ORIENTED_EDGE('',*,*,#250,.T.);
#250 = EDGE_CURVE('',#242,#251,#253,.T.);
#251 = VERTEX_POINT('',#252);
#252 = CARTESIAN_POINT('',(3.21989834293,-3.759918699528,
    5.616081133475E-08));
#253 = LINE('',#254,#255);
#254 = CARTESIAN_POINT('',(2.269898359707,-3.759918699528,
    5.616081133475E-08));
#255 = VECTOR('',#256,1.);
#256 = DIRECTION('',(1.,0.,0.));
#257 = ORIENTED_EDGE('',*,*,#258,.T.);
#258 = EDGE_CURVE('',#251,#135,#259,.T.);
#259 = LINE('',#260,#261);
#260 = CARTESIAN_POINT('',(3.21989834293,2.590081188327,
    5.616083376125E-08));
#261 = VECTOR('',#262,1.);
#262 = DIRECTION('',(0.,-1.,-3.491481338843E-15));
#263 = FACE_BOUND('',#264,.T.);
#264 = EDGE_LOOP('',(#265,#291,#299,#307,#315));
#265 = ORIENTED_EDGE('',*,*,#266,.T.);
#266 = EDGE_CURVE('',#267,#269,#271,.T.);
#267 = VERTEX_POINT('',#268);
#268 = CARTESIAN_POINT('',(1.109654477759,-0.530720125612,
    5.616082265902E-08));
#269 = VERTEX_POINT('',#270);
#270 = CARTESIAN_POINT('',(0.576689548147,-1.814391515209E-02,
    5.616082399129E-08));
#271 = B_SPLINE_CURVE_WITH_KNOTS('',3,(#272,#273,#274,#275,#276,#277,
    #278,#279,#280,#281,#282,#283,#284,#285,#286,#287,#288,#289,#290),
  .UNSPECIFIED.,.F.,.F.,(4,1,1,1,1,1,1,1,1,1,1,1,1,1,1,1,4),(0.,
    6.806869584499E-02,0.133427432819,0.196146033813,0.257048592449,
    0.316882663159,0.376187208666,0.435960335364,0.496535236863,
    0.557465343481,0.61768686341,0.677943640697,0.738805284806,
    0.800949336767,0.86481466747,0.931024781079,1.),.UNSPECIFIED.);
#272 = CARTESIAN_POINT('',(1.109654477759,-0.530720125612,
    5.616082265902E-08));
#273 = CARTESIAN_POINT('',(1.109250610563,-0.511832541439,
    5.616082288107E-08));
#274 = CARTESIAN_POINT('',(1.10845895498,-0.474809327801,
    5.616082332516E-08));
#275 = CARTESIAN_POINT('',(1.101223176476,-0.420777133677,
    5.616082288107E-08));
#276 = CARTESIAN_POINT('',(1.089672480596,-0.369580101639,
    5.616082332516E-08));
#277 = CARTESIAN_POINT('',(1.073458719023,-0.321247317653,
    5.616082332516E-08));
#278 = CARTESIAN_POINT('',(1.052466633283,-0.275813643106,
    5.61608235472E-08));
#279 = CARTESIAN_POINT('',(1.026439574079,-0.233445066831,
    5.61608235472E-08));
#280 = CARTESIAN_POINT('',(0.996079024176,-0.193818542433,
    5.616082421334E-08));
#281 = CARTESIAN_POINT('',(0.961176975224,-0.157476985807,
    5.616082421334E-08));
#282 = CARTESIAN_POINT('',(0.922577824338,-0.124951422233,
    5.616082443538E-08));
#283 = CARTESIAN_POINT('',(0.881302988787,-9.602461048393E-02,
    5.616082399129E-08));
#284 = CARTESIAN_POINT('',(0.836997812309,-7.199028524625E-02,
    5.616082465743E-08));
#285 = CARTESIAN_POINT('',(0.790040704676,-5.235309797999E-02,
    5.616082376925E-08));
#286 = CARTESIAN_POINT('',(0.740513793977,-3.676234519205E-02,
    5.616082465743E-08));
#287 = CARTESIAN_POINT('',(0.688202437168,-2.614736692344E-02,
    5.616082421334E-08));
#288 = CARTESIAN_POINT('',(0.633344377602,-1.91689484383E-02,
    5.616082510151E-08));
#289 = CARTESIAN_POINT('',(0.595830264788,-1.849022052213E-02,
    5.616082465743E-08));
#290 = CARTESIAN_POINT('',(0.576689548147,-1.814391515209E-02,
    5.616082399129E-08));
#291 = ORIENTED_EDGE('',*,*,#292,.T.);
#292 = EDGE_CURVE('',#269,#293,#295,.T.);
#293 = VERTEX_POINT('',#294);
#294 = CARTESIAN_POINT('',(0.304776443193,-1.814391515209E-02,
    5.616082465743E-08));
#295 = LINE('',#296,#297);
#296 = CARTESIAN_POINT('',(0.576689548147,-1.814391515209E-02,
    5.616082465743E-08));
#297 = VECTOR('',#298,1.);
#298 = DIRECTION('',(-1.,0.,0.));
#299 = ORIENTED_EDGE('',*,*,#300,.T.);
#300 = EDGE_CURVE('',#293,#301,#303,.T.);
#301 = VERTEX_POINT('',#302);
#302 = CARTESIAN_POINT('',(0.304776443193,-1.018143897491,
    5.616082110471E-08));
#303 = LINE('',#304,#305);
#304 = CARTESIAN_POINT('',(0.304776443193,-1.814391515209E-02,
    5.616082465743E-08));
#305 = VECTOR('',#306,1.);
#306 = DIRECTION('',(0.,-1.,-3.491481338843E-15));
#307 = ORIENTED_EDGE('',*,*,#308,.T.);
#308 = EDGE_CURVE('',#301,#309,#311,.T.);
#309 = VERTEX_POINT('',#310);
#310 = CARTESIAN_POINT('',(0.586979182112,-1.018143897491,
    5.616082110471E-08));
#311 = LINE('',#312,#313);
#312 = CARTESIAN_POINT('',(0.304776443193,-1.018143897491,
    5.616082110471E-08));
#313 = VECTOR('',#314,1.);
#314 = DIRECTION('',(1.,0.,0.));
#315 = ORIENTED_EDGE('',*,*,#316,.T.);
#316 = EDGE_CURVE('',#309,#267,#317,.T.);
#317 = B_SPLINE_CURVE_WITH_KNOTS('',3,(#318,#319,#320,#321,#322,#323,
    #324,#325,#326,#327,#328,#329,#330,#331,#332,#333,#334,#335,#336),
  .UNSPECIFIED.,.F.,.F.,(4,1,1,1,1,1,1,1,1,1,1,1,1,1,1,1,4),(0.,
    6.86311786766E-02,0.134566466039,0.198328154011,0.260789766641,
    0.321999151484,0.382721746503,0.443537474036,0.505133429485,
    0.566213874765,0.626105864618,0.685349322161,0.744995870348,
    0.805415841815,0.867636266346,0.932307782302,1.),.UNSPECIFIED.);
#318 = CARTESIAN_POINT('',(0.586979182112,-1.018143897491,
    5.616082110471E-08));
#319 = CARTESIAN_POINT('',(0.605351045853,-1.017734405546,
    5.616082110471E-08));
#320 = CARTESIAN_POINT('',(0.641373110838,-1.016931506849,
    5.616082132676E-08));
#321 = CARTESIAN_POINT('',(0.694197254092,-1.010832551714,
    5.616082066062E-08));
#322 = CARTESIAN_POINT('',(0.744593096212,-1.000248882092,
    5.61608215488E-08));
#323 = CARTESIAN_POINT('',(0.792699222392,-0.985810383617,
    5.616082110471E-08));
#324 = CARTESIAN_POINT('',(0.838571355631,-0.967365359398,
    5.616082066062E-08));
#325 = CARTESIAN_POINT('',(0.881777342673,-0.94425866808,
    5.616082177085E-08));
#326 = CARTESIAN_POINT('',(0.922791246003,-0.917293379958,
    5.616082110471E-08));
#327 = CARTESIAN_POINT('',(0.961079357795,-0.886411012219,
    5.616082243698E-08));
#328 = CARTESIAN_POINT('',(0.995977632737,-0.852072858338,
    5.616082110471E-08));
#329 = CARTESIAN_POINT('',(1.026399753109,-0.814518185338,
    5.61608215488E-08));
#330 = CARTESIAN_POINT('',(1.052445812987,-0.774249281446,
    5.616082177085E-08));
#331 = CARTESIAN_POINT('',(1.073406036908,-0.730947744358,
    5.61608215488E-08));
#332 = CARTESIAN_POINT('',(1.08968102507,-0.684846882751,
    5.616082221493E-08));
#333 = CARTESIAN_POINT('',(1.101205839019,-0.635980125667,
    5.616082243698E-08));
#334 = CARTESIAN_POINT('',(1.108474786591,-0.584292125493,
    5.616082221493E-08));
#335 = CARTESIAN_POINT('',(1.109255309872,-0.548847091863,
    5.616082288107E-08));
#336 = CARTESIAN_POINT('',(1.109654477759,-0.530720125612,
    5.616082265902E-08));
#337 = FACE_BOUND('',#338,.T.);
#338 = EDGE_LOOP('',(#339,#349,#357,#365,#373,#381,#389,#397,#405,#413,
    #421,#429));
#339 = ORIENTED_EDGE('',*,*,#340,.T.);
#340 = EDGE_CURVE('',#341,#343,#345,.T.);
#341 = VERTEX_POINT('',#342);
#342 = CARTESIAN_POINT('',(-0.292784521864,-0.127900010775,
    5.616082421334E-08));
#343 = VERTEX_POINT('',#344);
#344 = CARTESIAN_POINT('',(0.109654495419,-0.127900010775,
    5.616082421334E-08));
#345 = LINE('',#346,#347);
#346 = CARTESIAN_POINT('',(-0.292784521864,-0.127900010775,
    5.616082421334E-08));
#347 = VECTOR('',#348,1.);
#348 = DIRECTION('',(1.,0.,0.));
#349 = ORIENTED_EDGE('',*,*,#350,.T.);
#350 = EDGE_CURVE('',#343,#351,#353,.T.);
#351 = VERTEX_POINT('',#352);
#352 = CARTESIAN_POINT('',(0.109654495419,-1.814391515209E-02,
    5.616082465743E-08));
#353 = LINE('',#354,#355);
#354 = CARTESIAN_POINT('',(0.109654495419,-0.127900010775,
    5.616082421334E-08));
#355 = VECTOR('',#356,1.);
#356 = DIRECTION('',(0.,1.,3.491481338843E-15));
#357 = ORIENTED_EDGE('',*,*,#358,.T.);
#358 = EDGE_CURVE('',#351,#359,#361,.T.);
#359 = VERTEX_POINT('',#360);
#360 = CARTESIAN_POINT('',(-0.426930860958,-1.814391515209E-02,
    5.616082465743E-08));
#361 = LINE('',#362,#363);
#362 = CARTESIAN_POINT('',(0.109654495419,-1.814391515209E-02,
    5.616082465743E-08));
#363 = VECTOR('',#364,1.);
#364 = DIRECTION('',(-1.,0.,0.));
#365 = ORIENTED_EDGE('',*,*,#366,.T.);
#366 = EDGE_CURVE('',#359,#367,#369,.T.);
#367 = VERTEX_POINT('',#368);
#368 = CARTESIAN_POINT('',(-0.426930860958,-1.018143897491,
    5.616082110471E-08));
#369 = LINE('',#370,#371);
#370 = CARTESIAN_POINT('',(-0.426930860958,-1.814391515209E-02,
    5.616082465743E-08));
#371 = VECTOR('',#372,1.);
#372 = DIRECTION('',(0.,-1.,-3.491481338843E-15));
#373 = ORIENTED_EDGE('',*,*,#374,.T.);
#374 = EDGE_CURVE('',#367,#375,#377,.T.);
#375 = VERTEX_POINT('',#376);
#376 = CARTESIAN_POINT('',(8.526425194772E-02,-1.018143897491,
    5.616082110471E-08));
#377 = LINE('',#378,#379);
#378 = CARTESIAN_POINT('',(-0.426930860958,-1.018143897491,
    5.616082110471E-08));
#379 = VECTOR('',#380,1.);
#380 = DIRECTION('',(1.,0.,0.));
#381 = ORIENTED_EDGE('',*,*,#382,.T.);
#382 = EDGE_CURVE('',#375,#383,#385,.T.);
#383 = VERTEX_POINT('',#384);
#384 = CARTESIAN_POINT('',(8.526425194772E-02,-0.908387801869,
    5.616082132676E-08));
#385 = LINE('',#386,#387);
#386 = CARTESIAN_POINT('',(8.526425194772E-02,-1.018143897491,
    5.616082110471E-08));
#387 = VECTOR('',#388,1.);
#388 = DIRECTION('',(0.,1.,3.491481338843E-15));
#389 = ORIENTED_EDGE('',*,*,#390,.T.);
#390 = EDGE_CURVE('',#383,#391,#393,.T.);
#391 = VERTEX_POINT('',#392);
#392 = CARTESIAN_POINT('',(-0.292784521864,-0.908387801869,
    5.616082132676E-08));
#393 = LINE('',#394,#395);
#394 = CARTESIAN_POINT('',(8.526425194772E-02,-0.908387801869,
    5.616082132676E-08));
#395 = VECTOR('',#396,1.);
#396 = DIRECTION('',(-1.,0.,0.));
#397 = ORIENTED_EDGE('',*,*,#398,.T.);
#398 = EDGE_CURVE('',#391,#399,#401,.T.);
#399 = VERTEX_POINT('',#400);
#400 = CARTESIAN_POINT('',(-0.292784521864,-0.579119515001,
    5.616082265902E-08));
#401 = LINE('',#402,#403);
#402 = CARTESIAN_POINT('',(-0.292784521864,-0.908387801869,
    5.616082132676E-08));
#403 = VECTOR('',#404,1.);
#404 = DIRECTION('',(0.,1.,3.491481338843E-15));
#405 = ORIENTED_EDGE('',*,*,#406,.T.);
#406 = EDGE_CURVE('',#399,#407,#409,.T.);
#407 = VERTEX_POINT('',#408);
#408 = CARTESIAN_POINT('',(6.087400847603E-02,-0.579119515001,
    5.616082265902E-08));
#409 = LINE('',#410,#411);
#410 = CARTESIAN_POINT('',(-0.292784521864,-0.579119515001,
    5.616082265902E-08));
#411 = VECTOR('',#412,1.);
#412 = DIRECTION('',(1.,0.,0.));
#413 = ORIENTED_EDGE('',*,*,#414,.T.);
#414 = EDGE_CURVE('',#407,#415,#417,.T.);
#415 = VERTEX_POINT('',#416);
#416 = CARTESIAN_POINT('',(6.087400847603E-02,-0.469363419378,
    5.616082288107E-08));
#417 = LINE('',#418,#419);
#418 = CARTESIAN_POINT('',(6.087400847603E-02,-0.579119515001,
    5.616082265902E-08));
#419 = VECTOR('',#420,1.);
#420 = DIRECTION('',(0.,1.,3.491481338843E-15));
#421 = ORIENTED_EDGE('',*,*,#422,.T.);
#422 = EDGE_CURVE('',#415,#423,#425,.T.);
#423 = VERTEX_POINT('',#424);
#424 = CARTESIAN_POINT('',(-0.292784521864,-0.469363419378,
    5.616082288107E-08));
#425 = LINE('',#426,#427);
#426 = CARTESIAN_POINT('',(6.087400847603E-02,-0.469363419378,
    5.616082288107E-08));
#427 = VECTOR('',#428,1.);
#428 = DIRECTION('',(-1.,0.,0.));
#429 = ORIENTED_EDGE('',*,*,#430,.T.);
#430 = EDGE_CURVE('',#423,#341,#431,.T.);
#431 = LINE('',#432,#433);
#432 = CARTESIAN_POINT('',(-0.292784521864,-0.469363419378,
    5.616082288107E-08));
#433 = VECTOR('',#434,1.);
#434 = DIRECTION('',(0.,1.,3.491481338843E-15));
#435 = FACE_BOUND('',#436,.T.);
#436 = EDGE_LOOP('',(#437,#455,#463,#479,#503,#527,#543,#551,#567,#591)
  );
#437 = ORIENTED_EDGE('',*,*,#438,.T.);
#438 = EDGE_CURVE('',#439,#441,#443,.T.);
#439 = VERTEX_POINT('',#440);
#440 = CARTESIAN_POINT('',(-0.878722011515,-0.115704889039,
    5.616082421334E-08));
#441 = VERTEX_POINT('',#442);
#442 = CARTESIAN_POINT('',(-0.622052808731,-0.179729278152,
    5.61608235472E-08));
#443 = B_SPLINE_CURVE_WITH_KNOTS('',3,(#444,#445,#446,#447,#448,#449,
    #450,#451,#452,#453,#454),.UNSPECIFIED.,.F.,.F.,(4,1,1,1,1,1,1,1,4),
  (0.,0.135294604763,0.266765657925,0.394816018836,0.520051654434,
    0.642175702971,0.762651820558,0.881834004381,1.),.UNSPECIFIED.);
#444 = CARTESIAN_POINT('',(-0.878722011515,-0.115704889039,
    5.616082421334E-08));
#445 = CARTESIAN_POINT('',(-0.866646591163,-0.115863429583,
    5.616082399129E-08));
#446 = CARTESIAN_POINT('',(-0.842837013089,-0.116176030169,
    5.616082443538E-08));
#447 = CARTESIAN_POINT('',(-0.807725131868,-0.119384005061,
    5.616082399129E-08));
#448 = CARTESIAN_POINT('',(-0.773714903687,-0.124212224291,
    5.616082443538E-08));
#449 = CARTESIAN_POINT('',(-0.740954153412,-0.131318938888,
    5.616082465743E-08));
#450 = CARTESIAN_POINT('',(-0.709330559993,-0.14021494158,
    5.616082399129E-08));
#451 = CARTESIAN_POINT('',(-0.679023407544,-0.151389002491,
    5.616082465743E-08));
#452 = CARTESIAN_POINT('',(-0.649708849607,-0.164152090652,
    5.616082332516E-08));
#453 = CARTESIAN_POINT('',(-0.631245138698,-0.174551724065,
    5.616082376925E-08));
#454 = CARTESIAN_POINT('',(-0.622052808731,-0.179729278152,
    5.61608235472E-08));
#455 = ORIENTED_EDGE('',*,*,#456,.T.);
#456 = EDGE_CURVE('',#441,#457,#459,.T.);
#457 = VERTEX_POINT('',#458);
#458 = CARTESIAN_POINT('',(-0.622052808731,-6.997318252944E-02,
    5.616082443538E-08));
#459 = LINE('',#460,#461);
#460 = CARTESIAN_POINT('',(-0.622052808731,-0.179729278152,
    5.616082399129E-08));
#461 = VECTOR('',#462,1.);
#462 = DIRECTION('',(0.,1.,3.491481338843E-15));
#463 = ORIENTED_EDGE('',*,*,#464,.T.);
#464 = EDGE_CURVE('',#457,#465,#467,.T.);
#465 = VERTEX_POINT('',#466);
#466 = CARTESIAN_POINT('',(-0.897205242896,-5.948793416249E-03,
    5.616082465743E-08));
#467 = B_SPLINE_CURVE_WITH_KNOTS('',3,(#468,#469,#470,#471,#472,#473,
    #474,#475,#476,#477,#478),.UNSPECIFIED.,.F.,.F.,(4,1,1,1,1,1,1,1,4),
  (0.,0.112448389909,0.226527675213,0.344401949326,0.465864972487,
    0.591659449352,0.722168487025,0.858606387555,1.),.UNSPECIFIED.);
#468 = CARTESIAN_POINT('',(-0.622052808731,-6.997318252944E-02,
    5.616082443538E-08));
#469 = CARTESIAN_POINT('',(-0.631436199341,-6.479393295102E-02,
    5.616082443538E-08));
#470 = CARTESIAN_POINT('',(-0.650339072579,-5.436031653998E-02,
    5.616082421334E-08));
#471 = CARTESIAN_POINT('',(-0.68056873653,-4.148622665516E-02,
    5.616082421334E-08));
#472 = CARTESIAN_POINT('',(-0.712377668891,-3.038171824098E-02,
    5.616082399129E-08));
#473 = CARTESIAN_POINT('',(-0.746044280776,-2.152686883599E-02,
    5.616082465743E-08));
#474 = CARTESIAN_POINT('',(-0.781344766465,-1.441045321258E-02,
    5.616082487947E-08));
#475 = CARTESIAN_POINT('',(-0.818466175045,-9.590249910942E-03,
    5.616082487947E-08));
#476 = CARTESIAN_POINT('',(-0.857261443291,-6.417266955566E-03,
    5.616082443538E-08));
#477 = CARTESIAN_POINT('',(-0.883733249501,-6.106797223851E-03,
    5.616082487947E-08));
#478 = CARTESIAN_POINT('',(-0.897205242896,-5.948793416249E-03,
    5.616082465743E-08));
#479 = ORIENTED_EDGE('',*,*,#480,.T.);
#480 = EDGE_CURVE('',#465,#481,#483,.T.);
#481 = VERTEX_POINT('',#482);
#482 = CARTESIAN_POINT('',(-1.365955234618,-0.499279577387,
    5.616082288107E-08));
#483 = B_SPLINE_CURVE_WITH_KNOTS('',3,(#484,#485,#486,#487,#488,#489,
    #490,#491,#492,#493,#494,#495,#496,#497,#498,#499,#500,#501,#502),
  .UNSPECIFIED.,.F.,.F.,(4,1,1,1,1,1,1,1,1,1,1,1,1,1,1,1,4),(0.,
    6.783324845577E-02,0.132655536508,0.195050884051,0.255582933069,
    0.314799834147,0.373600472826,0.432545595327,0.492430629284,
    0.552671255963,0.612513044188,0.672610250357,0.733838369314,
    0.796594238568,0.861449799291,0.929198942351,1.),.UNSPECIFIED.);
#484 = CARTESIAN_POINT('',(-0.897205242896,-5.948793416249E-03,
    5.616082465743E-08));
#485 = CARTESIAN_POINT('',(-0.914564304141,-6.335950494262E-03,
    5.616082443538E-08));
#486 = CARTESIAN_POINT('',(-0.948511898207,-7.093079646498E-03,
    5.616082399129E-08));
#487 = CARTESIAN_POINT('',(-0.998104359196,-1.346163179297E-02,
    5.616082510151E-08));
#488 = CARTESIAN_POINT('',(-1.045020635148,-2.409414650194E-02,
    5.616082421334E-08));
#489 = CARTESIAN_POINT('',(-1.089244430604,-3.903322055004E-02,
    5.616082399129E-08));
#490 = CARTESIAN_POINT('',(-1.130930461127,-5.79102979162E-02,
    5.616082487947E-08));
#491 = CARTESIAN_POINT('',(-1.169862788921,-8.124422789862E-02,
    5.616082443538E-08));
#492 = CARTESIAN_POINT('',(-1.205783776958,-0.109218772785,
    5.61608235472E-08));
#493 = CARTESIAN_POINT('',(-1.23916875436,-0.140706263262,
    5.616082443538E-08));
#494 = CARTESIAN_POINT('',(-1.268957105469,-0.175936369701,
    5.61608235472E-08));
#495 = CARTESIAN_POINT('',(-1.295031185331,-0.214043053845,
    5.616082376925E-08));
#496 = CARTESIAN_POINT('',(-1.317089733519,-0.254907790751,
    5.616082310311E-08));
#497 = CARTESIAN_POINT('',(-1.334988754702,-0.298553014667,
    5.616082399129E-08));
#498 = CARTESIAN_POINT('',(-1.348937387875,-0.344890129441,
    5.61608235472E-08));
#499 = CARTESIAN_POINT('',(-1.358691924528,-0.393960845007,
    5.616082310311E-08));
#500 = CARTESIAN_POINT('',(-1.365031061716,-0.445696315979,
    5.616082332516E-08));
#501 = CARTESIAN_POINT('',(-1.365642686132,-0.48115811201,
    5.616082288107E-08));
#502 = CARTESIAN_POINT('',(-1.365955234618,-0.499279577387,
    5.616082288107E-08));
#503 = ORIENTED_EDGE('',*,*,#504,.T.);
#504 = EDGE_CURVE('',#481,#505,#507,.T.);
#505 = VERTEX_POINT('',#506);
#506 = CARTESIAN_POINT('',(-0.857380548478,-1.030339019227,
    5.616082088267E-08));
#507 = B_SPLINE_CURVE_WITH_KNOTS('',3,(#508,#509,#510,#511,#512,#513,
    #514,#515,#516,#517,#518,#519,#520,#521,#522,#523,#524,#525,#526),
  .UNSPECIFIED.,.F.,.F.,(4,1,1,1,1,1,1,1,1,1,1,1,1,1,1,1,4),(0.,
    7.064371857535E-02,0.138256715509,0.203364124218,0.266324093803,
    0.327904761543,0.388737715173,0.449423528109,0.510861011459,
    0.572079396048,0.631734428731,0.691117210579,0.75036002949,
    0.810032900531,0.871362450829,0.934427141231,1.),.UNSPECIFIED.);
#508 = CARTESIAN_POINT('',(-1.365955234618,-0.499279577387,
    5.616082288107E-08));
#509 = CARTESIAN_POINT('',(-1.36551971117,-0.518735088153,
    5.616082265902E-08));
#510 = CARTESIAN_POINT('',(-1.364667348886,-0.556811439049,
    5.616082265902E-08));
#511 = CARTESIAN_POINT('',(-1.357892233319,-0.612488396443,
    5.616082221493E-08));
#512 = CARTESIAN_POINT('',(-1.346775375112,-0.665282390966,
    5.616082221493E-08));
#513 = CARTESIAN_POINT('',(-1.330865691054,-0.715113282765,
    5.616082199289E-08));
#514 = CARTESIAN_POINT('',(-1.310606001193,-0.76204842152,
    5.616082221493E-08));
#515 = CARTESIAN_POINT('',(-1.285979086815,-0.806150258635,
    5.616082110471E-08));
#516 = CARTESIAN_POINT('',(-1.256584786159,-0.847191567697,
    5.616082177085E-08));
#517 = CARTESIAN_POINT('',(-1.222891212264,-0.884893393052,
    5.616082110471E-08));
#518 = CARTESIAN_POINT('',(-1.186013258192,-0.91906689895,
    5.61608215488E-08));
#519 = CARTESIAN_POINT('',(-1.146222101718,-0.948887321231,
    5.616082110471E-08));
#520 = CARTESIAN_POINT('',(-1.103997722556,-0.974088069675,
    5.616082132676E-08));
#521 = CARTESIAN_POINT('',(-1.059399887245,-0.994835325719,
    5.616082110471E-08));
#522 = CARTESIAN_POINT('',(-1.012264646742,-1.010672588304,
    5.616082132676E-08));
#523 = CARTESIAN_POINT('',(-0.962812533835,-1.022046489591,
    5.616082088267E-08));
#524 = CARTESIAN_POINT('',(-0.910873236628,-1.029094417857,
    5.616082132676E-08));
#525 = CARTESIAN_POINT('',(-0.875441725128,-1.029918794221,
    5.616082088267E-08));
#526 = CARTESIAN_POINT('',(-0.857380548478,-1.030339019227,
    5.616082088267E-08));
#527 = ORIENTED_EDGE('',*,*,#528,.T.);
#528 = EDGE_CURVE('',#505,#529,#531,.T.);
#529 = VERTEX_POINT('',#530);
#530 = CARTESIAN_POINT('',(-0.622052808731,-0.990704873586,
    5.616082088267E-08));
#531 = B_SPLINE_CURVE_WITH_KNOTS('',3,(#532,#533,#534,#535,#536,#537,
    #538,#539,#540,#541,#542),.UNSPECIFIED.,.F.,.F.,(4,1,1,1,1,1,1,1,4),
  (0.,0.145186866472,0.28344261092,0.416524365929,0.543181123535,
    0.665153082638,0.781360206313,0.892756655642,1.),.UNSPECIFIED.);
#532 = CARTESIAN_POINT('',(-0.857380548478,-1.030339019227,
    5.616082088267E-08));
#533 = CARTESIAN_POINT('',(-0.845753688059,-1.030255674793,
    5.616082088267E-08));
#534 = CARTESIAN_POINT('',(-0.823055025612,-1.030092964731,
    5.616082021653E-08));
#535 = CARTESIAN_POINT('',(-0.789755781232,-1.028052565502,
    5.616082132676E-08));
#536 = CARTESIAN_POINT('',(-0.758008504664,-1.025168856834,
    5.616082021653E-08));
#537 = CARTESIAN_POINT('',(-0.727767253858,-1.020672235178,
    5.616082132676E-08));
#538 = CARTESIAN_POINT('',(-0.699033584884,-1.015319475881,
    5.616082066062E-08));
#539 = CARTESIAN_POINT('',(-0.671915138402,-1.008341897478,
    5.616082177085E-08));
#540 = CARTESIAN_POINT('',(-0.646241442521,-1.000523573331,
    5.616082088267E-08));
#541 = CARTESIAN_POINT('',(-0.630012932101,-0.99393606316,
    5.616082066062E-08));
#542 = CARTESIAN_POINT('',(-0.622052808731,-0.990704873586,
    5.616082088267E-08));
#543 = ORIENTED_EDGE('',*,*,#544,.T.);
#544 = EDGE_CURVE('',#529,#545,#547,.T.);
#545 = VERTEX_POINT('',#546);
#546 = CARTESIAN_POINT('',(-0.622052808731,-0.856558534492,
    5.61608215488E-08));
#547 = LINE('',#548,#549);
#548 = CARTESIAN_POINT('',(-0.622052808731,-0.990704873586,
    5.616082110471E-08));
#549 = VECTOR('',#550,1.);
#550 = DIRECTION('',(0.,1.,3.491481338843E-15));
#551 = ORIENTED_EDGE('',*,*,#552,.T.);
#552 = EDGE_CURVE('',#545,#553,#555,.T.);
#553 = VERTEX_POINT('',#554);
#554 = CARTESIAN_POINT('',(-0.856237255815,-0.920582923605,
    5.616082132676E-08));
#555 = B_SPLINE_CURVE_WITH_KNOTS('',3,(#556,#557,#558,#559,#560,#561,
    #562,#563,#564,#565,#566),.UNSPECIFIED.,.F.,.F.,(4,1,1,1,1,1,1,1,4),
  (0.,0.125279696736,0.249419970742,0.373356799493,0.496681278782,
    0.620202915744,0.745086320161,0.871269195019,1.),.UNSPECIFIED.);
#556 = CARTESIAN_POINT('',(-0.622052808731,-0.856558534492,
    5.61608215488E-08));
#557 = CARTESIAN_POINT('',(-0.630933194202,-0.861718707392,
    5.616082110471E-08));
#558 = CARTESIAN_POINT('',(-0.648613197763,-0.87199212126,
    5.616082132676E-08));
#559 = CARTESIAN_POINT('',(-0.676420628885,-0.884835910459,
    5.61608215488E-08));
#560 = CARTESIAN_POINT('',(-0.704763871536,-0.895976048437,
    5.616082132676E-08));
#561 = CARTESIAN_POINT('',(-0.733841342577,-0.904869049109,
    5.616082177085E-08));
#562 = CARTESIAN_POINT('',(-0.763470037048,-0.912050215404,
    5.616082110471E-08));
#563 = CARTESIAN_POINT('',(-0.793805321853,-0.916866826031,
    5.61608215488E-08));
#564 = CARTESIAN_POINT('',(-0.824789722373,-0.920107459563,
    5.61608215488E-08));
#565 = CARTESIAN_POINT('',(-0.845685126292,-0.920423383011,
    5.61608215488E-08));
#566 = CARTESIAN_POINT('',(-0.856237255815,-0.920582923605,
    5.616082132676E-08));
#567 = ORIENTED_EDGE('',*,*,#568,.T.);
#568 = EDGE_CURVE('',#553,#569,#571,.T.);
#569 = VERTEX_POINT('',#570);
#570 = CARTESIAN_POINT('',(-1.231808895524,-0.507473174803,
    5.616082288107E-08));
#571 = B_SPLINE_CURVE_WITH_KNOTS('',3,(#572,#573,#574,#575,#576,#577,
    #578,#579,#580,#581,#582,#583,#584,#585,#586,#587,#588,#589,#590),
  .UNSPECIFIED.,.F.,.F.,(4,1,1,1,1,1,1,1,1,1,1,1,1,1,1,1,4),(0.,
    6.460397028839E-02,0.126702413963,0.186756814036,0.245505687365,
    0.30365202445,0.361503073971,0.420240222928,0.480033340777,
    0.540678134776,0.601191806381,0.662333502477,0.724739510297,
    0.789467736173,0.856504860044,0.926312095839,1.),.UNSPECIFIED.);
#572 = CARTESIAN_POINT('',(-0.856237255815,-0.920582923605,
    5.616082132676E-08));
#573 = CARTESIAN_POINT('',(-0.86978661744,-0.920291587524,
    5.61608215488E-08));
#574 = CARTESIAN_POINT('',(-0.896359857721,-0.919720214208,
    5.616082177085E-08));
#575 = CARTESIAN_POINT('',(-0.935181334747,-0.914110384622,
    5.616082110471E-08));
#576 = CARTESIAN_POINT('',(-0.972208727275,-0.905717445538,
    5.61608215488E-08));
#577 = CARTESIAN_POINT('',(-1.007293557974,-0.893433728476,
    5.616082177085E-08));
#578 = CARTESIAN_POINT('',(-1.040395987856,-0.877579698411,
    5.616082066062E-08));
#579 = CARTESIAN_POINT('',(-1.071487311306,-0.858095891442,
    5.616082177085E-08));
#580 = CARTESIAN_POINT('',(-1.100758471846,-0.835400039469,
    5.616082199289E-08));
#581 = CARTESIAN_POINT('',(-1.127762947868,-0.809209002677,
    5.616082110471E-08));
#582 = CARTESIAN_POINT('',(-1.15237153721,-0.780245899412,
    5.616082199289E-08));
#583 = CARTESIAN_POINT('',(-1.173494367172,-0.748319189306,
    5.61608215488E-08));
#584 = CARTESIAN_POINT('',(-1.19181106707,-0.714293009819,
    5.616082243698E-08));
#585 = CARTESIAN_POINT('',(-1.206479044734,-0.677570380234,
    5.616082177085E-08));
#586 = CARTESIAN_POINT('',(-1.217838543778,-0.638433057056,
    5.616082288107E-08));
#587 = CARTESIAN_POINT('',(-1.226037707663,-0.596934443123,
    5.616082221493E-08));
#588 = CARTESIAN_POINT('',(-1.230788190261,-0.55299800048,
    5.616082243698E-08));
#589 = CARTESIAN_POINT('',(-1.23146258105,-0.522919265473,
    5.616082288107E-08));
#590 = CARTESIAN_POINT('',(-1.231808895524,-0.507473174803,
    5.616082288107E-08));
#591 = ORIENTED_EDGE('',*,*,#592,.T.);
#592 = EDGE_CURVE('',#569,#439,#593,.T.);
#593 = B_SPLINE_CURVE_WITH_KNOTS('',3,(#594,#595,#596,#597,#598,#599,
    #600,#601,#602,#603,#604,#605,#606,#607,#608,#609,#610,#611,#612),
  .UNSPECIFIED.,.F.,.F.,(4,1,1,1,1,1,1,1,1,1,1,1,1,1,1,1,4),(0.,
    7.377411937406E-02,0.144079114726,0.211348518309,0.27607688574,
    0.33852091582,0.399885116693,0.460254067465,0.520588964391,
    0.580207684563,0.638632908553,0.696364549491,0.75400177466,
    0.812805681374,0.872754425526,0.935181996978,1.),.UNSPECIFIED.);
#594 = CARTESIAN_POINT('',(-1.231808895524,-0.507473174803,
    5.616082288107E-08));
#595 = CARTESIAN_POINT('',(-1.231531075678,-0.492851969365,
    5.616082265902E-08));
#596 = CARTESIAN_POINT('',(-1.230988500075,-0.464297100076,
    5.616082288107E-08));
#597 = CARTESIAN_POINT('',(-1.226326913534,-0.422619422889,
    5.616082332516E-08));
#598 = CARTESIAN_POINT('',(-1.218775669424,-0.38321270174,
    5.61608235472E-08));
#599 = CARTESIAN_POINT('',(-1.208163327914,-0.346111671216,
    5.616082332516E-08));
#600 = CARTESIAN_POINT('',(-1.194325222969,-0.311350665753,
    5.61608235472E-08));
#601 = CARTESIAN_POINT('',(-1.177609277179,-0.278837325474,
    5.61608235472E-08));
#602 = CARTESIAN_POINT('',(-1.157623259778,-0.248718474372,
    5.616082332516E-08));
#603 = CARTESIAN_POINT('',(-1.134808360384,-0.221135115612,
    5.616082376925E-08));
#604 = CARTESIAN_POINT('',(-1.109477812477,-0.196399463938,
    5.616082465743E-08));
#605 = CARTESIAN_POINT('',(-1.082162055019,-0.174676004,
    5.61608235472E-08));
#606 = CARTESIAN_POINT('',(-1.052801575401,-0.156543677489,
    5.616082376925E-08));
#607 = CARTESIAN_POINT('',(-1.021670155274,-0.141507776873,
    5.616082376925E-08));
#608 = CARTESIAN_POINT('',(-0.988627136805,-0.129882951885,
    5.616082443538E-08));
#609 = CARTESIAN_POINT('',(-0.953610667113,-0.121733541882,
    5.616082399129E-08));
#610 = CARTESIAN_POINT('',(-0.916788261677,-0.116685972664,
    5.616082421334E-08));
#611 = CARTESIAN_POINT('',(-0.8915686863,-0.116035987117,
    5.616082421334E-08));
#612 = CARTESIAN_POINT('',(-0.878722011515,-0.115704889039,
    5.616082421334E-08));
#613 = FACE_BOUND('',#614,.T.);
#614 = EDGE_LOOP('',(#615,#625,#633,#641,#649,#657));
#615 = ORIENTED_EDGE('',*,*,#616,.T.);
#616 = EDGE_CURVE('',#617,#619,#621,.T.);
#617 = VERTEX_POINT('',#618);
#618 = CARTESIAN_POINT('',(-1.82936986058,-0.127900010775,
    5.616082421334E-08));
#619 = VERTEX_POINT('',#620);
#620 = CARTESIAN_POINT('',(-1.451321086769,-0.127900010775,
    5.616082421334E-08));
#621 = LINE('',#622,#623);
#622 = CARTESIAN_POINT('',(-1.82936986058,-0.127900010775,
    5.616082421334E-08));
#623 = VECTOR('',#624,1.);
#624 = DIRECTION('',(1.,0.,0.));
#625 = ORIENTED_EDGE('',*,*,#626,.T.);
#626 = EDGE_CURVE('',#619,#627,#629,.T.);
#627 = VERTEX_POINT('',#628);
#628 = CARTESIAN_POINT('',(-1.451321086769,-1.814391515209E-02,
    5.616082465743E-08));
#629 = LINE('',#630,#631);
#630 = CARTESIAN_POINT('',(-1.451321086769,-0.127900010775,
    5.616082421334E-08));
#631 = VECTOR('',#632,1.);
#632 = DIRECTION('',(0.,1.,3.491481338843E-15));
#633 = ORIENTED_EDGE('',*,*,#634,.T.);
#634 = EDGE_CURVE('',#627,#635,#637,.T.);
#635 = VERTEX_POINT('',#636);
#636 = CARTESIAN_POINT('',(-1.963516199674,-1.814391515209E-02,
    5.616082465743E-08));
#637 = LINE('',#638,#639);
#638 = CARTESIAN_POINT('',(-1.451321086769,-1.814391515209E-02,
    5.616082465743E-08));
#639 = VECTOR('',#640,1.);
#640 = DIRECTION('',(-1.,0.,0.));
#641 = ORIENTED_EDGE('',*,*,#642,.T.);
#642 = EDGE_CURVE('',#635,#643,#645,.T.);
#643 = VERTEX_POINT('',#644);
#644 = CARTESIAN_POINT('',(-1.963516199674,-1.018143897491,
    5.616082110471E-08));
#645 = LINE('',#646,#647);
#646 = CARTESIAN_POINT('',(-1.963516199674,-1.814391515209E-02,
    5.616082465743E-08));
#647 = VECTOR('',#648,1.);
#648 = DIRECTION('',(0.,-1.,-3.491481338843E-15));
#649 = ORIENTED_EDGE('',*,*,#650,.T.);
#650 = EDGE_CURVE('',#643,#651,#653,.T.);
#651 = VERTEX_POINT('',#652);
#652 = CARTESIAN_POINT('',(-1.82936986058,-1.018143897491,
    5.616082110471E-08));
#653 = LINE('',#654,#655);
#654 = CARTESIAN_POINT('',(-1.963516199674,-1.018143897491,
    5.616082110471E-08));
#655 = VECTOR('',#656,1.);
#656 = DIRECTION('',(1.,0.,0.));
#657 = ORIENTED_EDGE('',*,*,#658,.T.);
#658 = EDGE_CURVE('',#651,#617,#659,.T.);
#659 = LINE('',#660,#661);
#660 = CARTESIAN_POINT('',(-1.82936986058,-1.018143897491,
    5.616082110471E-08));
#661 = VECTOR('',#662,1.);
#662 = DIRECTION('',(0.,1.,3.491481338843E-15));
#663 = PLANE('',#664);
#664 = AXIS2_PLACEMENT_3D('',#665,#666,#667);
#665 = CARTESIAN_POINT('',(-3.220101543336,2.590081188327,
    5.616083376125E-08));
#666 = DIRECTION('',(0.,3.491481338843E-15,-1.));
#667 = DIRECTION('',(0.,1.,3.491481338843E-15));
#668 = ADVANCED_FACE('',(#669),#705,.F.);
#669 = FACE_BOUND('',#670,.T.);
#670 = EDGE_LOOP('',(#671,#682,#690,#699));
#671 = ORIENTED_EDGE('',*,*,#672,.T.);
#672 = EDGE_CURVE('',#673,#675,#677,.T.);
#673 = VERTEX_POINT('',#674);
#674 = CARTESIAN_POINT('',(-4.087569106661,2.590081188327,2.810000006534
    ));
#675 = VERTEX_POINT('',#676);
#676 = CARTESIAN_POINT('',(-3.220101543336,2.590081188327,3.160000000353
    ));
#677 = CIRCLE('',#678,1.249999977924);
#678 = AXIS2_PLACEMENT_3D('',#679,#680,#681);
#679 = CARTESIAN_POINT('',(-3.220101543336,2.590081188327,1.910000022429
    ));
#680 = DIRECTION('',(0.,1.,3.491481338843E-15));
#681 = DIRECTION('',(-1.,0.,0.));
#682 = ORIENTED_EDGE('',*,*,#683,.F.);
#683 = EDGE_CURVE('',#684,#675,#686,.T.);
#684 = VERTEX_POINT('',#685);
#685 = CARTESIAN_POINT('',(-3.220101543336,2.590081188327,2.860000005651
    ));
#686 = LINE('',#687,#688);
#687 = CARTESIAN_POINT('',(-3.220101543336,2.590081188327,2.610000010067
    ));
#688 = VECTOR('',#689,1.);
#689 = DIRECTION('',(0.,-3.491481338843E-15,1.));
#690 = ORIENTED_EDGE('',*,*,#691,.F.);
#691 = EDGE_CURVE('',#692,#684,#694,.T.);
#692 = VERTEX_POINT('',#693);
#693 = CARTESIAN_POINT('',(-3.52423966448,2.590081188327,2.810000006534)
  );
#694 = CIRCLE('',#695,0.949999983222);
#695 = AXIS2_PLACEMENT_3D('',#696,#697,#698);
#696 = CARTESIAN_POINT('',(-3.220101543336,2.590081188327,1.910000022429
    ));
#697 = DIRECTION('',(-0.,1.,3.491481338843E-15));
#698 = DIRECTION('',(1.,0.,0.));
#699 = ORIENTED_EDGE('',*,*,#700,.T.);
#700 = EDGE_CURVE('',#692,#673,#701,.T.);
#701 = LINE('',#702,#703);
#702 = CARTESIAN_POINT('',(3.21989834293,2.590081188327,2.810000006534)
  );
#703 = VECTOR('',#704,1.);
#704 = DIRECTION('',(-1.,-0.,-0.));
#705 = PLANE('',#706);
#706 = AXIS2_PLACEMENT_3D('',#707,#708,#709);
#707 = CARTESIAN_POINT('',(3.21989834293,2.590081188327,1.250000034085)
  );
#708 = DIRECTION('',(0.,-1.,-3.491481338843E-15));
#709 = DIRECTION('',(1.,0.,0.));
#710 = ADVANCED_FACE('',(#711),#745,.F.);
#711 = FACE_BOUND('',#712,.T.);
#712 = EDGE_LOOP('',(#713,#723,#731,#739));
#713 = ORIENTED_EDGE('',*,*,#714,.T.);
#714 = EDGE_CURVE('',#715,#717,#719,.T.);
#715 = VERTEX_POINT('',#716);
#716 = CARTESIAN_POINT('',(4.169898326152,2.590081188327,-0.399999936775
    ));
#717 = VERTEX_POINT('',#718);
#718 = CARTESIAN_POINT('',(4.169898326152,2.590081188327,1.510000029493)
  );
#719 = LINE('',#720,#721);
#720 = CARTESIAN_POINT('',(4.169898326152,2.590081188327,1.250000034085)
  );
#721 = VECTOR('',#722,1.);
#722 = DIRECTION('',(0.,-3.491481338843E-15,1.));
#723 = ORIENTED_EDGE('',*,*,#724,.T.);
#724 = EDGE_CURVE('',#717,#725,#727,.T.);
#725 = VERTEX_POINT('',#726);
#726 = CARTESIAN_POINT('',(4.469898320854,2.590081188327,1.510000029493)
  );
#727 = LINE('',#728,#729);
#728 = CARTESIAN_POINT('',(3.21989834293,2.590081188327,1.510000029493)
  );
#729 = VECTOR('',#730,1.);
#730 = DIRECTION('',(1.,0.,0.));
#731 = ORIENTED_EDGE('',*,*,#732,.F.);
#732 = EDGE_CURVE('',#733,#725,#735,.T.);
#733 = VERTEX_POINT('',#734);
#734 = CARTESIAN_POINT('',(4.469898320854,2.590081188327,-0.399999936775
    ));
#735 = LINE('',#736,#737);
#736 = CARTESIAN_POINT('',(4.469898320854,2.590081188327,1.250000034085)
  );
#737 = VECTOR('',#738,1.);
#738 = DIRECTION('',(0.,-3.491481338843E-15,1.));
#739 = ORIENTED_EDGE('',*,*,#740,.T.);
#740 = EDGE_CURVE('',#733,#715,#741,.T.);
#741 = LINE('',#742,#743);
#742 = CARTESIAN_POINT('',(3.21989834293,2.590081188327,-0.399999936775)
  );
#743 = VECTOR('',#744,1.);
#744 = DIRECTION('',(-1.,-0.,-0.));
#745 = PLANE('',#746);
#746 = AXIS2_PLACEMENT_3D('',#747,#748,#749);
#747 = CARTESIAN_POINT('',(3.21989834293,2.590081188327,1.250000034085)
  );
#748 = DIRECTION('',(0.,-1.,-3.491481338843E-15));
#749 = DIRECTION('',(1.,0.,0.));
#750 = ADVANCED_FACE('',(#751),#785,.F.);
#751 = FACE_BOUND('',#752,.T.);
#752 = EDGE_LOOP('',(#753,#763,#771,#779));
#753 = ORIENTED_EDGE('',*,*,#754,.T.);
#754 = EDGE_CURVE('',#755,#757,#759,.T.);
#755 = VERTEX_POINT('',#756);
#756 = CARTESIAN_POINT('',(-4.47010152126,2.590081188327,-0.399999936775
    ));
#757 = VERTEX_POINT('',#758);
#758 = CARTESIAN_POINT('',(-4.47010152126,2.590081188327,1.510000029493)
  );
#759 = LINE('',#760,#761);
#760 = CARTESIAN_POINT('',(-4.47010152126,2.590081188327,1.250000034085)
  );
#761 = VECTOR('',#762,1.);
#762 = DIRECTION('',(0.,-3.491481338843E-15,1.));
#763 = ORIENTED_EDGE('',*,*,#764,.T.);
#764 = EDGE_CURVE('',#757,#765,#767,.T.);
#765 = VERTEX_POINT('',#766);
#766 = CARTESIAN_POINT('',(-4.170101526558,2.590081188327,1.510000029493
    ));
#767 = LINE('',#768,#769);
#768 = CARTESIAN_POINT('',(3.21989834293,2.590081188327,1.510000029493)
  );
#769 = VECTOR('',#770,1.);
#770 = DIRECTION('',(1.,0.,0.));
#771 = ORIENTED_EDGE('',*,*,#772,.F.);
#772 = EDGE_CURVE('',#773,#765,#775,.T.);
#773 = VERTEX_POINT('',#774);
#774 = CARTESIAN_POINT('',(-4.170101526558,2.590081188327,
    -0.399999936775));
#775 = LINE('',#776,#777);
#776 = CARTESIAN_POINT('',(-4.170101526558,2.590081188327,1.250000034085
    ));
#777 = VECTOR('',#778,1.);
#778 = DIRECTION('',(0.,-3.491481338843E-15,1.));
#779 = ORIENTED_EDGE('',*,*,#780,.F.);
#780 = EDGE_CURVE('',#755,#773,#781,.T.);
#781 = LINE('',#782,#783);
#782 = CARTESIAN_POINT('',(-3.220101543336,2.590081188327,
    -0.399999936775));
#783 = VECTOR('',#784,1.);
#784 = DIRECTION('',(1.,0.,0.));
#785 = PLANE('',#786);
#786 = AXIS2_PLACEMENT_3D('',#787,#788,#789);
#787 = CARTESIAN_POINT('',(3.21989834293,2.590081188327,1.250000034085)
  );
#788 = DIRECTION('',(0.,-1.,-3.491481338843E-15));
#789 = DIRECTION('',(1.,0.,0.));
#790 = ADVANCED_FACE('',(#791),#818,.T.);
#791 = FACE_BOUND('',#792,.T.);
#792 = EDGE_LOOP('',(#793,#802,#810,#817));
#793 = ORIENTED_EDGE('',*,*,#794,.F.);
#794 = EDGE_CURVE('',#795,#251,#797,.T.);
#795 = VERTEX_POINT('',#796);
#796 = CARTESIAN_POINT('',(4.469898320854,-3.759918699528,1.250000034085
    ));
#797 = CIRCLE('',#798,1.249999977924);
#798 = AXIS2_PLACEMENT_3D('',#799,#800,#801);
#799 = CARTESIAN_POINT('',(3.21989834293,-3.759918699528,1.250000034085)
  );
#800 = DIRECTION('',(-0.,1.,3.491481338843E-15));
#801 = DIRECTION('',(1.,0.,0.));
#802 = ORIENTED_EDGE('',*,*,#803,.T.);
#803 = EDGE_CURVE('',#795,#804,#806,.T.);
#804 = VERTEX_POINT('',#805);
#805 = CARTESIAN_POINT('',(4.469898320854,-5.309918672154,1.250000034085
    ));
#806 = LINE('',#807,#808);
#807 = CARTESIAN_POINT('',(4.469898320854,2.590081188327,1.250000034085)
  );
#808 = VECTOR('',#809,1.);
#809 = DIRECTION('',(0.,-1.,-3.491481338843E-15));
#810 = ORIENTED_EDGE('',*,*,#811,.F.);
#811 = EDGE_CURVE('',#135,#804,#812,.T.);
#812 = CIRCLE('',#813,1.249999977924);
#813 = AXIS2_PLACEMENT_3D('',#814,#815,#816);
#814 = CARTESIAN_POINT('',(3.21989834293,-5.309918672154,1.250000034085)
  );
#815 = DIRECTION('',(0.,-1.,-3.491481338843E-15));
#816 = DIRECTION('',(1.,0.,0.));
#817 = ORIENTED_EDGE('',*,*,#258,.F.);
#818 = CYLINDRICAL_SURFACE('',#819,1.249999977924);
#819 = AXIS2_PLACEMENT_3D('',#820,#821,#822);
#820 = CARTESIAN_POINT('',(3.21989834293,2.590081188327,1.250000034085)
  );
#821 = DIRECTION('',(0.,-1.,-3.491481338843E-15));
#822 = DIRECTION('',(1.,0.,0.));
#823 = ADVANCED_FACE('',(#824),#860,.F.);
#824 = FACE_BOUND('',#825,.F.);
#825 = EDGE_LOOP('',(#826,#837,#845,#854));
#826 = ORIENTED_EDGE('',*,*,#827,.F.);
#827 = EDGE_CURVE('',#828,#830,#832,.T.);
#828 = VERTEX_POINT('',#829);
#829 = CARTESIAN_POINT('',(3.21989834293,-5.309918672154,0.300000050863)
  );
#830 = VERTEX_POINT('',#831);
#831 = CARTESIAN_POINT('',(4.169898326152,-5.309918672154,1.250000034085
    ));
#832 = CIRCLE('',#833,0.949999983222);
#833 = AXIS2_PLACEMENT_3D('',#834,#835,#836);
#834 = CARTESIAN_POINT('',(3.21989834293,-5.309918672154,1.250000034085)
  );
#835 = DIRECTION('',(0.,-1.,-3.491481338843E-15));
#836 = DIRECTION('',(1.,0.,0.));
#837 = ORIENTED_EDGE('',*,*,#838,.F.);
#838 = EDGE_CURVE('',#839,#828,#841,.T.);
#839 = VERTEX_POINT('',#840);
#840 = CARTESIAN_POINT('',(3.21989834293,-3.759918699528,0.300000050863)
  );
#841 = LINE('',#842,#843);
#842 = CARTESIAN_POINT('',(3.21989834293,2.590081188327,0.300000050863)
  );
#843 = VECTOR('',#844,1.);
#844 = DIRECTION('',(0.,-1.,-3.491481338843E-15));
#845 = ORIENTED_EDGE('',*,*,#846,.F.);
#846 = EDGE_CURVE('',#847,#839,#849,.T.);
#847 = VERTEX_POINT('',#848);
#848 = CARTESIAN_POINT('',(4.169898326152,-3.759918699528,1.250000034085
    ));
#849 = CIRCLE('',#850,0.949999983222);
#850 = AXIS2_PLACEMENT_3D('',#851,#852,#853);
#851 = CARTESIAN_POINT('',(3.21989834293,-3.759918699528,1.250000034085)
  );
#852 = DIRECTION('',(-0.,1.,3.491481338843E-15));
#853 = DIRECTION('',(1.,0.,0.));
#854 = ORIENTED_EDGE('',*,*,#855,.T.);
#855 = EDGE_CURVE('',#847,#830,#856,.T.);
#856 = LINE('',#857,#858);
#857 = CARTESIAN_POINT('',(4.169898326152,2.590081188327,1.250000034085)
  );
#858 = VECTOR('',#859,1.);
#859 = DIRECTION('',(0.,-1.,-3.491481338843E-15));
#860 = CYLINDRICAL_SURFACE('',#861,0.949999983222);
#861 = AXIS2_PLACEMENT_3D('',#862,#863,#864);
#862 = CARTESIAN_POINT('',(3.21989834293,2.590081188327,1.250000034085)
  );
#863 = DIRECTION('',(0.,-1.,-3.491481338843E-15));
#864 = DIRECTION('',(1.,0.,0.));
#865 = ADVANCED_FACE('',(#866),#904,.T.);
#866 = FACE_BOUND('',#867,.T.);
#867 = EDGE_LOOP('',(#868,#877,#888,#896,#903));
#868 = ORIENTED_EDGE('',*,*,#869,.F.);
#869 = EDGE_CURVE('',#870,#201,#872,.T.);
#870 = VERTEX_POINT('',#871);
#871 = CARTESIAN_POINT('',(4.453794589063,0.290081228947,1.050000037617)
  );
#872 = CIRCLE('',#873,1.249999977924);
#873 = AXIS2_PLACEMENT_3D('',#874,#875,#876);
#874 = CARTESIAN_POINT('',(3.21989834293,0.290081228947,1.250000034085)
  );
#875 = DIRECTION('',(0.,1.,3.664953686441E-15));
#876 = DIRECTION('',(-1.734723475977E-15,3.664953686441E-15,-1.));
#877 = ORIENTED_EDGE('',*,*,#878,.T.);
#878 = EDGE_CURVE('',#870,#879,#881,.T.);
#879 = VERTEX_POINT('',#880);
#880 = CARTESIAN_POINT('',(4.469898320854,0.490081225415,1.250000034085)
  );
#881 = B_SPLINE_CURVE_WITH_KNOTS('',3,(#882,#883,#884,#885,#886,#887),
  .UNSPECIFIED.,.F.,.F.,(4,2,4),(0.,1.566293966735E-04,
    3.132587933469E-04),.UNSPECIFIED.);
#882 = CARTESIAN_POINT('',(4.453794589063,0.290081228947,1.050000037617)
  );
#883 = CARTESIAN_POINT('',(4.462266915443,0.290081228947,1.102269897118)
  );
#884 = CARTESIAN_POINT('',(4.466761564423,0.311459070705,1.154045723762)
  );
#885 = CARTESIAN_POINT('',(4.47025702284,0.38519527503,1.22813009227));
#886 = CARTESIAN_POINT('',(4.469898320854,0.437122885157,1.250000034085)
  );
#887 = CARTESIAN_POINT('',(4.469898320854,0.490081225415,1.250000034085)
  );
#888 = ORIENTED_EDGE('',*,*,#889,.T.);
#889 = EDGE_CURVE('',#879,#890,#892,.T.);
#890 = VERTEX_POINT('',#891);
#891 = CARTESIAN_POINT('',(4.469898320854,-1.459918740147,1.250000034085
    ));
#892 = LINE('',#893,#894);
#893 = CARTESIAN_POINT('',(4.469898320854,2.590081188327,1.250000034085)
  );
#894 = VECTOR('',#895,1.);
#895 = DIRECTION('',(0.,-1.,-3.491481338843E-15));
#896 = ORIENTED_EDGE('',*,*,#897,.F.);
#897 = EDGE_CURVE('',#209,#890,#898,.T.);
#898 = CIRCLE('',#899,1.249999977924);
#899 = AXIS2_PLACEMENT_3D('',#900,#901,#902);
#900 = CARTESIAN_POINT('',(3.21989834293,-1.459918740147,1.250000034085)
  );
#901 = DIRECTION('',(-0.,-1.,-3.790571593322E-15));
#902 = DIRECTION('',(0.,-3.790571593322E-15,1.));
#903 = ORIENTED_EDGE('',*,*,#208,.F.);
#904 = CYLINDRICAL_SURFACE('',#905,1.249999977924);
#905 = AXIS2_PLACEMENT_3D('',#906,#907,#908);
#906 = CARTESIAN_POINT('',(3.21989834293,2.590081188327,1.250000034085)
  );
#907 = DIRECTION('',(0.,-1.,-3.491481338843E-15));
#908 = DIRECTION('',(1.,0.,0.));
#909 = ADVANCED_FACE('',(#910),#944,.T.);
#910 = FACE_BOUND('',#911,.T.);
#911 = EDGE_LOOP('',(#912,#922,#930,#938));
#912 = ORIENTED_EDGE('',*,*,#913,.F.);
#913 = EDGE_CURVE('',#914,#916,#918,.T.);
#914 = VERTEX_POINT('',#915);
#915 = CARTESIAN_POINT('',(-3.220101543336,2.390081191859,3.160000000353
    ));
#916 = VERTEX_POINT('',#917);
#917 = CARTESIAN_POINT('',(3.21989834293,2.390081191859,3.160000000353)
  );
#918 = LINE('',#919,#920);
#919 = CARTESIAN_POINT('',(-3.220101543336,2.390081191859,3.160000000353
    ));
#920 = VECTOR('',#921,1.);
#921 = DIRECTION('',(1.,0.,0.));
#922 = ORIENTED_EDGE('',*,*,#923,.T.);
#923 = EDGE_CURVE('',#914,#924,#926,.T.);
#924 = VERTEX_POINT('',#925);
#925 = CARTESIAN_POINT('',(-3.220101543336,-5.309918672154,
    3.160000000353));
#926 = LINE('',#927,#928);
#927 = CARTESIAN_POINT('',(-3.220101543336,2.590081188327,3.160000000353
    ));
#928 = VECTOR('',#929,1.);
#929 = DIRECTION('',(0.,-1.,-3.491481338843E-15));
#930 = ORIENTED_EDGE('',*,*,#931,.F.);
#931 = EDGE_CURVE('',#932,#924,#934,.T.);
#932 = VERTEX_POINT('',#933);
#933 = CARTESIAN_POINT('',(3.21989834293,-5.309918672154,3.160000000353)
  );
#934 = LINE('',#935,#936);
#935 = CARTESIAN_POINT('',(-3.220101543336,-5.309918672154,
    3.160000000353));
#936 = VECTOR('',#937,1.);
#937 = DIRECTION('',(-1.,0.,0.));
#938 = ORIENTED_EDGE('',*,*,#939,.F.);
#939 = EDGE_CURVE('',#916,#932,#940,.T.);
#940 = LINE('',#941,#942);
#941 = CARTESIAN_POINT('',(3.21989834293,2.590081188327,3.160000000353)
  );
#942 = VECTOR('',#943,1.);
#943 = DIRECTION('',(0.,-1.,-3.491481338843E-15));
#944 = PLANE('',#945);
#945 = AXIS2_PLACEMENT_3D('',#946,#947,#948);
#946 = CARTESIAN_POINT('',(-3.220101543336,2.590081188327,3.160000000353
    ));
#947 = DIRECTION('',(0.,-3.491481338843E-15,1.));
#948 = DIRECTION('',(0.,-1.,-3.491481338843E-15));
#949 = ADVANCED_FACE('',(#950),#1024,.T.);
#950 = FACE_BOUND('',#951,.T.);
#951 = EDGE_LOOP('',(#952,#962,#973,#982,#988,#989,#998,#1006,#1015));
#952 = ORIENTED_EDGE('',*,*,#953,.F.);
#953 = EDGE_CURVE('',#954,#956,#958,.T.);
#954 = VERTEX_POINT('',#955);
#955 = CARTESIAN_POINT('',(4.219898325269,2.440081190976,2.660000009184)
  );
#956 = VERTEX_POINT('',#957);
#957 = CARTESIAN_POINT('',(4.219898325269,1.940081199807,2.660000009184)
  );
#958 = LINE('',#959,#960);
#959 = CARTESIAN_POINT('',(4.219898325269,2.590081188327,2.660000009184)
  );
#960 = VECTOR('',#961,1.);
#961 = DIRECTION('',(0.,-1.,-3.491481338843E-15));
#962 = ORIENTED_EDGE('',*,*,#963,.T.);
#963 = EDGE_CURVE('',#954,#964,#966,.T.);
#964 = VERTEX_POINT('',#965);
#965 = CARTESIAN_POINT('',(4.087365906254,2.590081188327,2.810000006534)
  );
#966 = B_SPLINE_CURVE_WITH_KNOTS('',3,(#967,#968,#969,#970,#971,#972),
  .UNSPECIFIED.,.F.,.F.,(4,2,4),(0.,1.384534100969E-04,
    2.769068201937E-04),.UNSPECIFIED.);
#967 = CARTESIAN_POINT('',(4.219898325269,2.440081190976,2.660000009184)
  );
#968 = CARTESIAN_POINT('',(4.219898325269,2.486965362442,2.660000009184)
  );
#969 = CARTESIAN_POINT('',(4.202585904296,2.529694915093,2.683528772182)
  );
#970 = CARTESIAN_POINT('',(4.152442661441,2.579996188109,2.743296286653)
  );
#971 = CARTESIAN_POINT('',(4.120867508301,2.590081188327,2.777709391415)
  );
#972 = CARTESIAN_POINT('',(4.087365906254,2.590081188327,2.810000006534)
  );
#973 = ORIENTED_EDGE('',*,*,#974,.T.);
#974 = EDGE_CURVE('',#964,#975,#977,.T.);
#975 = VERTEX_POINT('',#976);
#976 = CARTESIAN_POINT('',(3.21989834293,2.590081188327,3.160000000353)
  );
#977 = CIRCLE('',#978,1.249999977924);
#978 = AXIS2_PLACEMENT_3D('',#979,#980,#981);
#979 = CARTESIAN_POINT('',(3.21989834293,2.590081188327,1.910000022429)
  );
#980 = DIRECTION('',(0.,-1.,-3.491481338843E-15));
#981 = DIRECTION('',(1.,0.,0.));
#982 = ORIENTED_EDGE('',*,*,#983,.T.);
#983 = EDGE_CURVE('',#975,#916,#984,.T.);
#984 = LINE('',#985,#986);
#985 = CARTESIAN_POINT('',(3.21989834293,2.590081188327,3.160000000353)
  );
#986 = VECTOR('',#987,1.);
#987 = DIRECTION('',(0.,-1.,-3.491481338843E-15));
#988 = ORIENTED_EDGE('',*,*,#939,.T.);
#989 = ORIENTED_EDGE('',*,*,#990,.F.);
#990 = EDGE_CURVE('',#991,#932,#993,.T.);
#991 = VERTEX_POINT('',#992);
#992 = CARTESIAN_POINT('',(4.469898320854,-5.309918672154,1.910000022429
    ));
#993 = CIRCLE('',#994,1.249999977924);
#994 = AXIS2_PLACEMENT_3D('',#995,#996,#997);
#995 = CARTESIAN_POINT('',(3.21989834293,-5.309918672154,1.910000022429)
  );
#996 = DIRECTION('',(0.,-1.,-3.491481338843E-15));
#997 = DIRECTION('',(1.,0.,0.));
#998 = ORIENTED_EDGE('',*,*,#999,.F.);
#999 = EDGE_CURVE('',#1000,#991,#1002,.T.);
#1000 = VERTEX_POINT('',#1001);
#1001 = CARTESIAN_POINT('',(4.469898320854,1.790081202456,1.910000022429
    ));
#1002 = LINE('',#1003,#1004);
#1003 = CARTESIAN_POINT('',(4.469898320854,2.590081188327,1.910000022429
    ));
#1004 = VECTOR('',#1005,1.);
#1005 = DIRECTION('',(0.,-1.,-3.491481338843E-15));
#1006 = ORIENTED_EDGE('',*,*,#1007,.F.);
#1007 = EDGE_CURVE('',#1008,#1000,#1010,.T.);
#1008 = VERTEX_POINT('',#1009);
#1009 = CARTESIAN_POINT('',(4.316483933536,1.790081202456,2.510000011833
    ));
#1010 = CIRCLE('',#1011,1.249999977924);
#1011 = AXIS2_PLACEMENT_3D('',#1012,#1013,#1014);
#1012 = CARTESIAN_POINT('',(3.21989834293,1.790081202456,1.910000022429)
  );
#1013 = DIRECTION('',(0.,1.,3.491481338843E-15));
#1014 = DIRECTION('',(1.,-6.208173510536E-30,1.778091562876E-15));
#1015 = ORIENTED_EDGE('',*,*,#1016,.T.);
#1016 = EDGE_CURVE('',#1008,#956,#1017,.T.);
#1017 = B_SPLINE_CURVE_WITH_KNOTS('',3,(#1018,#1019,#1020,#1021,#1022,
    #1023),.UNSPECIFIED.,.F.,.F.,(4,2,4),(1.084202172486E-19,
    1.275855892532E-04,2.551711785064E-04),.UNSPECIFIED.);
#1018 = CARTESIAN_POINT('',(4.316483933536,1.790081202456,2.510000011833
    ));
#1019 = CARTESIAN_POINT('',(4.29567395645,1.790081202456,2.548033214193)
  );
#1020 = CARTESIAN_POINT('',(4.273203971811,1.804045703399,2.583945914458
    ));
#1021 = CARTESIAN_POINT('',(4.235013275368,1.856291947754,2.640203752326
    ));
#1022 = CARTESIAN_POINT('',(4.219898325269,1.896505458986,2.660000009184
    ));
#1023 = CARTESIAN_POINT('',(4.219898325269,1.940081199807,2.660000009184
    ));
#1024 = CYLINDRICAL_SURFACE('',#1025,1.249999977924);
#1025 = AXIS2_PLACEMENT_3D('',#1026,#1027,#1028);
#1026 = CARTESIAN_POINT('',(3.21989834293,2.590081188327,1.910000022429)
  );
#1027 = DIRECTION('',(0.,-1.,-3.491481338843E-15));
#1028 = DIRECTION('',(1.,0.,0.));
#1029 = ADVANCED_FACE('',(#1030),#1233,.T.);
#1030 = FACE_BOUND('',#1031,.T.);
#1031 = EDGE_LOOP('',(#1032,#1033,#1042,#1050,#1059,#1065,#1066,#1072,
    #1073,#1082,#1091,#1099,#1108,#1116,#1125,#1133,#1142,#1150,#1159,
    #1167,#1176,#1183,#1184,#1192,#1201,#1209,#1218,#1226));
#1032 = ORIENTED_EDGE('',*,*,#732,.T.);
#1033 = ORIENTED_EDGE('',*,*,#1034,.T.);
#1034 = EDGE_CURVE('',#725,#1035,#1037,.T.);
#1035 = VERTEX_POINT('',#1036);
#1036 = CARTESIAN_POINT('',(4.469898320854,2.440081190976,1.660000026844
    ));
#1037 = CIRCLE('',#1038,0.149999997351);
#1038 = AXIS2_PLACEMENT_3D('',#1039,#1040,#1041);
#1039 = CARTESIAN_POINT('',(4.469898320854,2.440081190976,1.510000029493
    ));
#1040 = DIRECTION('',(1.,0.,-0.));
#1041 = DIRECTION('',(0.,1.,3.523657060578E-15));
#1042 = ORIENTED_EDGE('',*,*,#1043,.F.);
#1043 = EDGE_CURVE('',#1044,#1035,#1046,.T.);
#1044 = VERTEX_POINT('',#1045);
#1045 = CARTESIAN_POINT('',(4.469898320854,1.940081199807,1.660000026844
    ));
#1046 = LINE('',#1047,#1048);
#1047 = CARTESIAN_POINT('',(4.469898320854,2.590081188327,1.660000026844
    ));
#1048 = VECTOR('',#1049,1.);
#1049 = DIRECTION('',(0.,1.,3.610065951459E-15));
#1050 = ORIENTED_EDGE('',*,*,#1051,.T.);
#1051 = EDGE_CURVE('',#1044,#1052,#1054,.T.);
#1052 = VERTEX_POINT('',#1053);
#1053 = CARTESIAN_POINT('',(4.469898320854,1.790081202456,1.810000024195
    ));
#1054 = CIRCLE('',#1055,0.149999997351);
#1055 = AXIS2_PLACEMENT_3D('',#1056,#1057,#1058);
#1056 = CARTESIAN_POINT('',(4.469898320854,1.940081199807,1.810000024195
    ));
#1057 = DIRECTION('',(-1.,0.,0.));
#1058 = DIRECTION('',(0.,1.,2.529805069133E-15));
#1059 = ORIENTED_EDGE('',*,*,#1060,.F.);
#1060 = EDGE_CURVE('',#1000,#1052,#1061,.T.);
#1061 = LINE('',#1062,#1063);
#1062 = CARTESIAN_POINT('',(4.469898320854,1.790081202456,1.660000026844
    ));
#1063 = VECTOR('',#1064,1.);
#1064 = DIRECTION('',(0.,3.491481338843E-15,-1.));
#1065 = ORIENTED_EDGE('',*,*,#999,.T.);
#1066 = ORIENTED_EDGE('',*,*,#1067,.F.);
#1067 = EDGE_CURVE('',#804,#991,#1068,.T.);
#1068 = LINE('',#1069,#1070);
#1069 = CARTESIAN_POINT('',(4.469898320854,-5.309918672154,
    1.250000034085));
#1070 = VECTOR('',#1071,1.);
#1071 = DIRECTION('',(0.,-3.491481338843E-15,1.));
#1072 = ORIENTED_EDGE('',*,*,#803,.F.);
#1073 = ORIENTED_EDGE('',*,*,#1074,.T.);
#1074 = EDGE_CURVE('',#795,#1075,#1077,.T.);
#1075 = VERTEX_POINT('',#1076);
#1076 = CARTESIAN_POINT('',(4.469898320854,-3.55991870306,1.450000030553
    ));
#1077 = CIRCLE('',#1078,0.199999996468);
#1078 = AXIS2_PLACEMENT_3D('',#1079,#1080,#1081);
#1079 = CARTESIAN_POINT('',(4.469898320854,-3.55991870306,1.250000034085
    ));
#1080 = DIRECTION('',(-1.,0.,0.));
#1081 = DIRECTION('',(0.,1.,4.336808689942E-15));
#1082 = ORIENTED_EDGE('',*,*,#1083,.T.);
#1083 = EDGE_CURVE('',#1075,#1084,#1086,.T.);
#1084 = VERTEX_POINT('',#1085);
#1085 = CARTESIAN_POINT('',(4.469898320854,-3.359918706592,
    1.250000034085));
#1086 = CIRCLE('',#1087,0.199999996468);
#1087 = AXIS2_PLACEMENT_3D('',#1088,#1089,#1090);
#1088 = CARTESIAN_POINT('',(4.469898320854,-3.55991870306,1.250000034085
    ));
#1089 = DIRECTION('',(-1.,0.,0.));
#1090 = DIRECTION('',(0.,1.,2.710505431214E-15));
#1091 = ORIENTED_EDGE('',*,*,#1092,.T.);
#1092 = EDGE_CURVE('',#1084,#1093,#1095,.T.);
#1093 = VERTEX_POINT('',#1094);
#1094 = CARTESIAN_POINT('',(4.469898320854,-3.359918706592,
    -0.117157229295));
#1095 = LINE('',#1096,#1097);
#1096 = CARTESIAN_POINT('',(4.469898320854,-3.359918706592,
    1.450000030553));
#1097 = VECTOR('',#1098,1.);
#1098 = DIRECTION('',(0.,3.641026466083E-15,-1.));
#1099 = ORIENTED_EDGE('',*,*,#1100,.T.);
#1100 = EDGE_CURVE('',#1093,#1101,#1103,.T.);
#1101 = VERTEX_POINT('',#1102);
#1102 = CARTESIAN_POINT('',(4.469898320854,-3.301340063864,
    -0.258578583035));
#1103 = CIRCLE('',#1104,0.199999996468);
#1104 = AXIS2_PLACEMENT_3D('',#1105,#1106,#1107);
#1105 = CARTESIAN_POINT('',(4.469898320854,-3.159918710124,
    -0.117157229295));
#1106 = DIRECTION('',(1.,0.,-0.));
#1107 = DIRECTION('',(0.,1.,3.252606517457E-15));
#1108 = ORIENTED_EDGE('',*,*,#1109,.T.);
#1109 = EDGE_CURVE('',#1101,#1110,#1112,.T.);
#1110 = VERTEX_POINT('',#1111);
#1111 = CARTESIAN_POINT('',(4.469898320854,-3.018497356384,
    -0.541421290515));
#1112 = LINE('',#1113,#1114);
#1113 = CARTESIAN_POINT('',(4.469898320854,-1.109918746328,
    -2.449999900571));
#1114 = VECTOR('',#1115,1.);
#1115 = DIRECTION('',(0.,0.707106781187,-0.707106781187));
#1116 = ORIENTED_EDGE('',*,*,#1117,.T.);
#1117 = EDGE_CURVE('',#1110,#1118,#1120,.T.);
#1118 = VERTEX_POINT('',#1119);
#1119 = CARTESIAN_POINT('',(4.469898320854,-2.877076002645,
    -0.599999933243));
#1120 = CIRCLE('',#1121,0.199999996468);
#1121 = AXIS2_PLACEMENT_3D('',#1122,#1123,#1124);
#1122 = CARTESIAN_POINT('',(4.469898320854,-2.877076002645,
    -0.399999936775));
#1123 = DIRECTION('',(1.,0.,-0.));
#1124 = DIRECTION('',(0.,1.,4.336808689942E-15));
#1125 = ORIENTED_EDGE('',*,*,#1126,.F.);
#1126 = EDGE_CURVE('',#1127,#1118,#1129,.T.);
#1127 = VERTEX_POINT('',#1128);
#1128 = CARTESIAN_POINT('',(4.469898320854,-2.34276143703,
    -0.599999933243));
#1129 = LINE('',#1130,#1131);
#1130 = CARTESIAN_POINT('',(4.469898320854,-1.859918733083,
    -0.599999933243));
#1131 = VECTOR('',#1132,1.);
#1132 = DIRECTION('',(0.,-1.,-3.641026466083E-15));
#1133 = ORIENTED_EDGE('',*,*,#1134,.T.);
#1134 = EDGE_CURVE('',#1127,#1135,#1137,.T.);
#1135 = VERTEX_POINT('',#1136);
#1136 = CARTESIAN_POINT('',(4.469898320854,-2.201340083291,
    -0.541421290515));
#1137 = CIRCLE('',#1138,0.199999996468);
#1138 = AXIS2_PLACEMENT_3D('',#1139,#1140,#1141);
#1139 = CARTESIAN_POINT('',(4.469898320854,-2.34276143703,
    -0.399999936775));
#1140 = DIRECTION('',(1.,0.,-0.));
#1141 = DIRECTION('',(0.,1.,4.336808689942E-15));
#1142 = ORIENTED_EDGE('',*,*,#1143,.T.);
#1143 = EDGE_CURVE('',#1135,#1144,#1146,.T.);
#1144 = VERTEX_POINT('',#1145);
#1145 = CARTESIAN_POINT('',(4.469898320854,-1.918497375811,
    -0.258578583035));
#1146 = LINE('',#1147,#1148);
#1147 = CARTESIAN_POINT('',(4.469898320854,1.090081214818,2.750000007594
    ));
#1148 = VECTOR('',#1149,1.);
#1149 = DIRECTION('',(0.,0.707106781187,0.707106781187));
#1150 = ORIENTED_EDGE('',*,*,#1151,.T.);
#1151 = EDGE_CURVE('',#1144,#1152,#1154,.T.);
#1152 = VERTEX_POINT('',#1153);
#1153 = CARTESIAN_POINT('',(4.469898320854,-1.859918733083,
    -0.117157229295));
#1154 = CIRCLE('',#1155,0.199999996468);
#1155 = AXIS2_PLACEMENT_3D('',#1156,#1157,#1158);
#1156 = CARTESIAN_POINT('',(4.469898320854,-2.059918729551,
    -0.117157229295));
#1157 = DIRECTION('',(1.,0.,-0.));
#1158 = DIRECTION('',(0.,1.,3.252606517457E-15));
#1159 = ORIENTED_EDGE('',*,*,#1160,.F.);
#1160 = EDGE_CURVE('',#1161,#1152,#1163,.T.);
#1161 = VERTEX_POINT('',#1162);
#1162 = CARTESIAN_POINT('',(4.469898320854,-1.859918733083,
    1.250000034085));
#1163 = LINE('',#1164,#1165);
#1164 = CARTESIAN_POINT('',(4.469898320854,-1.859918733083,
    1.450000030553));
#1165 = VECTOR('',#1166,1.);
#1166 = DIRECTION('',(0.,3.641026466083E-15,-1.));
#1167 = ORIENTED_EDGE('',*,*,#1168,.T.);
#1168 = EDGE_CURVE('',#1161,#1169,#1171,.T.);
#1169 = VERTEX_POINT('',#1170);
#1170 = CARTESIAN_POINT('',(4.469898320854,-1.659918736615,
    1.450000030553));
#1171 = CIRCLE('',#1172,0.199999996468);
#1172 = AXIS2_PLACEMENT_3D('',#1173,#1174,#1175);
#1173 = CARTESIAN_POINT('',(4.469898320854,-1.659918736615,
    1.250000034085));
#1174 = DIRECTION('',(-1.,0.,0.));
#1175 = DIRECTION('',(0.,1.,2.710505431214E-15));
#1176 = ORIENTED_EDGE('',*,*,#1177,.T.);
#1177 = EDGE_CURVE('',#1169,#890,#1178,.T.);
#1178 = CIRCLE('',#1179,0.199999996468);
#1179 = AXIS2_PLACEMENT_3D('',#1180,#1181,#1182);
#1180 = CARTESIAN_POINT('',(4.469898320854,-1.659918736615,
    1.250000034085));
#1181 = DIRECTION('',(-1.,0.,0.));
#1182 = DIRECTION('',(0.,1.,6.234162491792E-15));
#1183 = ORIENTED_EDGE('',*,*,#889,.F.);
#1184 = ORIENTED_EDGE('',*,*,#1185,.F.);
#1185 = EDGE_CURVE('',#1186,#879,#1188,.T.);
#1186 = VERTEX_POINT('',#1187);
#1187 = CARTESIAN_POINT('',(4.469898320854,1.090081214818,1.250000034085
    ));
#1188 = LINE('',#1189,#1190);
#1189 = CARTESIAN_POINT('',(4.469898320854,2.590081188327,1.250000034085
    ));
#1190 = VECTOR('',#1191,1.);
#1191 = DIRECTION('',(0.,-1.,-3.491481338843E-15));
#1192 = ORIENTED_EDGE('',*,*,#1193,.T.);
#1193 = EDGE_CURVE('',#1186,#1194,#1196,.T.);
#1194 = VERTEX_POINT('',#1195);
#1195 = CARTESIAN_POINT('',(4.469898320854,1.290081211286,1.050000037617
    ));
#1196 = CIRCLE('',#1197,0.199999996468);
#1197 = AXIS2_PLACEMENT_3D('',#1198,#1199,#1200);
#1198 = CARTESIAN_POINT('',(4.469898320854,1.090081214818,1.050000037617
    ));
#1199 = DIRECTION('',(-1.,0.,0.));
#1200 = DIRECTION('',(0.,1.,5.421010862428E-15));
#1201 = ORIENTED_EDGE('',*,*,#1202,.T.);
#1202 = EDGE_CURVE('',#1194,#1203,#1205,.T.);
#1203 = VERTEX_POINT('',#1204);
#1204 = CARTESIAN_POINT('',(4.469898320854,1.290081211286,
    -0.399999936775));
#1205 = LINE('',#1206,#1207);
#1206 = CARTESIAN_POINT('',(4.469898320854,1.290081211286,1.250000034085
    ));
#1207 = VECTOR('',#1208,1.);
#1208 = DIRECTION('',(0.,3.491481338843E-15,-1.));
#1209 = ORIENTED_EDGE('',*,*,#1210,.T.);
#1210 = EDGE_CURVE('',#1203,#1211,#1213,.T.);
#1211 = VERTEX_POINT('',#1212);
#1212 = CARTESIAN_POINT('',(4.469898320854,1.490081207754,
    -0.599999933243));
#1213 = CIRCLE('',#1214,0.199999996468);
#1214 = AXIS2_PLACEMENT_3D('',#1215,#1216,#1217);
#1215 = CARTESIAN_POINT('',(4.469898320854,1.490081207754,
    -0.399999936775));
#1216 = DIRECTION('',(1.,0.,-0.));
#1217 = DIRECTION('',(0.,1.,4.336808689942E-15));
#1218 = ORIENTED_EDGE('',*,*,#1219,.T.);
#1219 = EDGE_CURVE('',#1211,#1220,#1222,.T.);
#1220 = VERTEX_POINT('',#1221);
#1221 = CARTESIAN_POINT('',(4.469898320854,2.390081191859,
    -0.599999933243));
#1222 = LINE('',#1223,#1224);
#1223 = CARTESIAN_POINT('',(4.469898320854,1.290081211286,
    -0.599999933243));
#1224 = VECTOR('',#1225,1.);
#1225 = DIRECTION('',(0.,1.,3.641026466083E-15));
#1226 = ORIENTED_EDGE('',*,*,#1227,.T.);
#1227 = EDGE_CURVE('',#1220,#733,#1228,.T.);
#1228 = CIRCLE('',#1229,0.199999996468);
#1229 = AXIS2_PLACEMENT_3D('',#1230,#1231,#1232);
#1230 = CARTESIAN_POINT('',(4.469898320854,2.390081191859,
    -0.399999936775));
#1231 = DIRECTION('',(1.,0.,-0.));
#1232 = DIRECTION('',(0.,1.,4.336808689942E-15));
#1233 = PLANE('',#1234);
#1234 = AXIS2_PLACEMENT_3D('',#1235,#1236,#1237);
#1235 = CARTESIAN_POINT('',(4.469898320854,2.590081188327,1.250000034085
    ));
#1236 = DIRECTION('',(1.,0.,0.));
#1237 = DIRECTION('',(-0.,1.,3.491481338843E-15));
#1238 = ADVANCED_FACE('',(#1239),#1265,.F.);
#1239 = FACE_BOUND('',#1240,.T.);
#1240 = EDGE_LOOP('',(#1241,#1252,#1258,#1259));
#1241 = ORIENTED_EDGE('',*,*,#1242,.T.);
#1242 = EDGE_CURVE('',#1243,#1245,#1247,.T.);
#1243 = VERTEX_POINT('',#1244);
#1244 = CARTESIAN_POINT('',(3.524036464073,2.590081188327,2.810000006534
    ));
#1245 = VERTEX_POINT('',#1246);
#1246 = CARTESIAN_POINT('',(3.21989834293,2.590081188327,2.860000005651)
  );
#1247 = CIRCLE('',#1248,0.949999983222);
#1248 = AXIS2_PLACEMENT_3D('',#1249,#1250,#1251);
#1249 = CARTESIAN_POINT('',(3.21989834293,2.590081188327,1.910000022429)
  );
#1250 = DIRECTION('',(-0.,-1.,-3.491481338843E-15));
#1251 = DIRECTION('',(-1.,0.,0.));
#1252 = ORIENTED_EDGE('',*,*,#1253,.T.);
#1253 = EDGE_CURVE('',#1245,#975,#1254,.T.);
#1254 = LINE('',#1255,#1256);
#1255 = CARTESIAN_POINT('',(3.21989834293,2.590081188327,2.610000010067)
  );
#1256 = VECTOR('',#1257,1.);
#1257 = DIRECTION('',(0.,-3.491481338843E-15,1.));
#1258 = ORIENTED_EDGE('',*,*,#974,.F.);
#1259 = ORIENTED_EDGE('',*,*,#1260,.T.);
#1260 = EDGE_CURVE('',#964,#1243,#1261,.T.);
#1261 = LINE('',#1262,#1263);
#1262 = CARTESIAN_POINT('',(3.21989834293,2.590081188327,2.810000006534)
  );
#1263 = VECTOR('',#1264,1.);
#1264 = DIRECTION('',(-1.,-0.,-0.));
#1265 = PLANE('',#1266);
#1266 = AXIS2_PLACEMENT_3D('',#1267,#1268,#1269);
#1267 = CARTESIAN_POINT('',(3.21989834293,2.590081188327,1.250000034085)
  );
#1268 = DIRECTION('',(0.,-1.,-3.491481338843E-15));
#1269 = DIRECTION('',(1.,0.,0.));
#1270 = ADVANCED_FACE('',(#1271,#1331),#1362,.T.);
#1271 = FACE_BOUND('',#1272,.T.);
#1272 = EDGE_LOOP('',(#1273,#1281,#1290,#1298,#1307,#1315,#1324,#1330));
#1273 = ORIENTED_EDGE('',*,*,#1274,.F.);
#1274 = EDGE_CURVE('',#1275,#828,#1277,.T.);
#1275 = VERTEX_POINT('',#1276);
#1276 = CARTESIAN_POINT('',(-3.220101543336,-5.309918672154,
    0.300000050863));
#1277 = LINE('',#1278,#1279);
#1278 = CARTESIAN_POINT('',(-3.220101543336,-5.309918672154,
    0.300000050863));
#1279 = VECTOR('',#1280,1.);
#1280 = DIRECTION('',(1.,0.,0.));
#1281 = ORIENTED_EDGE('',*,*,#1282,.T.);
#1282 = EDGE_CURVE('',#1275,#1283,#1285,.T.);
#1283 = VERTEX_POINT('',#1284);
#1284 = CARTESIAN_POINT('',(-4.170101526558,-5.309918672154,
    1.250000034085));
#1285 = CIRCLE('',#1286,0.949999983222);
#1286 = AXIS2_PLACEMENT_3D('',#1287,#1288,#1289);
#1287 = CARTESIAN_POINT('',(-3.220101543336,-5.309918672154,
    1.250000034085));
#1288 = DIRECTION('',(0.,1.,3.491481338843E-15));
#1289 = DIRECTION('',(-1.,0.,0.));
#1290 = ORIENTED_EDGE('',*,*,#1291,.T.);
#1291 = EDGE_CURVE('',#1283,#1292,#1294,.T.);
#1292 = VERTEX_POINT('',#1293);
#1293 = CARTESIAN_POINT('',(-4.170101526558,-5.309918672154,
    1.910000022429));
#1294 = LINE('',#1295,#1296);
#1295 = CARTESIAN_POINT('',(-4.170101526558,-5.309918672154,
    1.250000034085));
#1296 = VECTOR('',#1297,1.);
#1297 = DIRECTION('',(0.,-3.491481338843E-15,1.));
#1298 = ORIENTED_EDGE('',*,*,#1299,.T.);
#1299 = EDGE_CURVE('',#1292,#1300,#1302,.T.);
#1300 = VERTEX_POINT('',#1301);
#1301 = CARTESIAN_POINT('',(-3.220101543336,-5.309918672154,
    2.860000005651));
#1302 = CIRCLE('',#1303,0.949999983222);
#1303 = AXIS2_PLACEMENT_3D('',#1304,#1305,#1306);
#1304 = CARTESIAN_POINT('',(-3.220101543336,-5.309918672154,
    1.910000022429));
#1305 = DIRECTION('',(-0.,1.,3.491481338843E-15));
#1306 = DIRECTION('',(1.,0.,0.));
#1307 = ORIENTED_EDGE('',*,*,#1308,.F.);
#1308 = EDGE_CURVE('',#1309,#1300,#1311,.T.);
#1309 = VERTEX_POINT('',#1310);
#1310 = CARTESIAN_POINT('',(3.21989834293,-5.309918672154,2.860000005651
    ));
#1311 = LINE('',#1312,#1313);
#1312 = CARTESIAN_POINT('',(-3.220101543336,-5.309918672154,
    2.860000005651));
#1313 = VECTOR('',#1314,1.);
#1314 = DIRECTION('',(-1.,0.,0.));
#1315 = ORIENTED_EDGE('',*,*,#1316,.F.);
#1316 = EDGE_CURVE('',#1317,#1309,#1319,.T.);
#1317 = VERTEX_POINT('',#1318);
#1318 = CARTESIAN_POINT('',(4.169898326152,-5.309918672154,
    1.910000022429));
#1319 = CIRCLE('',#1320,0.949999983222);
#1320 = AXIS2_PLACEMENT_3D('',#1321,#1322,#1323);
#1321 = CARTESIAN_POINT('',(3.21989834293,-5.309918672154,1.910000022429
    ));
#1322 = DIRECTION('',(-0.,-1.,-3.491481338843E-15));
#1323 = DIRECTION('',(-1.,0.,0.));
#1324 = ORIENTED_EDGE('',*,*,#1325,.F.);
#1325 = EDGE_CURVE('',#830,#1317,#1326,.T.);
#1326 = LINE('',#1327,#1328);
#1327 = CARTESIAN_POINT('',(4.169898326152,-5.309918672154,
    1.250000034085));
#1328 = VECTOR('',#1329,1.);
#1329 = DIRECTION('',(0.,-3.491481338843E-15,1.));
#1330 = ORIENTED_EDGE('',*,*,#827,.F.);
#1331 = FACE_BOUND('',#1332,.T.);
#1332 = EDGE_LOOP('',(#1333,#1342,#1343,#1344,#1345,#1346,#1347,#1356));
#1333 = ORIENTED_EDGE('',*,*,#1334,.F.);
#1334 = EDGE_CURVE('',#133,#1335,#1337,.T.);
#1335 = VERTEX_POINT('',#1336);
#1336 = CARTESIAN_POINT('',(-4.47010152126,-5.309918672154,
    1.250000034085));
#1337 = CIRCLE('',#1338,1.249999977924);
#1338 = AXIS2_PLACEMENT_3D('',#1339,#1340,#1341);
#1339 = CARTESIAN_POINT('',(-3.220101543336,-5.309918672154,
    1.250000034085));
#1340 = DIRECTION('',(0.,1.,3.491481338843E-15));
#1341 = DIRECTION('',(-1.,0.,0.));
#1342 = ORIENTED_EDGE('',*,*,#132,.T.);
#1343 = ORIENTED_EDGE('',*,*,#811,.T.);
#1344 = ORIENTED_EDGE('',*,*,#1067,.T.);
#1345 = ORIENTED_EDGE('',*,*,#990,.T.);
#1346 = ORIENTED_EDGE('',*,*,#931,.T.);
#1347 = ORIENTED_EDGE('',*,*,#1348,.F.);
#1348 = EDGE_CURVE('',#1349,#924,#1351,.T.);
#1349 = VERTEX_POINT('',#1350);
#1350 = CARTESIAN_POINT('',(-4.47010152126,-5.309918672154,
    1.910000022429));
#1351 = CIRCLE('',#1352,1.249999977924);
#1352 = AXIS2_PLACEMENT_3D('',#1353,#1354,#1355);
#1353 = CARTESIAN_POINT('',(-3.220101543336,-5.309918672154,
    1.910000022429));
#1354 = DIRECTION('',(0.,1.,3.491481338843E-15));
#1355 = DIRECTION('',(-1.,0.,0.));
#1356 = ORIENTED_EDGE('',*,*,#1357,.F.);
#1357 = EDGE_CURVE('',#1335,#1349,#1358,.T.);
#1358 = LINE('',#1359,#1360);
#1359 = CARTESIAN_POINT('',(-4.47010152126,-5.309918672154,
    1.250000034085));
#1360 = VECTOR('',#1361,1.);
#1361 = DIRECTION('',(0.,-3.491481338843E-15,1.));
#1362 = PLANE('',#1363);
#1363 = AXIS2_PLACEMENT_3D('',#1364,#1365,#1366);
#1364 = CARTESIAN_POINT('',(3.21989834293,-5.309918672154,1.250000034085
    ));
#1365 = DIRECTION('',(0.,-1.,-3.491481338843E-15));
#1366 = DIRECTION('',(1.,0.,0.));
#1367 = ADVANCED_FACE('',(#1368),#1415,.F.);
#1368 = FACE_BOUND('',#1369,.F.);
#1369 = EDGE_LOOP('',(#1370,#1381,#1389,#1398,#1409));
#1370 = ORIENTED_EDGE('',*,*,#1371,.F.);
#1371 = EDGE_CURVE('',#1372,#1374,#1376,.T.);
#1372 = VERTEX_POINT('',#1373);
#1373 = CARTESIAN_POINT('',(3.21989834293,-1.459918740147,0.300000050863
    ));
#1374 = VERTEX_POINT('',#1375);
#1375 = CARTESIAN_POINT('',(4.169898326152,-1.459918740147,
    1.250000034085));
#1376 = CIRCLE('',#1377,0.949999983222);
#1377 = AXIS2_PLACEMENT_3D('',#1378,#1379,#1380);
#1378 = CARTESIAN_POINT('',(3.21989834293,-1.459918740147,1.250000034085
    ));
#1379 = DIRECTION('',(-0.,-1.,-3.790571593322E-15));
#1380 = DIRECTION('',(0.,-3.790571593322E-15,1.));
#1381 = ORIENTED_EDGE('',*,*,#1382,.F.);
#1382 = EDGE_CURVE('',#1383,#1372,#1385,.T.);
#1383 = VERTEX_POINT('',#1384);
#1384 = CARTESIAN_POINT('',(3.21989834293,0.290081228947,0.300000050863)
  );
#1385 = LINE('',#1386,#1387);
#1386 = CARTESIAN_POINT('',(3.21989834293,2.590081188327,0.300000050863)
  );
#1387 = VECTOR('',#1388,1.);
#1388 = DIRECTION('',(0.,-1.,-3.491481338843E-15));
#1389 = ORIENTED_EDGE('',*,*,#1390,.F.);
#1390 = EDGE_CURVE('',#1391,#1383,#1393,.T.);
#1391 = VERTEX_POINT('',#1392);
#1392 = CARTESIAN_POINT('',(4.148607107578,0.290081228947,1.050000037617
    ));
#1393 = CIRCLE('',#1394,0.949999983222);
#1394 = AXIS2_PLACEMENT_3D('',#1395,#1396,#1397);
#1395 = CARTESIAN_POINT('',(3.21989834293,0.290081228947,1.250000034085)
  );
#1396 = DIRECTION('',(0.,1.,3.664953686441E-15));
#1397 = DIRECTION('',(-3.652049423109E-15,3.664953686441E-15,-1.));
#1398 = ORIENTED_EDGE('',*,*,#1399,.F.);
#1399 = EDGE_CURVE('',#1400,#1391,#1402,.T.);
#1400 = VERTEX_POINT('',#1401);
#1401 = CARTESIAN_POINT('',(4.169898326152,0.490081225415,1.250000034085
    ));
#1402 = B_SPLINE_CURVE_WITH_KNOTS('',3,(#1403,#1404,#1405,#1406,#1407,
    #1408),.UNSPECIFIED.,.F.,.F.,(4,2,4),(0.,1.569294708086E-04,
    3.138589416172E-04),.UNSPECIFIED.);
#1403 = CARTESIAN_POINT('',(4.169898326152,0.490081225415,1.250000034085
    ));
#1404 = CARTESIAN_POINT('',(4.169898326152,0.437018834709,1.250000034085
    ));
#1405 = CARTESIAN_POINT('',(4.170373715836,0.385113479994,1.228101748311
    ));
#1406 = CARTESIAN_POINT('',(4.165753295712,0.311335865067,1.153867949337
    ));
#1407 = CARTESIAN_POINT('',(4.159777294062,0.290081228946,1.101869288984
    ));
#1408 = CARTESIAN_POINT('',(4.148607107578,0.290081228947,1.050000037617
    ));
#1409 = ORIENTED_EDGE('',*,*,#1410,.T.);
#1410 = EDGE_CURVE('',#1400,#1374,#1411,.T.);
#1411 = LINE('',#1412,#1413);
#1412 = CARTESIAN_POINT('',(4.169898326152,2.590081188327,1.250000034085
    ));
#1413 = VECTOR('',#1414,1.);
#1414 = DIRECTION('',(0.,-1.,-3.491481338843E-15));
#1415 = CYLINDRICAL_SURFACE('',#1416,0.949999983222);
#1416 = AXIS2_PLACEMENT_3D('',#1417,#1418,#1419);
#1417 = CARTESIAN_POINT('',(3.21989834293,2.590081188327,1.250000034085)
  );
#1418 = DIRECTION('',(0.,-1.,-3.491481338843E-15));
#1419 = DIRECTION('',(1.,0.,0.));
#1420 = ADVANCED_FACE('',(#1421),#1530,.F.);
#1421 = FACE_BOUND('',#1422,.T.);
#1422 = EDGE_LOOP('',(#1423,#1431,#1439,#1447,#1456,#1464,#1473,#1481,
    #1487,#1488,#1489,#1497,#1506,#1514,#1523,#1529));
#1423 = ORIENTED_EDGE('',*,*,#1424,.T.);
#1424 = EDGE_CURVE('',#1383,#1425,#1427,.T.);
#1425 = VERTEX_POINT('',#1426);
#1426 = CARTESIAN_POINT('',(-3.220101543336,0.290081228947,
    0.300000050863));
#1427 = LINE('',#1428,#1429);
#1428 = CARTESIAN_POINT('',(-3.220101543336,0.290081228947,
    0.300000050863));
#1429 = VECTOR('',#1430,1.);
#1430 = DIRECTION('',(-1.,0.,0.));
#1431 = ORIENTED_EDGE('',*,*,#1432,.T.);
#1432 = EDGE_CURVE('',#1425,#1433,#1435,.T.);
#1433 = VERTEX_POINT('',#1434);
#1434 = CARTESIAN_POINT('',(-3.220101543336,-1.459918740147,
    0.300000050863));
#1435 = LINE('',#1436,#1437);
#1436 = CARTESIAN_POINT('',(-3.220101543336,2.590081188327,
    0.300000050863));
#1437 = VECTOR('',#1438,1.);
#1438 = DIRECTION('',(0.,-1.,-3.491481338843E-15));
#1439 = ORIENTED_EDGE('',*,*,#1440,.F.);
#1440 = EDGE_CURVE('',#1441,#1433,#1443,.T.);
#1441 = VERTEX_POINT('',#1442);
#1442 = CARTESIAN_POINT('',(-2.470101556581,-1.459918740147,
    0.300000050863));
#1443 = LINE('',#1444,#1445);
#1444 = CARTESIAN_POINT('',(3.21989834293,-1.459918740147,0.300000050863
    ));
#1445 = VECTOR('',#1446,1.);
#1446 = DIRECTION('',(-1.,0.,0.));
#1447 = ORIENTED_EDGE('',*,*,#1448,.F.);
#1448 = EDGE_CURVE('',#1449,#1441,#1451,.T.);
#1449 = VERTEX_POINT('',#1450);
#1450 = CARTESIAN_POINT('',(-2.270101560114,-1.659918736615,
    0.300000050863));
#1451 = CIRCLE('',#1452,0.199999996468);
#1452 = AXIS2_PLACEMENT_3D('',#1453,#1454,#1455);
#1453 = CARTESIAN_POINT('',(-2.470101556581,-1.659918736615,
    0.300000050863));
#1454 = DIRECTION('',(0.,-3.491481338843E-15,1.));
#1455 = DIRECTION('',(0.,1.,3.491481338843E-15));
#1456 = ORIENTED_EDGE('',*,*,#1457,.T.);
#1457 = EDGE_CURVE('',#1449,#1458,#1460,.T.);
#1458 = VERTEX_POINT('',#1459);
#1459 = CARTESIAN_POINT('',(-2.270101560114,-3.55991870306,
    0.300000050863));
#1460 = LINE('',#1461,#1462);
#1461 = CARTESIAN_POINT('',(-2.270101560114,2.590081188327,
    0.300000050863));
#1462 = VECTOR('',#1463,1.);
#1463 = DIRECTION('',(0.,-1.,-3.491481338843E-15));
#1464 = ORIENTED_EDGE('',*,*,#1465,.F.);
#1465 = EDGE_CURVE('',#1466,#1458,#1468,.T.);
#1466 = VERTEX_POINT('',#1467);
#1467 = CARTESIAN_POINT('',(-2.470101556581,-3.759918699528,
    0.300000050863));
#1468 = CIRCLE('',#1469,0.199999996468);
#1469 = AXIS2_PLACEMENT_3D('',#1470,#1471,#1472);
#1470 = CARTESIAN_POINT('',(-2.470101556581,-3.55991870306,
    0.300000050863));
#1471 = DIRECTION('',(0.,-3.491481338843E-15,1.));
#1472 = DIRECTION('',(0.,1.,3.491481338843E-15));
#1473 = ORIENTED_EDGE('',*,*,#1474,.F.);
#1474 = EDGE_CURVE('',#1475,#1466,#1477,.T.);
#1475 = VERTEX_POINT('',#1476);
#1476 = CARTESIAN_POINT('',(-3.220101543336,-3.759918699528,
    0.300000050863));
#1477 = LINE('',#1478,#1479);
#1478 = CARTESIAN_POINT('',(3.21989834293,-3.759918699528,0.300000050863
    ));
#1479 = VECTOR('',#1480,1.);
#1480 = DIRECTION('',(1.,0.,0.));
#1481 = ORIENTED_EDGE('',*,*,#1482,.T.);
#1482 = EDGE_CURVE('',#1475,#1275,#1483,.T.);
#1483 = LINE('',#1484,#1485);
#1484 = CARTESIAN_POINT('',(-3.220101543336,2.590081188327,
    0.300000050863));
#1485 = VECTOR('',#1486,1.);
#1486 = DIRECTION('',(0.,-1.,-3.491481338843E-15));
#1487 = ORIENTED_EDGE('',*,*,#1274,.T.);
#1488 = ORIENTED_EDGE('',*,*,#838,.F.);
#1489 = ORIENTED_EDGE('',*,*,#1490,.T.);
#1490 = EDGE_CURVE('',#839,#1491,#1493,.T.);
#1491 = VERTEX_POINT('',#1492);
#1492 = CARTESIAN_POINT('',(2.469898356175,-3.759918699528,
    0.300000050863));
#1493 = LINE('',#1494,#1495);
#1494 = CARTESIAN_POINT('',(-3.220101543336,-3.759918699528,
    0.300000050863));
#1495 = VECTOR('',#1496,1.);
#1496 = DIRECTION('',(-1.,0.,0.));
#1497 = ORIENTED_EDGE('',*,*,#1498,.T.);
#1498 = EDGE_CURVE('',#1491,#1499,#1501,.T.);
#1499 = VERTEX_POINT('',#1500);
#1500 = CARTESIAN_POINT('',(2.269898359707,-3.55991870306,0.300000050863
    ));
#1501 = CIRCLE('',#1502,0.199999996468);
#1502 = AXIS2_PLACEMENT_3D('',#1503,#1504,#1505);
#1503 = CARTESIAN_POINT('',(2.469898356175,-3.55991870306,0.300000050863
    ));
#1504 = DIRECTION('',(0.,3.491481338843E-15,-1.));
#1505 = DIRECTION('',(0.,1.,3.491481338843E-15));
#1506 = ORIENTED_EDGE('',*,*,#1507,.F.);
#1507 = EDGE_CURVE('',#1508,#1499,#1510,.T.);
#1508 = VERTEX_POINT('',#1509);
#1509 = CARTESIAN_POINT('',(2.269898359707,-1.659918736615,
    0.300000050863));
#1510 = LINE('',#1511,#1512);
#1511 = CARTESIAN_POINT('',(2.269898359707,2.590081188327,0.300000050863
    ));
#1512 = VECTOR('',#1513,1.);
#1513 = DIRECTION('',(0.,-1.,-3.491481338843E-15));
#1514 = ORIENTED_EDGE('',*,*,#1515,.T.);
#1515 = EDGE_CURVE('',#1508,#1516,#1518,.T.);
#1516 = VERTEX_POINT('',#1517);
#1517 = CARTESIAN_POINT('',(2.469898356175,-1.459918740147,
    0.300000050863));
#1518 = CIRCLE('',#1519,0.199999996468);
#1519 = AXIS2_PLACEMENT_3D('',#1520,#1521,#1522);
#1520 = CARTESIAN_POINT('',(2.469898356175,-1.659918736615,
    0.300000050863));
#1521 = DIRECTION('',(0.,3.491481338843E-15,-1.));
#1522 = DIRECTION('',(0.,1.,3.491481338843E-15));
#1523 = ORIENTED_EDGE('',*,*,#1524,.T.);
#1524 = EDGE_CURVE('',#1516,#1372,#1525,.T.);
#1525 = LINE('',#1526,#1527);
#1526 = CARTESIAN_POINT('',(-3.220101543336,-1.459918740147,
    0.300000050863));
#1527 = VECTOR('',#1528,1.);
#1528 = DIRECTION('',(1.,0.,0.));
#1529 = ORIENTED_EDGE('',*,*,#1382,.F.);
#1530 = PLANE('',#1531);
#1531 = AXIS2_PLACEMENT_3D('',#1532,#1533,#1534);
#1532 = CARTESIAN_POINT('',(-3.220101543336,2.590081188327,
    0.300000050863));
#1533 = DIRECTION('',(0.,3.491481338843E-15,-1.));
#1534 = DIRECTION('',(0.,1.,3.491481338843E-15));
#1535 = ADVANCED_FACE('',(#1536),#1561,.F.);
#1536 = FACE_BOUND('',#1537,.T.);
#1537 = EDGE_LOOP('',(#1538,#1546,#1554,#1560));
#1538 = ORIENTED_EDGE('',*,*,#1539,.F.);
#1539 = EDGE_CURVE('',#1540,#1300,#1542,.T.);
#1540 = VERTEX_POINT('',#1541);
#1541 = CARTESIAN_POINT('',(-3.220101543336,2.390081191859,
    2.860000005651));
#1542 = LINE('',#1543,#1544);
#1543 = CARTESIAN_POINT('',(-3.220101543336,2.590081188327,
    2.860000005651));
#1544 = VECTOR('',#1545,1.);
#1545 = DIRECTION('',(0.,-1.,-3.491481338843E-15));
#1546 = ORIENTED_EDGE('',*,*,#1547,.T.);
#1547 = EDGE_CURVE('',#1540,#1548,#1550,.T.);
#1548 = VERTEX_POINT('',#1549);
#1549 = CARTESIAN_POINT('',(3.21989834293,2.390081191859,2.860000005651)
  );
#1550 = LINE('',#1551,#1552);
#1551 = CARTESIAN_POINT('',(-3.220101543336,2.390081191859,
    2.860000005651));
#1552 = VECTOR('',#1553,1.);
#1553 = DIRECTION('',(1.,0.,0.));
#1554 = ORIENTED_EDGE('',*,*,#1555,.T.);
#1555 = EDGE_CURVE('',#1548,#1309,#1556,.T.);
#1556 = LINE('',#1557,#1558);
#1557 = CARTESIAN_POINT('',(3.21989834293,2.590081188327,2.860000005651)
  );
#1558 = VECTOR('',#1559,1.);
#1559 = DIRECTION('',(0.,-1.,-3.491481338843E-15));
#1560 = ORIENTED_EDGE('',*,*,#1308,.T.);
#1561 = PLANE('',#1562);
#1562 = AXIS2_PLACEMENT_3D('',#1563,#1564,#1565);
#1563 = CARTESIAN_POINT('',(-3.220101543336,2.590081188327,
    2.860000005651));
#1564 = DIRECTION('',(0.,-3.491481338843E-15,1.));
#1565 = DIRECTION('',(0.,-1.,-3.491481338843E-15));
#1566 = ADVANCED_FACE('',(#1567),#1627,.F.);
#1567 = FACE_BOUND('',#1568,.F.);
#1568 = EDGE_LOOP('',(#1569,#1575,#1576,#1577,#1585,#1594,#1607,#1615,
    #1626));
#1569 = ORIENTED_EDGE('',*,*,#1570,.T.);
#1570 = EDGE_CURVE('',#1245,#1548,#1571,.T.);
#1571 = LINE('',#1572,#1573);
#1572 = CARTESIAN_POINT('',(3.21989834293,2.590081188327,2.860000005651)
  );
#1573 = VECTOR('',#1574,1.);
#1574 = DIRECTION('',(0.,-1.,-3.491481338843E-15));
#1575 = ORIENTED_EDGE('',*,*,#1555,.T.);
#1576 = ORIENTED_EDGE('',*,*,#1316,.F.);
#1577 = ORIENTED_EDGE('',*,*,#1578,.F.);
#1578 = EDGE_CURVE('',#1579,#1317,#1581,.T.);
#1579 = VERTEX_POINT('',#1580);
#1580 = CARTESIAN_POINT('',(4.169898326152,1.790081202456,1.910000022429
    ));
#1581 = LINE('',#1582,#1583);
#1582 = CARTESIAN_POINT('',(4.169898326152,2.590081188327,1.910000022429
    ));
#1583 = VECTOR('',#1584,1.);
#1584 = DIRECTION('',(0.,-1.,-3.491481338843E-15));
#1585 = ORIENTED_EDGE('',*,*,#1586,.F.);
#1586 = EDGE_CURVE('',#1587,#1579,#1589,.T.);
#1587 = VERTEX_POINT('',#1588);
#1588 = CARTESIAN_POINT('',(3.956444323054,1.790081202456,2.510000011833
    ));
#1589 = CIRCLE('',#1590,0.949999983222);
#1590 = AXIS2_PLACEMENT_3D('',#1591,#1592,#1593);
#1591 = CARTESIAN_POINT('',(3.21989834293,1.790081202456,1.910000022429)
  );
#1592 = DIRECTION('',(0.,1.,3.491481338843E-15));
#1593 = DIRECTION('',(1.,3.18776560233E-30,-9.130123557773E-16));
#1594 = ORIENTED_EDGE('',*,*,#1595,.F.);
#1595 = EDGE_CURVE('',#1596,#1587,#1598,.T.);
#1596 = VERTEX_POINT('',#1597);
#1597 = CARTESIAN_POINT('',(3.802993522116,1.940081199807,2.660000009184
    ));
#1598 = B_SPLINE_CURVE_WITH_KNOTS('',3,(#1599,#1600,#1601,#1602,#1603,
    #1604,#1605,#1606),.UNSPECIFIED.,.F.,.F.,(4,2,2,4),(0.,
    7.129163114448E-05,1.42583262289E-04,2.851665245779E-04),
  .UNSPECIFIED.);
#1599 = CARTESIAN_POINT('',(3.802993522116,1.940081199807,2.660000009184
    ));
#1600 = CARTESIAN_POINT('',(3.802993522116,1.915830751463,2.660000009184
    ));
#1601 = CARTESIAN_POINT('',(3.810824726276,1.893010656326,2.653991214404
    ));
#1602 = CARTESIAN_POINT('',(3.833603734051,1.854962900779,2.635315524249
    ));
#1603 = CARTESIAN_POINT('',(3.847939252533,1.839800321053,2.623082784654
    ));
#1604 = CARTESIAN_POINT('',(3.893319042103,1.8030162257,2.581337714823)
  );
#1605 = CARTESIAN_POINT('',(3.926087885029,1.790081202456,2.547264866489
    ));
#1606 = CARTESIAN_POINT('',(3.956444323054,1.790081202456,2.510000011833
    ));
#1607 = ORIENTED_EDGE('',*,*,#1608,.F.);
#1608 = EDGE_CURVE('',#1609,#1596,#1611,.T.);
#1609 = VERTEX_POINT('',#1610);
#1610 = CARTESIAN_POINT('',(3.802993522116,2.440081190976,2.660000009184
    ));
#1611 = LINE('',#1612,#1613);
#1612 = CARTESIAN_POINT('',(3.802993522116,2.590081188327,2.660000009184
    ));
#1613 = VECTOR('',#1614,1.);
#1614 = DIRECTION('',(0.,-1.,-3.491481338843E-15));
#1615 = ORIENTED_EDGE('',*,*,#1616,.F.);
#1616 = EDGE_CURVE('',#1243,#1609,#1617,.T.);
#1617 = B_SPLINE_CURVE_WITH_KNOTS('',3,(#1618,#1619,#1620,#1621,#1622,
    #1623,#1624,#1625),.UNSPECIFIED.,.F.,.F.,(4,2,2,4),(0.,
    1.902236627558E-04,2.853354941336E-04,3.804473255115E-04),
  .UNSPECIFIED.);
#1618 = CARTESIAN_POINT('',(3.524036464073,2.590081188327,2.810000006534
    ));
#1619 = CARTESIAN_POINT('',(3.584914889833,2.590081188327,2.789427283917
    ));
#1620 = CARTESIAN_POINT('',(3.642678064227,2.587068799782,2.762981645576
    ));
#1621 = CARTESIAN_POINT('',(3.722899381613,2.558770255255,2.716501737689
    ));
#1622 = CARTESIAN_POINT('',(3.748350762443,2.544973178123,2.699834357234
    ));
#1623 = CARTESIAN_POINT('',(3.788360621164,2.503081448961,2.671545079763
    ));
#1624 = CARTESIAN_POINT('',(3.802993522116,2.472889585708,2.660000009184
    ));
#1625 = CARTESIAN_POINT('',(3.802993522116,2.440081190976,2.660000009184
    ));
#1626 = ORIENTED_EDGE('',*,*,#1242,.T.);
#1627 = CYLINDRICAL_SURFACE('',#1628,0.949999983222);
#1628 = AXIS2_PLACEMENT_3D('',#1629,#1630,#1631);
#1629 = CARTESIAN_POINT('',(3.21989834293,2.590081188327,1.910000022429)
  );
#1630 = DIRECTION('',(0.,-1.,-3.491481338843E-15));
#1631 = DIRECTION('',(1.,0.,0.));
#1632 = ADVANCED_FACE('',(#1633),#1831,.F.);
#1633 = FACE_BOUND('',#1634,.T.);
#1634 = EDGE_LOOP('',(#1635,#1645,#1652,#1653,#1662,#1670,#1679,#1687,
    #1696,#1702,#1703,#1712,#1721,#1729,#1738,#1746,#1755,#1763,#1772,
    #1780,#1789,#1797,#1806,#1813,#1814,#1815,#1816,#1824));
#1635 = ORIENTED_EDGE('',*,*,#1636,.T.);
#1636 = EDGE_CURVE('',#1637,#1639,#1641,.T.);
#1637 = VERTEX_POINT('',#1638);
#1638 = CARTESIAN_POINT('',(4.169898326152,1.940081199807,1.660000026844
    ));
#1639 = VERTEX_POINT('',#1640);
#1640 = CARTESIAN_POINT('',(4.169898326152,2.440081190976,1.660000026844
    ));
#1641 = LINE('',#1642,#1643);
#1642 = CARTESIAN_POINT('',(4.169898326152,2.590081188327,1.660000026844
    ));
#1643 = VECTOR('',#1644,1.);
#1644 = DIRECTION('',(0.,1.,3.610065951459E-15));
#1645 = ORIENTED_EDGE('',*,*,#1646,.T.);
#1646 = EDGE_CURVE('',#1639,#717,#1647,.T.);
#1647 = CIRCLE('',#1648,0.149999997351);
#1648 = AXIS2_PLACEMENT_3D('',#1649,#1650,#1651);
#1649 = CARTESIAN_POINT('',(4.169898326152,2.440081190976,1.510000029493
    ));
#1650 = DIRECTION('',(-1.,0.,0.));
#1651 = DIRECTION('',(0.,1.,5.240310500347E-15));
#1652 = ORIENTED_EDGE('',*,*,#714,.F.);
#1653 = ORIENTED_EDGE('',*,*,#1654,.T.);
#1654 = EDGE_CURVE('',#715,#1655,#1657,.T.);
#1655 = VERTEX_POINT('',#1656);
#1656 = CARTESIAN_POINT('',(4.169898326152,2.390081191859,
    -0.599999933243));
#1657 = CIRCLE('',#1658,0.199999996468);
#1658 = AXIS2_PLACEMENT_3D('',#1659,#1660,#1661);
#1659 = CARTESIAN_POINT('',(4.169898326152,2.390081191859,
    -0.399999936775));
#1660 = DIRECTION('',(-1.,0.,0.));
#1661 = DIRECTION('',(0.,1.,2.168404344971E-15));
#1662 = ORIENTED_EDGE('',*,*,#1663,.F.);
#1663 = EDGE_CURVE('',#1664,#1655,#1666,.T.);
#1664 = VERTEX_POINT('',#1665);
#1665 = CARTESIAN_POINT('',(4.169898326152,1.490081207754,
    -0.599999933243));
#1666 = LINE('',#1667,#1668);
#1667 = CARTESIAN_POINT('',(4.169898326152,1.290081211286,
    -0.599999933243));
#1668 = VECTOR('',#1669,1.);
#1669 = DIRECTION('',(0.,1.,3.641026466083E-15));
#1670 = ORIENTED_EDGE('',*,*,#1671,.T.);
#1671 = EDGE_CURVE('',#1664,#1672,#1674,.T.);
#1672 = VERTEX_POINT('',#1673);
#1673 = CARTESIAN_POINT('',(4.169898326152,1.290081211286,
    -0.399999936775));
#1674 = CIRCLE('',#1675,0.199999996468);
#1675 = AXIS2_PLACEMENT_3D('',#1676,#1677,#1678);
#1676 = CARTESIAN_POINT('',(4.169898326152,1.490081207754,
    -0.399999936775));
#1677 = DIRECTION('',(-1.,0.,0.));
#1678 = DIRECTION('',(0.,1.,4.336808689942E-15));
#1679 = ORIENTED_EDGE('',*,*,#1680,.F.);
#1680 = EDGE_CURVE('',#1681,#1672,#1683,.T.);
#1681 = VERTEX_POINT('',#1682);
#1682 = CARTESIAN_POINT('',(4.169898326152,1.290081211286,1.050000037617
    ));
#1683 = LINE('',#1684,#1685);
#1684 = CARTESIAN_POINT('',(4.169898326152,1.290081211286,1.250000034085
    ));
#1685 = VECTOR('',#1686,1.);
#1686 = DIRECTION('',(0.,3.491481338843E-15,-1.));
#1687 = ORIENTED_EDGE('',*,*,#1688,.T.);
#1688 = EDGE_CURVE('',#1681,#1689,#1691,.T.);
#1689 = VERTEX_POINT('',#1690);
#1690 = CARTESIAN_POINT('',(4.169898326152,1.090081214818,1.250000034085
    ));
#1691 = CIRCLE('',#1692,0.199999996468);
#1692 = AXIS2_PLACEMENT_3D('',#1693,#1694,#1695);
#1693 = CARTESIAN_POINT('',(4.169898326152,1.090081214818,1.050000037617
    ));
#1694 = DIRECTION('',(1.,0.,-0.));
#1695 = DIRECTION('',(0.,1.,3.252606517457E-15));
#1696 = ORIENTED_EDGE('',*,*,#1697,.T.);
#1697 = EDGE_CURVE('',#1689,#1400,#1698,.T.);
#1698 = LINE('',#1699,#1700);
#1699 = CARTESIAN_POINT('',(4.169898326152,2.590081188327,1.250000034085
    ));
#1700 = VECTOR('',#1701,1.);
#1701 = DIRECTION('',(0.,-1.,-3.491481338843E-15));
#1702 = ORIENTED_EDGE('',*,*,#1410,.T.);
#1703 = ORIENTED_EDGE('',*,*,#1704,.T.);
#1704 = EDGE_CURVE('',#1374,#1705,#1707,.T.);
#1705 = VERTEX_POINT('',#1706);
#1706 = CARTESIAN_POINT('',(4.169898326152,-1.659918736615,
    1.450000030553));
#1707 = CIRCLE('',#1708,0.199999996468);
#1708 = AXIS2_PLACEMENT_3D('',#1709,#1710,#1711);
#1709 = CARTESIAN_POINT('',(4.169898326152,-1.659918736615,
    1.250000034085));
#1710 = DIRECTION('',(1.,0.,-0.));
#1711 = DIRECTION('',(0.,1.,3.523657060578E-15));
#1712 = ORIENTED_EDGE('',*,*,#1713,.T.);
#1713 = EDGE_CURVE('',#1705,#1714,#1716,.T.);
#1714 = VERTEX_POINT('',#1715);
#1715 = CARTESIAN_POINT('',(4.169898326152,-1.859918733083,
    1.250000034085));
#1716 = CIRCLE('',#1717,0.199999996468);
#1717 = AXIS2_PLACEMENT_3D('',#1718,#1719,#1720);
#1718 = CARTESIAN_POINT('',(4.169898326152,-1.659918736615,
    1.250000034085));
#1719 = DIRECTION('',(1.,0.,-0.));
#1720 = DIRECTION('',(0.,1.,3.523657060578E-15));
#1721 = ORIENTED_EDGE('',*,*,#1722,.T.);
#1722 = EDGE_CURVE('',#1714,#1723,#1725,.T.);
#1723 = VERTEX_POINT('',#1724);
#1724 = CARTESIAN_POINT('',(4.169898326152,-1.859918733083,
    -0.117157229295));
#1725 = LINE('',#1726,#1727);
#1726 = CARTESIAN_POINT('',(4.169898326152,-1.859918733083,
    1.450000030553));
#1727 = VECTOR('',#1728,1.);
#1728 = DIRECTION('',(0.,3.703032982255E-15,-1.));
#1729 = ORIENTED_EDGE('',*,*,#1730,.T.);
#1730 = EDGE_CURVE('',#1723,#1731,#1733,.T.);
#1731 = VERTEX_POINT('',#1732);
#1732 = CARTESIAN_POINT('',(4.169898326152,-1.918497375811,
    -0.258578583035));
#1733 = CIRCLE('',#1734,0.199999996468);
#1734 = AXIS2_PLACEMENT_3D('',#1735,#1736,#1737);
#1735 = CARTESIAN_POINT('',(4.169898326152,-2.059918729551,
    -0.117157229295));
#1736 = DIRECTION('',(-1.,0.,0.));
#1737 = DIRECTION('',(0.,1.,3.252606517457E-15));
#1738 = ORIENTED_EDGE('',*,*,#1739,.T.);
#1739 = EDGE_CURVE('',#1731,#1740,#1742,.T.);
#1740 = VERTEX_POINT('',#1741);
#1741 = CARTESIAN_POINT('',(4.169898326152,-2.20134008329,
    -0.541421290515));
#1742 = LINE('',#1743,#1744);
#1743 = CARTESIAN_POINT('',(4.169898326152,-2.259918726019,
    -0.599999933243));
#1744 = VECTOR('',#1745,1.);
#1745 = DIRECTION('',(-0.,-0.707106781187,-0.707106781187));
#1746 = ORIENTED_EDGE('',*,*,#1747,.T.);
#1747 = EDGE_CURVE('',#1740,#1748,#1750,.T.);
#1748 = VERTEX_POINT('',#1749);
#1749 = CARTESIAN_POINT('',(4.169898326152,-2.34276143703,
    -0.599999933243));
#1750 = CIRCLE('',#1751,0.199999996468);
#1751 = AXIS2_PLACEMENT_3D('',#1752,#1753,#1754);
#1752 = CARTESIAN_POINT('',(4.169898326152,-2.34276143703,
    -0.399999936775));
#1753 = DIRECTION('',(-1.,0.,0.));
#1754 = DIRECTION('',(0.,1.,4.336808689942E-15));
#1755 = ORIENTED_EDGE('',*,*,#1756,.T.);
#1756 = EDGE_CURVE('',#1748,#1757,#1759,.T.);
#1757 = VERTEX_POINT('',#1758);
#1758 = CARTESIAN_POINT('',(4.169898326152,-2.877076002645,
    -0.599999933243));
#1759 = LINE('',#1760,#1761);
#1760 = CARTESIAN_POINT('',(4.169898326152,-1.859918733083,
    -0.599999933243));
#1761 = VECTOR('',#1762,1.);
#1762 = DIRECTION('',(0.,-1.,-3.641026466083E-15));
#1763 = ORIENTED_EDGE('',*,*,#1764,.T.);
#1764 = EDGE_CURVE('',#1757,#1765,#1767,.T.);
#1765 = VERTEX_POINT('',#1766);
#1766 = CARTESIAN_POINT('',(4.169898326152,-3.018497356384,
    -0.541421290515));
#1767 = CIRCLE('',#1768,0.199999996468);
#1768 = AXIS2_PLACEMENT_3D('',#1769,#1770,#1771);
#1769 = CARTESIAN_POINT('',(4.169898326152,-2.877076002645,
    -0.399999936775));
#1770 = DIRECTION('',(-1.,0.,0.));
#1771 = DIRECTION('',(0.,1.,6.505213034913E-15));
#1772 = ORIENTED_EDGE('',*,*,#1773,.T.);
#1773 = EDGE_CURVE('',#1765,#1774,#1776,.T.);
#1774 = VERTEX_POINT('',#1775);
#1775 = CARTESIAN_POINT('',(4.169898326152,-3.301340063864,
    -0.258578583035));
#1776 = LINE('',#1777,#1778);
#1777 = CARTESIAN_POINT('',(4.169898326152,-3.359918706592,
    -0.199999940307));
#1778 = VECTOR('',#1779,1.);
#1779 = DIRECTION('',(0.,-0.707106781187,0.707106781187));
#1780 = ORIENTED_EDGE('',*,*,#1781,.T.);
#1781 = EDGE_CURVE('',#1774,#1782,#1784,.T.);
#1782 = VERTEX_POINT('',#1783);
#1783 = CARTESIAN_POINT('',(4.169898326152,-3.359918706592,
    -0.117157229295));
#1784 = CIRCLE('',#1785,0.199999996468);
#1785 = AXIS2_PLACEMENT_3D('',#1786,#1787,#1788);
#1786 = CARTESIAN_POINT('',(4.169898326152,-3.159918710124,
    -0.117157229295));
#1787 = DIRECTION('',(-1.,0.,0.));
#1788 = DIRECTION('',(0.,1.,3.252606517457E-15));
#1789 = ORIENTED_EDGE('',*,*,#1790,.F.);
#1790 = EDGE_CURVE('',#1791,#1782,#1793,.T.);
#1791 = VERTEX_POINT('',#1792);
#1792 = CARTESIAN_POINT('',(4.169898326152,-3.359918706592,
    1.250000034085));
#1793 = LINE('',#1794,#1795);
#1794 = CARTESIAN_POINT('',(4.169898326152,-3.359918706592,
    1.450000030553));
#1795 = VECTOR('',#1796,1.);
#1796 = DIRECTION('',(0.,3.703032982255E-15,-1.));
#1797 = ORIENTED_EDGE('',*,*,#1798,.T.);
#1798 = EDGE_CURVE('',#1791,#1799,#1801,.T.);
#1799 = VERTEX_POINT('',#1800);
#1800 = CARTESIAN_POINT('',(4.169898326152,-3.55991870306,1.450000030553
    ));
#1801 = CIRCLE('',#1802,0.199999996468);
#1802 = AXIS2_PLACEMENT_3D('',#1803,#1804,#1805);
#1803 = CARTESIAN_POINT('',(4.169898326152,-3.55991870306,1.250000034085
    ));
#1804 = DIRECTION('',(1.,0.,-0.));
#1805 = DIRECTION('',(0.,1.,3.523657060578E-15));
#1806 = ORIENTED_EDGE('',*,*,#1807,.T.);
#1807 = EDGE_CURVE('',#1799,#847,#1808,.T.);
#1808 = CIRCLE('',#1809,0.199999996468);
#1809 = AXIS2_PLACEMENT_3D('',#1810,#1811,#1812);
#1810 = CARTESIAN_POINT('',(4.169898326152,-3.55991870306,1.250000034085
    ));
#1811 = DIRECTION('',(1.,0.,-0.));
#1812 = DIRECTION('',(0.,1.,3.523657060578E-15));
#1813 = ORIENTED_EDGE('',*,*,#855,.T.);
#1814 = ORIENTED_EDGE('',*,*,#1325,.T.);
#1815 = ORIENTED_EDGE('',*,*,#1578,.F.);
#1816 = ORIENTED_EDGE('',*,*,#1817,.T.);
#1817 = EDGE_CURVE('',#1579,#1818,#1820,.T.);
#1818 = VERTEX_POINT('',#1819);
#1819 = CARTESIAN_POINT('',(4.169898326152,1.790081202456,1.810000024195
    ));
#1820 = LINE('',#1821,#1822);
#1821 = CARTESIAN_POINT('',(4.169898326152,1.790081202456,1.250000034085
    ));
#1822 = VECTOR('',#1823,1.);
#1823 = DIRECTION('',(0.,3.491481338843E-15,-1.));
#1824 = ORIENTED_EDGE('',*,*,#1825,.T.);
#1825 = EDGE_CURVE('',#1818,#1637,#1826,.T.);
#1826 = CIRCLE('',#1827,0.149999997351);
#1827 = AXIS2_PLACEMENT_3D('',#1828,#1829,#1830);
#1828 = CARTESIAN_POINT('',(4.169898326152,1.940081199807,1.810000024195
    ));
#1829 = DIRECTION('',(1.,0.,-0.));
#1830 = DIRECTION('',(0.,1.,3.433306879537E-15));
#1831 = PLANE('',#1832);
#1832 = AXIS2_PLACEMENT_3D('',#1833,#1834,#1835);
#1833 = CARTESIAN_POINT('',(4.169898326152,2.590081188327,1.250000034085
    ));
#1834 = DIRECTION('',(1.,0.,0.));
#1835 = DIRECTION('',(-0.,1.,3.491481338843E-15));
#1836 = ADVANCED_FACE('',(#1837),#1853,.T.);
#1837 = FACE_BOUND('',#1838,.T.);
#1838 = EDGE_LOOP('',(#1839,#1840,#1846,#1847));
#1839 = ORIENTED_EDGE('',*,*,#1507,.T.);
#1840 = ORIENTED_EDGE('',*,*,#1841,.T.);
#1841 = EDGE_CURVE('',#1499,#234,#1842,.T.);
#1842 = LINE('',#1843,#1844);
#1843 = CARTESIAN_POINT('',(2.269898359707,-3.55991870306,1.580000028257
    ));
#1844 = VECTOR('',#1845,1.);
#1845 = DIRECTION('',(0.,3.491481338843E-15,-1.));
#1846 = ORIENTED_EDGE('',*,*,#233,.T.);
#1847 = ORIENTED_EDGE('',*,*,#1848,.T.);
#1848 = EDGE_CURVE('',#225,#1508,#1849,.T.);
#1849 = LINE('',#1850,#1851);
#1850 = CARTESIAN_POINT('',(2.269898359707,-1.659918736615,
    1.580000028257));
#1851 = VECTOR('',#1852,1.);
#1852 = DIRECTION('',(0.,-3.790571593322E-15,1.));
#1853 = PLANE('',#1854);
#1854 = AXIS2_PLACEMENT_3D('',#1855,#1856,#1857);
#1855 = CARTESIAN_POINT('',(2.269898359707,-1.359918741913,
    1.580000028257));
#1856 = DIRECTION('',(1.,0.,0.));
#1857 = DIRECTION('',(-0.,1.,3.491481338843E-15));
#1858 = ADVANCED_FACE('',(#1859),#1877,.F.);
#1859 = FACE_BOUND('',#1860,.T.);
#1860 = EDGE_LOOP('',(#1861,#1862,#1868,#1869,#1870,#1876));
#1861 = ORIENTED_EDGE('',*,*,#250,.F.);
#1862 = ORIENTED_EDGE('',*,*,#1863,.T.);
#1863 = EDGE_CURVE('',#242,#1491,#1864,.T.);
#1864 = LINE('',#1865,#1866);
#1865 = CARTESIAN_POINT('',(2.469898356175,-3.759918699528,
    1.450000030553));
#1866 = VECTOR('',#1867,1.);
#1867 = DIRECTION('',(0.,-3.491481338843E-15,1.));
#1868 = ORIENTED_EDGE('',*,*,#1490,.F.);
#1869 = ORIENTED_EDGE('',*,*,#846,.F.);
#1870 = ORIENTED_EDGE('',*,*,#1871,.T.);
#1871 = EDGE_CURVE('',#847,#795,#1872,.T.);
#1872 = LINE('',#1873,#1874);
#1873 = CARTESIAN_POINT('',(4.469898320854,-3.759918699528,
    1.250000034085));
#1874 = VECTOR('',#1875,1.);
#1875 = DIRECTION('',(1.,0.,0.));
#1876 = ORIENTED_EDGE('',*,*,#794,.T.);
#1877 = PLANE('',#1878);
#1878 = AXIS2_PLACEMENT_3D('',#1879,#1880,#1881);
#1879 = CARTESIAN_POINT('',(2.269898359707,-3.759918699528,
    1.450000030553));
#1880 = DIRECTION('',(0.,-1.,-3.491481338843E-15));
#1881 = DIRECTION('',(1.,0.,0.));
#1882 = ADVANCED_FACE('',(#1883),#1901,.F.);
#1883 = FACE_BOUND('',#1884,.T.);
#1884 = EDGE_LOOP('',(#1885,#1886,#1892,#1893,#1894,#1900));
#1885 = ORIENTED_EDGE('',*,*,#1524,.F.);
#1886 = ORIENTED_EDGE('',*,*,#1887,.T.);
#1887 = EDGE_CURVE('',#1516,#217,#1888,.T.);
#1888 = LINE('',#1889,#1890);
#1889 = CARTESIAN_POINT('',(2.469898356175,-1.459918740147,
    1.450000030553));
#1890 = VECTOR('',#1891,1.);
#1891 = DIRECTION('',(0.,3.790571593322E-15,-1.));
#1892 = ORIENTED_EDGE('',*,*,#216,.T.);
#1893 = ORIENTED_EDGE('',*,*,#897,.T.);
#1894 = ORIENTED_EDGE('',*,*,#1895,.T.);
#1895 = EDGE_CURVE('',#890,#1374,#1896,.T.);
#1896 = LINE('',#1897,#1898);
#1897 = CARTESIAN_POINT('',(4.169898326152,-1.459918740147,
    1.250000034085));
#1898 = VECTOR('',#1899,1.);
#1899 = DIRECTION('',(-1.,-0.,-0.));
#1900 = ORIENTED_EDGE('',*,*,#1371,.F.);
#1901 = PLANE('',#1902);
#1902 = AXIS2_PLACEMENT_3D('',#1903,#1904,#1905);
#1903 = CARTESIAN_POINT('',(2.269898359707,-1.459918740147,
    1.450000030553));
#1904 = DIRECTION('',(0.,1.,3.790571593322E-15));
#1905 = DIRECTION('',(0.,-3.790571593322E-15,1.));
#1906 = ADVANCED_FACE('',(#1907),#1923,.T.);
#1907 = FACE_BOUND('',#1908,.T.);
#1908 = EDGE_LOOP('',(#1909,#1910,#1916,#1917));
#1909 = ORIENTED_EDGE('',*,*,#1756,.F.);
#1910 = ORIENTED_EDGE('',*,*,#1911,.T.);
#1911 = EDGE_CURVE('',#1748,#1127,#1912,.T.);
#1912 = LINE('',#1913,#1914);
#1913 = CARTESIAN_POINT('',(4.169898326152,-2.34276143703,
    -0.599999933243));
#1914 = VECTOR('',#1915,1.);
#1915 = DIRECTION('',(1.,0.,0.));
#1916 = ORIENTED_EDGE('',*,*,#1126,.T.);
#1917 = ORIENTED_EDGE('',*,*,#1918,.T.);
#1918 = EDGE_CURVE('',#1118,#1757,#1919,.T.);
#1919 = LINE('',#1920,#1921);
#1920 = CARTESIAN_POINT('',(4.169898326152,-2.877076002645,
    -0.599999933243));
#1921 = VECTOR('',#1922,1.);
#1922 = DIRECTION('',(-1.,0.,0.));
#1923 = PLANE('',#1924);
#1924 = AXIS2_PLACEMENT_3D('',#1925,#1926,#1927);
#1925 = CARTESIAN_POINT('',(4.169898326152,-1.859918733083,
    -0.599999933243));
#1926 = DIRECTION('',(0.,3.641026466083E-15,-1.));
#1927 = DIRECTION('',(0.,1.,3.641026466083E-15));
#1928 = ADVANCED_FACE('',(#1929),#1945,.T.);
#1929 = FACE_BOUND('',#1930,.T.);
#1930 = EDGE_LOOP('',(#1931,#1932,#1938,#1939));
#1931 = ORIENTED_EDGE('',*,*,#1160,.T.);
#1932 = ORIENTED_EDGE('',*,*,#1933,.T.);
#1933 = EDGE_CURVE('',#1152,#1723,#1934,.T.);
#1934 = LINE('',#1935,#1936);
#1935 = CARTESIAN_POINT('',(-1.016002032004E-04,-1.859918733083,
    -0.117157229295));
#1936 = VECTOR('',#1937,1.);
#1937 = DIRECTION('',(-1.,-0.,-0.));
#1938 = ORIENTED_EDGE('',*,*,#1722,.F.);
#1939 = ORIENTED_EDGE('',*,*,#1940,.T.);
#1940 = EDGE_CURVE('',#1714,#1161,#1941,.T.);
#1941 = LINE('',#1942,#1943);
#1942 = CARTESIAN_POINT('',(-1.016002032004E-04,-1.859918733083,
    1.250000034085));
#1943 = VECTOR('',#1944,1.);
#1944 = DIRECTION('',(1.,0.,0.));
#1945 = PLANE('',#1946);
#1946 = AXIS2_PLACEMENT_3D('',#1947,#1948,#1949);
#1947 = CARTESIAN_POINT('',(-1.016002032004E-04,-1.859918733083,
    1.580000028257));
#1948 = DIRECTION('',(0.,1.,3.641026466083E-15));
#1949 = DIRECTION('',(-1.,0.,0.));
#1950 = ADVANCED_FACE('',(#1951),#1967,.F.);
#1951 = FACE_BOUND('',#1952,.T.);
#1952 = EDGE_LOOP('',(#1953,#1954,#1960,#1961));
#1953 = ORIENTED_EDGE('',*,*,#1790,.T.);
#1954 = ORIENTED_EDGE('',*,*,#1955,.T.);
#1955 = EDGE_CURVE('',#1782,#1093,#1956,.T.);
#1956 = LINE('',#1957,#1958);
#1957 = CARTESIAN_POINT('',(4.469898320854,-3.359918706592,
    -0.117157229295));
#1958 = VECTOR('',#1959,1.);
#1959 = DIRECTION('',(1.,0.,0.));
#1960 = ORIENTED_EDGE('',*,*,#1092,.F.);
#1961 = ORIENTED_EDGE('',*,*,#1962,.T.);
#1962 = EDGE_CURVE('',#1084,#1791,#1963,.T.);
#1963 = LINE('',#1964,#1965);
#1964 = CARTESIAN_POINT('',(4.169898326152,-3.359918706592,
    1.250000034085));
#1965 = VECTOR('',#1966,1.);
#1966 = DIRECTION('',(-1.,0.,0.));
#1967 = PLANE('',#1968);
#1968 = AXIS2_PLACEMENT_3D('',#1969,#1970,#1971);
#1969 = CARTESIAN_POINT('',(-1.016002032004E-04,-3.359918706592,
    1.580000028257));
#1970 = DIRECTION('',(0.,1.,3.641026466083E-15));
#1971 = DIRECTION('',(-1.,0.,0.));
#1972 = ADVANCED_FACE('',(#1973),#2009,.F.);
#1973 = FACE_BOUND('',#1974,.T.);
#1974 = EDGE_LOOP('',(#1975,#1976,#1985,#1993,#2000,#2001,#2002,#2008));
#1975 = ORIENTED_EDGE('',*,*,#200,.F.);
#1976 = ORIENTED_EDGE('',*,*,#1977,.F.);
#1977 = EDGE_CURVE('',#1978,#193,#1980,.T.);
#1978 = VERTEX_POINT('',#1979);
#1979 = CARTESIAN_POINT('',(-4.45399778947,0.290081228947,1.050000037617
    ));
#1980 = CIRCLE('',#1981,1.249999977924);
#1981 = AXIS2_PLACEMENT_3D('',#1982,#1983,#1984);
#1982 = CARTESIAN_POINT('',(-3.220101543336,0.290081228947,
    1.250000034085));
#1983 = DIRECTION('',(0.,-1.,-3.664953686441E-15));
#1984 = DIRECTION('',(1.734723475977E-15,3.664953686441E-15,-1.));
#1985 = ORIENTED_EDGE('',*,*,#1986,.F.);
#1986 = EDGE_CURVE('',#1987,#1978,#1989,.T.);
#1987 = VERTEX_POINT('',#1988);
#1988 = CARTESIAN_POINT('',(-4.148810307985,0.290081228947,
    1.050000037617));
#1989 = LINE('',#1990,#1991);
#1990 = CARTESIAN_POINT('',(-4.47010152126,0.290081228947,1.050000037617
    ));
#1991 = VECTOR('',#1992,1.);
#1992 = DIRECTION('',(-1.,0.,0.));
#1993 = ORIENTED_EDGE('',*,*,#1994,.T.);
#1994 = EDGE_CURVE('',#1987,#1425,#1995,.T.);
#1995 = CIRCLE('',#1996,0.949999983222);
#1996 = AXIS2_PLACEMENT_3D('',#1997,#1998,#1999);
#1997 = CARTESIAN_POINT('',(-3.220101543336,0.290081228947,
    1.250000034085));
#1998 = DIRECTION('',(0.,-1.,-3.664953686441E-15));
#1999 = DIRECTION('',(3.652049423109E-15,3.664953686441E-15,-1.));
#2000 = ORIENTED_EDGE('',*,*,#1424,.F.);
#2001 = ORIENTED_EDGE('',*,*,#1390,.F.);
#2002 = ORIENTED_EDGE('',*,*,#2003,.T.);
#2003 = EDGE_CURVE('',#1391,#870,#2004,.T.);
#2004 = LINE('',#2005,#2006);
#2005 = CARTESIAN_POINT('',(4.469898320854,0.290081228947,1.050000037617
    ));
#2006 = VECTOR('',#2007,1.);
#2007 = DIRECTION('',(1.,0.,0.));
#2008 = ORIENTED_EDGE('',*,*,#869,.T.);
#2009 = PLANE('',#2010);
#2010 = AXIS2_PLACEMENT_3D('',#2011,#2012,#2013);
#2011 = CARTESIAN_POINT('',(-4.47010152126,0.290081228947,1.250000034085
    ));
#2012 = DIRECTION('',(0.,-1.,-3.664953686441E-15));
#2013 = DIRECTION('',(0.,3.664953686441E-15,-1.));
#2014 = ADVANCED_FACE('',(#2015),#2031,.F.);
#2015 = FACE_BOUND('',#2016,.T.);
#2016 = EDGE_LOOP('',(#2017,#2018,#2024,#2025));
#2017 = ORIENTED_EDGE('',*,*,#1697,.F.);
#2018 = ORIENTED_EDGE('',*,*,#2019,.T.);
#2019 = EDGE_CURVE('',#1689,#1186,#2020,.T.);
#2020 = LINE('',#2021,#2022);
#2021 = CARTESIAN_POINT('',(-4.47010152126,1.090081214818,1.250000034085
    ));
#2022 = VECTOR('',#2023,1.);
#2023 = DIRECTION('',(1.,0.,0.));
#2024 = ORIENTED_EDGE('',*,*,#1185,.T.);
#2025 = ORIENTED_EDGE('',*,*,#2026,.T.);
#2026 = EDGE_CURVE('',#879,#1400,#2027,.T.);
#2027 = LINE('',#2028,#2029);
#2028 = CARTESIAN_POINT('',(4.169898326152,0.490081225415,1.250000034085
    ));
#2029 = VECTOR('',#2030,1.);
#2030 = DIRECTION('',(-1.,-0.,-0.));
#2031 = PLANE('',#2032);
#2032 = AXIS2_PLACEMENT_3D('',#2033,#2034,#2035);
#2033 = CARTESIAN_POINT('',(-4.47010152126,0.290081228947,1.250000034085
    ));
#2034 = DIRECTION('',(0.,-3.515050951288E-15,1.));
#2035 = DIRECTION('',(0.,-1.,-3.515050951288E-15));
#2036 = ADVANCED_FACE('',(#2037),#2053,.T.);
#2037 = FACE_BOUND('',#2038,.T.);
#2038 = EDGE_LOOP('',(#2039,#2040,#2046,#2047));
#2039 = ORIENTED_EDGE('',*,*,#1680,.T.);
#2040 = ORIENTED_EDGE('',*,*,#2041,.T.);
#2041 = EDGE_CURVE('',#1672,#1203,#2042,.T.);
#2042 = LINE('',#2043,#2044);
#2043 = CARTESIAN_POINT('',(4.469898320854,1.290081211286,
    -0.399999936775));
#2044 = VECTOR('',#2045,1.);
#2045 = DIRECTION('',(1.,0.,0.));
#2046 = ORIENTED_EDGE('',*,*,#1202,.F.);
#2047 = ORIENTED_EDGE('',*,*,#2048,.T.);
#2048 = EDGE_CURVE('',#1194,#1681,#2049,.T.);
#2049 = LINE('',#2050,#2051);
#2050 = CARTESIAN_POINT('',(-1.016002032004E-04,1.290081211286,
    1.050000037617));
#2051 = VECTOR('',#2052,1.);
#2052 = DIRECTION('',(-1.,-0.,-0.));
#2053 = PLANE('',#2054);
#2054 = AXIS2_PLACEMENT_3D('',#2055,#2056,#2057);
#2055 = CARTESIAN_POINT('',(-1.016002032004E-04,1.290081211286,
    1.580000028257));
#2056 = DIRECTION('',(0.,-1.,-3.491481338843E-15));
#2057 = DIRECTION('',(1.,0.,0.));
#2058 = ADVANCED_FACE('',(#2059),#2075,.F.);
#2059 = FACE_BOUND('',#2060,.T.);
#2060 = EDGE_LOOP('',(#2061,#2062,#2068,#2069));
#2061 = ORIENTED_EDGE('',*,*,#1663,.T.);
#2062 = ORIENTED_EDGE('',*,*,#2063,.T.);
#2063 = EDGE_CURVE('',#1655,#1220,#2064,.T.);
#2064 = LINE('',#2065,#2066);
#2065 = CARTESIAN_POINT('',(3.21989834293,2.390081191859,-0.599999933243
    ));
#2066 = VECTOR('',#2067,1.);
#2067 = DIRECTION('',(1.,0.,0.));
#2068 = ORIENTED_EDGE('',*,*,#1219,.F.);
#2069 = ORIENTED_EDGE('',*,*,#2070,.T.);
#2070 = EDGE_CURVE('',#1211,#1664,#2071,.T.);
#2071 = LINE('',#2072,#2073);
#2072 = CARTESIAN_POINT('',(4.169898326152,1.490081207754,
    -0.599999933243));
#2073 = VECTOR('',#2074,1.);
#2074 = DIRECTION('',(-1.,-0.,-0.));
#2075 = PLANE('',#2076);
#2076 = AXIS2_PLACEMENT_3D('',#2077,#2078,#2079);
#2077 = CARTESIAN_POINT('',(3.21989834293,1.290081211286,-0.599999933243
    ));
#2078 = DIRECTION('',(0.,-3.641026466083E-15,1.));
#2079 = DIRECTION('',(0.,-1.,-3.641026466083E-15));
#2080 = ADVANCED_FACE('',(#2081),#2097,.F.);
#2081 = FACE_BOUND('',#2082,.T.);
#2082 = EDGE_LOOP('',(#2083,#2084,#2090,#2091));
#2083 = ORIENTED_EDGE('',*,*,#1739,.F.);
#2084 = ORIENTED_EDGE('',*,*,#2085,.T.);
#2085 = EDGE_CURVE('',#1731,#1144,#2086,.T.);
#2086 = LINE('',#2087,#2088);
#2087 = CARTESIAN_POINT('',(4.169898326152,-1.918497375811,
    -0.258578583035));
#2088 = VECTOR('',#2089,1.);
#2089 = DIRECTION('',(1.,0.,0.));
#2090 = ORIENTED_EDGE('',*,*,#1143,.F.);
#2091 = ORIENTED_EDGE('',*,*,#2092,.T.);
#2092 = EDGE_CURVE('',#1135,#1740,#2093,.T.);
#2093 = LINE('',#2094,#2095);
#2094 = CARTESIAN_POINT('',(4.169898326152,-2.20134008329,
    -0.541421290515));
#2095 = VECTOR('',#2096,1.);
#2096 = DIRECTION('',(-1.,-0.,-0.));
#2097 = PLANE('',#2098);
#2098 = AXIS2_PLACEMENT_3D('',#2099,#2100,#2101);
#2099 = CARTESIAN_POINT('',(4.169898326152,-2.259918726019,
    -0.599999933243));
#2100 = DIRECTION('',(0.,-0.707106781187,0.707106781187));
#2101 = DIRECTION('',(1.,0.,0.));
#2102 = ADVANCED_FACE('',(#2103),#2119,.T.);
#2103 = FACE_BOUND('',#2104,.T.);
#2104 = EDGE_LOOP('',(#2105,#2106,#2112,#2113));
#2105 = ORIENTED_EDGE('',*,*,#1109,.F.);
#2106 = ORIENTED_EDGE('',*,*,#2107,.T.);
#2107 = EDGE_CURVE('',#1101,#1774,#2108,.T.);
#2108 = LINE('',#2109,#2110);
#2109 = CARTESIAN_POINT('',(4.169898326152,-3.301340063864,
    -0.258578583035));
#2110 = VECTOR('',#2111,1.);
#2111 = DIRECTION('',(-1.,-0.,-0.));
#2112 = ORIENTED_EDGE('',*,*,#1773,.F.);
#2113 = ORIENTED_EDGE('',*,*,#2114,.T.);
#2114 = EDGE_CURVE('',#1765,#1110,#2115,.T.);
#2115 = LINE('',#2116,#2117);
#2116 = CARTESIAN_POINT('',(-1.016002032004E-04,-3.018497356384,
    -0.541421290515));
#2117 = VECTOR('',#2118,1.);
#2118 = DIRECTION('',(1.,0.,0.));
#2119 = PLANE('',#2120);
#2120 = AXIS2_PLACEMENT_3D('',#2121,#2122,#2123);
#2121 = CARTESIAN_POINT('',(-1.016002032004E-04,-3.359918706592,
    -0.199999940307));
#2122 = DIRECTION('',(0.,-0.707106781187,-0.707106781187));
#2123 = DIRECTION('',(-1.,-0.,0.));
#2124 = ADVANCED_FACE('',(#2125),#2131,.T.);
#2125 = FACE_BOUND('',#2126,.T.);
#2126 = EDGE_LOOP('',(#2127,#2128,#2129,#2130));
#2127 = ORIENTED_EDGE('',*,*,#1654,.F.);
#2128 = ORIENTED_EDGE('',*,*,#740,.F.);
#2129 = ORIENTED_EDGE('',*,*,#1227,.F.);
#2130 = ORIENTED_EDGE('',*,*,#2063,.F.);
#2131 = CYLINDRICAL_SURFACE('',#2132,0.199999996468);
#2132 = AXIS2_PLACEMENT_3D('',#2133,#2134,#2135);
#2133 = CARTESIAN_POINT('',(3.21989834293,2.390081191859,-0.399999936775
    ));
#2134 = DIRECTION('',(1.,0.,0.));
#2135 = DIRECTION('',(-0.,1.,4.336808689942E-15));
#2136 = ADVANCED_FACE('',(#2137),#2143,.T.);
#2137 = FACE_BOUND('',#2138,.T.);
#2138 = EDGE_LOOP('',(#2139,#2140,#2141,#2142));
#2139 = ORIENTED_EDGE('',*,*,#1671,.F.);
#2140 = ORIENTED_EDGE('',*,*,#2070,.F.);
#2141 = ORIENTED_EDGE('',*,*,#1210,.F.);
#2142 = ORIENTED_EDGE('',*,*,#2041,.F.);
#2143 = CYLINDRICAL_SURFACE('',#2144,0.199999996468);
#2144 = AXIS2_PLACEMENT_3D('',#2145,#2146,#2147);
#2145 = CARTESIAN_POINT('',(-1.016002032004E-04,1.490081207754,
    -0.399999936775));
#2146 = DIRECTION('',(-1.,0.,0.));
#2147 = DIRECTION('',(-0.,-1.,-4.336808689942E-15));
#2148 = ADVANCED_FACE('',(#2149),#2155,.F.);
#2149 = FACE_BOUND('',#2150,.F.);
#2150 = EDGE_LOOP('',(#2151,#2152,#2153,#2154));
#2151 = ORIENTED_EDGE('',*,*,#2019,.T.);
#2152 = ORIENTED_EDGE('',*,*,#1193,.T.);
#2153 = ORIENTED_EDGE('',*,*,#2048,.T.);
#2154 = ORIENTED_EDGE('',*,*,#1688,.T.);
#2155 = CYLINDRICAL_SURFACE('',#2156,0.199999996468);
#2156 = AXIS2_PLACEMENT_3D('',#2157,#2158,#2159);
#2157 = CARTESIAN_POINT('',(-4.47010152126,1.090081214818,1.050000037617
    ));
#2158 = DIRECTION('',(1.,0.,0.));
#2159 = DIRECTION('',(-0.,1.,3.252606517457E-15));
#2160 = ADVANCED_FACE('',(#2161),#2167,.F.);
#2161 = FACE_BOUND('',#2162,.F.);
#2162 = EDGE_LOOP('',(#2163,#2164,#2165,#2166));
#2163 = ORIENTED_EDGE('',*,*,#2003,.T.);
#2164 = ORIENTED_EDGE('',*,*,#878,.T.);
#2165 = ORIENTED_EDGE('',*,*,#2026,.T.);
#2166 = ORIENTED_EDGE('',*,*,#1399,.T.);
#2167 = CYLINDRICAL_SURFACE('',#2168,0.199999996468);
#2168 = AXIS2_PLACEMENT_3D('',#2169,#2170,#2171);
#2169 = CARTESIAN_POINT('',(-4.47010152126,0.490081225415,1.050000037617
    ));
#2170 = DIRECTION('',(-1.,0.,0.));
#2171 = DIRECTION('',(-0.,-1.,-3.252606517457E-15));
#2172 = ADVANCED_FACE('',(#2173),#2179,.T.);
#2173 = FACE_BOUND('',#2174,.T.);
#2174 = EDGE_LOOP('',(#2175,#2176,#2177,#2178));
#2175 = ORIENTED_EDGE('',*,*,#1781,.F.);
#2176 = ORIENTED_EDGE('',*,*,#2107,.F.);
#2177 = ORIENTED_EDGE('',*,*,#1100,.F.);
#2178 = ORIENTED_EDGE('',*,*,#1955,.F.);
#2179 = CYLINDRICAL_SURFACE('',#2180,0.199999996468);
#2180 = AXIS2_PLACEMENT_3D('',#2181,#2182,#2183);
#2181 = CARTESIAN_POINT('',(-1.016002032004E-04,-3.159918710124,
    -0.117157229295));
#2182 = DIRECTION('',(-1.,0.,0.));
#2183 = DIRECTION('',(-0.,-1.,-3.252606517457E-15));
#2184 = ADVANCED_FACE('',(#2185),#2191,.T.);
#2185 = FACE_BOUND('',#2186,.T.);
#2186 = EDGE_LOOP('',(#2187,#2188,#2189,#2190));
#2187 = ORIENTED_EDGE('',*,*,#1151,.F.);
#2188 = ORIENTED_EDGE('',*,*,#2085,.F.);
#2189 = ORIENTED_EDGE('',*,*,#1730,.F.);
#2190 = ORIENTED_EDGE('',*,*,#1933,.F.);
#2191 = CYLINDRICAL_SURFACE('',#2192,0.199999996468);
#2192 = AXIS2_PLACEMENT_3D('',#2193,#2194,#2195);
#2193 = CARTESIAN_POINT('',(-1.016002032004E-04,-2.059918729551,
    -0.117157229295));
#2194 = DIRECTION('',(1.,0.,0.));
#2195 = DIRECTION('',(-0.,1.,3.252606517457E-15));
#2196 = ADVANCED_FACE('',(#2197),#2203,.T.);
#2197 = FACE_BOUND('',#2198,.T.);
#2198 = EDGE_LOOP('',(#2199,#2200,#2201,#2202));
#2199 = ORIENTED_EDGE('',*,*,#1747,.F.);
#2200 = ORIENTED_EDGE('',*,*,#2092,.F.);
#2201 = ORIENTED_EDGE('',*,*,#1134,.F.);
#2202 = ORIENTED_EDGE('',*,*,#1911,.F.);
#2203 = CYLINDRICAL_SURFACE('',#2204,0.199999996468);
#2204 = AXIS2_PLACEMENT_3D('',#2205,#2206,#2207);
#2205 = CARTESIAN_POINT('',(4.169898326152,-2.34276143703,
    -0.399999936775));
#2206 = DIRECTION('',(-1.,0.,0.));
#2207 = DIRECTION('',(-0.,-1.,-4.336808689942E-15));
#2208 = ADVANCED_FACE('',(#2209),#2215,.T.);
#2209 = FACE_BOUND('',#2210,.T.);
#2210 = EDGE_LOOP('',(#2211,#2212,#2213,#2214));
#2211 = ORIENTED_EDGE('',*,*,#1117,.F.);
#2212 = ORIENTED_EDGE('',*,*,#2114,.F.);
#2213 = ORIENTED_EDGE('',*,*,#1764,.F.);
#2214 = ORIENTED_EDGE('',*,*,#1918,.F.);
#2215 = CYLINDRICAL_SURFACE('',#2216,0.199999996468);
#2216 = AXIS2_PLACEMENT_3D('',#2217,#2218,#2219);
#2217 = CARTESIAN_POINT('',(4.169898326152,-2.877076002645,
    -0.399999936775));
#2218 = DIRECTION('',(-1.,0.,0.));
#2219 = DIRECTION('',(-0.,-1.,-4.336808689942E-15));
#2220 = ADVANCED_FACE('',(#2221),#2227,.F.);
#2221 = FACE_BOUND('',#2222,.F.);
#2222 = EDGE_LOOP('',(#2223,#2224,#2225,#2226));
#2223 = ORIENTED_EDGE('',*,*,#1841,.T.);
#2224 = ORIENTED_EDGE('',*,*,#241,.T.);
#2225 = ORIENTED_EDGE('',*,*,#1863,.T.);
#2226 = ORIENTED_EDGE('',*,*,#1498,.T.);
#2227 = CYLINDRICAL_SURFACE('',#2228,0.199999996468);
#2228 = AXIS2_PLACEMENT_3D('',#2229,#2230,#2231);
#2229 = CARTESIAN_POINT('',(2.469898356175,-3.55991870306,1.580000028257
    ));
#2230 = DIRECTION('',(0.,3.491481338843E-15,-1.));
#2231 = DIRECTION('',(0.,1.,3.491481338843E-15));
#2232 = ADVANCED_FACE('',(#2233),#2239,.F.);
#2233 = FACE_BOUND('',#2234,.F.);
#2234 = EDGE_LOOP('',(#2235,#2236,#2237,#2238));
#2235 = ORIENTED_EDGE('',*,*,#1848,.T.);
#2236 = ORIENTED_EDGE('',*,*,#1515,.T.);
#2237 = ORIENTED_EDGE('',*,*,#1887,.T.);
#2238 = ORIENTED_EDGE('',*,*,#224,.T.);
#2239 = CYLINDRICAL_SURFACE('',#2240,0.199999996468);
#2240 = AXIS2_PLACEMENT_3D('',#2241,#2242,#2243);
#2241 = CARTESIAN_POINT('',(2.469898356175,-1.659918736615,
    1.580000028257));
#2242 = DIRECTION('',(0.,-3.790571593322E-15,1.));
#2243 = DIRECTION('',(0.,-1.,-3.790571593322E-15));
#2244 = ADVANCED_FACE('',(#2245),#2256,.F.);
#2245 = FACE_BOUND('',#2246,.F.);
#2246 = EDGE_LOOP('',(#2247,#2248,#2254,#2255));
#2247 = ORIENTED_EDGE('',*,*,#1168,.T.);
#2248 = ORIENTED_EDGE('',*,*,#2249,.T.);
#2249 = EDGE_CURVE('',#1169,#1705,#2250,.T.);
#2250 = LINE('',#2251,#2252);
#2251 = CARTESIAN_POINT('',(2.269898359707,-1.659918736615,
    1.450000030553));
#2252 = VECTOR('',#2253,1.);
#2253 = DIRECTION('',(-1.,0.,0.));
#2254 = ORIENTED_EDGE('',*,*,#1713,.T.);
#2255 = ORIENTED_EDGE('',*,*,#1940,.T.);
#2256 = CYLINDRICAL_SURFACE('',#2257,0.199999996468);
#2257 = AXIS2_PLACEMENT_3D('',#2258,#2259,#2260);
#2258 = CARTESIAN_POINT('',(2.269898359707,-1.659918736615,
    1.250000034085));
#2259 = DIRECTION('',(-1.,0.,0.));
#2260 = DIRECTION('',(-0.,-1.,-3.523657060578E-15));
#2261 = ADVANCED_FACE('',(#2262),#2268,.F.);
#2262 = FACE_BOUND('',#2263,.F.);
#2263 = EDGE_LOOP('',(#2264,#2265,#2266,#2267));
#2264 = ORIENTED_EDGE('',*,*,#2249,.F.);
#2265 = ORIENTED_EDGE('',*,*,#1177,.T.);
#2266 = ORIENTED_EDGE('',*,*,#1895,.T.);
#2267 = ORIENTED_EDGE('',*,*,#1704,.T.);
#2268 = CYLINDRICAL_SURFACE('',#2269,0.199999996468);
#2269 = AXIS2_PLACEMENT_3D('',#2270,#2271,#2272);
#2270 = CARTESIAN_POINT('',(2.269898359707,-1.659918736615,
    1.250000034085));
#2271 = DIRECTION('',(-1.,0.,0.));
#2272 = DIRECTION('',(-0.,-1.,-3.523657060578E-15));
#2273 = ADVANCED_FACE('',(#2274),#2285,.F.);
#2274 = FACE_BOUND('',#2275,.F.);
#2275 = EDGE_LOOP('',(#2276,#2277,#2278,#2279));
#2276 = ORIENTED_EDGE('',*,*,#1807,.T.);
#2277 = ORIENTED_EDGE('',*,*,#1871,.T.);
#2278 = ORIENTED_EDGE('',*,*,#1074,.T.);
#2279 = ORIENTED_EDGE('',*,*,#2280,.T.);
#2280 = EDGE_CURVE('',#1075,#1799,#2281,.T.);
#2281 = LINE('',#2282,#2283);
#2282 = CARTESIAN_POINT('',(4.169898326152,-3.55991870306,1.450000030553
    ));
#2283 = VECTOR('',#2284,1.);
#2284 = DIRECTION('',(-1.,-0.,-0.));
#2285 = CYLINDRICAL_SURFACE('',#2286,0.199999996468);
#2286 = AXIS2_PLACEMENT_3D('',#2287,#2288,#2289);
#2287 = CARTESIAN_POINT('',(2.269898359707,-3.55991870306,1.250000034085
    ));
#2288 = DIRECTION('',(-1.,0.,0.));
#2289 = DIRECTION('',(-0.,-1.,-3.523657060578E-15));
#2290 = ADVANCED_FACE('',(#2291),#2297,.F.);
#2291 = FACE_BOUND('',#2292,.F.);
#2292 = EDGE_LOOP('',(#2293,#2294,#2295,#2296));
#2293 = ORIENTED_EDGE('',*,*,#1962,.T.);
#2294 = ORIENTED_EDGE('',*,*,#1798,.T.);
#2295 = ORIENTED_EDGE('',*,*,#2280,.F.);
#2296 = ORIENTED_EDGE('',*,*,#1083,.T.);
#2297 = CYLINDRICAL_SURFACE('',#2298,0.199999996468);
#2298 = AXIS2_PLACEMENT_3D('',#2299,#2300,#2301);
#2299 = CARTESIAN_POINT('',(-1.016002032004E-04,-3.55991870306,
    1.250000034085));
#2300 = DIRECTION('',(1.,0.,0.));
#2301 = DIRECTION('',(-0.,1.,3.523657060578E-15));
#2302 = ADVANCED_FACE('',(#2303),#2322,.T.);
#2303 = FACE_BOUND('',#2304,.T.);
#2304 = EDGE_LOOP('',(#2305,#2314,#2315,#2316));
#2305 = ORIENTED_EDGE('',*,*,#2306,.T.);
#2306 = EDGE_CURVE('',#2307,#143,#2309,.T.);
#2307 = VERTEX_POINT('',#2308);
#2308 = CARTESIAN_POINT('',(-4.47010152126,-3.759918699528,
    1.250000034085));
#2309 = CIRCLE('',#2310,1.249999977924);
#2310 = AXIS2_PLACEMENT_3D('',#2311,#2312,#2313);
#2311 = CARTESIAN_POINT('',(-3.220101543336,-3.759918699528,
    1.250000034085));
#2312 = DIRECTION('',(-0.,-1.,-3.491481338843E-15));
#2313 = DIRECTION('',(-1.,0.,0.));
#2314 = ORIENTED_EDGE('',*,*,#142,.T.);
#2315 = ORIENTED_EDGE('',*,*,#1334,.T.);
#2316 = ORIENTED_EDGE('',*,*,#2317,.F.);
#2317 = EDGE_CURVE('',#2307,#1335,#2318,.T.);
#2318 = LINE('',#2319,#2320);
#2319 = CARTESIAN_POINT('',(-4.47010152126,2.590081188327,1.250000034085
    ));
#2320 = VECTOR('',#2321,1.);
#2321 = DIRECTION('',(0.,-1.,-3.491481338843E-15));
#2322 = CYLINDRICAL_SURFACE('',#2323,1.249999977924);
#2323 = AXIS2_PLACEMENT_3D('',#2324,#2325,#2326);
#2324 = CARTESIAN_POINT('',(-3.220101543336,2.590081188327,
    1.250000034085));
#2325 = DIRECTION('',(0.,-1.,-3.491481338843E-15));
#2326 = DIRECTION('',(-1.,-0.,0.));
#2327 = ADVANCED_FACE('',(#2328),#2347,.F.);
#2328 = FACE_BOUND('',#2329,.F.);
#2329 = EDGE_LOOP('',(#2330,#2339,#2340,#2341));
#2330 = ORIENTED_EDGE('',*,*,#2331,.T.);
#2331 = EDGE_CURVE('',#2332,#1475,#2334,.T.);
#2332 = VERTEX_POINT('',#2333);
#2333 = CARTESIAN_POINT('',(-4.170101526558,-3.759918699528,
    1.250000034085));
#2334 = CIRCLE('',#2335,0.949999983222);
#2335 = AXIS2_PLACEMENT_3D('',#2336,#2337,#2338);
#2336 = CARTESIAN_POINT('',(-3.220101543336,-3.759918699528,
    1.250000034085));
#2337 = DIRECTION('',(-0.,-1.,-3.491481338843E-15));
#2338 = DIRECTION('',(-1.,0.,0.));
#2339 = ORIENTED_EDGE('',*,*,#1482,.T.);
#2340 = ORIENTED_EDGE('',*,*,#1282,.T.);
#2341 = ORIENTED_EDGE('',*,*,#2342,.F.);
#2342 = EDGE_CURVE('',#2332,#1283,#2343,.T.);
#2343 = LINE('',#2344,#2345);
#2344 = CARTESIAN_POINT('',(-4.170101526558,2.590081188327,
    1.250000034085));
#2345 = VECTOR('',#2346,1.);
#2346 = DIRECTION('',(0.,-1.,-3.491481338843E-15));
#2347 = CYLINDRICAL_SURFACE('',#2348,0.949999983222);
#2348 = AXIS2_PLACEMENT_3D('',#2349,#2350,#2351);
#2349 = CARTESIAN_POINT('',(-3.220101543336,2.590081188327,
    1.250000034085));
#2350 = DIRECTION('',(0.,-1.,-3.491481338843E-15));
#2351 = DIRECTION('',(-1.,-0.,0.));
#2352 = ADVANCED_FACE('',(#2353),#2383,.T.);
#2353 = FACE_BOUND('',#2354,.T.);
#2354 = EDGE_LOOP('',(#2355,#2356,#2357,#2366,#2374));
#2355 = ORIENTED_EDGE('',*,*,#1977,.T.);
#2356 = ORIENTED_EDGE('',*,*,#192,.T.);
#2357 = ORIENTED_EDGE('',*,*,#2358,.T.);
#2358 = EDGE_CURVE('',#185,#2359,#2361,.T.);
#2359 = VERTEX_POINT('',#2360);
#2360 = CARTESIAN_POINT('',(-4.47010152126,-1.459918740147,
    1.250000034085));
#2361 = CIRCLE('',#2362,1.249999977924);
#2362 = AXIS2_PLACEMENT_3D('',#2363,#2364,#2365);
#2363 = CARTESIAN_POINT('',(-3.220101543336,-1.459918740147,
    1.250000034085));
#2364 = DIRECTION('',(-0.,1.,3.790571593322E-15));
#2365 = DIRECTION('',(0.,-3.790571593322E-15,1.));
#2366 = ORIENTED_EDGE('',*,*,#2367,.F.);
#2367 = EDGE_CURVE('',#2368,#2359,#2370,.T.);
#2368 = VERTEX_POINT('',#2369);
#2369 = CARTESIAN_POINT('',(-4.47010152126,0.490081225415,1.250000034085
    ));
#2370 = LINE('',#2371,#2372);
#2371 = CARTESIAN_POINT('',(-4.47010152126,2.590081188327,1.250000034085
    ));
#2372 = VECTOR('',#2373,1.);
#2373 = DIRECTION('',(0.,-1.,-3.491481338843E-15));
#2374 = ORIENTED_EDGE('',*,*,#2375,.F.);
#2375 = EDGE_CURVE('',#1978,#2368,#2376,.T.);
#2376 = B_SPLINE_CURVE_WITH_KNOTS('',3,(#2377,#2378,#2379,#2380,#2381,
    #2382),.UNSPECIFIED.,.F.,.F.,(4,2,4),(0.,1.566293966735E-04,
    3.132587933469E-04),.UNSPECIFIED.);
#2377 = CARTESIAN_POINT('',(-4.45399778947,0.290081228947,1.050000037617
    ));
#2378 = CARTESIAN_POINT('',(-4.462470115849,0.290081228947,
    1.102269897118));
#2379 = CARTESIAN_POINT('',(-4.466964764829,0.311459070705,
    1.154045723762));
#2380 = CARTESIAN_POINT('',(-4.470460223246,0.38519527503,1.22813009227)
  );
#2381 = CARTESIAN_POINT('',(-4.47010152126,0.437122885157,1.250000034085
    ));
#2382 = CARTESIAN_POINT('',(-4.47010152126,0.490081225415,1.250000034085
    ));
#2383 = CYLINDRICAL_SURFACE('',#2384,1.249999977924);
#2384 = AXIS2_PLACEMENT_3D('',#2385,#2386,#2387);
#2385 = CARTESIAN_POINT('',(-3.220101543336,2.590081188327,
    1.250000034085));
#2386 = DIRECTION('',(0.,-1.,-3.491481338843E-15));
#2387 = DIRECTION('',(-1.,-0.,0.));
#2388 = ADVANCED_FACE('',(#2389),#2445,.T.);
#2389 = FACE_BOUND('',#2390,.T.);
#2390 = EDGE_LOOP('',(#2391,#2392,#2403,#2411,#2422,#2431,#2437,#2438,
    #2439));
#2391 = ORIENTED_EDGE('',*,*,#672,.F.);
#2392 = ORIENTED_EDGE('',*,*,#2393,.T.);
#2393 = EDGE_CURVE('',#673,#2394,#2396,.T.);
#2394 = VERTEX_POINT('',#2395);
#2395 = CARTESIAN_POINT('',(-4.220101525675,2.440081190976,
    2.660000009184));
#2396 = B_SPLINE_CURVE_WITH_KNOTS('',3,(#2397,#2398,#2399,#2400,#2401,
    #2402),.UNSPECIFIED.,.F.,.F.,(4,2,4),(0.,1.383163677207E-04,
    2.766327354413E-04),.UNSPECIFIED.);
#2397 = CARTESIAN_POINT('',(-4.087569106661,2.590081188327,
    2.810000006534));
#2398 = CARTESIAN_POINT('',(-4.121069565476,2.590081188327,
    2.777710493321));
#2399 = CARTESIAN_POINT('',(-4.152612149051,2.580061425387,
    2.743340464391));
#2400 = CARTESIAN_POINT('',(-4.202928302008,2.529523794945,
    2.683358855325));
#2401 = CARTESIAN_POINT('',(-4.220101525675,2.486968452943,
    2.660000009184));
#2402 = CARTESIAN_POINT('',(-4.220101525675,2.440081190976,
    2.660000009184));
#2403 = ORIENTED_EDGE('',*,*,#2404,.F.);
#2404 = EDGE_CURVE('',#2405,#2394,#2407,.T.);
#2405 = VERTEX_POINT('',#2406);
#2406 = CARTESIAN_POINT('',(-4.220101525675,1.940081199807,
    2.660000009184));
#2407 = LINE('',#2408,#2409);
#2408 = CARTESIAN_POINT('',(-4.220101525675,2.590081188327,
    2.660000009184));
#2409 = VECTOR('',#2410,1.);
#2410 = DIRECTION('',(0.,1.,3.491481338843E-15));
#2411 = ORIENTED_EDGE('',*,*,#2412,.T.);
#2412 = EDGE_CURVE('',#2405,#2413,#2415,.T.);
#2413 = VERTEX_POINT('',#2414);
#2414 = CARTESIAN_POINT('',(-4.316687133943,1.790081202456,
    2.510000011833));
#2415 = B_SPLINE_CURVE_WITH_KNOTS('',3,(#2416,#2417,#2418,#2419,#2420,
    #2421),.UNSPECIFIED.,.F.,.F.,(4,2,4),(0.,1.281582136456E-04,
    2.563164272912E-04),.UNSPECIFIED.);
#2416 = CARTESIAN_POINT('',(-4.220101525675,1.940081199807,
    2.660000009184));
#2417 = CARTESIAN_POINT('',(-4.220101525675,1.896661267779,
    2.660000009184));
#2418 = CARTESIAN_POINT('',(-4.235011263875,1.856645965715,
    2.640495911634));
#2419 = CARTESIAN_POINT('',(-4.273379022588,1.804011376467,
    2.583997453202));
#2420 = CARTESIAN_POINT('',(-4.295922114414,1.790081202456,
    2.547951047843));
#2421 = CARTESIAN_POINT('',(-4.316687133943,1.790081202456,
    2.510000011833));
#2422 = ORIENTED_EDGE('',*,*,#2423,.F.);
#2423 = EDGE_CURVE('',#2424,#2413,#2426,.T.);
#2424 = VERTEX_POINT('',#2425);
#2425 = CARTESIAN_POINT('',(-4.47010152126,1.790081202456,1.910000022429
    ));
#2426 = CIRCLE('',#2427,1.249999977924);
#2427 = AXIS2_PLACEMENT_3D('',#2428,#2429,#2430);
#2428 = CARTESIAN_POINT('',(-3.220101543336,1.790081202456,
    1.910000022429));
#2429 = DIRECTION('',(0.,1.,3.491481338843E-15));
#2430 = DIRECTION('',(1.,1.241634702107E-29,-3.556183125752E-15));
#2431 = ORIENTED_EDGE('',*,*,#2432,.T.);
#2432 = EDGE_CURVE('',#2424,#1349,#2433,.T.);
#2433 = LINE('',#2434,#2435);
#2434 = CARTESIAN_POINT('',(-4.47010152126,2.590081188327,1.910000022429
    ));
#2435 = VECTOR('',#2436,1.);
#2436 = DIRECTION('',(0.,-1.,-3.491481338843E-15));
#2437 = ORIENTED_EDGE('',*,*,#1348,.T.);
#2438 = ORIENTED_EDGE('',*,*,#923,.F.);
#2439 = ORIENTED_EDGE('',*,*,#2440,.F.);
#2440 = EDGE_CURVE('',#675,#914,#2441,.T.);
#2441 = LINE('',#2442,#2443);
#2442 = CARTESIAN_POINT('',(-3.220101543336,2.590081188327,
    3.160000000353));
#2443 = VECTOR('',#2444,1.);
#2444 = DIRECTION('',(0.,-1.,-3.491481338843E-15));
#2445 = CYLINDRICAL_SURFACE('',#2446,1.249999977924);
#2446 = AXIS2_PLACEMENT_3D('',#2447,#2448,#2449);
#2447 = CARTESIAN_POINT('',(-3.220101543336,2.590081188327,
    1.910000022429));
#2448 = DIRECTION('',(0.,-1.,-3.491481338843E-15));
#2449 = DIRECTION('',(-1.,-0.,0.));
#2450 = ADVANCED_FACE('',(#2451),#2649,.T.);
#2451 = FACE_BOUND('',#2452,.T.);
#2452 = EDGE_LOOP('',(#2453,#2463,#2470,#2471,#2480,#2488,#2497,#2505,
    #2514,#2520,#2521,#2530,#2539,#2547,#2556,#2564,#2573,#2581,#2590,
    #2598,#2607,#2615,#2624,#2631,#2632,#2633,#2634,#2642));
#2453 = ORIENTED_EDGE('',*,*,#2454,.T.);
#2454 = EDGE_CURVE('',#2455,#2457,#2459,.T.);
#2455 = VERTEX_POINT('',#2456);
#2456 = CARTESIAN_POINT('',(-4.47010152126,1.940081199807,1.660000026844
    ));
#2457 = VERTEX_POINT('',#2458);
#2458 = CARTESIAN_POINT('',(-4.47010152126,2.440081190976,1.660000026844
    ));
#2459 = LINE('',#2460,#2461);
#2460 = CARTESIAN_POINT('',(-4.47010152126,2.590081188327,1.660000026844
    ));
#2461 = VECTOR('',#2462,1.);
#2462 = DIRECTION('',(0.,1.,3.610065951459E-15));
#2463 = ORIENTED_EDGE('',*,*,#2464,.T.);
#2464 = EDGE_CURVE('',#2457,#757,#2465,.T.);
#2465 = CIRCLE('',#2466,0.149999997351);
#2466 = AXIS2_PLACEMENT_3D('',#2467,#2468,#2469);
#2467 = CARTESIAN_POINT('',(-4.47010152126,2.440081190976,1.510000029493
    ));
#2468 = DIRECTION('',(-1.,-0.,0.));
#2469 = DIRECTION('',(0.,-1.,-3.523657060578E-15));
#2470 = ORIENTED_EDGE('',*,*,#754,.F.);
#2471 = ORIENTED_EDGE('',*,*,#2472,.F.);
#2472 = EDGE_CURVE('',#2473,#755,#2475,.T.);
#2473 = VERTEX_POINT('',#2474);
#2474 = CARTESIAN_POINT('',(-4.47010152126,2.390081191859,
    -0.599999933243));
#2475 = CIRCLE('',#2476,0.199999996468);
#2476 = AXIS2_PLACEMENT_3D('',#2477,#2478,#2479);
#2477 = CARTESIAN_POINT('',(-4.47010152126,2.390081191859,
    -0.399999936775));
#2478 = DIRECTION('',(1.,0.,-0.));
#2479 = DIRECTION('',(0.,1.,4.336808689942E-15));
#2480 = ORIENTED_EDGE('',*,*,#2481,.F.);
#2481 = EDGE_CURVE('',#2482,#2473,#2484,.T.);
#2482 = VERTEX_POINT('',#2483);
#2483 = CARTESIAN_POINT('',(-4.47010152126,1.490081207754,
    -0.599999933243));
#2484 = LINE('',#2485,#2486);
#2485 = CARTESIAN_POINT('',(-4.47010152126,1.290081211286,
    -0.599999933243));
#2486 = VECTOR('',#2487,1.);
#2487 = DIRECTION('',(0.,1.,3.641026466083E-15));
#2488 = ORIENTED_EDGE('',*,*,#2489,.F.);
#2489 = EDGE_CURVE('',#2490,#2482,#2492,.T.);
#2490 = VERTEX_POINT('',#2491);
#2491 = CARTESIAN_POINT('',(-4.47010152126,1.290081211286,
    -0.399999936775));
#2492 = CIRCLE('',#2493,0.199999996468);
#2493 = AXIS2_PLACEMENT_3D('',#2494,#2495,#2496);
#2494 = CARTESIAN_POINT('',(-4.47010152126,1.490081207754,
    -0.399999936775));
#2495 = DIRECTION('',(1.,0.,-0.));
#2496 = DIRECTION('',(0.,1.,4.336808689942E-15));
#2497 = ORIENTED_EDGE('',*,*,#2498,.F.);
#2498 = EDGE_CURVE('',#2499,#2490,#2501,.T.);
#2499 = VERTEX_POINT('',#2500);
#2500 = CARTESIAN_POINT('',(-4.47010152126,1.290081211286,1.050000037617
    ));
#2501 = LINE('',#2502,#2503);
#2502 = CARTESIAN_POINT('',(-4.47010152126,1.290081211286,1.250000034085
    ));
#2503 = VECTOR('',#2504,1.);
#2504 = DIRECTION('',(0.,3.491481338843E-15,-1.));
#2505 = ORIENTED_EDGE('',*,*,#2506,.F.);
#2506 = EDGE_CURVE('',#2507,#2499,#2509,.T.);
#2507 = VERTEX_POINT('',#2508);
#2508 = CARTESIAN_POINT('',(-4.47010152126,1.090081214818,1.250000034085
    ));
#2509 = CIRCLE('',#2510,0.199999996468);
#2510 = AXIS2_PLACEMENT_3D('',#2511,#2512,#2513);
#2511 = CARTESIAN_POINT('',(-4.47010152126,1.090081214818,1.050000037617
    ));
#2512 = DIRECTION('',(-1.,0.,0.));
#2513 = DIRECTION('',(0.,1.,5.421010862428E-15));
#2514 = ORIENTED_EDGE('',*,*,#2515,.T.);
#2515 = EDGE_CURVE('',#2507,#2368,#2516,.T.);
#2516 = LINE('',#2517,#2518);
#2517 = CARTESIAN_POINT('',(-4.47010152126,2.590081188327,1.250000034085
    ));
#2518 = VECTOR('',#2519,1.);
#2519 = DIRECTION('',(0.,-1.,-3.491481338843E-15));
#2520 = ORIENTED_EDGE('',*,*,#2367,.T.);
#2521 = ORIENTED_EDGE('',*,*,#2522,.F.);
#2522 = EDGE_CURVE('',#2523,#2359,#2525,.T.);
#2523 = VERTEX_POINT('',#2524);
#2524 = CARTESIAN_POINT('',(-4.47010152126,-1.659918736615,
    1.450000030553));
#2525 = CIRCLE('',#2526,0.199999996468);
#2526 = AXIS2_PLACEMENT_3D('',#2527,#2528,#2529);
#2527 = CARTESIAN_POINT('',(-4.47010152126,-1.659918736615,
    1.250000034085));
#2528 = DIRECTION('',(-1.,0.,0.));
#2529 = DIRECTION('',(0.,1.,6.234162491792E-15));
#2530 = ORIENTED_EDGE('',*,*,#2531,.F.);
#2531 = EDGE_CURVE('',#2532,#2523,#2534,.T.);
#2532 = VERTEX_POINT('',#2533);
#2533 = CARTESIAN_POINT('',(-4.47010152126,-1.859918733083,
    1.250000034085));
#2534 = CIRCLE('',#2535,0.199999996468);
#2535 = AXIS2_PLACEMENT_3D('',#2536,#2537,#2538);
#2536 = CARTESIAN_POINT('',(-4.47010152126,-1.659918736615,
    1.250000034085));
#2537 = DIRECTION('',(-1.,0.,0.));
#2538 = DIRECTION('',(0.,1.,2.710505431214E-15));
#2539 = ORIENTED_EDGE('',*,*,#2540,.T.);
#2540 = EDGE_CURVE('',#2532,#2541,#2543,.T.);
#2541 = VERTEX_POINT('',#2542);
#2542 = CARTESIAN_POINT('',(-4.47010152126,-1.859918733083,
    -0.117157229295));
#2543 = LINE('',#2544,#2545);
#2544 = CARTESIAN_POINT('',(-4.47010152126,-1.859918733083,
    1.450000030553));
#2545 = VECTOR('',#2546,1.);
#2546 = DIRECTION('',(0.,3.641026466083E-15,-1.));
#2547 = ORIENTED_EDGE('',*,*,#2548,.F.);
#2548 = EDGE_CURVE('',#2549,#2541,#2551,.T.);
#2549 = VERTEX_POINT('',#2550);
#2550 = CARTESIAN_POINT('',(-4.47010152126,-1.918497375811,
    -0.258578583035));
#2551 = CIRCLE('',#2552,0.199999996468);
#2552 = AXIS2_PLACEMENT_3D('',#2553,#2554,#2555);
#2553 = CARTESIAN_POINT('',(-4.47010152126,-2.059918729551,
    -0.117157229295));
#2554 = DIRECTION('',(1.,0.,-0.));
#2555 = DIRECTION('',(0.,1.,3.252606517457E-15));
#2556 = ORIENTED_EDGE('',*,*,#2557,.F.);
#2557 = EDGE_CURVE('',#2558,#2549,#2560,.T.);
#2558 = VERTEX_POINT('',#2559);
#2559 = CARTESIAN_POINT('',(-4.47010152126,-2.201340083291,
    -0.541421290515));
#2560 = LINE('',#2561,#2562);
#2561 = CARTESIAN_POINT('',(-4.47010152126,1.090081214818,2.750000007594
    ));
#2562 = VECTOR('',#2563,1.);
#2563 = DIRECTION('',(0.,0.707106781187,0.707106781187));
#2564 = ORIENTED_EDGE('',*,*,#2565,.F.);
#2565 = EDGE_CURVE('',#2566,#2558,#2568,.T.);
#2566 = VERTEX_POINT('',#2567);
#2567 = CARTESIAN_POINT('',(-4.47010152126,-2.34276143703,
    -0.599999933243));
#2568 = CIRCLE('',#2569,0.199999996468);
#2569 = AXIS2_PLACEMENT_3D('',#2570,#2571,#2572);
#2570 = CARTESIAN_POINT('',(-4.47010152126,-2.34276143703,
    -0.399999936775));
#2571 = DIRECTION('',(1.,0.,-0.));
#2572 = DIRECTION('',(0.,1.,4.336808689942E-15));
#2573 = ORIENTED_EDGE('',*,*,#2574,.T.);
#2574 = EDGE_CURVE('',#2566,#2575,#2577,.T.);
#2575 = VERTEX_POINT('',#2576);
#2576 = CARTESIAN_POINT('',(-4.47010152126,-2.877076002645,
    -0.599999933243));
#2577 = LINE('',#2578,#2579);
#2578 = CARTESIAN_POINT('',(-4.47010152126,-1.859918733083,
    -0.599999933243));
#2579 = VECTOR('',#2580,1.);
#2580 = DIRECTION('',(0.,-1.,-3.641026466083E-15));
#2581 = ORIENTED_EDGE('',*,*,#2582,.F.);
#2582 = EDGE_CURVE('',#2583,#2575,#2585,.T.);
#2583 = VERTEX_POINT('',#2584);
#2584 = CARTESIAN_POINT('',(-4.47010152126,-3.018497356384,
    -0.541421290515));
#2585 = CIRCLE('',#2586,0.199999996468);
#2586 = AXIS2_PLACEMENT_3D('',#2587,#2588,#2589);
#2587 = CARTESIAN_POINT('',(-4.47010152126,-2.877076002645,
    -0.399999936775));
#2588 = DIRECTION('',(1.,0.,-0.));
#2589 = DIRECTION('',(0.,1.,4.336808689942E-15));
#2590 = ORIENTED_EDGE('',*,*,#2591,.F.);
#2591 = EDGE_CURVE('',#2592,#2583,#2594,.T.);
#2592 = VERTEX_POINT('',#2593);
#2593 = CARTESIAN_POINT('',(-4.47010152126,-3.301340063864,
    -0.258578583035));
#2594 = LINE('',#2595,#2596);
#2595 = CARTESIAN_POINT('',(-4.47010152126,-1.109918746328,
    -2.449999900571));
#2596 = VECTOR('',#2597,1.);
#2597 = DIRECTION('',(0.,0.707106781187,-0.707106781187));
#2598 = ORIENTED_EDGE('',*,*,#2599,.F.);
#2599 = EDGE_CURVE('',#2600,#2592,#2602,.T.);
#2600 = VERTEX_POINT('',#2601);
#2601 = CARTESIAN_POINT('',(-4.47010152126,-3.359918706592,
    -0.117157229295));
#2602 = CIRCLE('',#2603,0.199999996468);
#2603 = AXIS2_PLACEMENT_3D('',#2604,#2605,#2606);
#2604 = CARTESIAN_POINT('',(-4.47010152126,-3.159918710124,
    -0.117157229295));
#2605 = DIRECTION('',(1.,0.,-0.));
#2606 = DIRECTION('',(0.,1.,3.252606517457E-15));
#2607 = ORIENTED_EDGE('',*,*,#2608,.F.);
#2608 = EDGE_CURVE('',#2609,#2600,#2611,.T.);
#2609 = VERTEX_POINT('',#2610);
#2610 = CARTESIAN_POINT('',(-4.47010152126,-3.359918706592,
    1.250000034085));
#2611 = LINE('',#2612,#2613);
#2612 = CARTESIAN_POINT('',(-4.47010152126,-3.359918706592,
    1.450000030553));
#2613 = VECTOR('',#2614,1.);
#2614 = DIRECTION('',(0.,3.641026466083E-15,-1.));
#2615 = ORIENTED_EDGE('',*,*,#2616,.F.);
#2616 = EDGE_CURVE('',#2617,#2609,#2619,.T.);
#2617 = VERTEX_POINT('',#2618);
#2618 = CARTESIAN_POINT('',(-4.47010152126,-3.55991870306,1.450000030553
    ));
#2619 = CIRCLE('',#2620,0.199999996468);
#2620 = AXIS2_PLACEMENT_3D('',#2621,#2622,#2623);
#2621 = CARTESIAN_POINT('',(-4.47010152126,-3.55991870306,1.250000034085
    ));
#2622 = DIRECTION('',(-1.,0.,0.));
#2623 = DIRECTION('',(0.,1.,2.710505431214E-15));
#2624 = ORIENTED_EDGE('',*,*,#2625,.F.);
#2625 = EDGE_CURVE('',#2307,#2617,#2626,.T.);
#2626 = CIRCLE('',#2627,0.199999996468);
#2627 = AXIS2_PLACEMENT_3D('',#2628,#2629,#2630);
#2628 = CARTESIAN_POINT('',(-4.47010152126,-3.55991870306,1.250000034085
    ));
#2629 = DIRECTION('',(-1.,0.,0.));
#2630 = DIRECTION('',(0.,1.,4.336808689942E-15));
#2631 = ORIENTED_EDGE('',*,*,#2317,.T.);
#2632 = ORIENTED_EDGE('',*,*,#1357,.T.);
#2633 = ORIENTED_EDGE('',*,*,#2432,.F.);
#2634 = ORIENTED_EDGE('',*,*,#2635,.T.);
#2635 = EDGE_CURVE('',#2424,#2636,#2638,.T.);
#2636 = VERTEX_POINT('',#2637);
#2637 = CARTESIAN_POINT('',(-4.47010152126,1.790081202456,1.810000024195
    ));
#2638 = LINE('',#2639,#2640);
#2639 = CARTESIAN_POINT('',(-4.47010152126,1.790081202456,1.660000026844
    ));
#2640 = VECTOR('',#2641,1.);
#2641 = DIRECTION('',(0.,3.491481338843E-15,-1.));
#2642 = ORIENTED_EDGE('',*,*,#2643,.T.);
#2643 = EDGE_CURVE('',#2636,#2455,#2644,.T.);
#2644 = CIRCLE('',#2645,0.149999997351);
#2645 = AXIS2_PLACEMENT_3D('',#2646,#2647,#2648);
#2646 = CARTESIAN_POINT('',(-4.47010152126,1.940081199807,1.810000024195
    ));
#2647 = DIRECTION('',(1.,0.,0.));
#2648 = DIRECTION('',(0.,-1.,-3.433306879537E-15));
#2649 = PLANE('',#2650);
#2650 = AXIS2_PLACEMENT_3D('',#2651,#2652,#2653);
#2651 = CARTESIAN_POINT('',(-4.47010152126,2.590081188327,1.250000034085
    ));
#2652 = DIRECTION('',(-1.,0.,0.));
#2653 = DIRECTION('',(0.,1.,3.491481338843E-15));
#2654 = ADVANCED_FACE('',(#2655),#2685,.F.);
#2655 = FACE_BOUND('',#2656,.F.);
#2656 = EDGE_LOOP('',(#2657,#2668,#2669,#2670,#2679));
#2657 = ORIENTED_EDGE('',*,*,#2658,.T.);
#2658 = EDGE_CURVE('',#2659,#1987,#2661,.T.);
#2659 = VERTEX_POINT('',#2660);
#2660 = CARTESIAN_POINT('',(-4.170101526558,0.490081225415,
    1.250000034085));
#2661 = B_SPLINE_CURVE_WITH_KNOTS('',3,(#2662,#2663,#2664,#2665,#2666,
    #2667),.UNSPECIFIED.,.F.,.F.,(4,2,4),(0.,1.569294708086E-04,
    3.138589416172E-04),.UNSPECIFIED.);
#2662 = CARTESIAN_POINT('',(-4.170101526558,0.490081225415,
    1.250000034085));
#2663 = CARTESIAN_POINT('',(-4.170101526558,0.437018834709,
    1.250000034085));
#2664 = CARTESIAN_POINT('',(-4.170576916242,0.385113479994,
    1.228101748311));
#2665 = CARTESIAN_POINT('',(-4.165956496118,0.311335865067,
    1.153867949337));
#2666 = CARTESIAN_POINT('',(-4.159980494468,0.290081228946,
    1.101869288984));
#2667 = CARTESIAN_POINT('',(-4.148810307985,0.290081228947,
    1.050000037617));
#2668 = ORIENTED_EDGE('',*,*,#1994,.T.);
#2669 = ORIENTED_EDGE('',*,*,#1432,.T.);
#2670 = ORIENTED_EDGE('',*,*,#2671,.T.);
#2671 = EDGE_CURVE('',#1433,#2672,#2674,.T.);
#2672 = VERTEX_POINT('',#2673);
#2673 = CARTESIAN_POINT('',(-4.170101526558,-1.459918740147,
    1.250000034085));
#2674 = CIRCLE('',#2675,0.949999983222);
#2675 = AXIS2_PLACEMENT_3D('',#2676,#2677,#2678);
#2676 = CARTESIAN_POINT('',(-3.220101543336,-1.459918740147,
    1.250000034085));
#2677 = DIRECTION('',(-0.,1.,3.790571593322E-15));
#2678 = DIRECTION('',(0.,-3.790571593322E-15,1.));
#2679 = ORIENTED_EDGE('',*,*,#2680,.F.);
#2680 = EDGE_CURVE('',#2659,#2672,#2681,.T.);
#2681 = LINE('',#2682,#2683);
#2682 = CARTESIAN_POINT('',(-4.170101526558,2.590081188327,
    1.250000034085));
#2683 = VECTOR('',#2684,1.);
#2684 = DIRECTION('',(0.,-1.,-3.491481338843E-15));
#2685 = CYLINDRICAL_SURFACE('',#2686,0.949999983222);
#2686 = AXIS2_PLACEMENT_3D('',#2687,#2688,#2689);
#2687 = CARTESIAN_POINT('',(-3.220101543336,2.590081188327,
    1.250000034085));
#2688 = DIRECTION('',(0.,-1.,-3.491481338843E-15));
#2689 = DIRECTION('',(-1.,-0.,0.));
#2690 = ADVANCED_FACE('',(#2691),#2749,.F.);
#2691 = FACE_BOUND('',#2692,.F.);
#2692 = EDGE_LOOP('',(#2693,#2706,#2715,#2721,#2722,#2723,#2729,#2730,
    #2743));
#2693 = ORIENTED_EDGE('',*,*,#2694,.F.);
#2694 = EDGE_CURVE('',#2695,#2697,#2699,.T.);
#2695 = VERTEX_POINT('',#2696);
#2696 = CARTESIAN_POINT('',(-3.956647523461,1.790081202456,
    2.510000011833));
#2697 = VERTEX_POINT('',#2698);
#2698 = CARTESIAN_POINT('',(-3.803196722523,1.940081199807,
    2.660000009184));
#2699 = B_SPLINE_CURVE_WITH_KNOTS('',3,(#2700,#2701,#2702,#2703,#2704,
    #2705),.UNSPECIFIED.,.F.,.F.,(4,2,4),(1.084202172486E-19,
    1.42612646797E-04,2.852252935941E-04),.UNSPECIFIED.);
#2700 = CARTESIAN_POINT('',(-3.956647523461,1.790081202456,
    2.510000011833));
#2701 = CARTESIAN_POINT('',(-3.926281909665,1.790081202456,2.54727613045
    ));
#2702 = CARTESIAN_POINT('',(-3.893438477014,1.803117220035,2.58140684029
    ));
#2703 = CARTESIAN_POINT('',(-3.833299014358,1.851799177244,
    2.636745234218));
#2704 = CARTESIAN_POINT('',(-3.803196722523,1.891600778487,
    2.660000009184));
#2705 = CARTESIAN_POINT('',(-3.803196722523,1.940081199807,
    2.660000009184));
#2706 = ORIENTED_EDGE('',*,*,#2707,.F.);
#2707 = EDGE_CURVE('',#2708,#2695,#2710,.T.);
#2708 = VERTEX_POINT('',#2709);
#2709 = CARTESIAN_POINT('',(-4.170101526558,1.790081202456,
    1.910000022429));
#2710 = CIRCLE('',#2711,0.949999983222);
#2711 = AXIS2_PLACEMENT_3D('',#2712,#2713,#2714);
#2712 = CARTESIAN_POINT('',(-3.220101543336,1.790081202456,
    1.910000022429));
#2713 = DIRECTION('',(-0.,1.,3.491481338843E-15));
#2714 = DIRECTION('',(1.,0.,0.));
#2715 = ORIENTED_EDGE('',*,*,#2716,.T.);
#2716 = EDGE_CURVE('',#2708,#1292,#2717,.T.);
#2717 = LINE('',#2718,#2719);
#2718 = CARTESIAN_POINT('',(-4.170101526558,2.590081188327,
    1.910000022429));
#2719 = VECTOR('',#2720,1.);
#2720 = DIRECTION('',(0.,-1.,-3.491481338843E-15));
#2721 = ORIENTED_EDGE('',*,*,#1299,.T.);
#2722 = ORIENTED_EDGE('',*,*,#1539,.F.);
#2723 = ORIENTED_EDGE('',*,*,#2724,.F.);
#2724 = EDGE_CURVE('',#684,#1540,#2725,.T.);
#2725 = LINE('',#2726,#2727);
#2726 = CARTESIAN_POINT('',(-3.220101543336,2.590081188327,
    2.860000005651));
#2727 = VECTOR('',#2728,1.);
#2728 = DIRECTION('',(0.,-1.,-3.491481338843E-15));
#2729 = ORIENTED_EDGE('',*,*,#691,.F.);
#2730 = ORIENTED_EDGE('',*,*,#2731,.F.);
#2731 = EDGE_CURVE('',#2732,#692,#2734,.T.);
#2732 = VERTEX_POINT('',#2733);
#2733 = CARTESIAN_POINT('',(-3.803196722523,2.440081190976,
    2.660000009184));
#2734 = B_SPLINE_CURVE_WITH_KNOTS('',3,(#2735,#2736,#2737,#2738,#2739,
    #2740,#2741,#2742),.UNSPECIFIED.,.F.,.F.,(4,2,2,4),(0.,
    9.634181195404E-05,1.926836239081E-04,3.853672478162E-04),
  .UNSPECIFIED.);
#2735 = CARTESIAN_POINT('',(-3.803196722523,2.440081190976,
    2.660000009184));
#2736 = CARTESIAN_POINT('',(-3.803196722523,2.472804082034,
    2.660000009184));
#2737 = CARTESIAN_POINT('',(-3.788730029284,2.502783721238,
    2.671416685197));
#2738 = CARTESIAN_POINT('',(-3.748949134844,2.544681391352,
    2.699565671586));
#2739 = CARTESIAN_POINT('',(-3.723884836001,2.558379067455,2.71600783654
    ));
#2740 = CARTESIAN_POINT('',(-3.644088511727,2.586867532507,
    2.762361422169));
#2741 = CARTESIAN_POINT('',(-3.585200799686,2.590081188327,2.78939933381
    ));
#2742 = CARTESIAN_POINT('',(-3.52423966448,2.590081188327,2.810000006534
    ));
#2743 = ORIENTED_EDGE('',*,*,#2744,.F.);
#2744 = EDGE_CURVE('',#2697,#2732,#2745,.T.);
#2745 = LINE('',#2746,#2747);
#2746 = CARTESIAN_POINT('',(-3.803196722523,2.590081188327,
    2.660000009184));
#2747 = VECTOR('',#2748,1.);
#2748 = DIRECTION('',(0.,1.,3.491481338843E-15));
#2749 = CYLINDRICAL_SURFACE('',#2750,0.949999983222);
#2750 = AXIS2_PLACEMENT_3D('',#2751,#2752,#2753);
#2751 = CARTESIAN_POINT('',(-3.220101543336,2.590081188327,
    1.910000022429));
#2752 = DIRECTION('',(0.,-1.,-3.491481338843E-15));
#2753 = DIRECTION('',(-1.,-0.,0.));
#2754 = ADVANCED_FACE('',(#2755),#2953,.F.);
#2755 = FACE_BOUND('',#2756,.T.);
#2756 = EDGE_LOOP('',(#2757,#2758,#2767,#2775,#2784,#2790,#2791,#2792,
    #2793,#2802,#2811,#2819,#2828,#2836,#2845,#2853,#2862,#2870,#2879,
    #2887,#2896,#2903,#2904,#2912,#2921,#2929,#2938,#2946));
#2757 = ORIENTED_EDGE('',*,*,#772,.T.);
#2758 = ORIENTED_EDGE('',*,*,#2759,.T.);
#2759 = EDGE_CURVE('',#765,#2760,#2762,.T.);
#2760 = VERTEX_POINT('',#2761);
#2761 = CARTESIAN_POINT('',(-4.170101526558,2.440081190976,
    1.660000026844));
#2762 = CIRCLE('',#2763,0.149999997351);
#2763 = AXIS2_PLACEMENT_3D('',#2764,#2765,#2766);
#2764 = CARTESIAN_POINT('',(-4.170101526558,2.440081190976,
    1.510000029493));
#2765 = DIRECTION('',(1.,0.,0.));
#2766 = DIRECTION('',(0.,-1.,-1.716653439769E-15));
#2767 = ORIENTED_EDGE('',*,*,#2768,.T.);
#2768 = EDGE_CURVE('',#2760,#2769,#2771,.T.);
#2769 = VERTEX_POINT('',#2770);
#2770 = CARTESIAN_POINT('',(-4.170101526558,1.940081199807,
    1.660000026844));
#2771 = LINE('',#2772,#2773);
#2772 = CARTESIAN_POINT('',(-4.170101526558,2.590081188327,
    1.660000026844));
#2773 = VECTOR('',#2774,1.);
#2774 = DIRECTION('',(0.,-1.,-3.610065951459E-15));
#2775 = ORIENTED_EDGE('',*,*,#2776,.T.);
#2776 = EDGE_CURVE('',#2769,#2777,#2779,.T.);
#2777 = VERTEX_POINT('',#2778);
#2778 = CARTESIAN_POINT('',(-4.170101526558,1.790081202456,
    1.810000024195));
#2779 = CIRCLE('',#2780,0.149999997351);
#2780 = AXIS2_PLACEMENT_3D('',#2781,#2782,#2783);
#2781 = CARTESIAN_POINT('',(-4.170101526558,1.940081199807,
    1.810000024195));
#2782 = DIRECTION('',(-1.,-0.,0.));
#2783 = DIRECTION('',(0.,-1.,-3.433306879537E-15));
#2784 = ORIENTED_EDGE('',*,*,#2785,.T.);
#2785 = EDGE_CURVE('',#2777,#2708,#2786,.T.);
#2786 = LINE('',#2787,#2788);
#2787 = CARTESIAN_POINT('',(-4.170101526558,1.790081202456,
    1.250000034085));
#2788 = VECTOR('',#2789,1.);
#2789 = DIRECTION('',(0.,-3.491481338843E-15,1.));
#2790 = ORIENTED_EDGE('',*,*,#2716,.T.);
#2791 = ORIENTED_EDGE('',*,*,#1291,.F.);
#2792 = ORIENTED_EDGE('',*,*,#2342,.F.);
#2793 = ORIENTED_EDGE('',*,*,#2794,.F.);
#2794 = EDGE_CURVE('',#2795,#2332,#2797,.T.);
#2795 = VERTEX_POINT('',#2796);
#2796 = CARTESIAN_POINT('',(-4.170101526558,-3.55991870306,
    1.450000030553));
#2797 = CIRCLE('',#2798,0.199999996468);
#2798 = AXIS2_PLACEMENT_3D('',#2799,#2800,#2801);
#2799 = CARTESIAN_POINT('',(-4.170101526558,-3.55991870306,
    1.250000034085));
#2800 = DIRECTION('',(1.,0.,-0.));
#2801 = DIRECTION('',(0.,1.,3.523657060578E-15));
#2802 = ORIENTED_EDGE('',*,*,#2803,.F.);
#2803 = EDGE_CURVE('',#2804,#2795,#2806,.T.);
#2804 = VERTEX_POINT('',#2805);
#2805 = CARTESIAN_POINT('',(-4.170101526558,-3.359918706592,
    1.250000034085));
#2806 = CIRCLE('',#2807,0.199999996468);
#2807 = AXIS2_PLACEMENT_3D('',#2808,#2809,#2810);
#2808 = CARTESIAN_POINT('',(-4.170101526558,-3.55991870306,
    1.250000034085));
#2809 = DIRECTION('',(1.,0.,-0.));
#2810 = DIRECTION('',(0.,1.,3.523657060578E-15));
#2811 = ORIENTED_EDGE('',*,*,#2812,.T.);
#2812 = EDGE_CURVE('',#2804,#2813,#2815,.T.);
#2813 = VERTEX_POINT('',#2814);
#2814 = CARTESIAN_POINT('',(-4.170101526558,-3.359918706592,
    -0.117157229295));
#2815 = LINE('',#2816,#2817);
#2816 = CARTESIAN_POINT('',(-4.170101526558,-3.359918706592,
    1.450000030553));
#2817 = VECTOR('',#2818,1.);
#2818 = DIRECTION('',(0.,3.703032982255E-15,-1.));
#2819 = ORIENTED_EDGE('',*,*,#2820,.F.);
#2820 = EDGE_CURVE('',#2821,#2813,#2823,.T.);
#2821 = VERTEX_POINT('',#2822);
#2822 = CARTESIAN_POINT('',(-4.170101526558,-3.301340063864,
    -0.258578583035));
#2823 = CIRCLE('',#2824,0.199999996468);
#2824 = AXIS2_PLACEMENT_3D('',#2825,#2826,#2827);
#2825 = CARTESIAN_POINT('',(-4.170101526558,-3.159918710124,
    -0.117157229295));
#2826 = DIRECTION('',(-1.,0.,0.));
#2827 = DIRECTION('',(0.,1.,3.252606517457E-15));
#2828 = ORIENTED_EDGE('',*,*,#2829,.F.);
#2829 = EDGE_CURVE('',#2830,#2821,#2832,.T.);
#2830 = VERTEX_POINT('',#2831);
#2831 = CARTESIAN_POINT('',(-4.170101526558,-3.018497356384,
    -0.541421290515));
#2832 = LINE('',#2833,#2834);
#2833 = CARTESIAN_POINT('',(-4.170101526558,-3.359918706592,
    -0.199999940307));
#2834 = VECTOR('',#2835,1.);
#2835 = DIRECTION('',(0.,-0.707106781187,0.707106781187));
#2836 = ORIENTED_EDGE('',*,*,#2837,.F.);
#2837 = EDGE_CURVE('',#2838,#2830,#2840,.T.);
#2838 = VERTEX_POINT('',#2839);
#2839 = CARTESIAN_POINT('',(-4.170101526558,-2.877076002645,
    -0.599999933243));
#2840 = CIRCLE('',#2841,0.199999996468);
#2841 = AXIS2_PLACEMENT_3D('',#2842,#2843,#2844);
#2842 = CARTESIAN_POINT('',(-4.170101526558,-2.877076002645,
    -0.399999936775));
#2843 = DIRECTION('',(-1.,0.,0.));
#2844 = DIRECTION('',(0.,1.,6.505213034913E-15));
#2845 = ORIENTED_EDGE('',*,*,#2846,.F.);
#2846 = EDGE_CURVE('',#2847,#2838,#2849,.T.);
#2847 = VERTEX_POINT('',#2848);
#2848 = CARTESIAN_POINT('',(-4.170101526558,-2.34276143703,
    -0.599999933243));
#2849 = LINE('',#2850,#2851);
#2850 = CARTESIAN_POINT('',(-4.170101526558,-1.859918733083,
    -0.599999933243));
#2851 = VECTOR('',#2852,1.);
#2852 = DIRECTION('',(0.,-1.,-3.641026466083E-15));
#2853 = ORIENTED_EDGE('',*,*,#2854,.F.);
#2854 = EDGE_CURVE('',#2855,#2847,#2857,.T.);
#2855 = VERTEX_POINT('',#2856);
#2856 = CARTESIAN_POINT('',(-4.170101526558,-2.20134008329,
    -0.541421290515));
#2857 = CIRCLE('',#2858,0.199999996468);
#2858 = AXIS2_PLACEMENT_3D('',#2859,#2860,#2861);
#2859 = CARTESIAN_POINT('',(-4.170101526558,-2.34276143703,
    -0.399999936775));
#2860 = DIRECTION('',(-1.,0.,0.));
#2861 = DIRECTION('',(0.,1.,4.336808689942E-15));
#2862 = ORIENTED_EDGE('',*,*,#2863,.F.);
#2863 = EDGE_CURVE('',#2864,#2855,#2866,.T.);
#2864 = VERTEX_POINT('',#2865);
#2865 = CARTESIAN_POINT('',(-4.170101526558,-1.918497375811,
    -0.258578583035));
#2866 = LINE('',#2867,#2868);
#2867 = CARTESIAN_POINT('',(-4.170101526558,-2.259918726019,
    -0.599999933243));
#2868 = VECTOR('',#2869,1.);
#2869 = DIRECTION('',(-0.,-0.707106781187,-0.707106781187));
#2870 = ORIENTED_EDGE('',*,*,#2871,.F.);
#2871 = EDGE_CURVE('',#2872,#2864,#2874,.T.);
#2872 = VERTEX_POINT('',#2873);
#2873 = CARTESIAN_POINT('',(-4.170101526558,-1.859918733083,
    -0.117157229295));
#2874 = CIRCLE('',#2875,0.199999996468);
#2875 = AXIS2_PLACEMENT_3D('',#2876,#2877,#2878);
#2876 = CARTESIAN_POINT('',(-4.170101526558,-2.059918729551,
    -0.117157229295));
#2877 = DIRECTION('',(-1.,0.,0.));
#2878 = DIRECTION('',(0.,1.,3.252606517457E-15));
#2879 = ORIENTED_EDGE('',*,*,#2880,.F.);
#2880 = EDGE_CURVE('',#2881,#2872,#2883,.T.);
#2881 = VERTEX_POINT('',#2882);
#2882 = CARTESIAN_POINT('',(-4.170101526558,-1.859918733083,
    1.250000034085));
#2883 = LINE('',#2884,#2885);
#2884 = CARTESIAN_POINT('',(-4.170101526558,-1.859918733083,
    1.450000030553));
#2885 = VECTOR('',#2886,1.);
#2886 = DIRECTION('',(0.,3.703032982255E-15,-1.));
#2887 = ORIENTED_EDGE('',*,*,#2888,.F.);
#2888 = EDGE_CURVE('',#2889,#2881,#2891,.T.);
#2889 = VERTEX_POINT('',#2890);
#2890 = CARTESIAN_POINT('',(-4.170101526558,-1.659918736615,
    1.450000030553));
#2891 = CIRCLE('',#2892,0.199999996468);
#2892 = AXIS2_PLACEMENT_3D('',#2893,#2894,#2895);
#2893 = CARTESIAN_POINT('',(-4.170101526558,-1.659918736615,
    1.250000034085));
#2894 = DIRECTION('',(1.,0.,-0.));
#2895 = DIRECTION('',(0.,1.,3.523657060578E-15));
#2896 = ORIENTED_EDGE('',*,*,#2897,.F.);
#2897 = EDGE_CURVE('',#2672,#2889,#2898,.T.);
#2898 = CIRCLE('',#2899,0.199999996468);
#2899 = AXIS2_PLACEMENT_3D('',#2900,#2901,#2902);
#2900 = CARTESIAN_POINT('',(-4.170101526558,-1.659918736615,
    1.250000034085));
#2901 = DIRECTION('',(1.,0.,-0.));
#2902 = DIRECTION('',(0.,1.,3.523657060578E-15));
#2903 = ORIENTED_EDGE('',*,*,#2680,.F.);
#2904 = ORIENTED_EDGE('',*,*,#2905,.F.);
#2905 = EDGE_CURVE('',#2906,#2659,#2908,.T.);
#2906 = VERTEX_POINT('',#2907);
#2907 = CARTESIAN_POINT('',(-4.170101526558,1.090081214818,
    1.250000034085));
#2908 = LINE('',#2909,#2910);
#2909 = CARTESIAN_POINT('',(-4.170101526558,2.590081188327,
    1.250000034085));
#2910 = VECTOR('',#2911,1.);
#2911 = DIRECTION('',(0.,-1.,-3.491481338843E-15));
#2912 = ORIENTED_EDGE('',*,*,#2913,.F.);
#2913 = EDGE_CURVE('',#2914,#2906,#2916,.T.);
#2914 = VERTEX_POINT('',#2915);
#2915 = CARTESIAN_POINT('',(-4.170101526558,1.290081211286,
    1.050000037617));
#2916 = CIRCLE('',#2917,0.199999996468);
#2917 = AXIS2_PLACEMENT_3D('',#2918,#2919,#2920);
#2918 = CARTESIAN_POINT('',(-4.170101526558,1.090081214818,
    1.050000037617));
#2919 = DIRECTION('',(1.,0.,-0.));
#2920 = DIRECTION('',(0.,1.,3.252606517457E-15));
#2921 = ORIENTED_EDGE('',*,*,#2922,.T.);
#2922 = EDGE_CURVE('',#2914,#2923,#2925,.T.);
#2923 = VERTEX_POINT('',#2924);
#2924 = CARTESIAN_POINT('',(-4.170101526558,1.290081211286,
    -0.399999936775));
#2925 = LINE('',#2926,#2927);
#2926 = CARTESIAN_POINT('',(-4.170101526558,1.290081211286,
    1.250000034085));
#2927 = VECTOR('',#2928,1.);
#2928 = DIRECTION('',(0.,3.491481338843E-15,-1.));
#2929 = ORIENTED_EDGE('',*,*,#2930,.F.);
#2930 = EDGE_CURVE('',#2931,#2923,#2933,.T.);
#2931 = VERTEX_POINT('',#2932);
#2932 = CARTESIAN_POINT('',(-4.170101526558,1.490081207754,
    -0.599999933243));
#2933 = CIRCLE('',#2934,0.199999996468);
#2934 = AXIS2_PLACEMENT_3D('',#2935,#2936,#2937);
#2935 = CARTESIAN_POINT('',(-4.170101526558,1.490081207754,
    -0.399999936775));
#2936 = DIRECTION('',(-1.,0.,0.));
#2937 = DIRECTION('',(0.,1.,4.336808689942E-15));
#2938 = ORIENTED_EDGE('',*,*,#2939,.T.);
#2939 = EDGE_CURVE('',#2931,#2940,#2942,.T.);
#2940 = VERTEX_POINT('',#2941);
#2941 = CARTESIAN_POINT('',(-4.170101526558,2.390081191859,
    -0.599999933243));
#2942 = LINE('',#2943,#2944);
#2943 = CARTESIAN_POINT('',(-4.170101526558,1.290081211286,
    -0.599999933243));
#2944 = VECTOR('',#2945,1.);
#2945 = DIRECTION('',(0.,1.,3.641026466083E-15));
#2946 = ORIENTED_EDGE('',*,*,#2947,.F.);
#2947 = EDGE_CURVE('',#773,#2940,#2948,.T.);
#2948 = CIRCLE('',#2949,0.199999996468);
#2949 = AXIS2_PLACEMENT_3D('',#2950,#2951,#2952);
#2950 = CARTESIAN_POINT('',(-4.170101526558,2.390081191859,
    -0.399999936775));
#2951 = DIRECTION('',(-1.,0.,0.));
#2952 = DIRECTION('',(0.,1.,2.168404344971E-15));
#2953 = PLANE('',#2954);
#2954 = AXIS2_PLACEMENT_3D('',#2955,#2956,#2957);
#2955 = CARTESIAN_POINT('',(-4.170101526558,2.590081188327,
    1.250000034085));
#2956 = DIRECTION('',(-1.,0.,0.));
#2957 = DIRECTION('',(0.,1.,3.491481338843E-15));
#2958 = ADVANCED_FACE('',(#2959),#2975,.T.);
#2959 = FACE_BOUND('',#2960,.T.);
#2960 = EDGE_LOOP('',(#2961,#2962,#2968,#2969));
#2961 = ORIENTED_EDGE('',*,*,#1457,.F.);
#2962 = ORIENTED_EDGE('',*,*,#2963,.F.);
#2963 = EDGE_CURVE('',#168,#1449,#2964,.T.);
#2964 = LINE('',#2965,#2966);
#2965 = CARTESIAN_POINT('',(-2.270101560114,-1.659918736615,
    1.580000028257));
#2966 = VECTOR('',#2967,1.);
#2967 = DIRECTION('',(0.,-3.790571593322E-15,1.));
#2968 = ORIENTED_EDGE('',*,*,#167,.F.);
#2969 = ORIENTED_EDGE('',*,*,#2970,.F.);
#2970 = EDGE_CURVE('',#1458,#159,#2971,.T.);
#2971 = LINE('',#2972,#2973);
#2972 = CARTESIAN_POINT('',(-2.270101560114,-3.55991870306,
    1.580000028257));
#2973 = VECTOR('',#2974,1.);
#2974 = DIRECTION('',(0.,3.491481338843E-15,-1.));
#2975 = PLANE('',#2976);
#2976 = AXIS2_PLACEMENT_3D('',#2977,#2978,#2979);
#2977 = CARTESIAN_POINT('',(-2.270101560114,-1.359918741913,
    1.580000028257));
#2978 = DIRECTION('',(-1.,0.,0.));
#2979 = DIRECTION('',(0.,1.,3.491481338843E-15));
#2980 = ADVANCED_FACE('',(#2981),#2999,.F.);
#2981 = FACE_BOUND('',#2982,.T.);
#2982 = EDGE_LOOP('',(#2983,#2984,#2985,#2991,#2992,#2993));
#2983 = ORIENTED_EDGE('',*,*,#150,.T.);
#2984 = ORIENTED_EDGE('',*,*,#2306,.F.);
#2985 = ORIENTED_EDGE('',*,*,#2986,.F.);
#2986 = EDGE_CURVE('',#2332,#2307,#2987,.T.);
#2987 = LINE('',#2988,#2989);
#2988 = CARTESIAN_POINT('',(-4.47010152126,-3.759918699528,
    1.250000034085));
#2989 = VECTOR('',#2990,1.);
#2990 = DIRECTION('',(-1.,0.,0.));
#2991 = ORIENTED_EDGE('',*,*,#2331,.T.);
#2992 = ORIENTED_EDGE('',*,*,#1474,.T.);
#2993 = ORIENTED_EDGE('',*,*,#2994,.F.);
#2994 = EDGE_CURVE('',#151,#1466,#2995,.T.);
#2995 = LINE('',#2996,#2997);
#2996 = CARTESIAN_POINT('',(-2.470101556581,-3.759918699528,
    1.450000030553));
#2997 = VECTOR('',#2998,1.);
#2998 = DIRECTION('',(0.,-3.491481338843E-15,1.));
#2999 = PLANE('',#3000);
#3000 = AXIS2_PLACEMENT_3D('',#3001,#3002,#3003);
#3001 = CARTESIAN_POINT('',(-2.270101560114,-3.759918699528,
    1.450000030553));
#3002 = DIRECTION('',(0.,-1.,-3.491481338843E-15));
#3003 = DIRECTION('',(-1.,-0.,0.));
#3004 = ADVANCED_FACE('',(#3005),#3023,.F.);
#3005 = FACE_BOUND('',#3006,.T.);
#3006 = EDGE_LOOP('',(#3007,#3008,#3009,#3015,#3016,#3017));
#3007 = ORIENTED_EDGE('',*,*,#1440,.T.);
#3008 = ORIENTED_EDGE('',*,*,#2671,.T.);
#3009 = ORIENTED_EDGE('',*,*,#3010,.F.);
#3010 = EDGE_CURVE('',#2359,#2672,#3011,.T.);
#3011 = LINE('',#3012,#3013);
#3012 = CARTESIAN_POINT('',(-4.170101526558,-1.459918740147,
    1.250000034085));
#3013 = VECTOR('',#3014,1.);
#3014 = DIRECTION('',(1.,0.,0.));
#3015 = ORIENTED_EDGE('',*,*,#2358,.F.);
#3016 = ORIENTED_EDGE('',*,*,#184,.F.);
#3017 = ORIENTED_EDGE('',*,*,#3018,.F.);
#3018 = EDGE_CURVE('',#1441,#176,#3019,.T.);
#3019 = LINE('',#3020,#3021);
#3020 = CARTESIAN_POINT('',(-2.470101556581,-1.459918740147,
    1.450000030553));
#3021 = VECTOR('',#3022,1.);
#3022 = DIRECTION('',(0.,3.790571593322E-15,-1.));
#3023 = PLANE('',#3024);
#3024 = AXIS2_PLACEMENT_3D('',#3025,#3026,#3027);
#3025 = CARTESIAN_POINT('',(-2.270101560114,-1.459918740147,
    1.450000030553));
#3026 = DIRECTION('',(0.,1.,3.790571593322E-15));
#3027 = DIRECTION('',(0.,-3.790571593322E-15,1.));
#3028 = ADVANCED_FACE('',(#3029),#3045,.T.);
#3029 = FACE_BOUND('',#3030,.T.);
#3030 = EDGE_LOOP('',(#3031,#3032,#3038,#3039));
#3031 = ORIENTED_EDGE('',*,*,#2846,.T.);
#3032 = ORIENTED_EDGE('',*,*,#3033,.F.);
#3033 = EDGE_CURVE('',#2575,#2838,#3034,.T.);
#3034 = LINE('',#3035,#3036);
#3035 = CARTESIAN_POINT('',(-4.170101526558,-2.877076002645,
    -0.599999933243));
#3036 = VECTOR('',#3037,1.);
#3037 = DIRECTION('',(1.,0.,0.));
#3038 = ORIENTED_EDGE('',*,*,#2574,.F.);
#3039 = ORIENTED_EDGE('',*,*,#3040,.F.);
#3040 = EDGE_CURVE('',#2847,#2566,#3041,.T.);
#3041 = LINE('',#3042,#3043);
#3042 = CARTESIAN_POINT('',(-4.170101526558,-2.34276143703,
    -0.599999933243));
#3043 = VECTOR('',#3044,1.);
#3044 = DIRECTION('',(-1.,-0.,-0.));
#3045 = PLANE('',#3046);
#3046 = AXIS2_PLACEMENT_3D('',#3047,#3048,#3049);
#3047 = CARTESIAN_POINT('',(-4.170101526558,-1.859918733083,
    -0.599999933243));
#3048 = DIRECTION('',(0.,3.641026466083E-15,-1.));
#3049 = DIRECTION('',(0.,1.,3.641026466083E-15));
#3050 = ADVANCED_FACE('',(#3051),#3067,.T.);
#3051 = FACE_BOUND('',#3052,.T.);
#3052 = EDGE_LOOP('',(#3053,#3054,#3060,#3061));
#3053 = ORIENTED_EDGE('',*,*,#2540,.F.);
#3054 = ORIENTED_EDGE('',*,*,#3055,.F.);
#3055 = EDGE_CURVE('',#2881,#2532,#3056,.T.);
#3056 = LINE('',#3057,#3058);
#3057 = CARTESIAN_POINT('',(-1.016002032004E-04,-1.859918733083,
    1.250000034085));
#3058 = VECTOR('',#3059,1.);
#3059 = DIRECTION('',(-1.,-0.,-0.));
#3060 = ORIENTED_EDGE('',*,*,#2880,.T.);
#3061 = ORIENTED_EDGE('',*,*,#3062,.F.);
#3062 = EDGE_CURVE('',#2541,#2872,#3063,.T.);
#3063 = LINE('',#3064,#3065);
#3064 = CARTESIAN_POINT('',(-1.016002032004E-04,-1.859918733083,
    -0.117157229295));
#3065 = VECTOR('',#3066,1.);
#3066 = DIRECTION('',(1.,0.,0.));
#3067 = PLANE('',#3068);
#3068 = AXIS2_PLACEMENT_3D('',#3069,#3070,#3071);
#3069 = CARTESIAN_POINT('',(-1.016002032004E-04,-1.859918733083,
    1.580000028257));
#3070 = DIRECTION('',(0.,1.,3.641026466083E-15));
#3071 = DIRECTION('',(1.,0.,-0.));
#3072 = ADVANCED_FACE('',(#3073),#3089,.F.);
#3073 = FACE_BOUND('',#3074,.T.);
#3074 = EDGE_LOOP('',(#3075,#3076,#3082,#3083));
#3075 = ORIENTED_EDGE('',*,*,#2812,.F.);
#3076 = ORIENTED_EDGE('',*,*,#3077,.F.);
#3077 = EDGE_CURVE('',#2609,#2804,#3078,.T.);
#3078 = LINE('',#3079,#3080);
#3079 = CARTESIAN_POINT('',(-4.170101526558,-3.359918706592,
    1.250000034085));
#3080 = VECTOR('',#3081,1.);
#3081 = DIRECTION('',(1.,0.,0.));
#3082 = ORIENTED_EDGE('',*,*,#2608,.T.);
#3083 = ORIENTED_EDGE('',*,*,#3084,.F.);
#3084 = EDGE_CURVE('',#2813,#2600,#3085,.T.);
#3085 = LINE('',#3086,#3087);
#3086 = CARTESIAN_POINT('',(-4.47010152126,-3.359918706592,
    -0.117157229295));
#3087 = VECTOR('',#3088,1.);
#3088 = DIRECTION('',(-1.,0.,0.));
#3089 = PLANE('',#3090);
#3090 = AXIS2_PLACEMENT_3D('',#3091,#3092,#3093);
#3091 = CARTESIAN_POINT('',(-1.016002032004E-04,-3.359918706592,
    1.580000028257));
#3092 = DIRECTION('',(0.,1.,3.641026466083E-15));
#3093 = DIRECTION('',(1.,0.,-0.));
#3094 = ADVANCED_FACE('',(#3095),#3111,.F.);
#3095 = FACE_BOUND('',#3096,.T.);
#3096 = EDGE_LOOP('',(#3097,#3098,#3104,#3105));
#3097 = ORIENTED_EDGE('',*,*,#2905,.T.);
#3098 = ORIENTED_EDGE('',*,*,#3099,.F.);
#3099 = EDGE_CURVE('',#2368,#2659,#3100,.T.);
#3100 = LINE('',#3101,#3102);
#3101 = CARTESIAN_POINT('',(-4.170101526558,0.490081225415,
    1.250000034085));
#3102 = VECTOR('',#3103,1.);
#3103 = DIRECTION('',(1.,0.,0.));
#3104 = ORIENTED_EDGE('',*,*,#2515,.F.);
#3105 = ORIENTED_EDGE('',*,*,#3106,.F.);
#3106 = EDGE_CURVE('',#2906,#2507,#3107,.T.);
#3107 = LINE('',#3108,#3109);
#3108 = CARTESIAN_POINT('',(4.469898320854,1.090081214818,1.250000034085
    ));
#3109 = VECTOR('',#3110,1.);
#3110 = DIRECTION('',(-1.,0.,0.));
#3111 = PLANE('',#3112);
#3112 = AXIS2_PLACEMENT_3D('',#3113,#3114,#3115);
#3113 = CARTESIAN_POINT('',(4.469898320854,0.290081228947,1.250000034085
    ));
#3114 = DIRECTION('',(0.,-3.515050951288E-15,1.));
#3115 = DIRECTION('',(0.,-1.,-3.515050951288E-15));
#3116 = ADVANCED_FACE('',(#3117),#3133,.T.);
#3117 = FACE_BOUND('',#3118,.T.);
#3118 = EDGE_LOOP('',(#3119,#3120,#3126,#3127));
#3119 = ORIENTED_EDGE('',*,*,#2922,.F.);
#3120 = ORIENTED_EDGE('',*,*,#3121,.F.);
#3121 = EDGE_CURVE('',#2499,#2914,#3122,.T.);
#3122 = LINE('',#3123,#3124);
#3123 = CARTESIAN_POINT('',(-1.016002032004E-04,1.290081211286,
    1.050000037617));
#3124 = VECTOR('',#3125,1.);
#3125 = DIRECTION('',(1.,0.,0.));
#3126 = ORIENTED_EDGE('',*,*,#2498,.T.);
#3127 = ORIENTED_EDGE('',*,*,#3128,.F.);
#3128 = EDGE_CURVE('',#2923,#2490,#3129,.T.);
#3129 = LINE('',#3130,#3131);
#3130 = CARTESIAN_POINT('',(-4.47010152126,1.290081211286,
    -0.399999936775));
#3131 = VECTOR('',#3132,1.);
#3132 = DIRECTION('',(-1.,0.,0.));
#3133 = PLANE('',#3134);
#3134 = AXIS2_PLACEMENT_3D('',#3135,#3136,#3137);
#3135 = CARTESIAN_POINT('',(-1.016002032004E-04,1.290081211286,
    1.580000028257));
#3136 = DIRECTION('',(0.,-1.,-3.491481338843E-15));
#3137 = DIRECTION('',(-1.,-0.,0.));
#3138 = ADVANCED_FACE('',(#3139),#3155,.F.);
#3139 = FACE_BOUND('',#3140,.T.);
#3140 = EDGE_LOOP('',(#3141,#3142,#3148,#3149));
#3141 = ORIENTED_EDGE('',*,*,#2939,.F.);
#3142 = ORIENTED_EDGE('',*,*,#3143,.F.);
#3143 = EDGE_CURVE('',#2482,#2931,#3144,.T.);
#3144 = LINE('',#3145,#3146);
#3145 = CARTESIAN_POINT('',(-4.170101526558,1.490081207754,
    -0.599999933243));
#3146 = VECTOR('',#3147,1.);
#3147 = DIRECTION('',(1.,0.,0.));
#3148 = ORIENTED_EDGE('',*,*,#2481,.T.);
#3149 = ORIENTED_EDGE('',*,*,#3150,.F.);
#3150 = EDGE_CURVE('',#2940,#2473,#3151,.T.);
#3151 = LINE('',#3152,#3153);
#3152 = CARTESIAN_POINT('',(-3.220101543336,2.390081191859,
    -0.599999933243));
#3153 = VECTOR('',#3154,1.);
#3154 = DIRECTION('',(-1.,0.,0.));
#3155 = PLANE('',#3156);
#3156 = AXIS2_PLACEMENT_3D('',#3157,#3158,#3159);
#3157 = CARTESIAN_POINT('',(-3.220101543336,1.290081211286,
    -0.599999933243));
#3158 = DIRECTION('',(0.,-3.641026466083E-15,1.));
#3159 = DIRECTION('',(0.,-1.,-3.641026466083E-15));
#3160 = ADVANCED_FACE('',(#3161),#3177,.F.);
#3161 = FACE_BOUND('',#3162,.T.);
#3162 = EDGE_LOOP('',(#3163,#3164,#3170,#3171));
#3163 = ORIENTED_EDGE('',*,*,#2863,.T.);
#3164 = ORIENTED_EDGE('',*,*,#3165,.F.);
#3165 = EDGE_CURVE('',#2558,#2855,#3166,.T.);
#3166 = LINE('',#3167,#3168);
#3167 = CARTESIAN_POINT('',(-4.170101526558,-2.20134008329,
    -0.541421290515));
#3168 = VECTOR('',#3169,1.);
#3169 = DIRECTION('',(1.,0.,0.));
#3170 = ORIENTED_EDGE('',*,*,#2557,.T.);
#3171 = ORIENTED_EDGE('',*,*,#3172,.F.);
#3172 = EDGE_CURVE('',#2864,#2549,#3173,.T.);
#3173 = LINE('',#3174,#3175);
#3174 = CARTESIAN_POINT('',(-4.170101526558,-1.918497375811,
    -0.258578583035));
#3175 = VECTOR('',#3176,1.);
#3176 = DIRECTION('',(-1.,-0.,-0.));
#3177 = PLANE('',#3178);
#3178 = AXIS2_PLACEMENT_3D('',#3179,#3180,#3181);
#3179 = CARTESIAN_POINT('',(-4.170101526558,-2.259918726019,
    -0.599999933243));
#3180 = DIRECTION('',(0.,-0.707106781187,0.707106781187));
#3181 = DIRECTION('',(-1.,0.,0.));
#3182 = ADVANCED_FACE('',(#3183),#3199,.T.);
#3183 = FACE_BOUND('',#3184,.T.);
#3184 = EDGE_LOOP('',(#3185,#3186,#3192,#3193));
#3185 = ORIENTED_EDGE('',*,*,#2591,.T.);
#3186 = ORIENTED_EDGE('',*,*,#3187,.F.);
#3187 = EDGE_CURVE('',#2830,#2583,#3188,.T.);
#3188 = LINE('',#3189,#3190);
#3189 = CARTESIAN_POINT('',(-1.016002032004E-04,-3.018497356384,
    -0.541421290515));
#3190 = VECTOR('',#3191,1.);
#3191 = DIRECTION('',(-1.,-0.,-0.));
#3192 = ORIENTED_EDGE('',*,*,#2829,.T.);
#3193 = ORIENTED_EDGE('',*,*,#3194,.F.);
#3194 = EDGE_CURVE('',#2592,#2821,#3195,.T.);
#3195 = LINE('',#3196,#3197);
#3196 = CARTESIAN_POINT('',(-4.170101526558,-3.301340063864,
    -0.258578583035));
#3197 = VECTOR('',#3198,1.);
#3198 = DIRECTION('',(1.,0.,0.));
#3199 = PLANE('',#3200);
#3200 = AXIS2_PLACEMENT_3D('',#3201,#3202,#3203);
#3201 = CARTESIAN_POINT('',(-1.016002032004E-04,-3.359918706592,
    -0.199999940307));
#3202 = DIRECTION('',(0.,-0.707106781187,-0.707106781187));
#3203 = DIRECTION('',(1.,0.,0.));
#3204 = ADVANCED_FACE('',(#3205),#3211,.T.);
#3205 = FACE_BOUND('',#3206,.T.);
#3206 = EDGE_LOOP('',(#3207,#3208,#3209,#3210));
#3207 = ORIENTED_EDGE('',*,*,#2947,.T.);
#3208 = ORIENTED_EDGE('',*,*,#3150,.T.);
#3209 = ORIENTED_EDGE('',*,*,#2472,.T.);
#3210 = ORIENTED_EDGE('',*,*,#780,.T.);
#3211 = CYLINDRICAL_SURFACE('',#3212,0.199999996468);
#3212 = AXIS2_PLACEMENT_3D('',#3213,#3214,#3215);
#3213 = CARTESIAN_POINT('',(-3.220101543336,2.390081191859,
    -0.399999936775));
#3214 = DIRECTION('',(-1.,0.,0.));
#3215 = DIRECTION('',(0.,1.,4.336808689942E-15));
#3216 = ADVANCED_FACE('',(#3217),#3223,.T.);
#3217 = FACE_BOUND('',#3218,.T.);
#3218 = EDGE_LOOP('',(#3219,#3220,#3221,#3222));
#3219 = ORIENTED_EDGE('',*,*,#2930,.T.);
#3220 = ORIENTED_EDGE('',*,*,#3128,.T.);
#3221 = ORIENTED_EDGE('',*,*,#2489,.T.);
#3222 = ORIENTED_EDGE('',*,*,#3143,.T.);
#3223 = CYLINDRICAL_SURFACE('',#3224,0.199999996468);
#3224 = AXIS2_PLACEMENT_3D('',#3225,#3226,#3227);
#3225 = CARTESIAN_POINT('',(-1.016002032004E-04,1.490081207754,
    -0.399999936775));
#3226 = DIRECTION('',(1.,0.,0.));
#3227 = DIRECTION('',(0.,-1.,-4.336808689942E-15));
#3228 = ADVANCED_FACE('',(#3229),#3235,.F.);
#3229 = FACE_BOUND('',#3230,.F.);
#3230 = EDGE_LOOP('',(#3231,#3232,#3233,#3234));
#3231 = ORIENTED_EDGE('',*,*,#3121,.F.);
#3232 = ORIENTED_EDGE('',*,*,#2506,.F.);
#3233 = ORIENTED_EDGE('',*,*,#3106,.F.);
#3234 = ORIENTED_EDGE('',*,*,#2913,.F.);
#3235 = CYLINDRICAL_SURFACE('',#3236,0.199999996468);
#3236 = AXIS2_PLACEMENT_3D('',#3237,#3238,#3239);
#3237 = CARTESIAN_POINT('',(4.469898320854,1.090081214818,1.050000037617
    ));
#3238 = DIRECTION('',(-1.,0.,0.));
#3239 = DIRECTION('',(0.,1.,3.252606517457E-15));
#3240 = ADVANCED_FACE('',(#3241),#3247,.F.);
#3241 = FACE_BOUND('',#3242,.F.);
#3242 = EDGE_LOOP('',(#3243,#3244,#3245,#3246));
#3243 = ORIENTED_EDGE('',*,*,#3099,.F.);
#3244 = ORIENTED_EDGE('',*,*,#2375,.F.);
#3245 = ORIENTED_EDGE('',*,*,#1986,.F.);
#3246 = ORIENTED_EDGE('',*,*,#2658,.F.);
#3247 = CYLINDRICAL_SURFACE('',#3248,0.199999996468);
#3248 = AXIS2_PLACEMENT_3D('',#3249,#3250,#3251);
#3249 = CARTESIAN_POINT('',(4.469898320854,0.490081225415,1.050000037617
    ));
#3250 = DIRECTION('',(1.,0.,0.));
#3251 = DIRECTION('',(0.,-1.,-3.252606517457E-15));
#3252 = ADVANCED_FACE('',(#3253),#3259,.T.);
#3253 = FACE_BOUND('',#3254,.T.);
#3254 = EDGE_LOOP('',(#3255,#3256,#3257,#3258));
#3255 = ORIENTED_EDGE('',*,*,#2820,.T.);
#3256 = ORIENTED_EDGE('',*,*,#3084,.T.);
#3257 = ORIENTED_EDGE('',*,*,#2599,.T.);
#3258 = ORIENTED_EDGE('',*,*,#3194,.T.);
#3259 = CYLINDRICAL_SURFACE('',#3260,0.199999996468);
#3260 = AXIS2_PLACEMENT_3D('',#3261,#3262,#3263);
#3261 = CARTESIAN_POINT('',(-1.016002032004E-04,-3.159918710124,
    -0.117157229295));
#3262 = DIRECTION('',(1.,0.,0.));
#3263 = DIRECTION('',(0.,-1.,-3.252606517457E-15));
#3264 = ADVANCED_FACE('',(#3265),#3271,.T.);
#3265 = FACE_BOUND('',#3266,.T.);
#3266 = EDGE_LOOP('',(#3267,#3268,#3269,#3270));
#3267 = ORIENTED_EDGE('',*,*,#2548,.T.);
#3268 = ORIENTED_EDGE('',*,*,#3062,.T.);
#3269 = ORIENTED_EDGE('',*,*,#2871,.T.);
#3270 = ORIENTED_EDGE('',*,*,#3172,.T.);
#3271 = CYLINDRICAL_SURFACE('',#3272,0.199999996468);
#3272 = AXIS2_PLACEMENT_3D('',#3273,#3274,#3275);
#3273 = CARTESIAN_POINT('',(-1.016002032004E-04,-2.059918729551,
    -0.117157229295));
#3274 = DIRECTION('',(-1.,0.,0.));
#3275 = DIRECTION('',(0.,1.,3.252606517457E-15));
#3276 = ADVANCED_FACE('',(#3277),#3283,.T.);
#3277 = FACE_BOUND('',#3278,.T.);
#3278 = EDGE_LOOP('',(#3279,#3280,#3281,#3282));
#3279 = ORIENTED_EDGE('',*,*,#2854,.T.);
#3280 = ORIENTED_EDGE('',*,*,#3040,.T.);
#3281 = ORIENTED_EDGE('',*,*,#2565,.T.);
#3282 = ORIENTED_EDGE('',*,*,#3165,.T.);
#3283 = CYLINDRICAL_SURFACE('',#3284,0.199999996468);
#3284 = AXIS2_PLACEMENT_3D('',#3285,#3286,#3287);
#3285 = CARTESIAN_POINT('',(-4.170101526558,-2.34276143703,
    -0.399999936775));
#3286 = DIRECTION('',(1.,0.,0.));
#3287 = DIRECTION('',(0.,-1.,-4.336808689942E-15));
#3288 = ADVANCED_FACE('',(#3289),#3295,.T.);
#3289 = FACE_BOUND('',#3290,.T.);
#3290 = EDGE_LOOP('',(#3291,#3292,#3293,#3294));
#3291 = ORIENTED_EDGE('',*,*,#2582,.T.);
#3292 = ORIENTED_EDGE('',*,*,#3033,.T.);
#3293 = ORIENTED_EDGE('',*,*,#2837,.T.);
#3294 = ORIENTED_EDGE('',*,*,#3187,.T.);
#3295 = CYLINDRICAL_SURFACE('',#3296,0.199999996468);
#3296 = AXIS2_PLACEMENT_3D('',#3297,#3298,#3299);
#3297 = CARTESIAN_POINT('',(-4.170101526558,-2.877076002645,
    -0.399999936775));
#3298 = DIRECTION('',(1.,0.,0.));
#3299 = DIRECTION('',(0.,-1.,-4.336808689942E-15));
#3300 = ADVANCED_FACE('',(#3301),#3307,.F.);
#3301 = FACE_BOUND('',#3302,.F.);
#3302 = EDGE_LOOP('',(#3303,#3304,#3305,#3306));
#3303 = ORIENTED_EDGE('',*,*,#2994,.F.);
#3304 = ORIENTED_EDGE('',*,*,#158,.F.);
#3305 = ORIENTED_EDGE('',*,*,#2970,.F.);
#3306 = ORIENTED_EDGE('',*,*,#1465,.F.);
#3307 = CYLINDRICAL_SURFACE('',#3308,0.199999996468);
#3308 = AXIS2_PLACEMENT_3D('',#3309,#3310,#3311);
#3309 = CARTESIAN_POINT('',(-2.470101556581,-3.55991870306,
    1.580000028257));
#3310 = DIRECTION('',(0.,3.491481338843E-15,-1.));
#3311 = DIRECTION('',(0.,1.,3.491481338843E-15));
#3312 = ADVANCED_FACE('',(#3313),#3319,.F.);
#3313 = FACE_BOUND('',#3314,.F.);
#3314 = EDGE_LOOP('',(#3315,#3316,#3317,#3318));
#3315 = ORIENTED_EDGE('',*,*,#3018,.F.);
#3316 = ORIENTED_EDGE('',*,*,#1448,.F.);
#3317 = ORIENTED_EDGE('',*,*,#2963,.F.);
#3318 = ORIENTED_EDGE('',*,*,#175,.F.);
#3319 = CYLINDRICAL_SURFACE('',#3320,0.199999996468);
#3320 = AXIS2_PLACEMENT_3D('',#3321,#3322,#3323);
#3321 = CARTESIAN_POINT('',(-2.470101556581,-1.659918736615,
    1.580000028257));
#3322 = DIRECTION('',(0.,-3.790571593322E-15,1.));
#3323 = DIRECTION('',(0.,-1.,-3.790571593322E-15));
#3324 = ADVANCED_FACE('',(#3325),#3336,.F.);
#3325 = FACE_BOUND('',#3326,.F.);
#3326 = EDGE_LOOP('',(#3327,#3328,#3334,#3335));
#3327 = ORIENTED_EDGE('',*,*,#2888,.F.);
#3328 = ORIENTED_EDGE('',*,*,#3329,.F.);
#3329 = EDGE_CURVE('',#2523,#2889,#3330,.T.);
#3330 = LINE('',#3331,#3332);
#3331 = CARTESIAN_POINT('',(-2.270101560114,-1.659918736615,
    1.450000030553));
#3332 = VECTOR('',#3333,1.);
#3333 = DIRECTION('',(1.,0.,0.));
#3334 = ORIENTED_EDGE('',*,*,#2531,.F.);
#3335 = ORIENTED_EDGE('',*,*,#3055,.F.);
#3336 = CYLINDRICAL_SURFACE('',#3337,0.199999996468);
#3337 = AXIS2_PLACEMENT_3D('',#3338,#3339,#3340);
#3338 = CARTESIAN_POINT('',(-2.270101560114,-1.659918736615,
    1.250000034085));
#3339 = DIRECTION('',(1.,0.,0.));
#3340 = DIRECTION('',(0.,-1.,-3.523657060578E-15));
#3341 = ADVANCED_FACE('',(#3342),#3348,.F.);
#3342 = FACE_BOUND('',#3343,.F.);
#3343 = EDGE_LOOP('',(#3344,#3345,#3346,#3347));
#3344 = ORIENTED_EDGE('',*,*,#3010,.F.);
#3345 = ORIENTED_EDGE('',*,*,#2522,.F.);
#3346 = ORIENTED_EDGE('',*,*,#3329,.T.);
#3347 = ORIENTED_EDGE('',*,*,#2897,.F.);
#3348 = CYLINDRICAL_SURFACE('',#3349,0.199999996468);
#3349 = AXIS2_PLACEMENT_3D('',#3350,#3351,#3352);
#3350 = CARTESIAN_POINT('',(-2.270101560114,-1.659918736615,
    1.250000034085));
#3351 = DIRECTION('',(1.,0.,0.));
#3352 = DIRECTION('',(0.,-1.,-3.523657060578E-15));
#3353 = ADVANCED_FACE('',(#3354),#3365,.F.);
#3354 = FACE_BOUND('',#3355,.F.);
#3355 = EDGE_LOOP('',(#3356,#3357,#3358,#3359));
#3356 = ORIENTED_EDGE('',*,*,#2625,.F.);
#3357 = ORIENTED_EDGE('',*,*,#2986,.F.);
#3358 = ORIENTED_EDGE('',*,*,#2794,.F.);
#3359 = ORIENTED_EDGE('',*,*,#3360,.F.);
#3360 = EDGE_CURVE('',#2617,#2795,#3361,.T.);
#3361 = LINE('',#3362,#3363);
#3362 = CARTESIAN_POINT('',(-4.170101526558,-3.55991870306,
    1.450000030553));
#3363 = VECTOR('',#3364,1.);
#3364 = DIRECTION('',(1.,0.,0.));
#3365 = CYLINDRICAL_SURFACE('',#3366,0.199999996468);
#3366 = AXIS2_PLACEMENT_3D('',#3367,#3368,#3369);
#3367 = CARTESIAN_POINT('',(-2.270101560114,-3.55991870306,
    1.250000034085));
#3368 = DIRECTION('',(1.,0.,0.));
#3369 = DIRECTION('',(0.,-1.,-3.523657060578E-15));
#3370 = ADVANCED_FACE('',(#3371),#3377,.F.);
#3371 = FACE_BOUND('',#3372,.F.);
#3372 = EDGE_LOOP('',(#3373,#3374,#3375,#3376));
#3373 = ORIENTED_EDGE('',*,*,#3360,.T.);
#3374 = ORIENTED_EDGE('',*,*,#2803,.F.);
#3375 = ORIENTED_EDGE('',*,*,#3077,.F.);
#3376 = ORIENTED_EDGE('',*,*,#2616,.F.);
#3377 = CYLINDRICAL_SURFACE('',#3378,0.199999996468);
#3378 = AXIS2_PLACEMENT_3D('',#3379,#3380,#3381);
#3379 = CARTESIAN_POINT('',(-1.016002032004E-04,-3.55991870306,
    1.250000034085));
#3380 = DIRECTION('',(-1.,0.,0.));
#3381 = DIRECTION('',(0.,1.,3.523657060578E-15));
#3382 = ADVANCED_FACE('',(#3383),#3401,.F.);
#3383 = FACE_BOUND('',#3384,.T.);
#3384 = EDGE_LOOP('',(#3385,#3386,#3392,#3393,#3394,#3400));
#3385 = ORIENTED_EDGE('',*,*,#2785,.F.);
#3386 = ORIENTED_EDGE('',*,*,#3387,.T.);
#3387 = EDGE_CURVE('',#2777,#2636,#3388,.T.);
#3388 = LINE('',#3389,#3390);
#3389 = CARTESIAN_POINT('',(-4.47010152126,1.790081202456,1.810000024195
    ));
#3390 = VECTOR('',#3391,1.);
#3391 = DIRECTION('',(-1.,-0.,-0.));
#3392 = ORIENTED_EDGE('',*,*,#2635,.F.);
#3393 = ORIENTED_EDGE('',*,*,#2423,.T.);
#3394 = ORIENTED_EDGE('',*,*,#3395,.T.);
#3395 = EDGE_CURVE('',#2413,#2695,#3396,.T.);
#3396 = LINE('',#3397,#3398);
#3397 = CARTESIAN_POINT('',(-3.803196722523,1.790081202456,
    2.510000011833));
#3398 = VECTOR('',#3399,1.);
#3399 = DIRECTION('',(1.,0.,0.));
#3400 = ORIENTED_EDGE('',*,*,#2707,.F.);
#3401 = PLANE('',#3402);
#3402 = AXIS2_PLACEMENT_3D('',#3403,#3404,#3405);
#3403 = CARTESIAN_POINT('',(-4.47010152126,1.790081202456,1.660000026844
    ));
#3404 = DIRECTION('',(0.,-1.,-3.491481338843E-15));
#3405 = DIRECTION('',(1.,0.,0.));
#3406 = ADVANCED_FACE('',(#3407),#3423,.F.);
#3407 = FACE_BOUND('',#3408,.T.);
#3408 = EDGE_LOOP('',(#3409,#3410,#3416,#3417));
#3409 = ORIENTED_EDGE('',*,*,#2768,.F.);
#3410 = ORIENTED_EDGE('',*,*,#3411,.T.);
#3411 = EDGE_CURVE('',#2760,#2457,#3412,.T.);
#3412 = LINE('',#3413,#3414);
#3413 = CARTESIAN_POINT('',(-4.47010152126,2.440081190976,1.660000026844
    ));
#3414 = VECTOR('',#3415,1.);
#3415 = DIRECTION('',(-1.,-0.,-0.));
#3416 = ORIENTED_EDGE('',*,*,#2454,.F.);
#3417 = ORIENTED_EDGE('',*,*,#3418,.T.);
#3418 = EDGE_CURVE('',#2455,#2769,#3419,.T.);
#3419 = LINE('',#3420,#3421);
#3420 = CARTESIAN_POINT('',(-4.170101526558,1.940081199807,
    1.660000026844));
#3421 = VECTOR('',#3422,1.);
#3422 = DIRECTION('',(1.,0.,0.));
#3423 = PLANE('',#3424);
#3424 = AXIS2_PLACEMENT_3D('',#3425,#3426,#3427);
#3425 = CARTESIAN_POINT('',(-4.47010152126,2.590081188327,1.660000026844
    ));
#3426 = DIRECTION('',(0.,3.610065951459E-15,-1.));
#3427 = DIRECTION('',(0.,1.,3.610065951459E-15));
#3428 = ADVANCED_FACE('',(#3429),#3445,.F.);
#3429 = FACE_BOUND('',#3430,.T.);
#3430 = EDGE_LOOP('',(#3431,#3432,#3438,#3439));
#3431 = ORIENTED_EDGE('',*,*,#2404,.T.);
#3432 = ORIENTED_EDGE('',*,*,#3433,.T.);
#3433 = EDGE_CURVE('',#2394,#2732,#3434,.T.);
#3434 = LINE('',#3435,#3436);
#3435 = CARTESIAN_POINT('',(-4.47010152126,2.440081190976,2.660000009184
    ));
#3436 = VECTOR('',#3437,1.);
#3437 = DIRECTION('',(1.,0.,0.));
#3438 = ORIENTED_EDGE('',*,*,#2744,.F.);
#3439 = ORIENTED_EDGE('',*,*,#3440,.T.);
#3440 = EDGE_CURVE('',#2697,#2405,#3441,.T.);
#3441 = LINE('',#3442,#3443);
#3442 = CARTESIAN_POINT('',(-4.220101525675,1.940081199807,
    2.660000009184));
#3443 = VECTOR('',#3444,1.);
#3444 = DIRECTION('',(-1.,-0.,-0.));
#3445 = PLANE('',#3446);
#3446 = AXIS2_PLACEMENT_3D('',#3447,#3448,#3449);
#3447 = CARTESIAN_POINT('',(-4.47010152126,2.590081188327,2.660000009184
    ));
#3448 = DIRECTION('',(0.,-3.491481338843E-15,1.));
#3449 = DIRECTION('',(0.,-1.,-3.491481338843E-15));
#3450 = ADVANCED_FACE('',(#3451),#3467,.F.);
#3451 = FACE_BOUND('',#3452,.T.);
#3452 = EDGE_LOOP('',(#3453,#3454,#3460,#3461));
#3453 = ORIENTED_EDGE('',*,*,#1608,.F.);
#3454 = ORIENTED_EDGE('',*,*,#3455,.T.);
#3455 = EDGE_CURVE('',#1609,#954,#3456,.T.);
#3456 = LINE('',#3457,#3458);
#3457 = CARTESIAN_POINT('',(-4.47010152126,2.440081190976,2.660000009184
    ));
#3458 = VECTOR('',#3459,1.);
#3459 = DIRECTION('',(1.,0.,0.));
#3460 = ORIENTED_EDGE('',*,*,#953,.T.);
#3461 = ORIENTED_EDGE('',*,*,#3462,.T.);
#3462 = EDGE_CURVE('',#956,#1596,#3463,.T.);
#3463 = LINE('',#3464,#3465);
#3464 = CARTESIAN_POINT('',(3.802993522116,1.940081199807,2.660000009184
    ));
#3465 = VECTOR('',#3466,1.);
#3466 = DIRECTION('',(-1.,-0.,-0.));
#3467 = PLANE('',#3468);
#3468 = AXIS2_PLACEMENT_3D('',#3469,#3470,#3471);
#3469 = CARTESIAN_POINT('',(-4.47010152126,2.590081188327,2.660000009184
    ));
#3470 = DIRECTION('',(0.,-3.491481338843E-15,1.));
#3471 = DIRECTION('',(0.,-1.,-3.491481338843E-15));
#3472 = ADVANCED_FACE('',(#3473),#3489,.F.);
#3473 = FACE_BOUND('',#3474,.T.);
#3474 = EDGE_LOOP('',(#3475,#3476,#3482,#3483));
#3475 = ORIENTED_EDGE('',*,*,#1043,.T.);
#3476 = ORIENTED_EDGE('',*,*,#3477,.T.);
#3477 = EDGE_CURVE('',#1035,#1639,#3478,.T.);
#3478 = LINE('',#3479,#3480);
#3479 = CARTESIAN_POINT('',(-4.47010152126,2.440081190976,1.660000026844
    ));
#3480 = VECTOR('',#3481,1.);
#3481 = DIRECTION('',(-1.,-0.,-0.));
#3482 = ORIENTED_EDGE('',*,*,#1636,.F.);
#3483 = ORIENTED_EDGE('',*,*,#3484,.T.);
#3484 = EDGE_CURVE('',#1637,#1044,#3485,.T.);
#3485 = LINE('',#3486,#3487);
#3486 = CARTESIAN_POINT('',(4.469898320854,1.940081199807,1.660000026844
    ));
#3487 = VECTOR('',#3488,1.);
#3488 = DIRECTION('',(1.,0.,0.));
#3489 = PLANE('',#3490);
#3490 = AXIS2_PLACEMENT_3D('',#3491,#3492,#3493);
#3491 = CARTESIAN_POINT('',(-4.47010152126,2.590081188327,1.660000026844
    ));
#3492 = DIRECTION('',(0.,3.610065951459E-15,-1.));
#3493 = DIRECTION('',(0.,1.,3.610065951459E-15));
#3494 = ADVANCED_FACE('',(#3495),#3513,.F.);
#3495 = FACE_BOUND('',#3496,.T.);
#3496 = EDGE_LOOP('',(#3497,#3498,#3504,#3505,#3506,#3512));
#3497 = ORIENTED_EDGE('',*,*,#1060,.T.);
#3498 = ORIENTED_EDGE('',*,*,#3499,.T.);
#3499 = EDGE_CURVE('',#1052,#1818,#3500,.T.);
#3500 = LINE('',#3501,#3502);
#3501 = CARTESIAN_POINT('',(4.169898326152,1.790081202456,1.810000024195
    ));
#3502 = VECTOR('',#3503,1.);
#3503 = DIRECTION('',(-1.,-0.,-0.));
#3504 = ORIENTED_EDGE('',*,*,#1817,.F.);
#3505 = ORIENTED_EDGE('',*,*,#1586,.F.);
#3506 = ORIENTED_EDGE('',*,*,#3507,.T.);
#3507 = EDGE_CURVE('',#1587,#1008,#3508,.T.);
#3508 = LINE('',#3509,#3510);
#3509 = CARTESIAN_POINT('',(4.219898325269,1.790081202456,2.510000011833
    ));
#3510 = VECTOR('',#3511,1.);
#3511 = DIRECTION('',(1.,0.,0.));
#3512 = ORIENTED_EDGE('',*,*,#1007,.T.);
#3513 = PLANE('',#3514);
#3514 = AXIS2_PLACEMENT_3D('',#3515,#3516,#3517);
#3515 = CARTESIAN_POINT('',(-4.47010152126,1.790081202456,1.660000026844
    ));
#3516 = DIRECTION('',(0.,-1.,-3.491481338843E-15));
#3517 = DIRECTION('',(1.,0.,0.));
#3518 = ADVANCED_FACE('',(#3519),#3525,.T.);
#3519 = FACE_BOUND('',#3520,.T.);
#3520 = EDGE_LOOP('',(#3521,#3522,#3523,#3524));
#3521 = ORIENTED_EDGE('',*,*,#2393,.F.);
#3522 = ORIENTED_EDGE('',*,*,#700,.F.);
#3523 = ORIENTED_EDGE('',*,*,#2731,.F.);
#3524 = ORIENTED_EDGE('',*,*,#3433,.F.);
#3525 = CYLINDRICAL_SURFACE('',#3526,0.149999997351);
#3526 = AXIS2_PLACEMENT_3D('',#3527,#3528,#3529);
#3527 = CARTESIAN_POINT('',(-4.47010152126,2.440081190976,2.810000006534
    ));
#3528 = DIRECTION('',(1.,0.,0.));
#3529 = DIRECTION('',(-0.,1.,2.891205793295E-15));
#3530 = ADVANCED_FACE('',(#3531),#3537,.T.);
#3531 = FACE_BOUND('',#3532,.T.);
#3532 = EDGE_LOOP('',(#3533,#3534,#3535,#3536));
#3533 = ORIENTED_EDGE('',*,*,#2464,.F.);
#3534 = ORIENTED_EDGE('',*,*,#3411,.F.);
#3535 = ORIENTED_EDGE('',*,*,#2759,.F.);
#3536 = ORIENTED_EDGE('',*,*,#764,.F.);
#3537 = CYLINDRICAL_SURFACE('',#3538,0.149999997351);
#3538 = AXIS2_PLACEMENT_3D('',#3539,#3540,#3541);
#3539 = CARTESIAN_POINT('',(3.21989834293,2.440081190976,1.510000029493)
  );
#3540 = DIRECTION('',(1.,0.,0.));
#3541 = DIRECTION('',(-0.,1.,3.523657060578E-15));
#3542 = ADVANCED_FACE('',(#3543),#3549,.F.);
#3543 = FACE_BOUND('',#3544,.F.);
#3544 = EDGE_LOOP('',(#3545,#3546,#3547,#3548));
#3545 = ORIENTED_EDGE('',*,*,#3418,.T.);
#3546 = ORIENTED_EDGE('',*,*,#2776,.T.);
#3547 = ORIENTED_EDGE('',*,*,#3387,.T.);
#3548 = ORIENTED_EDGE('',*,*,#2643,.T.);
#3549 = CYLINDRICAL_SURFACE('',#3550,0.149999997351);
#3550 = AXIS2_PLACEMENT_3D('',#3551,#3552,#3553);
#3551 = CARTESIAN_POINT('',(-4.47010152126,1.940081199807,1.810000024195
    ));
#3552 = DIRECTION('',(-1.,0.,0.));
#3553 = DIRECTION('',(-0.,-1.,-3.433306879537E-15));
#3554 = ADVANCED_FACE('',(#3555),#3561,.F.);
#3555 = FACE_BOUND('',#3556,.F.);
#3556 = EDGE_LOOP('',(#3557,#3558,#3559,#3560));
#3557 = ORIENTED_EDGE('',*,*,#3395,.T.);
#3558 = ORIENTED_EDGE('',*,*,#2694,.T.);
#3559 = ORIENTED_EDGE('',*,*,#3440,.T.);
#3560 = ORIENTED_EDGE('',*,*,#2412,.T.);
#3561 = CYLINDRICAL_SURFACE('',#3562,0.149999997351);
#3562 = AXIS2_PLACEMENT_3D('',#3563,#3564,#3565);
#3563 = CARTESIAN_POINT('',(-4.47010152126,1.940081199807,2.510000011833
    ));
#3564 = DIRECTION('',(-1.,0.,0.));
#3565 = DIRECTION('',(-0.,-1.,-3.614007241618E-15));
#3566 = ADVANCED_FACE('',(#3567),#3573,.T.);
#3567 = FACE_BOUND('',#3568,.T.);
#3568 = EDGE_LOOP('',(#3569,#3570,#3571,#3572));
#3569 = ORIENTED_EDGE('',*,*,#1616,.F.);
#3570 = ORIENTED_EDGE('',*,*,#1260,.F.);
#3571 = ORIENTED_EDGE('',*,*,#963,.F.);
#3572 = ORIENTED_EDGE('',*,*,#3455,.F.);
#3573 = CYLINDRICAL_SURFACE('',#3574,0.149999997351);
#3574 = AXIS2_PLACEMENT_3D('',#3575,#3576,#3577);
#3575 = CARTESIAN_POINT('',(-4.47010152126,2.440081190976,2.810000006534
    ));
#3576 = DIRECTION('',(1.,0.,0.));
#3577 = DIRECTION('',(-0.,1.,2.891205793295E-15));
#3578 = ADVANCED_FACE('',(#3579),#3585,.T.);
#3579 = FACE_BOUND('',#3580,.T.);
#3580 = EDGE_LOOP('',(#3581,#3582,#3583,#3584));
#3581 = ORIENTED_EDGE('',*,*,#1646,.F.);
#3582 = ORIENTED_EDGE('',*,*,#3477,.F.);
#3583 = ORIENTED_EDGE('',*,*,#1034,.F.);
#3584 = ORIENTED_EDGE('',*,*,#724,.F.);
#3585 = CYLINDRICAL_SURFACE('',#3586,0.149999997351);
#3586 = AXIS2_PLACEMENT_3D('',#3587,#3588,#3589);
#3587 = CARTESIAN_POINT('',(3.21989834293,2.440081190976,1.510000029493)
  );
#3588 = DIRECTION('',(1.,0.,0.));
#3589 = DIRECTION('',(-0.,1.,3.523657060578E-15));
#3590 = ADVANCED_FACE('',(#3591),#3597,.F.);
#3591 = FACE_BOUND('',#3592,.F.);
#3592 = EDGE_LOOP('',(#3593,#3594,#3595,#3596));
#3593 = ORIENTED_EDGE('',*,*,#3484,.T.);
#3594 = ORIENTED_EDGE('',*,*,#1051,.T.);
#3595 = ORIENTED_EDGE('',*,*,#3499,.T.);
#3596 = ORIENTED_EDGE('',*,*,#1825,.T.);
#3597 = CYLINDRICAL_SURFACE('',#3598,0.149999997351);
#3598 = AXIS2_PLACEMENT_3D('',#3599,#3600,#3601);
#3599 = CARTESIAN_POINT('',(-4.47010152126,1.940081199807,1.810000024195
    ));
#3600 = DIRECTION('',(-1.,0.,0.));
#3601 = DIRECTION('',(-0.,-1.,-3.433306879537E-15));
#3602 = ADVANCED_FACE('',(#3603),#3609,.F.);
#3603 = FACE_BOUND('',#3604,.F.);
#3604 = EDGE_LOOP('',(#3605,#3606,#3607,#3608));
#3605 = ORIENTED_EDGE('',*,*,#3507,.T.);
#3606 = ORIENTED_EDGE('',*,*,#1016,.T.);
#3607 = ORIENTED_EDGE('',*,*,#3462,.T.);
#3608 = ORIENTED_EDGE('',*,*,#1595,.T.);
#3609 = CYLINDRICAL_SURFACE('',#3610,0.149999997351);
#3610 = AXIS2_PLACEMENT_3D('',#3611,#3612,#3613);
#3611 = CARTESIAN_POINT('',(-4.47010152126,1.940081199807,2.510000011833
    ));
#3612 = DIRECTION('',(-1.,0.,0.));
#3613 = DIRECTION('',(-0.,-1.,-3.614007241618E-15));
#3614 = ADVANCED_FACE('',(#3615),#3626,.F.);
#3615 = FACE_BOUND('',#3616,.T.);
#3616 = EDGE_LOOP('',(#3617,#3623,#3624,#3625));
#3617 = ORIENTED_EDGE('',*,*,#3618,.T.);
#3618 = EDGE_CURVE('',#1548,#916,#3619,.T.);
#3619 = LINE('',#3620,#3621);
#3620 = CARTESIAN_POINT('',(3.21989834293,2.390081191859,2.610000010067)
  );
#3621 = VECTOR('',#3622,1.);
#3622 = DIRECTION('',(0.,-3.491481338843E-15,1.));
#3623 = ORIENTED_EDGE('',*,*,#983,.F.);
#3624 = ORIENTED_EDGE('',*,*,#1253,.F.);
#3625 = ORIENTED_EDGE('',*,*,#1570,.T.);
#3626 = PLANE('',#3627);
#3627 = AXIS2_PLACEMENT_3D('',#3628,#3629,#3630);
#3628 = CARTESIAN_POINT('',(3.21989834293,2.590081188327,2.610000010067)
  );
#3629 = DIRECTION('',(1.,0.,0.));
#3630 = DIRECTION('',(-0.,1.,3.491481338843E-15));
#3631 = ADVANCED_FACE('',(#3632),#3643,.F.);
#3632 = FACE_BOUND('',#3633,.T.);
#3633 = EDGE_LOOP('',(#3634,#3635,#3636,#3642));
#3634 = ORIENTED_EDGE('',*,*,#683,.T.);
#3635 = ORIENTED_EDGE('',*,*,#2440,.T.);
#3636 = ORIENTED_EDGE('',*,*,#3637,.F.);
#3637 = EDGE_CURVE('',#1540,#914,#3638,.T.);
#3638 = LINE('',#3639,#3640);
#3639 = CARTESIAN_POINT('',(-3.220101543336,2.390081191859,
    2.610000010067));
#3640 = VECTOR('',#3641,1.);
#3641 = DIRECTION('',(0.,-3.491481338843E-15,1.));
#3642 = ORIENTED_EDGE('',*,*,#2724,.F.);
#3643 = PLANE('',#3644);
#3644 = AXIS2_PLACEMENT_3D('',#3645,#3646,#3647);
#3645 = CARTESIAN_POINT('',(-3.220101543336,2.590081188327,
    2.610000010067));
#3646 = DIRECTION('',(-1.,0.,0.));
#3647 = DIRECTION('',(-0.,-1.,-3.491481338843E-15));
#3648 = ADVANCED_FACE('',(#3649),#3655,.F.);
#3649 = FACE_BOUND('',#3650,.T.);
#3650 = EDGE_LOOP('',(#3651,#3652,#3653,#3654));
#3651 = ORIENTED_EDGE('',*,*,#3637,.T.);
#3652 = ORIENTED_EDGE('',*,*,#913,.T.);
#3653 = ORIENTED_EDGE('',*,*,#3618,.F.);
#3654 = ORIENTED_EDGE('',*,*,#1547,.F.);
#3655 = PLANE('',#3656);
#3656 = AXIS2_PLACEMENT_3D('',#3657,#3658,#3659);
#3657 = CARTESIAN_POINT('',(-3.220101543336,2.390081191859,
    2.610000010067));
#3658 = DIRECTION('',(0.,-1.,-3.491481338843E-15));
#3659 = DIRECTION('',(1.,0.,0.));
#3660 = ADVANCED_FACE('',(#3661),#3686,.T.);
#3661 = FACE_BOUND('',#3662,.T.);
#3662 = EDGE_LOOP('',(#3663,#3664,#3672,#3680));
#3663 = ORIENTED_EDGE('',*,*,#76,.F.);
#3664 = ORIENTED_EDGE('',*,*,#3665,.F.);
#3665 = EDGE_CURVE('',#3666,#69,#3668,.T.);
#3666 = VERTEX_POINT('',#3667);
#3667 = CARTESIAN_POINT('',(1.695020321079,-1.018143897491,
    2.000005580761E-02));
#3668 = LINE('',#3669,#3670);
#3669 = CARTESIAN_POINT('',(1.695020321079,-1.018143897491,
    2.000005580761E-02));
#3670 = VECTOR('',#3671,1.);
#3671 = DIRECTION('',(0.,3.491481338843E-15,-1.));
#3672 = ORIENTED_EDGE('',*,*,#3673,.T.);
#3673 = EDGE_CURVE('',#3666,#3674,#3676,.T.);
#3674 = VERTEX_POINT('',#3675);
#3675 = CARTESIAN_POINT('',(2.085264216626,-1.814391515209E-02,
    2.000005580761E-02));
#3676 = LINE('',#3677,#3678);
#3677 = CARTESIAN_POINT('',(1.695020321079,-1.018143897491,
    2.000005580761E-02));
#3678 = VECTOR('',#3679,1.);
#3679 = DIRECTION('',(0.363542485653,0.931577619485,3.252585874116E-15)
  );
#3680 = ORIENTED_EDGE('',*,*,#3681,.T.);
#3681 = EDGE_CURVE('',#3674,#77,#3682,.T.);
#3682 = LINE('',#3683,#3684);
#3683 = CARTESIAN_POINT('',(2.085264216626,-1.814391515209E-02,
    2.000005580761E-02));
#3684 = VECTOR('',#3685,1.);
#3685 = DIRECTION('',(0.,3.491481338843E-15,-1.));
#3686 = PLANE('',#3687);
#3687 = AXIS2_PLACEMENT_3D('',#3688,#3689,#3690);
#3688 = CARTESIAN_POINT('',(1.695020321079,-1.018143897491,
    2.000005580761E-02));
#3689 = DIRECTION('',(-0.931577619485,0.363542485653,1.269301804533E-15)
  );
#3690 = DIRECTION('',(-0.363542485653,-0.931577619485,
    -3.252585874116E-15));
#3691 = ADVANCED_FACE('',(#3692),#3710,.T.);
#3692 = FACE_BOUND('',#3693,.T.);
#3693 = EDGE_LOOP('',(#3694,#3695,#3696,#3704));
#3694 = ORIENTED_EDGE('',*,*,#84,.F.);
#3695 = ORIENTED_EDGE('',*,*,#3681,.F.);
#3696 = ORIENTED_EDGE('',*,*,#3697,.T.);
#3697 = EDGE_CURVE('',#3674,#3698,#3700,.T.);
#3698 = VERTEX_POINT('',#3699);
#3699 = CARTESIAN_POINT('',(1.938922755796,-1.814391515209E-02,
    2.000005580761E-02));
#3700 = LINE('',#3701,#3702);
#3701 = CARTESIAN_POINT('',(2.085264216626,-1.814391515209E-02,
    2.000005580761E-02));
#3702 = VECTOR('',#3703,1.);
#3703 = DIRECTION('',(-1.,0.,0.));
#3704 = ORIENTED_EDGE('',*,*,#3705,.T.);
#3705 = EDGE_CURVE('',#3698,#85,#3706,.T.);
#3706 = LINE('',#3707,#3708);
#3707 = CARTESIAN_POINT('',(1.938922755796,-1.814391515209E-02,
    2.000005580761E-02));
#3708 = VECTOR('',#3709,1.);
#3709 = DIRECTION('',(0.,3.491481338843E-15,-1.));
#3710 = PLANE('',#3711);
#3711 = AXIS2_PLACEMENT_3D('',#3712,#3713,#3714);
#3712 = CARTESIAN_POINT('',(2.085264216626,-1.814391515209E-02,
    2.000005580761E-02));
#3713 = DIRECTION('',(0.,-1.,-3.491481338843E-15));
#3714 = DIRECTION('',(1.,0.,0.));
#3715 = ADVANCED_FACE('',(#3716),#3734,.T.);
#3716 = FACE_BOUND('',#3717,.T.);
#3717 = EDGE_LOOP('',(#3718,#3719,#3720,#3728));
#3718 = ORIENTED_EDGE('',*,*,#92,.F.);
#3719 = ORIENTED_EDGE('',*,*,#3705,.F.);
#3720 = ORIENTED_EDGE('',*,*,#3721,.T.);
#3721 = EDGE_CURVE('',#3698,#3722,#3724,.T.);
#3722 = VERTEX_POINT('',#3723);
#3723 = CARTESIAN_POINT('',(1.837741355144,-0.298631715077,
    2.000005580761E-02));
#3724 = LINE('',#3725,#3726);
#3725 = CARTESIAN_POINT('',(1.938922755796,-1.814391515209E-02,
    2.000005580761E-02));
#3726 = VECTOR('',#3727,1.);
#3727 = DIRECTION('',(-0.339330377275,-0.940667260544,
    -3.284322186246E-15));
#3728 = ORIENTED_EDGE('',*,*,#3729,.T.);
#3729 = EDGE_CURVE('',#3722,#93,#3730,.T.);
#3730 = LINE('',#3731,#3732);
#3731 = CARTESIAN_POINT('',(1.837741355144,-0.298631715077,
    2.000005580761E-02));
#3732 = VECTOR('',#3733,1.);
#3733 = DIRECTION('',(0.,3.491481338843E-15,-1.));
#3734 = PLANE('',#3735);
#3735 = AXIS2_PLACEMENT_3D('',#3736,#3737,#3738);
#3736 = CARTESIAN_POINT('',(1.938922755796,-1.814391515209E-02,
    2.000005580761E-02));
#3737 = DIRECTION('',(0.940667260544,-0.339330377275,-1.184765679957E-15
    ));
#3738 = DIRECTION('',(0.339330377275,0.940667260544,3.284322186246E-15)
  );
#3739 = ADVANCED_FACE('',(#3740),#3758,.T.);
#3740 = FACE_BOUND('',#3741,.T.);
#3741 = EDGE_LOOP('',(#3742,#3743,#3744,#3752));
#3742 = ORIENTED_EDGE('',*,*,#100,.F.);
#3743 = ORIENTED_EDGE('',*,*,#3729,.F.);
#3744 = ORIENTED_EDGE('',*,*,#3745,.T.);
#3745 = EDGE_CURVE('',#3722,#3746,#3748,.T.);
#3746 = VERTEX_POINT('',#3747);
#3747 = CARTESIAN_POINT('',(1.424631606342,-0.298631715077,
    2.000005580761E-02));
#3748 = LINE('',#3749,#3750);
#3749 = CARTESIAN_POINT('',(1.837741355144,-0.298631715077,
    2.000005580761E-02));
#3750 = VECTOR('',#3751,1.);
#3751 = DIRECTION('',(-1.,0.,0.));
#3752 = ORIENTED_EDGE('',*,*,#3753,.T.);
#3753 = EDGE_CURVE('',#3746,#101,#3754,.T.);
#3754 = LINE('',#3755,#3756);
#3755 = CARTESIAN_POINT('',(1.424631606342,-0.298631715077,
    2.000005580761E-02));
#3756 = VECTOR('',#3757,1.);
#3757 = DIRECTION('',(0.,3.491481338843E-15,-1.));
#3758 = PLANE('',#3759);
#3759 = AXIS2_PLACEMENT_3D('',#3760,#3761,#3762);
#3760 = CARTESIAN_POINT('',(1.837741355144,-0.298631715077,
    2.000005580761E-02));
#3761 = DIRECTION('',(0.,-1.,-3.491481338843E-15));
#3762 = DIRECTION('',(1.,0.,0.));
#3763 = ADVANCED_FACE('',(#3764),#3782,.T.);
#3764 = FACE_BOUND('',#3765,.T.);
#3765 = EDGE_LOOP('',(#3766,#3767,#3768,#3776));
#3766 = ORIENTED_EDGE('',*,*,#108,.F.);
#3767 = ORIENTED_EDGE('',*,*,#3753,.F.);
#3768 = ORIENTED_EDGE('',*,*,#3769,.T.);
#3769 = EDGE_CURVE('',#3746,#3770,#3772,.T.);
#3770 = VERTEX_POINT('',#3771);
#3771 = CARTESIAN_POINT('',(1.329166669004,-1.814391515209E-02,
    2.000005580761E-02));
#3772 = LINE('',#3773,#3774);
#3773 = CARTESIAN_POINT('',(1.424631606342,-0.298631715077,
    2.000005580761E-02));
#3774 = VECTOR('',#3775,1.);
#3775 = DIRECTION('',(-0.322202485606,0.946670776072,3.305283348685E-15)
  );
#3776 = ORIENTED_EDGE('',*,*,#3777,.T.);
#3777 = EDGE_CURVE('',#3770,#109,#3778,.T.);
#3778 = LINE('',#3779,#3780);
#3779 = CARTESIAN_POINT('',(1.329166669004,-1.814391515209E-02,
    2.000005580761E-02));
#3780 = VECTOR('',#3781,1.);
#3781 = DIRECTION('',(0.,3.491481338843E-15,-1.));
#3782 = PLANE('',#3783);
#3783 = AXIS2_PLACEMENT_3D('',#3784,#3785,#3786);
#3784 = CARTESIAN_POINT('',(1.424631606342,-0.298631715077,
    2.000005580761E-02));
#3785 = DIRECTION('',(-0.946670776072,-0.322202485606,
    -1.124963965823E-15));
#3786 = DIRECTION('',(0.322202485606,-0.946670776072,-3.305283348685E-15
    ));
#3787 = ADVANCED_FACE('',(#3788),#3806,.T.);
#3788 = FACE_BOUND('',#3789,.T.);
#3789 = EDGE_LOOP('',(#3790,#3791,#3792,#3800));
#3790 = ORIENTED_EDGE('',*,*,#116,.F.);
#3791 = ORIENTED_EDGE('',*,*,#3777,.F.);
#3792 = ORIENTED_EDGE('',*,*,#3793,.T.);
#3793 = EDGE_CURVE('',#3770,#3794,#3796,.T.);
#3794 = VERTEX_POINT('',#3795);
#3795 = CARTESIAN_POINT('',(1.182825208174,-1.814391515209E-02,
    2.000005580761E-02));
#3796 = LINE('',#3797,#3798);
#3797 = CARTESIAN_POINT('',(1.329166669004,-1.814391515209E-02,
    2.000005580761E-02));
#3798 = VECTOR('',#3799,1.);
#3799 = DIRECTION('',(-1.,0.,0.));
#3800 = ORIENTED_EDGE('',*,*,#3801,.T.);
#3801 = EDGE_CURVE('',#3794,#117,#3802,.T.);
#3802 = LINE('',#3803,#3804);
#3803 = CARTESIAN_POINT('',(1.182825208174,-1.814391515209E-02,
    2.000005580761E-02));
#3804 = VECTOR('',#3805,1.);
#3805 = DIRECTION('',(0.,3.491481338843E-15,-1.));
#3806 = PLANE('',#3807);
#3807 = AXIS2_PLACEMENT_3D('',#3808,#3809,#3810);
#3808 = CARTESIAN_POINT('',(1.329166669004,-1.814391515209E-02,
    2.000005580761E-02));
#3809 = DIRECTION('',(0.,-1.,-3.491481338843E-15));
#3810 = DIRECTION('',(1.,0.,0.));
#3811 = ADVANCED_FACE('',(#3812),#3830,.T.);
#3812 = FACE_BOUND('',#3813,.T.);
#3813 = EDGE_LOOP('',(#3814,#3815,#3816,#3824));
#3814 = ORIENTED_EDGE('',*,*,#124,.F.);
#3815 = ORIENTED_EDGE('',*,*,#3801,.F.);
#3816 = ORIENTED_EDGE('',*,*,#3817,.T.);
#3817 = EDGE_CURVE('',#3794,#3818,#3820,.T.);
#3818 = VERTEX_POINT('',#3819);
#3819 = CARTESIAN_POINT('',(1.560873981985,-1.018143897491,
    2.000005580761E-02));
#3820 = LINE('',#3821,#3822);
#3821 = CARTESIAN_POINT('',(1.182825208174,-1.814391515209E-02,
    2.000005580761E-02));
#3822 = VECTOR('',#3823,1.);
#3823 = DIRECTION('',(0.353622392329,-0.93538826358,-3.265890666864E-15)
  );
#3824 = ORIENTED_EDGE('',*,*,#3825,.T.);
#3825 = EDGE_CURVE('',#3818,#67,#3826,.T.);
#3826 = LINE('',#3827,#3828);
#3827 = CARTESIAN_POINT('',(1.560873981985,-1.018143897491,
    2.000005580761E-02));
#3828 = VECTOR('',#3829,1.);
#3829 = DIRECTION('',(0.,3.491481338843E-15,-1.));
#3830 = PLANE('',#3831);
#3831 = AXIS2_PLACEMENT_3D('',#3832,#3833,#3834);
#3832 = CARTESIAN_POINT('',(1.182825208174,-1.814391515209E-02,
    2.000005580761E-02));
#3833 = DIRECTION('',(0.93538826358,0.353622392329,1.234665983814E-15));
#3834 = DIRECTION('',(-0.353622392329,0.93538826358,3.265890666864E-15)
  );
#3835 = ADVANCED_FACE('',(#3836),#3847,.T.);
#3836 = FACE_BOUND('',#3837,.T.);
#3837 = EDGE_LOOP('',(#3838,#3839,#3840,#3846));
#3838 = ORIENTED_EDGE('',*,*,#66,.F.);
#3839 = ORIENTED_EDGE('',*,*,#3825,.F.);
#3840 = ORIENTED_EDGE('',*,*,#3841,.T.);
#3841 = EDGE_CURVE('',#3818,#3666,#3842,.T.);
#3842 = LINE('',#3843,#3844);
#3843 = CARTESIAN_POINT('',(1.560873981985,-1.018143897491,
    2.000005580761E-02));
#3844 = VECTOR('',#3845,1.);
#3845 = DIRECTION('',(1.,0.,0.));
#3846 = ORIENTED_EDGE('',*,*,#3665,.T.);
#3847 = PLANE('',#3848);
#3848 = AXIS2_PLACEMENT_3D('',#3849,#3850,#3851);
#3849 = CARTESIAN_POINT('',(1.560873981985,-1.018143897491,
    2.000005580761E-02));
#3850 = DIRECTION('',(0.,1.,3.491481338843E-15));
#3851 = DIRECTION('',(-1.,0.,0.));
#3852 = ADVANCED_FACE('',(#3853,#3911),#3921,.F.);
#3853 = FACE_BOUND('',#3854,.T.);
#3854 = EDGE_LOOP('',(#3855,#3865,#3873,#3885,#3893,#3905));
#3855 = ORIENTED_EDGE('',*,*,#3856,.F.);
#3856 = EDGE_CURVE('',#3857,#3859,#3861,.T.);
#3857 = VERTEX_POINT('',#3858);
#3858 = CARTESIAN_POINT('',(1.458358739893,-0.408387810699,
    2.000005580761E-02));
#3859 = VERTEX_POINT('',#3860);
#3860 = CARTESIAN_POINT('',(1.792771843743,-0.408387810699,
    2.000005580761E-02));
#3861 = LINE('',#3862,#3863);
#3862 = CARTESIAN_POINT('',(1.458358739893,-0.408387810699,
    2.000005580761E-02));
#3863 = VECTOR('',#3864,1.);
#3864 = DIRECTION('',(1.,0.,0.));
#3865 = ORIENTED_EDGE('',*,*,#3866,.F.);
#3866 = EDGE_CURVE('',#3867,#3857,#3869,.T.);
#3867 = VERTEX_POINT('',#3868);
#3868 = CARTESIAN_POINT('',(1.60755843238,-0.826070730152,
    2.000005580761E-02));
#3869 = LINE('',#3870,#3871);
#3870 = CARTESIAN_POINT('',(1.60755843238,-0.826070730152,
    2.000005580761E-02));
#3871 = VECTOR('',#3872,1.);
#3872 = DIRECTION('',(-0.336390827665,0.941722470297,3.288006431413E-15)
  );
#3873 = ORIENTED_EDGE('',*,*,#3874,.F.);
#3874 = EDGE_CURVE('',#3875,#3867,#3877,.T.);
#3875 = VERTEX_POINT('',#3876);
#3876 = CARTESIAN_POINT('',(1.623564529658,-0.896192680133,
    2.000005580761E-02));
#3877 = B_SPLINE_CURVE_WITH_KNOTS('',3,(#3878,#3879,#3880,#3881,#3882,
    #3883,#3884),.UNSPECIFIED.,.F.,.F.,(4,1,1,1,4),(0.,0.300541113159,
    0.567747146484,0.800033613737,1.),.UNSPECIFIED.);
#3878 = CARTESIAN_POINT('',(1.623564529658,-0.896192680133,
    2.000005580761E-02));
#3879 = CARTESIAN_POINT('',(1.622398447207,-0.889071787971,
    2.000005580761E-02));
#3880 = CARTESIAN_POINT('',(1.62019562052,-0.875619830722,
    2.000005580761E-02));
#3881 = CARTESIAN_POINT('',(1.616477132377,-0.856770853598,
    2.000005580761E-02));
#3882 = CARTESIAN_POINT('',(1.612336991861,-0.840481042662,
    2.000005580761E-02));
#3883 = CARTESIAN_POINT('',(1.609069856283,-0.830628608078,
    2.000005580761E-02));
#3884 = CARTESIAN_POINT('',(1.60755843238,-0.826070730152,
    2.000005580761E-02));
#3885 = ORIENTED_EDGE('',*,*,#3886,.F.);
#3886 = EDGE_CURVE('',#3887,#3875,#3889,.T.);
#3887 = VERTEX_POINT('',#3888);
#3888 = CARTESIAN_POINT('',(1.626803858869,-0.896192680133,
    2.000005580761E-02));
#3889 = LINE('',#3890,#3891);
#3890 = CARTESIAN_POINT('',(1.626803858869,-0.896192680133,
    2.000005580761E-02));
#3891 = VECTOR('',#3892,1.);
#3892 = DIRECTION('',(-1.,0.,0.));
#3893 = ORIENTED_EDGE('',*,*,#3894,.F.);
#3894 = EDGE_CURVE('',#3895,#3887,#3897,.T.);
#3895 = VERTEX_POINT('',#3896);
#3896 = CARTESIAN_POINT('',(1.642238309816,-0.826070730152,
    2.000005580761E-02));
#3897 = B_SPLINE_CURVE_WITH_KNOTS('',3,(#3898,#3899,#3900,#3901,#3902,
    #3903,#3904),.UNSPECIFIED.,.F.,.F.,(4,1,1,1,4),(0.,0.174481715317,
    0.398285759128,0.673897847399,1.),.UNSPECIFIED.);
#3898 = CARTESIAN_POINT('',(1.642238309816,-0.826070730152,
    2.000005580761E-02));
#3899 = CARTESIAN_POINT('',(1.640990404715,-0.830060564535,
    2.000005580761E-02));
#3900 = CARTESIAN_POINT('',(1.638141837863,-0.839168075961,
    2.000005580761E-02));
#3901 = CARTESIAN_POINT('',(1.634409029959,-0.854887135257,
    2.000005580761E-02));
#3902 = CARTESIAN_POINT('',(1.630749246077,-0.874320786893,
    2.000005580761E-02));
#3903 = CARTESIAN_POINT('',(1.628190554847,-0.888505306298,
    2.000005580761E-02));
#3904 = CARTESIAN_POINT('',(1.626803858869,-0.896192680133,
    2.000005580761E-02));
#3905 = ORIENTED_EDGE('',*,*,#3906,.F.);
#3906 = EDGE_CURVE('',#3859,#3895,#3907,.T.);
#3907 = LINE('',#3908,#3909);
#3908 = CARTESIAN_POINT('',(1.792771843743,-0.408387810699,
    2.000005580761E-02));
#3909 = VECTOR('',#3910,1.);
#3910 = DIRECTION('',(-0.339053795485,-0.940766986967,
    -3.284670379195E-15));
#3911 = FACE_BOUND('',#3912,.T.);
#3912 = EDGE_LOOP('',(#3913,#3914,#3915,#3916,#3917,#3918,#3919,#3920));
#3913 = ORIENTED_EDGE('',*,*,#3673,.F.);
#3914 = ORIENTED_EDGE('',*,*,#3841,.F.);
#3915 = ORIENTED_EDGE('',*,*,#3817,.F.);
#3916 = ORIENTED_EDGE('',*,*,#3793,.F.);
#3917 = ORIENTED_EDGE('',*,*,#3769,.F.);
#3918 = ORIENTED_EDGE('',*,*,#3745,.F.);
#3919 = ORIENTED_EDGE('',*,*,#3721,.F.);
#3920 = ORIENTED_EDGE('',*,*,#3697,.F.);
#3921 = PLANE('',#3922);
#3922 = AXIS2_PLACEMENT_3D('',#3923,#3924,#3925);
#3923 = CARTESIAN_POINT('',(-1.016002032004E-04,-1.359918741913,
    2.000005580761E-02));
#3924 = DIRECTION('',(0.,-3.491481338843E-15,1.));
#3925 = DIRECTION('',(0.,-1.,-3.491481338843E-15));
#3926 = ADVANCED_FACE('',(#3927),#3952,.T.);
#3927 = FACE_BOUND('',#3928,.T.);
#3928 = EDGE_LOOP('',(#3929,#3939,#3945,#3946));
#3929 = ORIENTED_EDGE('',*,*,#3930,.F.);
#3930 = EDGE_CURVE('',#3931,#3933,#3935,.T.);
#3931 = VERTEX_POINT('',#3932);
#3932 = CARTESIAN_POINT('',(1.458358739893,-0.408387810699,
    5.616082310311E-08));
#3933 = VERTEX_POINT('',#3934);
#3934 = CARTESIAN_POINT('',(1.792771843743,-0.408387810699,
    5.616082310311E-08));
#3935 = LINE('',#3936,#3937);
#3936 = CARTESIAN_POINT('',(1.458358739893,-0.408387810699,
    5.616082310311E-08));
#3937 = VECTOR('',#3938,1.);
#3938 = DIRECTION('',(1.,0.,0.));
#3939 = ORIENTED_EDGE('',*,*,#3940,.F.);
#3940 = EDGE_CURVE('',#3857,#3931,#3941,.T.);
#3941 = LINE('',#3942,#3943);
#3942 = CARTESIAN_POINT('',(1.458358739893,-0.408387810699,
    2.000005580761E-02));
#3943 = VECTOR('',#3944,1.);
#3944 = DIRECTION('',(0.,3.491481338843E-15,-1.));
#3945 = ORIENTED_EDGE('',*,*,#3856,.T.);
#3946 = ORIENTED_EDGE('',*,*,#3947,.T.);
#3947 = EDGE_CURVE('',#3859,#3933,#3948,.T.);
#3948 = LINE('',#3949,#3950);
#3949 = CARTESIAN_POINT('',(1.792771843743,-0.408387810699,
    2.000005580761E-02));
#3950 = VECTOR('',#3951,1.);
#3951 = DIRECTION('',(0.,3.491481338843E-15,-1.));
#3952 = PLANE('',#3953);
#3953 = AXIS2_PLACEMENT_3D('',#3954,#3955,#3956);
#3954 = CARTESIAN_POINT('',(1.458358739893,-0.408387810699,
    2.000005580761E-02));
#3955 = DIRECTION('',(0.,1.,3.491481338843E-15));
#3956 = DIRECTION('',(-1.,0.,0.));
#3957 = ADVANCED_FACE('',(#3958),#3976,.T.);
#3958 = FACE_BOUND('',#3959,.T.);
#3959 = EDGE_LOOP('',(#3960,#3968,#3974,#3975));
#3960 = ORIENTED_EDGE('',*,*,#3961,.F.);
#3961 = EDGE_CURVE('',#3962,#3931,#3964,.T.);
#3962 = VERTEX_POINT('',#3963);
#3963 = CARTESIAN_POINT('',(1.60755843238,-0.826070730152,
    5.616082177085E-08));
#3964 = LINE('',#3965,#3966);
#3965 = CARTESIAN_POINT('',(1.60755843238,-0.826070730152,
    5.616082177085E-08));
#3966 = VECTOR('',#3967,1.);
#3967 = DIRECTION('',(-0.336390827665,0.941722470297,3.288006431413E-15)
  );
#3968 = ORIENTED_EDGE('',*,*,#3969,.F.);
#3969 = EDGE_CURVE('',#3867,#3962,#3970,.T.);
#3970 = LINE('',#3971,#3972);
#3971 = CARTESIAN_POINT('',(1.60755843238,-0.826070730152,
    2.000005580761E-02));
#3972 = VECTOR('',#3973,1.);
#3973 = DIRECTION('',(0.,3.491481338843E-15,-1.));
#3974 = ORIENTED_EDGE('',*,*,#3866,.T.);
#3975 = ORIENTED_EDGE('',*,*,#3940,.T.);
#3976 = PLANE('',#3977);
#3977 = AXIS2_PLACEMENT_3D('',#3978,#3979,#3980);
#3978 = CARTESIAN_POINT('',(1.60755843238,-0.826070730152,
    2.000005580761E-02));
#3979 = DIRECTION('',(-0.941722470297,-0.336390827665,
    -1.174502297352E-15));
#3980 = DIRECTION('',(0.336390827665,-0.941722470297,-3.288006431413E-15
    ));
#3981 = ADVANCED_FACE('',(#3982),#4004,.T.);
#3982 = FACE_BOUND('',#3983,.T.);
#3983 = EDGE_LOOP('',(#3984,#3996,#4002,#4003));
#3984 = ORIENTED_EDGE('',*,*,#3985,.F.);
#3985 = EDGE_CURVE('',#3986,#3962,#3988,.T.);
#3986 = VERTEX_POINT('',#3987);
#3987 = CARTESIAN_POINT('',(1.623564529658,-0.896192680133,
    5.616082132676E-08));
#3988 = B_SPLINE_CURVE_WITH_KNOTS('',3,(#3989,#3990,#3991,#3992,#3993,
    #3994,#3995),.UNSPECIFIED.,.F.,.F.,(4,1,1,1,4),(0.,0.300541113159,
    0.567747146484,0.800033613737,1.),.UNSPECIFIED.);
#3989 = CARTESIAN_POINT('',(1.623564529658,-0.896192680133,
    5.616082132676E-08));
#3990 = CARTESIAN_POINT('',(1.622398447207,-0.889071787971,
    5.616082132676E-08));
#3991 = CARTESIAN_POINT('',(1.62019562052,-0.875619830722,
    5.61608215488E-08));
#3992 = CARTESIAN_POINT('',(1.616477132377,-0.856770853598,
    5.616082132676E-08));
#3993 = CARTESIAN_POINT('',(1.612336991861,-0.840481042662,
    5.61608215488E-08));
#3994 = CARTESIAN_POINT('',(1.609069856283,-0.830628608078,
    5.616082221493E-08));
#3995 = CARTESIAN_POINT('',(1.60755843238,-0.826070730152,
    5.616082177085E-08));
#3996 = ORIENTED_EDGE('',*,*,#3997,.F.);
#3997 = EDGE_CURVE('',#3875,#3986,#3998,.T.);
#3998 = LINE('',#3999,#4000);
#3999 = CARTESIAN_POINT('',(1.623564529658,-0.896192680133,
    2.000005580761E-02));
#4000 = VECTOR('',#4001,1.);
#4001 = DIRECTION('',(0.,3.491481338843E-15,-1.));
#4002 = ORIENTED_EDGE('',*,*,#3874,.T.);
#4003 = ORIENTED_EDGE('',*,*,#3969,.T.);
#4004 = B_SPLINE_SURFACE_WITH_KNOTS('',3,1,(
    (#4005,#4006)
    ,(#4007,#4008)
    ,(#4009,#4010)
    ,(#4011,#4012)
    ,(#4013,#4014)
    ,(#4015,#4016)
    ,(#4017,#4018
    )),.UNSPECIFIED.,.F.,.F.,.F.,(4,1,1,1,4),(2,2),(0.,0.300541113159,
    0.567747146484,0.800033613737,1.),(0.,1.),.UNSPECIFIED.);
#4005 = CARTESIAN_POINT('',(1.623564529658,-0.896192680133,
    2.000005580761E-02));
#4006 = CARTESIAN_POINT('',(1.623564529658,-0.896192680133,
    5.616082132676E-08));
#4007 = CARTESIAN_POINT('',(1.622398447207,-0.889071787971,
    2.000005580761E-02));
#4008 = CARTESIAN_POINT('',(1.622398447207,-0.889071787971,
    5.616082132676E-08));
#4009 = CARTESIAN_POINT('',(1.62019562052,-0.875619830722,
    2.000005580761E-02));
#4010 = CARTESIAN_POINT('',(1.62019562052,-0.875619830722,
    5.61608215488E-08));
#4011 = CARTESIAN_POINT('',(1.616477132377,-0.856770853598,
    2.000005580761E-02));
#4012 = CARTESIAN_POINT('',(1.616477132377,-0.856770853598,
    5.616082132676E-08));
#4013 = CARTESIAN_POINT('',(1.612336991861,-0.840481042662,
    2.000005580761E-02));
#4014 = CARTESIAN_POINT('',(1.612336991861,-0.840481042662,
    5.61608215488E-08));
#4015 = CARTESIAN_POINT('',(1.609069856283,-0.830628608078,
    2.000005580761E-02));
#4016 = CARTESIAN_POINT('',(1.609069856283,-0.830628608078,
    5.616082221493E-08));
#4017 = CARTESIAN_POINT('',(1.60755843238,-0.826070730152,
    2.000005580761E-02));
#4018 = CARTESIAN_POINT('',(1.60755843238,-0.826070730152,
    5.616082177085E-08));
#4019 = ADVANCED_FACE('',(#4020),#4038,.T.);
#4020 = FACE_BOUND('',#4021,.T.);
#4021 = EDGE_LOOP('',(#4022,#4030,#4036,#4037));
#4022 = ORIENTED_EDGE('',*,*,#4023,.F.);
#4023 = EDGE_CURVE('',#4024,#3986,#4026,.T.);
#4024 = VERTEX_POINT('',#4025);
#4025 = CARTESIAN_POINT('',(1.626803858869,-0.896192680133,
    5.616082132676E-08));
#4026 = LINE('',#4027,#4028);
#4027 = CARTESIAN_POINT('',(1.626803858869,-0.896192680133,
    5.616082132676E-08));
#4028 = VECTOR('',#4029,1.);
#4029 = DIRECTION('',(-1.,0.,0.));
#4030 = ORIENTED_EDGE('',*,*,#4031,.F.);
#4031 = EDGE_CURVE('',#3887,#4024,#4032,.T.);
#4032 = LINE('',#4033,#4034);
#4033 = CARTESIAN_POINT('',(1.626803858869,-0.896192680133,
    2.000005580761E-02));
#4034 = VECTOR('',#4035,1.);
#4035 = DIRECTION('',(0.,3.491481338843E-15,-1.));
#4036 = ORIENTED_EDGE('',*,*,#3886,.T.);
#4037 = ORIENTED_EDGE('',*,*,#3997,.T.);
#4038 = PLANE('',#4039);
#4039 = AXIS2_PLACEMENT_3D('',#4040,#4041,#4042);
#4040 = CARTESIAN_POINT('',(1.626803858869,-0.896192680133,
    2.000005580761E-02));
#4041 = DIRECTION('',(0.,-1.,-3.491481338843E-15));
#4042 = DIRECTION('',(1.,0.,0.));
#4043 = ADVANCED_FACE('',(#4044),#4066,.T.);
#4044 = FACE_BOUND('',#4045,.T.);
#4045 = EDGE_LOOP('',(#4046,#4058,#4064,#4065));
#4046 = ORIENTED_EDGE('',*,*,#4047,.F.);
#4047 = EDGE_CURVE('',#4048,#4024,#4050,.T.);
#4048 = VERTEX_POINT('',#4049);
#4049 = CARTESIAN_POINT('',(1.642238309816,-0.826070730152,
    5.616082177085E-08));
#4050 = B_SPLINE_CURVE_WITH_KNOTS('',3,(#4051,#4052,#4053,#4054,#4055,
    #4056,#4057),.UNSPECIFIED.,.F.,.F.,(4,1,1,1,4),(0.,0.174481715317,
    0.398285759128,0.673897847399,1.),.UNSPECIFIED.);
#4051 = CARTESIAN_POINT('',(1.642238309816,-0.826070730152,
    5.616082177085E-08));
#4052 = CARTESIAN_POINT('',(1.640990404715,-0.830060564535,
    5.616082199289E-08));
#4053 = CARTESIAN_POINT('',(1.638141837863,-0.839168075961,
    5.616082177085E-08));
#4054 = CARTESIAN_POINT('',(1.634409029959,-0.854887135257,
    5.61608215488E-08));
#4055 = CARTESIAN_POINT('',(1.630749246077,-0.874320786893,
    5.616082132676E-08));
#4056 = CARTESIAN_POINT('',(1.628190554847,-0.888505306298,
    5.61608215488E-08));
#4057 = CARTESIAN_POINT('',(1.626803858869,-0.896192680133,
    5.616082132676E-08));
#4058 = ORIENTED_EDGE('',*,*,#4059,.F.);
#4059 = EDGE_CURVE('',#3895,#4048,#4060,.T.);
#4060 = LINE('',#4061,#4062);
#4061 = CARTESIAN_POINT('',(1.642238309816,-0.826070730152,
    2.000005580761E-02));
#4062 = VECTOR('',#4063,1.);
#4063 = DIRECTION('',(0.,3.491481338843E-15,-1.));
#4064 = ORIENTED_EDGE('',*,*,#3894,.T.);
#4065 = ORIENTED_EDGE('',*,*,#4031,.T.);
#4066 = B_SPLINE_SURFACE_WITH_KNOTS('',3,1,(
    (#4067,#4068)
    ,(#4069,#4070)
    ,(#4071,#4072)
    ,(#4073,#4074)
    ,(#4075,#4076)
    ,(#4077,#4078)
    ,(#4079,#4080
    )),.UNSPECIFIED.,.F.,.F.,.F.,(4,1,1,1,4),(2,2),(0.,0.174481715317,
    0.398285759128,0.673897847399,1.),(0.,1.),.UNSPECIFIED.);
#4067 = CARTESIAN_POINT('',(1.642238309816,-0.826070730152,
    2.000005580761E-02));
#4068 = CARTESIAN_POINT('',(1.642238309816,-0.826070730152,
    5.616082177085E-08));
#4069 = CARTESIAN_POINT('',(1.640990404715,-0.830060564535,
    2.000005580761E-02));
#4070 = CARTESIAN_POINT('',(1.640990404715,-0.830060564535,
    5.616082199289E-08));
#4071 = CARTESIAN_POINT('',(1.638141837863,-0.839168075961,
    2.000005580761E-02));
#4072 = CARTESIAN_POINT('',(1.638141837863,-0.839168075961,
    5.616082177085E-08));
#4073 = CARTESIAN_POINT('',(1.634409029959,-0.854887135257,
    2.000005580761E-02));
#4074 = CARTESIAN_POINT('',(1.634409029959,-0.854887135257,
    5.61608215488E-08));
#4075 = CARTESIAN_POINT('',(1.630749246077,-0.874320786893,
    2.000005580761E-02));
#4076 = CARTESIAN_POINT('',(1.630749246077,-0.874320786893,
    5.616082132676E-08));
#4077 = CARTESIAN_POINT('',(1.628190554847,-0.888505306298,
    2.000005580761E-02));
#4078 = CARTESIAN_POINT('',(1.628190554847,-0.888505306298,
    5.61608215488E-08));
#4079 = CARTESIAN_POINT('',(1.626803858869,-0.896192680133,
    2.000005580761E-02));
#4080 = CARTESIAN_POINT('',(1.626803858869,-0.896192680133,
    5.616082132676E-08));
#4081 = ADVANCED_FACE('',(#4082),#4093,.T.);
#4082 = FACE_BOUND('',#4083,.T.);
#4083 = EDGE_LOOP('',(#4084,#4090,#4091,#4092));
#4084 = ORIENTED_EDGE('',*,*,#4085,.F.);
#4085 = EDGE_CURVE('',#3933,#4048,#4086,.T.);
#4086 = LINE('',#4087,#4088);
#4087 = CARTESIAN_POINT('',(1.792771843743,-0.408387810699,
    5.616082310311E-08));
#4088 = VECTOR('',#4089,1.);
#4089 = DIRECTION('',(-0.339053795485,-0.940766986967,
    -3.284670379195E-15));
#4090 = ORIENTED_EDGE('',*,*,#3947,.F.);
#4091 = ORIENTED_EDGE('',*,*,#3906,.T.);
#4092 = ORIENTED_EDGE('',*,*,#4059,.T.);
#4093 = PLANE('',#4094);
#4094 = AXIS2_PLACEMENT_3D('',#4095,#4096,#4097);
#4095 = CARTESIAN_POINT('',(1.792771843743,-0.408387810699,
    2.000005580761E-02));
#4096 = DIRECTION('',(0.940766986967,-0.339053795485,-1.183799999801E-15
    ));
#4097 = DIRECTION('',(0.339053795485,0.940766986967,3.284670379195E-15)
  );
#4098 = ADVANCED_FACE('',(#4099),#4124,.T.);
#4099 = FACE_BOUND('',#4100,.T.);
#4100 = EDGE_LOOP('',(#4101,#4102,#4110,#4118));
#4101 = ORIENTED_EDGE('',*,*,#292,.F.);
#4102 = ORIENTED_EDGE('',*,*,#4103,.F.);
#4103 = EDGE_CURVE('',#4104,#269,#4106,.T.);
#4104 = VERTEX_POINT('',#4105);
#4105 = CARTESIAN_POINT('',(0.576689548147,-1.814391515209E-02,
    2.000005580761E-02));
#4106 = LINE('',#4107,#4108);
#4107 = CARTESIAN_POINT('',(0.576689548147,-1.814391515209E-02,
    2.000005580761E-02));
#4108 = VECTOR('',#4109,1.);
#4109 = DIRECTION('',(0.,3.491481338843E-15,-1.));
#4110 = ORIENTED_EDGE('',*,*,#4111,.T.);
#4111 = EDGE_CURVE('',#4104,#4112,#4114,.T.);
#4112 = VERTEX_POINT('',#4113);
#4113 = CARTESIAN_POINT('',(0.304776443193,-1.814391515209E-02,
    2.000005580761E-02));
#4114 = LINE('',#4115,#4116);
#4115 = CARTESIAN_POINT('',(0.576689548147,-1.814391515209E-02,
    2.000005580761E-02));
#4116 = VECTOR('',#4117,1.);
#4117 = DIRECTION('',(-1.,0.,0.));
#4118 = ORIENTED_EDGE('',*,*,#4119,.T.);
#4119 = EDGE_CURVE('',#4112,#293,#4120,.T.);
#4120 = LINE('',#4121,#4122);
#4121 = CARTESIAN_POINT('',(0.304776443193,-1.814391515209E-02,
    2.000005580761E-02));
#4122 = VECTOR('',#4123,1.);
#4123 = DIRECTION('',(0.,3.491481338843E-15,-1.));
#4124 = PLANE('',#4125);
#4125 = AXIS2_PLACEMENT_3D('',#4126,#4127,#4128);
#4126 = CARTESIAN_POINT('',(0.576689548147,-1.814391515209E-02,
    2.000005580761E-02));
#4127 = DIRECTION('',(0.,-1.,-3.491481338843E-15));
#4128 = DIRECTION('',(1.,0.,0.));
#4129 = ADVANCED_FACE('',(#4130),#4148,.T.);
#4130 = FACE_BOUND('',#4131,.T.);
#4131 = EDGE_LOOP('',(#4132,#4133,#4134,#4142));
#4132 = ORIENTED_EDGE('',*,*,#300,.F.);
#4133 = ORIENTED_EDGE('',*,*,#4119,.F.);
#4134 = ORIENTED_EDGE('',*,*,#4135,.T.);
#4135 = EDGE_CURVE('',#4112,#4136,#4138,.T.);
#4136 = VERTEX_POINT('',#4137);
#4137 = CARTESIAN_POINT('',(0.304776443193,-1.018143897491,
    2.000005580761E-02));
#4138 = LINE('',#4139,#4140);
#4139 = CARTESIAN_POINT('',(0.304776443193,-1.814391515209E-02,
    2.000005580761E-02));
#4140 = VECTOR('',#4141,1.);
#4141 = DIRECTION('',(0.,-1.,-3.491481338843E-15));
#4142 = ORIENTED_EDGE('',*,*,#4143,.T.);
#4143 = EDGE_CURVE('',#4136,#301,#4144,.T.);
#4144 = LINE('',#4145,#4146);
#4145 = CARTESIAN_POINT('',(0.304776443193,-1.018143897491,
    2.000005580761E-02));
#4146 = VECTOR('',#4147,1.);
#4147 = DIRECTION('',(0.,3.491481338843E-15,-1.));
#4148 = PLANE('',#4149);
#4149 = AXIS2_PLACEMENT_3D('',#4150,#4151,#4152);
#4150 = CARTESIAN_POINT('',(0.304776443193,-1.814391515209E-02,
    2.000005580761E-02));
#4151 = DIRECTION('',(1.,0.,0.));
#4152 = DIRECTION('',(-0.,1.,3.491481338843E-15));
#4153 = ADVANCED_FACE('',(#4154),#4172,.T.);
#4154 = FACE_BOUND('',#4155,.T.);
#4155 = EDGE_LOOP('',(#4156,#4157,#4158,#4166));
#4156 = ORIENTED_EDGE('',*,*,#308,.F.);
#4157 = ORIENTED_EDGE('',*,*,#4143,.F.);
#4158 = ORIENTED_EDGE('',*,*,#4159,.T.);
#4159 = EDGE_CURVE('',#4136,#4160,#4162,.T.);
#4160 = VERTEX_POINT('',#4161);
#4161 = CARTESIAN_POINT('',(0.586979182112,-1.018143897491,
    2.000005580761E-02));
#4162 = LINE('',#4163,#4164);
#4163 = CARTESIAN_POINT('',(0.304776443193,-1.018143897491,
    2.000005580761E-02));
#4164 = VECTOR('',#4165,1.);
#4165 = DIRECTION('',(1.,0.,0.));
#4166 = ORIENTED_EDGE('',*,*,#4167,.T.);
#4167 = EDGE_CURVE('',#4160,#309,#4168,.T.);
#4168 = LINE('',#4169,#4170);
#4169 = CARTESIAN_POINT('',(0.586979182112,-1.018143897491,
    2.000005580761E-02));
#4170 = VECTOR('',#4171,1.);
#4171 = DIRECTION('',(0.,3.491481338843E-15,-1.));
#4172 = PLANE('',#4173);
#4173 = AXIS2_PLACEMENT_3D('',#4174,#4175,#4176);
#4174 = CARTESIAN_POINT('',(0.304776443193,-1.018143897491,
    2.000005580761E-02));
#4175 = DIRECTION('',(0.,1.,3.491481338843E-15));
#4176 = DIRECTION('',(-1.,0.,0.));
#4177 = ADVANCED_FACE('',(#4178),#4212,.T.);
#4178 = FACE_BOUND('',#4179,.T.);
#4179 = EDGE_LOOP('',(#4180,#4181,#4182,#4206));
#4180 = ORIENTED_EDGE('',*,*,#316,.F.);
#4181 = ORIENTED_EDGE('',*,*,#4167,.F.);
#4182 = ORIENTED_EDGE('',*,*,#4183,.T.);
#4183 = EDGE_CURVE('',#4160,#4184,#4186,.T.);
#4184 = VERTEX_POINT('',#4185);
#4185 = CARTESIAN_POINT('',(1.109654477759,-0.530720125612,
    2.000005580761E-02));
#4186 = B_SPLINE_CURVE_WITH_KNOTS('',3,(#4187,#4188,#4189,#4190,#4191,
    #4192,#4193,#4194,#4195,#4196,#4197,#4198,#4199,#4200,#4201,#4202,
    #4203,#4204,#4205),.UNSPECIFIED.,.F.,.F.,(4,1,1,1,1,1,1,1,1,1,1,1,1,
    1,1,1,4),(0.,6.86311786766E-02,0.134566466039,0.198328154011,
    0.260789766641,0.321999151484,0.382721746503,0.443537474036,
    0.505133429485,0.566213874765,0.626105864618,0.685349322161,
    0.744995870348,0.805415841815,0.867636266346,0.932307782302,1.),
  .UNSPECIFIED.);
#4187 = CARTESIAN_POINT('',(0.586979182112,-1.018143897491,
    2.000005580761E-02));
#4188 = CARTESIAN_POINT('',(0.605351045853,-1.017734405546,
    2.000005580761E-02));
#4189 = CARTESIAN_POINT('',(0.641373110838,-1.016931506849,
    2.000005580761E-02));
#4190 = CARTESIAN_POINT('',(0.694197254092,-1.010832551714,
    2.000005580761E-02));
#4191 = CARTESIAN_POINT('',(0.744593096212,-1.000248882092,
    2.000005580761E-02));
#4192 = CARTESIAN_POINT('',(0.792699222392,-0.985810383617,
    2.000005580761E-02));
#4193 = CARTESIAN_POINT('',(0.838571355631,-0.967365359398,
    2.000005580761E-02));
#4194 = CARTESIAN_POINT('',(0.881777342673,-0.94425866808,
    2.000005580761E-02));
#4195 = CARTESIAN_POINT('',(0.922791246003,-0.917293379958,
    2.000005580761E-02));
#4196 = CARTESIAN_POINT('',(0.961079357795,-0.886411012219,
    2.000005580761E-02));
#4197 = CARTESIAN_POINT('',(0.995977632737,-0.852072858338,
    2.000005580761E-02));
#4198 = CARTESIAN_POINT('',(1.026399753109,-0.814518185338,
    2.000005580761E-02));
#4199 = CARTESIAN_POINT('',(1.052445812987,-0.774249281446,
    2.000005580761E-02));
#4200 = CARTESIAN_POINT('',(1.073406036908,-0.730947744358,
    2.000005580761E-02));
#4201 = CARTESIAN_POINT('',(1.08968102507,-0.684846882751,
    2.000005580761E-02));
#4202 = CARTESIAN_POINT('',(1.101205839019,-0.635980125667,
    2.000005580761E-02));
#4203 = CARTESIAN_POINT('',(1.108474786591,-0.584292125493,
    2.000005580761E-02));
#4204 = CARTESIAN_POINT('',(1.109255309872,-0.548847091863,
    2.000005580761E-02));
#4205 = CARTESIAN_POINT('',(1.109654477759,-0.530720125612,
    2.000005580761E-02));
#4206 = ORIENTED_EDGE('',*,*,#4207,.T.);
#4207 = EDGE_CURVE('',#4184,#267,#4208,.T.);
#4208 = LINE('',#4209,#4210);
#4209 = CARTESIAN_POINT('',(1.109654477759,-0.530720125612,
    2.000005580761E-02));
#4210 = VECTOR('',#4211,1.);
#4211 = DIRECTION('',(0.,3.491481338843E-15,-1.));
#4212 = B_SPLINE_SURFACE_WITH_KNOTS('',3,1,(
    (#4213,#4214)
    ,(#4215,#4216)
    ,(#4217,#4218)
    ,(#4219,#4220)
    ,(#4221,#4222)
    ,(#4223,#4224)
    ,(#4225,#4226)
    ,(#4227,#4228)
    ,(#4229,#4230)
    ,(#4231,#4232)
    ,(#4233,#4234)
    ,(#4235,#4236)
    ,(#4237,#4238)
    ,(#4239,#4240)
    ,(#4241,#4242)
    ,(#4243,#4244)
    ,(#4245,#4246)
    ,(#4247,#4248)
    ,(#4249,#4250
    )),.UNSPECIFIED.,.F.,.F.,.F.,(4,1,1,1,1,1,1,1,1,1,1,1,1,1,1,1,4),(2,
    2),(0.,6.86311786766E-02,0.134566466039,0.198328154011,
    0.260789766641,0.321999151484,0.382721746503,0.443537474036,
    0.505133429485,0.566213874765,0.626105864618,0.685349322161,
    0.744995870348,0.805415841815,0.867636266346,0.932307782302,1.),(0.,
    1.),.UNSPECIFIED.);
#4213 = CARTESIAN_POINT('',(0.586979182112,-1.018143897491,
    2.000005580761E-02));
#4214 = CARTESIAN_POINT('',(0.586979182112,-1.018143897491,
    5.616082110471E-08));
#4215 = CARTESIAN_POINT('',(0.605351045853,-1.017734405546,
    2.000005580761E-02));
#4216 = CARTESIAN_POINT('',(0.605351045853,-1.017734405546,
    5.616082110471E-08));
#4217 = CARTESIAN_POINT('',(0.641373110838,-1.016931506849,
    2.000005580761E-02));
#4218 = CARTESIAN_POINT('',(0.641373110838,-1.016931506849,
    5.616082132676E-08));
#4219 = CARTESIAN_POINT('',(0.694197254092,-1.010832551714,
    2.000005580761E-02));
#4220 = CARTESIAN_POINT('',(0.694197254092,-1.010832551714,
    5.616082066062E-08));
#4221 = CARTESIAN_POINT('',(0.744593096212,-1.000248882092,
    2.000005580761E-02));
#4222 = CARTESIAN_POINT('',(0.744593096212,-1.000248882092,
    5.61608215488E-08));
#4223 = CARTESIAN_POINT('',(0.792699222392,-0.985810383617,
    2.000005580761E-02));
#4224 = CARTESIAN_POINT('',(0.792699222392,-0.985810383617,
    5.616082110471E-08));
#4225 = CARTESIAN_POINT('',(0.838571355631,-0.967365359398,
    2.000005580761E-02));
#4226 = CARTESIAN_POINT('',(0.838571355631,-0.967365359398,
    5.616082066062E-08));
#4227 = CARTESIAN_POINT('',(0.881777342673,-0.94425866808,
    2.000005580761E-02));
#4228 = CARTESIAN_POINT('',(0.881777342673,-0.94425866808,
    5.616082177085E-08));
#4229 = CARTESIAN_POINT('',(0.922791246003,-0.917293379958,
    2.000005580761E-02));
#4230 = CARTESIAN_POINT('',(0.922791246003,-0.917293379958,
    5.616082110471E-08));
#4231 = CARTESIAN_POINT('',(0.961079357795,-0.886411012219,
    2.000005580761E-02));
#4232 = CARTESIAN_POINT('',(0.961079357795,-0.886411012219,
    5.616082243698E-08));
#4233 = CARTESIAN_POINT('',(0.995977632737,-0.852072858338,
    2.000005580761E-02));
#4234 = CARTESIAN_POINT('',(0.995977632737,-0.852072858338,
    5.616082110471E-08));
#4235 = CARTESIAN_POINT('',(1.026399753109,-0.814518185338,
    2.000005580761E-02));
#4236 = CARTESIAN_POINT('',(1.026399753109,-0.814518185338,
    5.61608215488E-08));
#4237 = CARTESIAN_POINT('',(1.052445812987,-0.774249281446,
    2.000005580761E-02));
#4238 = CARTESIAN_POINT('',(1.052445812987,-0.774249281446,
    5.616082177085E-08));
#4239 = CARTESIAN_POINT('',(1.073406036908,-0.730947744358,
    2.000005580761E-02));
#4240 = CARTESIAN_POINT('',(1.073406036908,-0.730947744358,
    5.61608215488E-08));
#4241 = CARTESIAN_POINT('',(1.08968102507,-0.684846882751,
    2.000005580761E-02));
#4242 = CARTESIAN_POINT('',(1.08968102507,-0.684846882751,
    5.616082221493E-08));
#4243 = CARTESIAN_POINT('',(1.101205839019,-0.635980125667,
    2.000005580761E-02));
#4244 = CARTESIAN_POINT('',(1.101205839019,-0.635980125667,
    5.616082243698E-08));
#4245 = CARTESIAN_POINT('',(1.108474786591,-0.584292125493,
    2.000005580761E-02));
#4246 = CARTESIAN_POINT('',(1.108474786591,-0.584292125493,
    5.616082221493E-08));
#4247 = CARTESIAN_POINT('',(1.109255309872,-0.548847091863,
    2.000005580761E-02));
#4248 = CARTESIAN_POINT('',(1.109255309872,-0.548847091863,
    5.616082288107E-08));
#4249 = CARTESIAN_POINT('',(1.109654477759,-0.530720125612,
    2.000005580761E-02));
#4250 = CARTESIAN_POINT('',(1.109654477759,-0.530720125612,
    5.616082265902E-08));
#4251 = ADVANCED_FACE('',(#4252),#4279,.T.);
#4252 = FACE_BOUND('',#4253,.T.);
#4253 = EDGE_LOOP('',(#4254,#4255,#4256,#4278));
#4254 = ORIENTED_EDGE('',*,*,#266,.F.);
#4255 = ORIENTED_EDGE('',*,*,#4207,.F.);
#4256 = ORIENTED_EDGE('',*,*,#4257,.T.);
#4257 = EDGE_CURVE('',#4184,#4104,#4258,.T.);
#4258 = B_SPLINE_CURVE_WITH_KNOTS('',3,(#4259,#4260,#4261,#4262,#4263,
    #4264,#4265,#4266,#4267,#4268,#4269,#4270,#4271,#4272,#4273,#4274,
    #4275,#4276,#4277),.UNSPECIFIED.,.F.,.F.,(4,1,1,1,1,1,1,1,1,1,1,1,1,
    1,1,1,4),(0.,6.806869584499E-02,0.133427432819,0.196146033813,
    0.257048592449,0.316882663159,0.376187208666,0.435960335364,
    0.496535236863,0.557465343481,0.61768686341,0.677943640697,
    0.738805284806,0.800949336767,0.86481466747,0.931024781079,1.),
  .UNSPECIFIED.);
#4259 = CARTESIAN_POINT('',(1.109654477759,-0.530720125612,
    2.000005580761E-02));
#4260 = CARTESIAN_POINT('',(1.109250610563,-0.511832541439,
    2.000005580761E-02));
#4261 = CARTESIAN_POINT('',(1.10845895498,-0.474809327801,
    2.000005580761E-02));
#4262 = CARTESIAN_POINT('',(1.101223176476,-0.420777133677,
    2.000005580761E-02));
#4263 = CARTESIAN_POINT('',(1.089672480596,-0.369580101639,
    2.000005580761E-02));
#4264 = CARTESIAN_POINT('',(1.073458719023,-0.321247317653,
    2.000005580761E-02));
#4265 = CARTESIAN_POINT('',(1.052466633283,-0.275813643106,
    2.000005580761E-02));
#4266 = CARTESIAN_POINT('',(1.026439574079,-0.233445066831,
    2.000005580761E-02));
#4267 = CARTESIAN_POINT('',(0.996079024176,-0.193818542433,
    2.000005580761E-02));
#4268 = CARTESIAN_POINT('',(0.961176975224,-0.157476985807,
    2.000005580761E-02));
#4269 = CARTESIAN_POINT('',(0.922577824338,-0.124951422233,
    2.000005580761E-02));
#4270 = CARTESIAN_POINT('',(0.881302988787,-9.602461048393E-02,
    2.000005580761E-02));
#4271 = CARTESIAN_POINT('',(0.836997812309,-7.199028524625E-02,
    2.000005580761E-02));
#4272 = CARTESIAN_POINT('',(0.790040704676,-5.235309797999E-02,
    2.000005580761E-02));
#4273 = CARTESIAN_POINT('',(0.740513793977,-3.676234519205E-02,
    2.000005580761E-02));
#4274 = CARTESIAN_POINT('',(0.688202437168,-2.614736692344E-02,
    2.000005580761E-02));
#4275 = CARTESIAN_POINT('',(0.633344377602,-1.91689484383E-02,
    2.000005580761E-02));
#4276 = CARTESIAN_POINT('',(0.595830264788,-1.849022052213E-02,
    2.000005580761E-02));
#4277 = CARTESIAN_POINT('',(0.576689548147,-1.814391515209E-02,
    2.000005580761E-02));
#4278 = ORIENTED_EDGE('',*,*,#4103,.T.);
#4279 = B_SPLINE_SURFACE_WITH_KNOTS('',3,1,(
    (#4280,#4281)
    ,(#4282,#4283)
    ,(#4284,#4285)
    ,(#4286,#4287)
    ,(#4288,#4289)
    ,(#4290,#4291)
    ,(#4292,#4293)
    ,(#4294,#4295)
    ,(#4296,#4297)
    ,(#4298,#4299)
    ,(#4300,#4301)
    ,(#4302,#4303)
    ,(#4304,#4305)
    ,(#4306,#4307)
    ,(#4308,#4309)
    ,(#4310,#4311)
    ,(#4312,#4313)
    ,(#4314,#4315)
    ,(#4316,#4317
    )),.UNSPECIFIED.,.F.,.F.,.F.,(4,1,1,1,1,1,1,1,1,1,1,1,1,1,1,1,4),(2,
    2),(0.,6.806869584499E-02,0.133427432819,0.196146033813,
    0.257048592449,0.316882663159,0.376187208666,0.435960335364,
    0.496535236863,0.557465343481,0.61768686341,0.677943640697,
    0.738805284806,0.800949336767,0.86481466747,0.931024781079,1.),(0.,
    1.),.UNSPECIFIED.);
#4280 = CARTESIAN_POINT('',(1.109654477759,-0.530720125612,
    2.000005580761E-02));
#4281 = CARTESIAN_POINT('',(1.109654477759,-0.530720125612,
    5.616082221493E-08));
#4282 = CARTESIAN_POINT('',(1.109250610563,-0.511832541439,
    2.000005580761E-02));
#4283 = CARTESIAN_POINT('',(1.109250610563,-0.511832541439,
    5.616082243698E-08));
#4284 = CARTESIAN_POINT('',(1.10845895498,-0.474809327801,
    2.000005580761E-02));
#4285 = CARTESIAN_POINT('',(1.10845895498,-0.474809327801,
    5.616082288107E-08));
#4286 = CARTESIAN_POINT('',(1.101223176476,-0.420777133677,
    2.000005580761E-02));
#4287 = CARTESIAN_POINT('',(1.101223176476,-0.420777133677,
    5.616082243698E-08));
#4288 = CARTESIAN_POINT('',(1.089672480596,-0.369580101639,
    2.000005580761E-02));
#4289 = CARTESIAN_POINT('',(1.089672480596,-0.369580101639,
    5.616082288107E-08));
#4290 = CARTESIAN_POINT('',(1.073458719023,-0.321247317653,
    2.000005580761E-02));
#4291 = CARTESIAN_POINT('',(1.073458719023,-0.321247317653,
    5.616082288107E-08));
#4292 = CARTESIAN_POINT('',(1.052466633283,-0.275813643106,
    2.000005580761E-02));
#4293 = CARTESIAN_POINT('',(1.052466633283,-0.275813643106,
    5.616082310311E-08));
#4294 = CARTESIAN_POINT('',(1.026439574079,-0.233445066831,
    2.000005580761E-02));
#4295 = CARTESIAN_POINT('',(1.026439574079,-0.233445066831,
    5.616082310311E-08));
#4296 = CARTESIAN_POINT('',(0.996079024176,-0.193818542433,
    2.000005580761E-02));
#4297 = CARTESIAN_POINT('',(0.996079024176,-0.193818542433,
    5.616082376925E-08));
#4298 = CARTESIAN_POINT('',(0.961176975224,-0.157476985807,
    2.000005580761E-02));
#4299 = CARTESIAN_POINT('',(0.961176975224,-0.157476985807,
    5.616082376925E-08));
#4300 = CARTESIAN_POINT('',(0.922577824338,-0.124951422233,
    2.000005580761E-02));
#4301 = CARTESIAN_POINT('',(0.922577824338,-0.124951422233,
    5.616082399129E-08));
#4302 = CARTESIAN_POINT('',(0.881302988787,-9.602461048393E-02,
    2.000005580761E-02));
#4303 = CARTESIAN_POINT('',(0.881302988787,-9.602461048393E-02,
    5.61608235472E-08));
#4304 = CARTESIAN_POINT('',(0.836997812309,-7.199028524625E-02,
    2.000005580761E-02));
#4305 = CARTESIAN_POINT('',(0.836997812309,-7.199028524625E-02,
    5.616082421334E-08));
#4306 = CARTESIAN_POINT('',(0.790040704676,-5.235309797999E-02,
    2.000005580761E-02));
#4307 = CARTESIAN_POINT('',(0.790040704676,-5.235309797999E-02,
    5.616082332516E-08));
#4308 = CARTESIAN_POINT('',(0.740513793977,-3.676234519205E-02,
    2.000005580761E-02));
#4309 = CARTESIAN_POINT('',(0.740513793977,-3.676234519205E-02,
    5.616082421334E-08));
#4310 = CARTESIAN_POINT('',(0.688202437168,-2.614736692344E-02,
    2.000005580761E-02));
#4311 = CARTESIAN_POINT('',(0.688202437168,-2.614736692344E-02,
    5.616082376925E-08));
#4312 = CARTESIAN_POINT('',(0.633344377602,-1.91689484383E-02,
    2.000005580761E-02));
#4313 = CARTESIAN_POINT('',(0.633344377602,-1.91689484383E-02,
    5.616082465743E-08));
#4314 = CARTESIAN_POINT('',(0.595830264788,-1.849022052213E-02,
    2.000005580761E-02));
#4315 = CARTESIAN_POINT('',(0.595830264788,-1.849022052213E-02,
    5.616082421334E-08));
#4316 = CARTESIAN_POINT('',(0.576689548147,-1.814391515209E-02,
    2.000005580761E-02));
#4317 = CARTESIAN_POINT('',(0.576689548147,-1.814391515209E-02,
    5.616082399129E-08));
#4318 = ADVANCED_FACE('',(#4319,#4393),#4400,.T.);
#4319 = FACE_BOUND('',#4320,.T.);
#4320 = EDGE_LOOP('',(#4321,#4347,#4371,#4379,#4387));
#4321 = ORIENTED_EDGE('',*,*,#4322,.F.);
#4322 = EDGE_CURVE('',#4323,#4325,#4327,.T.);
#4323 = VERTEX_POINT('',#4324);
#4324 = CARTESIAN_POINT('',(0.975508138664,-0.527861893955,
    2.000005580761E-02));
#4325 = VERTEX_POINT('',#4326);
#4326 = CARTESIAN_POINT('',(0.58640753578,-0.908387801869,
    2.000005580761E-02));
#4327 = B_SPLINE_CURVE_WITH_KNOTS('',3,(#4328,#4329,#4330,#4331,#4332,
    #4333,#4334,#4335,#4336,#4337,#4338,#4339,#4340,#4341,#4342,#4343,
    #4344,#4345,#4346),.UNSPECIFIED.,.F.,.F.,(4,1,1,1,1,1,1,1,1,1,1,1,1,
    1,1,1,4),(0.,7.430379644282E-02,0.144393610364,0.210499496103,
    0.273542606503,0.333824744579,0.392529672409,0.4500874546,
    0.507820611556,0.565464912777,0.623148722334,0.681297192791,
    0.740913498157,0.801855752196,0.865241237721,0.930941657047,1.),
  .UNSPECIFIED.);
#4328 = CARTESIAN_POINT('',(0.975508138664,-0.527861893955,
    2.000005580761E-02));
#4329 = CARTESIAN_POINT('',(0.975180358088,-0.543182778822,
    2.000005580761E-02));
#4330 = CARTESIAN_POINT('',(0.974543386316,-0.572955657004,
    2.000005580761E-02));
#4331 = CARTESIAN_POINT('',(0.969587172202,-0.616136664108,
    2.000005580761E-02));
#4332 = CARTESIAN_POINT('',(0.961281187303,-0.656423638532,
    2.000005580761E-02));
#4333 = CARTESIAN_POINT('',(0.949472376838,-0.693722384683,
    2.000005580761E-02));
#4334 = CARTESIAN_POINT('',(0.934399846744,-0.728176724022,
    2.000005580761E-02));
#4335 = CARTESIAN_POINT('',(0.915840015571,-0.759589251896,
    2.000005580761E-02));
#4336 = CARTESIAN_POINT('',(0.893936748904,-0.788113968158,
    2.000005580761E-02));
#4337 = CARTESIAN_POINT('',(0.868693200923,-0.813423540108,
    2.000005580761E-02));
#4338 = CARTESIAN_POINT('',(0.840729176576,-0.835674306506,
    2.000005580761E-02));
#4339 = CARTESIAN_POINT('',(0.810732182653,-0.855256076311,
    2.000005580761E-02));
#4340 = CARTESIAN_POINT('',(0.778442003697,-0.871697716372,
    2.000005580761E-02));
#4341 = CARTESIAN_POINT('',(0.74411157242,-0.885208642169,
    2.000005580761E-02));
#4342 = CARTESIAN_POINT('',(0.707624700285,-0.895751195549,
    2.000005580761E-02));
#4343 = CARTESIAN_POINT('',(0.669093326866,-0.903068796357,
    2.000005580761E-02));
#4344 = CARTESIAN_POINT('',(0.628432986749,-0.907523066056,
    2.000005580761E-02));
#4345 = CARTESIAN_POINT('',(0.600646811735,-0.908094807705,
    2.000005580761E-02));
#4346 = CARTESIAN_POINT('',(0.58640753578,-0.908387801869,
    2.000005580761E-02));
#4347 = ORIENTED_EDGE('',*,*,#4348,.F.);
#4348 = EDGE_CURVE('',#4349,#4323,#4351,.T.);
#4349 = VERTEX_POINT('',#4350);
#4350 = CARTESIAN_POINT('',(0.580881621244,-0.127900010775,
    2.000005580761E-02));
#4351 = B_SPLINE_CURVE_WITH_KNOTS('',3,(#4352,#4353,#4354,#4355,#4356,
    #4357,#4358,#4359,#4360,#4361,#4362,#4363,#4364,#4365,#4366,#4367,
    #4368,#4369,#4370),.UNSPECIFIED.,.F.,.F.,(4,1,1,1,1,1,1,1,1,1,1,1,1,
    1,1,1,4),(0.,7.082657255516E-02,0.13816903328,0.202475331534,
    0.263973754414,0.323380320598,0.381797622713,0.439390074519,
    0.496902724546,0.554662169609,0.612741878492,0.671538836391,
    0.73165572209,0.794297811614,0.859482204979,0.927681325453,1.),
  .UNSPECIFIED.);
#4352 = CARTESIAN_POINT('',(0.580881621244,-0.127900010775,
    2.000005580761E-02));
#4353 = CARTESIAN_POINT('',(0.595949189749,-0.128225719686,
    2.000005580761E-02));
#4354 = CARTESIAN_POINT('',(0.625343120574,-0.128861115184,
    2.000005580761E-02));
#4355 = CARTESIAN_POINT('',(0.668179676362,-0.133906916708,
    2.000005580761E-02));
#4356 = CARTESIAN_POINT('',(0.708496540792,-0.142009511081,
    2.000005580761E-02));
#4357 = CARTESIAN_POINT('',(0.746299052755,-0.153360005707,
    2.000005580761E-02));
#4358 = CARTESIAN_POINT('',(0.781423439116,-0.16840562615,
    2.000005580761E-02));
#4359 = CARTESIAN_POINT('',(0.814153051466,-0.186461224307,
    2.000005580761E-02));
#4360 = CARTESIAN_POINT('',(0.844263082852,-0.207947043141,
    2.000005580761E-02));
#4361 = CARTESIAN_POINT('',(0.871631477222,-0.232622103417,
    2.000005580761E-02));
#4362 = CARTESIAN_POINT('',(0.896026220684,-0.260363533646,
    2.000005580761E-02));
#4363 = CARTESIAN_POINT('',(0.917548586168,-0.290737376467,
    2.000005580761E-02));
#4364 = CARTESIAN_POINT('',(0.935430096011,-0.323956671372,
    2.000005580761E-02));
#4365 = CARTESIAN_POINT('',(0.950237585965,-0.359691960086,
    2.000005580761E-02));
#4366 = CARTESIAN_POINT('',(0.961552604592,-0.39810071951,
    2.000005580761E-02));
#4367 = CARTESIAN_POINT('',(0.969754881805,-0.439029082008,
    2.000005580761E-02));
#4368 = CARTESIAN_POINT('',(0.974492449777,-0.482590519868,
    2.000005580761E-02));
#4369 = CARTESIAN_POINT('',(0.97516302265,-0.512479352723,
    2.000005580761E-02));
#4370 = CARTESIAN_POINT('',(0.975508138664,-0.527861893955,
    2.000005580761E-02));
#4371 = ORIENTED_EDGE('',*,*,#4372,.F.);
#4372 = EDGE_CURVE('',#4373,#4349,#4375,.T.);
#4373 = VERTEX_POINT('',#4374);
#4374 = CARTESIAN_POINT('',(0.438922782287,-0.127900010775,
    2.000005580754E-02));
#4375 = LINE('',#4376,#4377);
#4376 = CARTESIAN_POINT('',(0.438922782287,-0.127900010775,
    2.000005580761E-02));
#4377 = VECTOR('',#4378,1.);
#4378 = DIRECTION('',(1.,0.,0.));
#4379 = ORIENTED_EDGE('',*,*,#4380,.F.);
#4380 = EDGE_CURVE('',#4381,#4373,#4383,.T.);
#4381 = VERTEX_POINT('',#4382);
#4382 = CARTESIAN_POINT('',(0.438922782287,-0.908387801869,
    2.000005580761E-02));
#4383 = LINE('',#4384,#4385);
#4384 = CARTESIAN_POINT('',(0.438922782287,-0.908387801869,
    2.000005580761E-02));
#4385 = VECTOR('',#4386,1.);
#4386 = DIRECTION('',(0.,1.,3.491481338843E-15));
#4387 = ORIENTED_EDGE('',*,*,#4388,.F.);
#4388 = EDGE_CURVE('',#4325,#4381,#4389,.T.);
#4389 = LINE('',#4390,#4391);
#4390 = CARTESIAN_POINT('',(0.58640753578,-0.908387801869,
    2.000005580761E-02));
#4391 = VECTOR('',#4392,1.);
#4392 = DIRECTION('',(-1.,0.,0.));
#4393 = FACE_BOUND('',#4394,.T.);
#4394 = EDGE_LOOP('',(#4395,#4396,#4397,#4398,#4399));
#4395 = ORIENTED_EDGE('',*,*,#4111,.F.);
#4396 = ORIENTED_EDGE('',*,*,#4257,.F.);
#4397 = ORIENTED_EDGE('',*,*,#4183,.F.);
#4398 = ORIENTED_EDGE('',*,*,#4159,.F.);
#4399 = ORIENTED_EDGE('',*,*,#4135,.F.);
#4400 = PLANE('',#4401);
#4401 = AXIS2_PLACEMENT_3D('',#4402,#4403,#4404);
#4402 = CARTESIAN_POINT('',(0.957556019267,-0.888444600211,
    2.000005580761E-02));
#4403 = DIRECTION('',(1.96408459062E-15,-8.462721033782E-14,-1.));
#4404 = DIRECTION('',(0.,1.,-8.462721033782E-14));
#4405 = ADVANCED_FACE('',(#4406),#4431,.T.);
#4406 = FACE_BOUND('',#4407,.T.);
#4407 = EDGE_LOOP('',(#4408,#4418,#4424,#4425));
#4408 = ORIENTED_EDGE('',*,*,#4409,.F.);
#4409 = EDGE_CURVE('',#4410,#4412,#4414,.T.);
#4410 = VERTEX_POINT('',#4411);
#4411 = CARTESIAN_POINT('',(0.58640753578,-0.908387801869,
    5.616082132676E-08));
#4412 = VERTEX_POINT('',#4413);
#4413 = CARTESIAN_POINT('',(0.438922782287,-0.908387801869,
    5.616082243698E-08));
#4414 = LINE('',#4415,#4416);
#4415 = CARTESIAN_POINT('',(0.58640753578,-0.908387801869,
    5.616082132676E-08));
#4416 = VECTOR('',#4417,1.);
#4417 = DIRECTION('',(-1.,0.,0.));
#4418 = ORIENTED_EDGE('',*,*,#4419,.F.);
#4419 = EDGE_CURVE('',#4325,#4410,#4420,.T.);
#4420 = LINE('',#4421,#4422);
#4421 = CARTESIAN_POINT('',(0.58640753578,-0.908387801869,
    2.000005580761E-02));
#4422 = VECTOR('',#4423,1.);
#4423 = DIRECTION('',(0.,3.491481338843E-15,-1.));
#4424 = ORIENTED_EDGE('',*,*,#4388,.T.);
#4425 = ORIENTED_EDGE('',*,*,#4426,.T.);
#4426 = EDGE_CURVE('',#4381,#4412,#4427,.T.);
#4427 = LINE('',#4428,#4429);
#4428 = CARTESIAN_POINT('',(0.438922782287,-0.908387801869,
    2.000005580761E-02));
#4429 = VECTOR('',#4430,1.);
#4430 = DIRECTION('',(0.,3.491481338843E-15,-1.));
#4431 = PLANE('',#4432);
#4432 = AXIS2_PLACEMENT_3D('',#4433,#4434,#4435);
#4433 = CARTESIAN_POINT('',(0.58640753578,-0.908387801869,
    2.000005580761E-02));
#4434 = DIRECTION('',(0.,-1.,-3.491481338843E-15));
#4435 = DIRECTION('',(1.,0.,0.));
#4436 = ADVANCED_FACE('',(#4437),#4471,.T.);
#4437 = FACE_BOUND('',#4438,.T.);
#4438 = EDGE_LOOP('',(#4439,#4463,#4469,#4470));
#4439 = ORIENTED_EDGE('',*,*,#4440,.F.);
#4440 = EDGE_CURVE('',#4441,#4410,#4443,.T.);
#4441 = VERTEX_POINT('',#4442);
#4442 = CARTESIAN_POINT('',(0.975508138664,-0.527861893955,
    5.616082265902E-08));
#4443 = B_SPLINE_CURVE_WITH_KNOTS('',3,(#4444,#4445,#4446,#4447,#4448,
    #4449,#4450,#4451,#4452,#4453,#4454,#4455,#4456,#4457,#4458,#4459,
    #4460,#4461,#4462),.UNSPECIFIED.,.F.,.F.,(4,1,1,1,1,1,1,1,1,1,1,1,1,
    1,1,1,4),(0.,7.430379644282E-02,0.144393610364,0.210499496103,
    0.273542606503,0.333824744579,0.392529672409,0.4500874546,
    0.507820611556,0.565464912777,0.623148722334,0.681297192791,
    0.740913498157,0.801855752196,0.865241237721,0.930941657047,1.),
  .UNSPECIFIED.);
#4444 = CARTESIAN_POINT('',(0.975508138664,-0.527861893955,
    5.616082265902E-08));
#4445 = CARTESIAN_POINT('',(0.975180358088,-0.543182778822,
    5.616082265902E-08));
#4446 = CARTESIAN_POINT('',(0.974543386316,-0.572955657004,
    5.616082265902E-08));
#4447 = CARTESIAN_POINT('',(0.969587172202,-0.616136664108,
    5.616082177085E-08));
#4448 = CARTESIAN_POINT('',(0.961281187303,-0.656423638532,
    5.616082265902E-08));
#4449 = CARTESIAN_POINT('',(0.949472376838,-0.693722384683,
    5.616082221493E-08));
#4450 = CARTESIAN_POINT('',(0.934399846744,-0.728176724022,
    5.616082199289E-08));
#4451 = CARTESIAN_POINT('',(0.915840015571,-0.759589251896,
    5.616082177085E-08));
#4452 = CARTESIAN_POINT('',(0.893936748904,-0.788113968158,
    5.616082177085E-08));
#4453 = CARTESIAN_POINT('',(0.868693200923,-0.813423540108,
    5.616082199289E-08));
#4454 = CARTESIAN_POINT('',(0.840729176576,-0.835674306506,
    5.616082110471E-08));
#4455 = CARTESIAN_POINT('',(0.810732182653,-0.855256076311,
    5.616082177085E-08));
#4456 = CARTESIAN_POINT('',(0.778442003697,-0.871697716372,
    5.616082110471E-08));
#4457 = CARTESIAN_POINT('',(0.74411157242,-0.885208642169,
    5.616082199289E-08));
#4458 = CARTESIAN_POINT('',(0.707624700285,-0.895751195549,
    5.616082110471E-08));
#4459 = CARTESIAN_POINT('',(0.669093326866,-0.903068796357,
    5.616082132676E-08));
#4460 = CARTESIAN_POINT('',(0.628432986749,-0.907523066056,
    5.616082110471E-08));
#4461 = CARTESIAN_POINT('',(0.600646811735,-0.908094807705,
    5.616082110471E-08));
#4462 = CARTESIAN_POINT('',(0.58640753578,-0.908387801869,
    5.616082132676E-08));
#4463 = ORIENTED_EDGE('',*,*,#4464,.F.);
#4464 = EDGE_CURVE('',#4323,#4441,#4465,.T.);
#4465 = LINE('',#4466,#4467);
#4466 = CARTESIAN_POINT('',(0.975508138664,-0.527861893955,
    2.000005580761E-02));
#4467 = VECTOR('',#4468,1.);
#4468 = DIRECTION('',(0.,3.491481338843E-15,-1.));
#4469 = ORIENTED_EDGE('',*,*,#4322,.T.);
#4470 = ORIENTED_EDGE('',*,*,#4419,.T.);
#4471 = B_SPLINE_SURFACE_WITH_KNOTS('',3,1,(
    (#4472,#4473)
    ,(#4474,#4475)
    ,(#4476,#4477)
    ,(#4478,#4479)
    ,(#4480,#4481)
    ,(#4482,#4483)
    ,(#4484,#4485)
    ,(#4486,#4487)
    ,(#4488,#4489)
    ,(#4490,#4491)
    ,(#4492,#4493)
    ,(#4494,#4495)
    ,(#4496,#4497)
    ,(#4498,#4499)
    ,(#4500,#4501)
    ,(#4502,#4503)
    ,(#4504,#4505)
    ,(#4506,#4507)
    ,(#4508,#4509
    )),.UNSPECIFIED.,.F.,.F.,.F.,(4,1,1,1,1,1,1,1,1,1,1,1,1,1,1,1,4),(2,
    2),(0.,7.430379644282E-02,0.144393610364,0.210499496103,
    0.273542606503,0.333824744579,0.392529672409,0.4500874546,
    0.507820611556,0.565464912777,0.623148722334,0.681297192791,
    0.740913498157,0.801855752196,0.865241237721,0.930941657047,1.),(0.,
    1.),.UNSPECIFIED.);
#4472 = CARTESIAN_POINT('',(0.975508138664,-0.527861893955,
    2.000005580761E-02));
#4473 = CARTESIAN_POINT('',(0.975508138664,-0.527861893955,
    5.616082265902E-08));
#4474 = CARTESIAN_POINT('',(0.975180358088,-0.543182778822,
    2.000005580761E-02));
#4475 = CARTESIAN_POINT('',(0.975180358088,-0.543182778822,
    5.616082265902E-08));
#4476 = CARTESIAN_POINT('',(0.974543386316,-0.572955657004,
    2.000005580761E-02));
#4477 = CARTESIAN_POINT('',(0.974543386316,-0.572955657004,
    5.616082265902E-08));
#4478 = CARTESIAN_POINT('',(0.969587172202,-0.616136664108,
    2.000005580761E-02));
#4479 = CARTESIAN_POINT('',(0.969587172202,-0.616136664108,
    5.616082177085E-08));
#4480 = CARTESIAN_POINT('',(0.961281187303,-0.656423638532,
    2.000005580761E-02));
#4481 = CARTESIAN_POINT('',(0.961281187303,-0.656423638532,
    5.616082265902E-08));
#4482 = CARTESIAN_POINT('',(0.949472376838,-0.693722384683,
    2.000005580761E-02));
#4483 = CARTESIAN_POINT('',(0.949472376838,-0.693722384683,
    5.616082221493E-08));
#4484 = CARTESIAN_POINT('',(0.934399846744,-0.728176724022,
    2.000005580761E-02));
#4485 = CARTESIAN_POINT('',(0.934399846744,-0.728176724022,
    5.616082199289E-08));
#4486 = CARTESIAN_POINT('',(0.915840015571,-0.759589251896,
    2.000005580761E-02));
#4487 = CARTESIAN_POINT('',(0.915840015571,-0.759589251896,
    5.616082177085E-08));
#4488 = CARTESIAN_POINT('',(0.893936748904,-0.788113968158,
    2.000005580761E-02));
#4489 = CARTESIAN_POINT('',(0.893936748904,-0.788113968158,
    5.616082177085E-08));
#4490 = CARTESIAN_POINT('',(0.868693200923,-0.813423540108,
    2.000005580761E-02));
#4491 = CARTESIAN_POINT('',(0.868693200923,-0.813423540108,
    5.616082199289E-08));
#4492 = CARTESIAN_POINT('',(0.840729176576,-0.835674306506,
    2.000005580761E-02));
#4493 = CARTESIAN_POINT('',(0.840729176576,-0.835674306506,
    5.616082110471E-08));
#4494 = CARTESIAN_POINT('',(0.810732182653,-0.855256076311,
    2.000005580761E-02));
#4495 = CARTESIAN_POINT('',(0.810732182653,-0.855256076311,
    5.616082177085E-08));
#4496 = CARTESIAN_POINT('',(0.778442003697,-0.871697716372,
    2.000005580761E-02));
#4497 = CARTESIAN_POINT('',(0.778442003697,-0.871697716372,
    5.616082110471E-08));
#4498 = CARTESIAN_POINT('',(0.74411157242,-0.885208642169,
    2.000005580761E-02));
#4499 = CARTESIAN_POINT('',(0.74411157242,-0.885208642169,
    5.616082199289E-08));
#4500 = CARTESIAN_POINT('',(0.707624700285,-0.895751195549,
    2.000005580761E-02));
#4501 = CARTESIAN_POINT('',(0.707624700285,-0.895751195549,
    5.616082110471E-08));
#4502 = CARTESIAN_POINT('',(0.669093326866,-0.903068796357,
    2.000005580761E-02));
#4503 = CARTESIAN_POINT('',(0.669093326866,-0.903068796357,
    5.616082132676E-08));
#4504 = CARTESIAN_POINT('',(0.628432986749,-0.907523066056,
    2.000005580761E-02));
#4505 = CARTESIAN_POINT('',(0.628432986749,-0.907523066056,
    5.616082110471E-08));
#4506 = CARTESIAN_POINT('',(0.600646811735,-0.908094807705,
    2.000005580761E-02));
#4507 = CARTESIAN_POINT('',(0.600646811735,-0.908094807705,
    5.616082110471E-08));
#4508 = CARTESIAN_POINT('',(0.58640753578,-0.908387801869,
    2.000005580761E-02));
#4509 = CARTESIAN_POINT('',(0.58640753578,-0.908387801869,
    5.616082132676E-08));
#4510 = ADVANCED_FACE('',(#4511),#4545,.T.);
#4511 = FACE_BOUND('',#4512,.T.);
#4512 = EDGE_LOOP('',(#4513,#4537,#4543,#4544));
#4513 = ORIENTED_EDGE('',*,*,#4514,.F.);
#4514 = EDGE_CURVE('',#4515,#4441,#4517,.T.);
#4515 = VERTEX_POINT('',#4516);
#4516 = CARTESIAN_POINT('',(0.580881621244,-0.127900010775,
    5.616082421334E-08));
#4517 = B_SPLINE_CURVE_WITH_KNOTS('',3,(#4518,#4519,#4520,#4521,#4522,
    #4523,#4524,#4525,#4526,#4527,#4528,#4529,#4530,#4531,#4532,#4533,
    #4534,#4535,#4536),.UNSPECIFIED.,.F.,.F.,(4,1,1,1,1,1,1,1,1,1,1,1,1,
    1,1,1,4),(0.,7.082657255516E-02,0.13816903328,0.202475331534,
    0.263973754414,0.323380320598,0.381797622713,0.439390074519,
    0.496902724546,0.554662169609,0.612741878492,0.671538836391,
    0.73165572209,0.794297811614,0.859482204979,0.927681325453,1.),
  .UNSPECIFIED.);
#4518 = CARTESIAN_POINT('',(0.580881621244,-0.127900010775,
    5.616082421334E-08));
#4519 = CARTESIAN_POINT('',(0.595949189749,-0.128225719686,
    5.616082443538E-08));
#4520 = CARTESIAN_POINT('',(0.625343120574,-0.128861115184,
    5.616082421334E-08));
#4521 = CARTESIAN_POINT('',(0.668179676362,-0.133906916708,
    5.61608235472E-08));
#4522 = CARTESIAN_POINT('',(0.708496540792,-0.142009511081,
    5.616082443538E-08));
#4523 = CARTESIAN_POINT('',(0.746299052755,-0.153360005707,
    5.61608235472E-08));
#4524 = CARTESIAN_POINT('',(0.781423439116,-0.16840562615,
    5.616082376925E-08));
#4525 = CARTESIAN_POINT('',(0.814153051466,-0.186461224307,
    5.616082399129E-08));
#4526 = CARTESIAN_POINT('',(0.844263082852,-0.207947043141,
    5.616082399129E-08));
#4527 = CARTESIAN_POINT('',(0.871631477222,-0.232622103417,
    5.616082399129E-08));
#4528 = CARTESIAN_POINT('',(0.896026220684,-0.260363533646,
    5.616082376925E-08));
#4529 = CARTESIAN_POINT('',(0.917548586168,-0.290737376467,
    5.616082310311E-08));
#4530 = CARTESIAN_POINT('',(0.935430096011,-0.323956671372,
    5.616082399129E-08));
#4531 = CARTESIAN_POINT('',(0.950237585965,-0.359691960086,
    5.61608235472E-08));
#4532 = CARTESIAN_POINT('',(0.961552604592,-0.39810071951,
    5.616082288107E-08));
#4533 = CARTESIAN_POINT('',(0.969754881805,-0.439029082008,
    5.616082288107E-08));
#4534 = CARTESIAN_POINT('',(0.974492449777,-0.482590519868,
    5.616082265902E-08));
#4535 = CARTESIAN_POINT('',(0.97516302265,-0.512479352723,
    5.616082243698E-08));
#4536 = CARTESIAN_POINT('',(0.975508138664,-0.527861893955,
    5.616082265902E-08));
#4537 = ORIENTED_EDGE('',*,*,#4538,.F.);
#4538 = EDGE_CURVE('',#4349,#4515,#4539,.T.);
#4539 = LINE('',#4540,#4541);
#4540 = CARTESIAN_POINT('',(0.580881621244,-0.127900010775,
    2.000005580761E-02));
#4541 = VECTOR('',#4542,1.);
#4542 = DIRECTION('',(0.,3.491481338843E-15,-1.));
#4543 = ORIENTED_EDGE('',*,*,#4348,.T.);
#4544 = ORIENTED_EDGE('',*,*,#4464,.T.);
#4545 = B_SPLINE_SURFACE_WITH_KNOTS('',3,1,(
    (#4546,#4547)
    ,(#4548,#4549)
    ,(#4550,#4551)
    ,(#4552,#4553)
    ,(#4554,#4555)
    ,(#4556,#4557)
    ,(#4558,#4559)
    ,(#4560,#4561)
    ,(#4562,#4563)
    ,(#4564,#4565)
    ,(#4566,#4567)
    ,(#4568,#4569)
    ,(#4570,#4571)
    ,(#4572,#4573)
    ,(#4574,#4575)
    ,(#4576,#4577)
    ,(#4578,#4579)
    ,(#4580,#4581)
    ,(#4582,#4583
    )),.UNSPECIFIED.,.F.,.F.,.F.,(4,1,1,1,1,1,1,1,1,1,1,1,1,1,1,1,4),(2,
    2),(0.,7.082657255516E-02,0.13816903328,0.202475331534,
    0.263973754414,0.323380320598,0.381797622713,0.439390074519,
    0.496902724546,0.554662169609,0.612741878492,0.671538836391,
    0.73165572209,0.794297811614,0.859482204979,0.927681325453,1.),(0.,
    1.),.UNSPECIFIED.);
#4546 = CARTESIAN_POINT('',(0.580881621244,-0.127900010775,
    2.000005580761E-02));
#4547 = CARTESIAN_POINT('',(0.580881621244,-0.127900010775,
    5.616082421334E-08));
#4548 = CARTESIAN_POINT('',(0.595949189749,-0.128225719686,
    2.000005580761E-02));
#4549 = CARTESIAN_POINT('',(0.595949189749,-0.128225719686,
    5.616082443538E-08));
#4550 = CARTESIAN_POINT('',(0.625343120574,-0.128861115184,
    2.000005580761E-02));
#4551 = CARTESIAN_POINT('',(0.625343120574,-0.128861115184,
    5.616082421334E-08));
#4552 = CARTESIAN_POINT('',(0.668179676362,-0.133906916708,
    2.000005580761E-02));
#4553 = CARTESIAN_POINT('',(0.668179676362,-0.133906916708,
    5.61608235472E-08));
#4554 = CARTESIAN_POINT('',(0.708496540792,-0.142009511081,
    2.000005580761E-02));
#4555 = CARTESIAN_POINT('',(0.708496540792,-0.142009511081,
    5.616082443538E-08));
#4556 = CARTESIAN_POINT('',(0.746299052755,-0.153360005707,
    2.000005580761E-02));
#4557 = CARTESIAN_POINT('',(0.746299052755,-0.153360005707,
    5.61608235472E-08));
#4558 = CARTESIAN_POINT('',(0.781423439116,-0.16840562615,
    2.000005580761E-02));
#4559 = CARTESIAN_POINT('',(0.781423439116,-0.16840562615,
    5.616082376925E-08));
#4560 = CARTESIAN_POINT('',(0.814153051466,-0.186461224307,
    2.000005580761E-02));
#4561 = CARTESIAN_POINT('',(0.814153051466,-0.186461224307,
    5.616082399129E-08));
#4562 = CARTESIAN_POINT('',(0.844263082852,-0.207947043141,
    2.000005580761E-02));
#4563 = CARTESIAN_POINT('',(0.844263082852,-0.207947043141,
    5.616082399129E-08));
#4564 = CARTESIAN_POINT('',(0.871631477222,-0.232622103417,
    2.000005580761E-02));
#4565 = CARTESIAN_POINT('',(0.871631477222,-0.232622103417,
    5.616082399129E-08));
#4566 = CARTESIAN_POINT('',(0.896026220684,-0.260363533646,
    2.000005580761E-02));
#4567 = CARTESIAN_POINT('',(0.896026220684,-0.260363533646,
    5.616082376925E-08));
#4568 = CARTESIAN_POINT('',(0.917548586168,-0.290737376467,
    2.000005580761E-02));
#4569 = CARTESIAN_POINT('',(0.917548586168,-0.290737376467,
    5.616082310311E-08));
#4570 = CARTESIAN_POINT('',(0.935430096011,-0.323956671372,
    2.000005580761E-02));
#4571 = CARTESIAN_POINT('',(0.935430096011,-0.323956671372,
    5.616082399129E-08));
#4572 = CARTESIAN_POINT('',(0.950237585965,-0.359691960086,
    2.000005580761E-02));
#4573 = CARTESIAN_POINT('',(0.950237585965,-0.359691960086,
    5.61608235472E-08));
#4574 = CARTESIAN_POINT('',(0.961552604592,-0.39810071951,
    2.000005580761E-02));
#4575 = CARTESIAN_POINT('',(0.961552604592,-0.39810071951,
    5.616082288107E-08));
#4576 = CARTESIAN_POINT('',(0.969754881805,-0.439029082008,
    2.000005580761E-02));
#4577 = CARTESIAN_POINT('',(0.969754881805,-0.439029082008,
    5.616082288107E-08));
#4578 = CARTESIAN_POINT('',(0.974492449777,-0.482590519868,
    2.000005580761E-02));
#4579 = CARTESIAN_POINT('',(0.974492449777,-0.482590519868,
    5.616082265902E-08));
#4580 = CARTESIAN_POINT('',(0.97516302265,-0.512479352723,
    2.000005580761E-02));
#4581 = CARTESIAN_POINT('',(0.97516302265,-0.512479352723,
    5.616082243698E-08));
#4582 = CARTESIAN_POINT('',(0.975508138664,-0.527861893955,
    2.000005580761E-02));
#4583 = CARTESIAN_POINT('',(0.975508138664,-0.527861893955,
    5.616082265902E-08));
#4584 = ADVANCED_FACE('',(#4585),#4603,.T.);
#4585 = FACE_BOUND('',#4586,.T.);
#4586 = EDGE_LOOP('',(#4587,#4595,#4601,#4602));
#4587 = ORIENTED_EDGE('',*,*,#4588,.F.);
#4588 = EDGE_CURVE('',#4589,#4515,#4591,.T.);
#4589 = VERTEX_POINT('',#4590);
#4590 = CARTESIAN_POINT('',(0.438922782287,-0.127900010775,
    5.616082421334E-08));
#4591 = LINE('',#4592,#4593);
#4592 = CARTESIAN_POINT('',(0.438922782287,-0.127900010775,
    5.616082421334E-08));
#4593 = VECTOR('',#4594,1.);
#4594 = DIRECTION('',(1.,0.,0.));
#4595 = ORIENTED_EDGE('',*,*,#4596,.F.);
#4596 = EDGE_CURVE('',#4373,#4589,#4597,.T.);
#4597 = LINE('',#4598,#4599);
#4598 = CARTESIAN_POINT('',(0.438922782287,-0.127900010775,
    2.000005580761E-02));
#4599 = VECTOR('',#4600,1.);
#4600 = DIRECTION('',(0.,3.491481338843E-15,-1.));
#4601 = ORIENTED_EDGE('',*,*,#4372,.T.);
#4602 = ORIENTED_EDGE('',*,*,#4538,.T.);
#4603 = PLANE('',#4604);
#4604 = AXIS2_PLACEMENT_3D('',#4605,#4606,#4607);
#4605 = CARTESIAN_POINT('',(0.438922782287,-0.127900010775,
    2.000005580761E-02));
#4606 = DIRECTION('',(0.,1.,3.491481338843E-15));
#4607 = DIRECTION('',(-1.,0.,0.));
#4608 = ADVANCED_FACE('',(#4609),#4620,.T.);
#4609 = FACE_BOUND('',#4610,.T.);
#4610 = EDGE_LOOP('',(#4611,#4617,#4618,#4619));
#4611 = ORIENTED_EDGE('',*,*,#4612,.F.);
#4612 = EDGE_CURVE('',#4412,#4589,#4613,.T.);
#4613 = LINE('',#4614,#4615);
#4614 = CARTESIAN_POINT('',(0.438922782287,-0.908387801869,
    5.616082132676E-08));
#4615 = VECTOR('',#4616,1.);
#4616 = DIRECTION('',(0.,1.,3.491481338843E-15));
#4617 = ORIENTED_EDGE('',*,*,#4426,.F.);
#4618 = ORIENTED_EDGE('',*,*,#4380,.T.);
#4619 = ORIENTED_EDGE('',*,*,#4596,.T.);
#4620 = PLANE('',#4621);
#4621 = AXIS2_PLACEMENT_3D('',#4622,#4623,#4624);
#4622 = CARTESIAN_POINT('',(0.438922782287,-0.908387801869,
    2.000005580761E-02));
#4623 = DIRECTION('',(-1.,0.,0.));
#4624 = DIRECTION('',(-0.,-1.,-3.491481338843E-15));
#4625 = ADVANCED_FACE('',(#4626),#4651,.T.);
#4626 = FACE_BOUND('',#4627,.T.);
#4627 = EDGE_LOOP('',(#4628,#4629,#4637,#4645));
#4628 = ORIENTED_EDGE('',*,*,#350,.F.);
#4629 = ORIENTED_EDGE('',*,*,#4630,.F.);
#4630 = EDGE_CURVE('',#4631,#343,#4633,.T.);
#4631 = VERTEX_POINT('',#4632);
#4632 = CARTESIAN_POINT('',(0.109654495419,-0.127900010775,
    2.000005580761E-02));
#4633 = LINE('',#4634,#4635);
#4634 = CARTESIAN_POINT('',(0.109654495419,-0.127900010775,
    2.000005580761E-02));
#4635 = VECTOR('',#4636,1.);
#4636 = DIRECTION('',(0.,3.491481338843E-15,-1.));
#4637 = ORIENTED_EDGE('',*,*,#4638,.T.);
#4638 = EDGE_CURVE('',#4631,#4639,#4641,.T.);
#4639 = VERTEX_POINT('',#4640);
#4640 = CARTESIAN_POINT('',(0.109654495419,-1.814391515209E-02,
    2.000005580761E-02));
#4641 = LINE('',#4642,#4643);
#4642 = CARTESIAN_POINT('',(0.109654495419,-0.127900010775,
    2.000005580761E-02));
#4643 = VECTOR('',#4644,1.);
#4644 = DIRECTION('',(0.,1.,3.491481338843E-15));
#4645 = ORIENTED_EDGE('',*,*,#4646,.T.);
#4646 = EDGE_CURVE('',#4639,#351,#4647,.T.);
#4647 = LINE('',#4648,#4649);
#4648 = CARTESIAN_POINT('',(0.109654495419,-1.814391515209E-02,
    2.000005580761E-02));
#4649 = VECTOR('',#4650,1.);
#4650 = DIRECTION('',(0.,3.491481338843E-15,-1.));
#4651 = PLANE('',#4652);
#4652 = AXIS2_PLACEMENT_3D('',#4653,#4654,#4655);
#4653 = CARTESIAN_POINT('',(0.109654495419,-0.127900010775,
    2.000005580761E-02));
#4654 = DIRECTION('',(-1.,0.,0.));
#4655 = DIRECTION('',(-0.,-1.,-3.491481338843E-15));
#4656 = ADVANCED_FACE('',(#4657),#4675,.T.);
#4657 = FACE_BOUND('',#4658,.T.);
#4658 = EDGE_LOOP('',(#4659,#4660,#4661,#4669));
#4659 = ORIENTED_EDGE('',*,*,#358,.F.);
#4660 = ORIENTED_EDGE('',*,*,#4646,.F.);
#4661 = ORIENTED_EDGE('',*,*,#4662,.T.);
#4662 = EDGE_CURVE('',#4639,#4663,#4665,.T.);
#4663 = VERTEX_POINT('',#4664);
#4664 = CARTESIAN_POINT('',(-0.426930860958,-1.814391515209E-02,
    2.000005580761E-02));
#4665 = LINE('',#4666,#4667);
#4666 = CARTESIAN_POINT('',(0.109654495419,-1.814391515209E-02,
    2.000005580761E-02));
#4667 = VECTOR('',#4668,1.);
#4668 = DIRECTION('',(-1.,0.,0.));
#4669 = ORIENTED_EDGE('',*,*,#4670,.T.);
#4670 = EDGE_CURVE('',#4663,#359,#4671,.T.);
#4671 = LINE('',#4672,#4673);
#4672 = CARTESIAN_POINT('',(-0.426930860958,-1.814391515209E-02,
    2.000005580761E-02));
#4673 = VECTOR('',#4674,1.);
#4674 = DIRECTION('',(0.,3.491481338843E-15,-1.));
#4675 = PLANE('',#4676);
#4676 = AXIS2_PLACEMENT_3D('',#4677,#4678,#4679);
#4677 = CARTESIAN_POINT('',(0.109654495419,-1.814391515209E-02,
    2.000005580761E-02));
#4678 = DIRECTION('',(0.,-1.,-3.491481338843E-15));
#4679 = DIRECTION('',(1.,0.,0.));
#4680 = ADVANCED_FACE('',(#4681),#4699,.T.);
#4681 = FACE_BOUND('',#4682,.T.);
#4682 = EDGE_LOOP('',(#4683,#4684,#4685,#4693));
#4683 = ORIENTED_EDGE('',*,*,#366,.F.);
#4684 = ORIENTED_EDGE('',*,*,#4670,.F.);
#4685 = ORIENTED_EDGE('',*,*,#4686,.T.);
#4686 = EDGE_CURVE('',#4663,#4687,#4689,.T.);
#4687 = VERTEX_POINT('',#4688);
#4688 = CARTESIAN_POINT('',(-0.426930860958,-1.018143897491,
    2.000005580761E-02));
#4689 = LINE('',#4690,#4691);
#4690 = CARTESIAN_POINT('',(-0.426930860958,-1.814391515209E-02,
    2.000005580761E-02));
#4691 = VECTOR('',#4692,1.);
#4692 = DIRECTION('',(0.,-1.,-3.491481338843E-15));
#4693 = ORIENTED_EDGE('',*,*,#4694,.T.);
#4694 = EDGE_CURVE('',#4687,#367,#4695,.T.);
#4695 = LINE('',#4696,#4697);
#4696 = CARTESIAN_POINT('',(-0.426930860958,-1.018143897491,
    2.000005580761E-02));
#4697 = VECTOR('',#4698,1.);
#4698 = DIRECTION('',(0.,3.491481338843E-15,-1.));
#4699 = PLANE('',#4700);
#4700 = AXIS2_PLACEMENT_3D('',#4701,#4702,#4703);
#4701 = CARTESIAN_POINT('',(-0.426930860958,-1.814391515209E-02,
    2.000005580761E-02));
#4702 = DIRECTION('',(1.,0.,0.));
#4703 = DIRECTION('',(-0.,1.,3.491481338843E-15));
#4704 = ADVANCED_FACE('',(#4705),#4723,.T.);
#4705 = FACE_BOUND('',#4706,.T.);
#4706 = EDGE_LOOP('',(#4707,#4708,#4709,#4717));
#4707 = ORIENTED_EDGE('',*,*,#374,.F.);
#4708 = ORIENTED_EDGE('',*,*,#4694,.F.);
#4709 = ORIENTED_EDGE('',*,*,#4710,.T.);
#4710 = EDGE_CURVE('',#4687,#4711,#4713,.T.);
#4711 = VERTEX_POINT('',#4712);
#4712 = CARTESIAN_POINT('',(8.526425194772E-02,-1.018143897491,
    2.000005580761E-02));
#4713 = LINE('',#4714,#4715);
#4714 = CARTESIAN_POINT('',(-0.426930860958,-1.018143897491,
    2.000005580761E-02));
#4715 = VECTOR('',#4716,1.);
#4716 = DIRECTION('',(1.,0.,0.));
#4717 = ORIENTED_EDGE('',*,*,#4718,.T.);
#4718 = EDGE_CURVE('',#4711,#375,#4719,.T.);
#4719 = LINE('',#4720,#4721);
#4720 = CARTESIAN_POINT('',(8.526425194772E-02,-1.018143897491,
    2.000005580761E-02));
#4721 = VECTOR('',#4722,1.);
#4722 = DIRECTION('',(0.,3.491481338843E-15,-1.));
#4723 = PLANE('',#4724);
#4724 = AXIS2_PLACEMENT_3D('',#4725,#4726,#4727);
#4725 = CARTESIAN_POINT('',(-0.426930860958,-1.018143897491,
    2.000005580761E-02));
#4726 = DIRECTION('',(0.,1.,3.491481338843E-15));
#4727 = DIRECTION('',(-1.,0.,0.));
#4728 = ADVANCED_FACE('',(#4729),#4747,.T.);
#4729 = FACE_BOUND('',#4730,.T.);
#4730 = EDGE_LOOP('',(#4731,#4732,#4733,#4741));
#4731 = ORIENTED_EDGE('',*,*,#382,.F.);
#4732 = ORIENTED_EDGE('',*,*,#4718,.F.);
#4733 = ORIENTED_EDGE('',*,*,#4734,.T.);
#4734 = EDGE_CURVE('',#4711,#4735,#4737,.T.);
#4735 = VERTEX_POINT('',#4736);
#4736 = CARTESIAN_POINT('',(8.526425194772E-02,-0.908387801869,
    2.000005580761E-02));
#4737 = LINE('',#4738,#4739);
#4738 = CARTESIAN_POINT('',(8.526425194772E-02,-1.018143897491,
    2.000005580761E-02));
#4739 = VECTOR('',#4740,1.);
#4740 = DIRECTION('',(0.,1.,3.491481338843E-15));
#4741 = ORIENTED_EDGE('',*,*,#4742,.T.);
#4742 = EDGE_CURVE('',#4735,#383,#4743,.T.);
#4743 = LINE('',#4744,#4745);
#4744 = CARTESIAN_POINT('',(8.526425194772E-02,-0.908387801869,
    2.000005580761E-02));
#4745 = VECTOR('',#4746,1.);
#4746 = DIRECTION('',(0.,3.491481338843E-15,-1.));
#4747 = PLANE('',#4748);
#4748 = AXIS2_PLACEMENT_3D('',#4749,#4750,#4751);
#4749 = CARTESIAN_POINT('',(8.526425194772E-02,-1.018143897491,
    2.000005580761E-02));
#4750 = DIRECTION('',(-1.,0.,0.));
#4751 = DIRECTION('',(-0.,-1.,-3.491481338843E-15));
#4752 = ADVANCED_FACE('',(#4753),#4771,.T.);
#4753 = FACE_BOUND('',#4754,.T.);
#4754 = EDGE_LOOP('',(#4755,#4756,#4757,#4765));
#4755 = ORIENTED_EDGE('',*,*,#390,.F.);
#4756 = ORIENTED_EDGE('',*,*,#4742,.F.);
#4757 = ORIENTED_EDGE('',*,*,#4758,.T.);
#4758 = EDGE_CURVE('',#4735,#4759,#4761,.T.);
#4759 = VERTEX_POINT('',#4760);
#4760 = CARTESIAN_POINT('',(-0.292784521864,-0.908387801869,
    2.000005580761E-02));
#4761 = LINE('',#4762,#4763);
#4762 = CARTESIAN_POINT('',(8.526425194772E-02,-0.908387801869,
    2.000005580761E-02));
#4763 = VECTOR('',#4764,1.);
#4764 = DIRECTION('',(-1.,0.,0.));
#4765 = ORIENTED_EDGE('',*,*,#4766,.T.);
#4766 = EDGE_CURVE('',#4759,#391,#4767,.T.);
#4767 = LINE('',#4768,#4769);
#4768 = CARTESIAN_POINT('',(-0.292784521864,-0.908387801869,
    2.000005580761E-02));
#4769 = VECTOR('',#4770,1.);
#4770 = DIRECTION('',(0.,3.491481338843E-15,-1.));
#4771 = PLANE('',#4772);
#4772 = AXIS2_PLACEMENT_3D('',#4773,#4774,#4775);
#4773 = CARTESIAN_POINT('',(8.526425194772E-02,-0.908387801869,
    2.000005580761E-02));
#4774 = DIRECTION('',(0.,-1.,-3.491481338843E-15));
#4775 = DIRECTION('',(1.,0.,0.));
#4776 = ADVANCED_FACE('',(#4777),#4795,.T.);
#4777 = FACE_BOUND('',#4778,.T.);
#4778 = EDGE_LOOP('',(#4779,#4780,#4781,#4789));
#4779 = ORIENTED_EDGE('',*,*,#398,.F.);
#4780 = ORIENTED_EDGE('',*,*,#4766,.F.);
#4781 = ORIENTED_EDGE('',*,*,#4782,.T.);
#4782 = EDGE_CURVE('',#4759,#4783,#4785,.T.);
#4783 = VERTEX_POINT('',#4784);
#4784 = CARTESIAN_POINT('',(-0.292784521864,-0.579119515001,
    2.000005580761E-02));
#4785 = LINE('',#4786,#4787);
#4786 = CARTESIAN_POINT('',(-0.292784521864,-0.908387801869,
    2.000005580761E-02));
#4787 = VECTOR('',#4788,1.);
#4788 = DIRECTION('',(0.,1.,3.491481338843E-15));
#4789 = ORIENTED_EDGE('',*,*,#4790,.T.);
#4790 = EDGE_CURVE('',#4783,#399,#4791,.T.);
#4791 = LINE('',#4792,#4793);
#4792 = CARTESIAN_POINT('',(-0.292784521864,-0.579119515001,
    2.000005580761E-02));
#4793 = VECTOR('',#4794,1.);
#4794 = DIRECTION('',(0.,3.491481338843E-15,-1.));
#4795 = PLANE('',#4796);
#4796 = AXIS2_PLACEMENT_3D('',#4797,#4798,#4799);
#4797 = CARTESIAN_POINT('',(-0.292784521864,-0.908387801869,
    2.000005580761E-02));
#4798 = DIRECTION('',(-1.,0.,0.));
#4799 = DIRECTION('',(-0.,-1.,-3.491481338843E-15));
#4800 = ADVANCED_FACE('',(#4801),#4819,.T.);
#4801 = FACE_BOUND('',#4802,.T.);
#4802 = EDGE_LOOP('',(#4803,#4804,#4805,#4813));
#4803 = ORIENTED_EDGE('',*,*,#406,.F.);
#4804 = ORIENTED_EDGE('',*,*,#4790,.F.);
#4805 = ORIENTED_EDGE('',*,*,#4806,.T.);
#4806 = EDGE_CURVE('',#4783,#4807,#4809,.T.);
#4807 = VERTEX_POINT('',#4808);
#4808 = CARTESIAN_POINT('',(6.087400847603E-02,-0.579119515001,
    2.000005580761E-02));
#4809 = LINE('',#4810,#4811);
#4810 = CARTESIAN_POINT('',(-0.292784521864,-0.579119515001,
    2.000005580761E-02));
#4811 = VECTOR('',#4812,1.);
#4812 = DIRECTION('',(1.,0.,0.));
#4813 = ORIENTED_EDGE('',*,*,#4814,.T.);
#4814 = EDGE_CURVE('',#4807,#407,#4815,.T.);
#4815 = LINE('',#4816,#4817);
#4816 = CARTESIAN_POINT('',(6.087400847603E-02,-0.579119515001,
    2.000005580761E-02));
#4817 = VECTOR('',#4818,1.);
#4818 = DIRECTION('',(0.,3.491481338843E-15,-1.));
#4819 = PLANE('',#4820);
#4820 = AXIS2_PLACEMENT_3D('',#4821,#4822,#4823);
#4821 = CARTESIAN_POINT('',(-0.292784521864,-0.579119515001,
    2.000005580761E-02));
#4822 = DIRECTION('',(0.,1.,3.491481338843E-15));
#4823 = DIRECTION('',(-1.,0.,0.));
#4824 = ADVANCED_FACE('',(#4825),#4843,.T.);
#4825 = FACE_BOUND('',#4826,.T.);
#4826 = EDGE_LOOP('',(#4827,#4828,#4829,#4837));
#4827 = ORIENTED_EDGE('',*,*,#414,.F.);
#4828 = ORIENTED_EDGE('',*,*,#4814,.F.);
#4829 = ORIENTED_EDGE('',*,*,#4830,.T.);
#4830 = EDGE_CURVE('',#4807,#4831,#4833,.T.);
#4831 = VERTEX_POINT('',#4832);
#4832 = CARTESIAN_POINT('',(6.087400847603E-02,-0.469363419378,
    2.000005580761E-02));
#4833 = LINE('',#4834,#4835);
#4834 = CARTESIAN_POINT('',(6.087400847603E-02,-0.579119515001,
    2.000005580761E-02));
#4835 = VECTOR('',#4836,1.);
#4836 = DIRECTION('',(0.,1.,3.491481338843E-15));
#4837 = ORIENTED_EDGE('',*,*,#4838,.T.);
#4838 = EDGE_CURVE('',#4831,#415,#4839,.T.);
#4839 = LINE('',#4840,#4841);
#4840 = CARTESIAN_POINT('',(6.087400847603E-02,-0.469363419378,
    2.000005580761E-02));
#4841 = VECTOR('',#4842,1.);
#4842 = DIRECTION('',(0.,3.491481338843E-15,-1.));
#4843 = PLANE('',#4844);
#4844 = AXIS2_PLACEMENT_3D('',#4845,#4846,#4847);
#4845 = CARTESIAN_POINT('',(6.087400847603E-02,-0.579119515001,
    2.000005580761E-02));
#4846 = DIRECTION('',(-1.,0.,0.));
#4847 = DIRECTION('',(-0.,-1.,-3.491481338843E-15));
#4848 = ADVANCED_FACE('',(#4849),#4867,.T.);
#4849 = FACE_BOUND('',#4850,.T.);
#4850 = EDGE_LOOP('',(#4851,#4852,#4853,#4861));
#4851 = ORIENTED_EDGE('',*,*,#422,.F.);
#4852 = ORIENTED_EDGE('',*,*,#4838,.F.);
#4853 = ORIENTED_EDGE('',*,*,#4854,.T.);
#4854 = EDGE_CURVE('',#4831,#4855,#4857,.T.);
#4855 = VERTEX_POINT('',#4856);
#4856 = CARTESIAN_POINT('',(-0.292784521864,-0.469363419378,
    2.000005580761E-02));
#4857 = LINE('',#4858,#4859);
#4858 = CARTESIAN_POINT('',(6.087400847603E-02,-0.469363419378,
    2.000005580761E-02));
#4859 = VECTOR('',#4860,1.);
#4860 = DIRECTION('',(-1.,0.,0.));
#4861 = ORIENTED_EDGE('',*,*,#4862,.T.);
#4862 = EDGE_CURVE('',#4855,#423,#4863,.T.);
#4863 = LINE('',#4864,#4865);
#4864 = CARTESIAN_POINT('',(-0.292784521864,-0.469363419378,
    2.000005580761E-02));
#4865 = VECTOR('',#4866,1.);
#4866 = DIRECTION('',(0.,3.491481338843E-15,-1.));
#4867 = PLANE('',#4868);
#4868 = AXIS2_PLACEMENT_3D('',#4869,#4870,#4871);
#4869 = CARTESIAN_POINT('',(6.087400847603E-02,-0.469363419378,
    2.000005580761E-02));
#4870 = DIRECTION('',(0.,-1.,-3.491481338843E-15));
#4871 = DIRECTION('',(1.,0.,0.));
#4872 = ADVANCED_FACE('',(#4873),#4891,.T.);
#4873 = FACE_BOUND('',#4874,.T.);
#4874 = EDGE_LOOP('',(#4875,#4876,#4877,#4885));
#4875 = ORIENTED_EDGE('',*,*,#430,.F.);
#4876 = ORIENTED_EDGE('',*,*,#4862,.F.);
#4877 = ORIENTED_EDGE('',*,*,#4878,.T.);
#4878 = EDGE_CURVE('',#4855,#4879,#4881,.T.);
#4879 = VERTEX_POINT('',#4880);
#4880 = CARTESIAN_POINT('',(-0.292784521864,-0.127900010775,
    2.000005580761E-02));
#4881 = LINE('',#4882,#4883);
#4882 = CARTESIAN_POINT('',(-0.292784521864,-0.469363419378,
    2.000005580761E-02));
#4883 = VECTOR('',#4884,1.);
#4884 = DIRECTION('',(0.,1.,3.491481338843E-15));
#4885 = ORIENTED_EDGE('',*,*,#4886,.T.);
#4886 = EDGE_CURVE('',#4879,#341,#4887,.T.);
#4887 = LINE('',#4888,#4889);
#4888 = CARTESIAN_POINT('',(-0.292784521864,-0.127900010775,
    2.000005580761E-02));
#4889 = VECTOR('',#4890,1.);
#4890 = DIRECTION('',(0.,3.491481338843E-15,-1.));
#4891 = PLANE('',#4892);
#4892 = AXIS2_PLACEMENT_3D('',#4893,#4894,#4895);
#4893 = CARTESIAN_POINT('',(-0.292784521864,-0.469363419378,
    2.000005580761E-02));
#4894 = DIRECTION('',(-1.,0.,0.));
#4895 = DIRECTION('',(-0.,-1.,-3.491481338843E-15));
#4896 = ADVANCED_FACE('',(#4897),#4908,.T.);
#4897 = FACE_BOUND('',#4898,.T.);
#4898 = EDGE_LOOP('',(#4899,#4900,#4901,#4907));
#4899 = ORIENTED_EDGE('',*,*,#340,.F.);
#4900 = ORIENTED_EDGE('',*,*,#4886,.F.);
#4901 = ORIENTED_EDGE('',*,*,#4902,.T.);
#4902 = EDGE_CURVE('',#4879,#4631,#4903,.T.);
#4903 = LINE('',#4904,#4905);
#4904 = CARTESIAN_POINT('',(-0.292784521864,-0.127900010775,
    2.000005580761E-02));
#4905 = VECTOR('',#4906,1.);
#4906 = DIRECTION('',(1.,0.,0.));
#4907 = ORIENTED_EDGE('',*,*,#4630,.T.);
#4908 = PLANE('',#4909);
#4909 = AXIS2_PLACEMENT_3D('',#4910,#4911,#4912);
#4910 = CARTESIAN_POINT('',(-0.292784521864,-0.127900010775,
    2.000005580761E-02));
#4911 = DIRECTION('',(0.,1.,3.491481338843E-15));
#4912 = DIRECTION('',(-1.,0.,0.));
#4913 = ADVANCED_FACE('',(#4914),#4928,.F.);
#4914 = FACE_BOUND('',#4915,.T.);
#4915 = EDGE_LOOP('',(#4916,#4917,#4918,#4919,#4920,#4921,#4922,#4923,
    #4924,#4925,#4926,#4927));
#4916 = ORIENTED_EDGE('',*,*,#4638,.F.);
#4917 = ORIENTED_EDGE('',*,*,#4902,.F.);
#4918 = ORIENTED_EDGE('',*,*,#4878,.F.);
#4919 = ORIENTED_EDGE('',*,*,#4854,.F.);
#4920 = ORIENTED_EDGE('',*,*,#4830,.F.);
#4921 = ORIENTED_EDGE('',*,*,#4806,.F.);
#4922 = ORIENTED_EDGE('',*,*,#4782,.F.);
#4923 = ORIENTED_EDGE('',*,*,#4758,.F.);
#4924 = ORIENTED_EDGE('',*,*,#4734,.F.);
#4925 = ORIENTED_EDGE('',*,*,#4710,.F.);
#4926 = ORIENTED_EDGE('',*,*,#4686,.F.);
#4927 = ORIENTED_EDGE('',*,*,#4662,.F.);
#4928 = PLANE('',#4929);
#4929 = AXIS2_PLACEMENT_3D('',#4930,#4931,#4932);
#4930 = CARTESIAN_POINT('',(-1.016002032004E-04,-1.359918741913,
    2.000005580761E-02));
#4931 = DIRECTION('',(0.,-3.491481338843E-15,1.));
#4932 = DIRECTION('',(0.,-1.,-3.491481338843E-15));
#4933 = ADVANCED_FACE('',(#4934),#4959,.T.);
#4934 = FACE_BOUND('',#4935,.T.);
#4935 = EDGE_LOOP('',(#4936,#4937,#4945,#4953));
#4936 = ORIENTED_EDGE('',*,*,#456,.F.);
#4937 = ORIENTED_EDGE('',*,*,#4938,.F.);
#4938 = EDGE_CURVE('',#4939,#441,#4941,.T.);
#4939 = VERTEX_POINT('',#4940);
#4940 = CARTESIAN_POINT('',(-0.622052808731,-0.179729278152,
    2.000005580761E-02));
#4941 = LINE('',#4942,#4943);
#4942 = CARTESIAN_POINT('',(-0.622052808731,-0.179729278152,
    2.000005580761E-02));
#4943 = VECTOR('',#4944,1.);
#4944 = DIRECTION('',(0.,3.491481338843E-15,-1.));
#4945 = ORIENTED_EDGE('',*,*,#4946,.T.);
#4946 = EDGE_CURVE('',#4939,#4947,#4949,.T.);
#4947 = VERTEX_POINT('',#4948);
#4948 = CARTESIAN_POINT('',(-0.622052808731,-6.997318252944E-02,
    2.000005580761E-02));
#4949 = LINE('',#4950,#4951);
#4950 = CARTESIAN_POINT('',(-0.622052808731,-0.179729278152,
    2.000005580761E-02));
#4951 = VECTOR('',#4952,1.);
#4952 = DIRECTION('',(0.,1.,3.491481338843E-15));
#4953 = ORIENTED_EDGE('',*,*,#4954,.T.);
#4954 = EDGE_CURVE('',#4947,#457,#4955,.T.);
#4955 = LINE('',#4956,#4957);
#4956 = CARTESIAN_POINT('',(-0.622052808731,-6.997318252944E-02,
    2.000005580761E-02));
#4957 = VECTOR('',#4958,1.);
#4958 = DIRECTION('',(0.,3.491481338843E-15,-1.));
#4959 = PLANE('',#4960);
#4960 = AXIS2_PLACEMENT_3D('',#4961,#4962,#4963);
#4961 = CARTESIAN_POINT('',(-0.622052808731,-0.179729278152,
    2.000005580761E-02));
#4962 = DIRECTION('',(-1.,0.,0.));
#4963 = DIRECTION('',(-0.,-1.,-3.491481338843E-15));
#4964 = ADVANCED_FACE('',(#4965),#4991,.T.);
#4965 = FACE_BOUND('',#4966,.T.);
#4966 = EDGE_LOOP('',(#4967,#4968,#4969,#4985));
#4967 = ORIENTED_EDGE('',*,*,#464,.F.);
#4968 = ORIENTED_EDGE('',*,*,#4954,.F.);
#4969 = ORIENTED_EDGE('',*,*,#4970,.T.);
#4970 = EDGE_CURVE('',#4947,#4971,#4973,.T.);
#4971 = VERTEX_POINT('',#4972);
#4972 = CARTESIAN_POINT('',(-0.897205242896,-5.948793416249E-03,
    2.000005580761E-02));
#4973 = B_SPLINE_CURVE_WITH_KNOTS('',3,(#4974,#4975,#4976,#4977,#4978,
    #4979,#4980,#4981,#4982,#4983,#4984),.UNSPECIFIED.,.F.,.F.,(4,1,1,1,
    1,1,1,1,4),(0.,0.112448389909,0.226527675213,0.344401949326,
    0.465864972487,0.591659449352,0.722168487025,0.858606387555,1.),
  .UNSPECIFIED.);
#4974 = CARTESIAN_POINT('',(-0.622052808731,-6.997318252944E-02,
    2.000005580761E-02));
#4975 = CARTESIAN_POINT('',(-0.631436199341,-6.479393295102E-02,
    2.000005580761E-02));
#4976 = CARTESIAN_POINT('',(-0.650339072579,-5.436031653998E-02,
    2.000005580761E-02));
#4977 = CARTESIAN_POINT('',(-0.68056873653,-4.148622665516E-02,
    2.000005580761E-02));
#4978 = CARTESIAN_POINT('',(-0.712377668891,-3.038171824098E-02,
    2.000005580761E-02));
#4979 = CARTESIAN_POINT('',(-0.746044280776,-2.152686883599E-02,
    2.000005580761E-02));
#4980 = CARTESIAN_POINT('',(-0.781344766465,-1.441045321258E-02,
    2.000005580761E-02));
#4981 = CARTESIAN_POINT('',(-0.818466175045,-9.590249910942E-03,
    2.000005580761E-02));
#4982 = CARTESIAN_POINT('',(-0.857261443291,-6.417266955566E-03,
    2.000005580761E-02));
#4983 = CARTESIAN_POINT('',(-0.883733249501,-6.106797223851E-03,
    2.000005580761E-02));
#4984 = CARTESIAN_POINT('',(-0.897205242896,-5.948793416249E-03,
    2.000005580761E-02));
#4985 = ORIENTED_EDGE('',*,*,#4986,.T.);
#4986 = EDGE_CURVE('',#4971,#465,#4987,.T.);
#4987 = LINE('',#4988,#4989);
#4988 = CARTESIAN_POINT('',(-0.897205242896,-5.948793416249E-03,
    2.000005580761E-02));
#4989 = VECTOR('',#4990,1.);
#4990 = DIRECTION('',(0.,3.491481338843E-15,-1.));
#4991 = B_SPLINE_SURFACE_WITH_KNOTS('',3,1,(
    (#4992,#4993)
    ,(#4994,#4995)
    ,(#4996,#4997)
    ,(#4998,#4999)
    ,(#5000,#5001)
    ,(#5002,#5003)
    ,(#5004,#5005)
    ,(#5006,#5007)
    ,(#5008,#5009)
    ,(#5010,#5011)
    ,(#5012,#5013
  )),.UNSPECIFIED.,.F.,.F.,.F.,(4,1,1,1,1,1,1,1,4),(2,2),(0.,
    0.112448389909,0.226527675213,0.344401949326,0.465864972487,
    0.591659449352,0.722168487025,0.858606387555,1.),(0.,1.),
  .UNSPECIFIED.);
#4992 = CARTESIAN_POINT('',(-0.622052808731,-6.997318252944E-02,
    2.000005580761E-02));
#4993 = CARTESIAN_POINT('',(-0.622052808731,-6.997318252944E-02,
    5.616082443538E-08));
#4994 = CARTESIAN_POINT('',(-0.631436199341,-6.479393295102E-02,
    2.000005580761E-02));
#4995 = CARTESIAN_POINT('',(-0.631436199341,-6.479393295102E-02,
    5.616082443538E-08));
#4996 = CARTESIAN_POINT('',(-0.650339072579,-5.436031653998E-02,
    2.000005580761E-02));
#4997 = CARTESIAN_POINT('',(-0.650339072579,-5.436031653998E-02,
    5.616082421334E-08));
#4998 = CARTESIAN_POINT('',(-0.68056873653,-4.148622665516E-02,
    2.000005580761E-02));
#4999 = CARTESIAN_POINT('',(-0.68056873653,-4.148622665516E-02,
    5.616082421334E-08));
#5000 = CARTESIAN_POINT('',(-0.712377668891,-3.038171824098E-02,
    2.000005580761E-02));
#5001 = CARTESIAN_POINT('',(-0.712377668891,-3.038171824098E-02,
    5.616082399129E-08));
#5002 = CARTESIAN_POINT('',(-0.746044280776,-2.152686883599E-02,
    2.000005580761E-02));
#5003 = CARTESIAN_POINT('',(-0.746044280776,-2.152686883599E-02,
    5.616082465743E-08));
#5004 = CARTESIAN_POINT('',(-0.781344766465,-1.441045321258E-02,
    2.000005580761E-02));
#5005 = CARTESIAN_POINT('',(-0.781344766465,-1.441045321258E-02,
    5.616082487947E-08));
#5006 = CARTESIAN_POINT('',(-0.818466175045,-9.590249910942E-03,
    2.000005580761E-02));
#5007 = CARTESIAN_POINT('',(-0.818466175045,-9.590249910942E-03,
    5.616082487947E-08));
#5008 = CARTESIAN_POINT('',(-0.857261443291,-6.417266955566E-03,
    2.000005580761E-02));
#5009 = CARTESIAN_POINT('',(-0.857261443291,-6.417266955566E-03,
    5.616082443538E-08));
#5010 = CARTESIAN_POINT('',(-0.883733249501,-6.106797223851E-03,
    2.000005580761E-02));
#5011 = CARTESIAN_POINT('',(-0.883733249501,-6.106797223851E-03,
    5.616082487947E-08));
#5012 = CARTESIAN_POINT('',(-0.897205242896,-5.948793416249E-03,
    2.000005580761E-02));
#5013 = CARTESIAN_POINT('',(-0.897205242896,-5.948793416249E-03,
    5.616082465743E-08));
#5014 = ADVANCED_FACE('',(#5015),#5049,.T.);
#5015 = FACE_BOUND('',#5016,.T.);
#5016 = EDGE_LOOP('',(#5017,#5018,#5019,#5043));
#5017 = ORIENTED_EDGE('',*,*,#480,.F.);
#5018 = ORIENTED_EDGE('',*,*,#4986,.F.);
#5019 = ORIENTED_EDGE('',*,*,#5020,.T.);
#5020 = EDGE_CURVE('',#4971,#5021,#5023,.T.);
#5021 = VERTEX_POINT('',#5022);
#5022 = CARTESIAN_POINT('',(-1.365955234618,-0.499279577387,
    2.000005580761E-02));
#5023 = B_SPLINE_CURVE_WITH_KNOTS('',3,(#5024,#5025,#5026,#5027,#5028,
    #5029,#5030,#5031,#5032,#5033,#5034,#5035,#5036,#5037,#5038,#5039,
    #5040,#5041,#5042),.UNSPECIFIED.,.F.,.F.,(4,1,1,1,1,1,1,1,1,1,1,1,1,
    1,1,1,4),(0.,6.783324845577E-02,0.132655536508,0.195050884051,
    0.255582933069,0.314799834147,0.373600472826,0.432545595327,
    0.492430629284,0.552671255963,0.612513044188,0.672610250357,
    0.733838369314,0.796594238568,0.861449799291,0.929198942351,1.),
  .UNSPECIFIED.);
#5024 = CARTESIAN_POINT('',(-0.897205242896,-5.948793416249E-03,
    2.000005580761E-02));
#5025 = CARTESIAN_POINT('',(-0.914564304141,-6.335950494262E-03,
    2.000005580761E-02));
#5026 = CARTESIAN_POINT('',(-0.948511898207,-7.093079646498E-03,
    2.000005580761E-02));
#5027 = CARTESIAN_POINT('',(-0.998104359196,-1.346163179297E-02,
    2.000005580761E-02));
#5028 = CARTESIAN_POINT('',(-1.045020635148,-2.409414650194E-02,
    2.000005580761E-02));
#5029 = CARTESIAN_POINT('',(-1.089244430604,-3.903322055004E-02,
    2.000005580761E-02));
#5030 = CARTESIAN_POINT('',(-1.130930461127,-5.79102979162E-02,
    2.000005580761E-02));
#5031 = CARTESIAN_POINT('',(-1.169862788921,-8.124422789862E-02,
    2.000005580761E-02));
#5032 = CARTESIAN_POINT('',(-1.205783776958,-0.109218772785,
    2.000005580761E-02));
#5033 = CARTESIAN_POINT('',(-1.23916875436,-0.140706263262,
    2.000005580761E-02));
#5034 = CARTESIAN_POINT('',(-1.268957105469,-0.175936369701,
    2.000005580761E-02));
#5035 = CARTESIAN_POINT('',(-1.295031185331,-0.214043053845,
    2.000005580761E-02));
#5036 = CARTESIAN_POINT('',(-1.317089733519,-0.254907790751,
    2.000005580761E-02));
#5037 = CARTESIAN_POINT('',(-1.334988754702,-0.298553014667,
    2.000005580761E-02));
#5038 = CARTESIAN_POINT('',(-1.348937387875,-0.344890129441,
    2.000005580761E-02));
#5039 = CARTESIAN_POINT('',(-1.358691924528,-0.393960845007,
    2.000005580761E-02));
#5040 = CARTESIAN_POINT('',(-1.365031061716,-0.445696315979,
    2.000005580761E-02));
#5041 = CARTESIAN_POINT('',(-1.365642686132,-0.48115811201,
    2.000005580761E-02));
#5042 = CARTESIAN_POINT('',(-1.365955234618,-0.499279577387,
    2.000005580761E-02));
#5043 = ORIENTED_EDGE('',*,*,#5044,.T.);
#5044 = EDGE_CURVE('',#5021,#481,#5045,.T.);
#5045 = LINE('',#5046,#5047);
#5046 = CARTESIAN_POINT('',(-1.365955234618,-0.499279577387,
    2.000005580761E-02));
#5047 = VECTOR('',#5048,1.);
#5048 = DIRECTION('',(0.,3.491481338843E-15,-1.));
#5049 = B_SPLINE_SURFACE_WITH_KNOTS('',3,1,(
    (#5050,#5051)
    ,(#5052,#5053)
    ,(#5054,#5055)
    ,(#5056,#5057)
    ,(#5058,#5059)
    ,(#5060,#5061)
    ,(#5062,#5063)
    ,(#5064,#5065)
    ,(#5066,#5067)
    ,(#5068,#5069)
    ,(#5070,#5071)
    ,(#5072,#5073)
    ,(#5074,#5075)
    ,(#5076,#5077)
    ,(#5078,#5079)
    ,(#5080,#5081)
    ,(#5082,#5083)
    ,(#5084,#5085)
    ,(#5086,#5087
    )),.UNSPECIFIED.,.F.,.F.,.F.,(4,1,1,1,1,1,1,1,1,1,1,1,1,1,1,1,4),(2,
    2),(0.,6.783324845577E-02,0.132655536508,0.195050884051,
    0.255582933069,0.314799834147,0.373600472826,0.432545595327,
    0.492430629284,0.552671255963,0.612513044188,0.672610250357,
    0.733838369314,0.796594238568,0.861449799291,0.929198942351,1.),(0.,
    1.),.UNSPECIFIED.);
#5050 = CARTESIAN_POINT('',(-0.897205242896,-5.948793416249E-03,
    2.000005580761E-02));
#5051 = CARTESIAN_POINT('',(-0.897205242896,-5.948793416249E-03,
    5.616082465743E-08));
#5052 = CARTESIAN_POINT('',(-0.914564304141,-6.335950494262E-03,
    2.000005580761E-02));
#5053 = CARTESIAN_POINT('',(-0.914564304141,-6.335950494262E-03,
    5.616082443538E-08));
#5054 = CARTESIAN_POINT('',(-0.948511898207,-7.093079646498E-03,
    2.000005580761E-02));
#5055 = CARTESIAN_POINT('',(-0.948511898207,-7.093079646498E-03,
    5.616082399129E-08));
#5056 = CARTESIAN_POINT('',(-0.998104359196,-1.346163179297E-02,
    2.000005580761E-02));
#5057 = CARTESIAN_POINT('',(-0.998104359196,-1.346163179297E-02,
    5.616082510151E-08));
#5058 = CARTESIAN_POINT('',(-1.045020635148,-2.409414650194E-02,
    2.000005580761E-02));
#5059 = CARTESIAN_POINT('',(-1.045020635148,-2.409414650194E-02,
    5.616082421334E-08));
#5060 = CARTESIAN_POINT('',(-1.089244430604,-3.903322055004E-02,
    2.000005580761E-02));
#5061 = CARTESIAN_POINT('',(-1.089244430604,-3.903322055004E-02,
    5.616082399129E-08));
#5062 = CARTESIAN_POINT('',(-1.130930461127,-5.79102979162E-02,
    2.000005580761E-02));
#5063 = CARTESIAN_POINT('',(-1.130930461127,-5.79102979162E-02,
    5.616082487947E-08));
#5064 = CARTESIAN_POINT('',(-1.169862788921,-8.124422789862E-02,
    2.000005580761E-02));
#5065 = CARTESIAN_POINT('',(-1.169862788921,-8.124422789862E-02,
    5.616082443538E-08));
#5066 = CARTESIAN_POINT('',(-1.205783776958,-0.109218772785,
    2.000005580761E-02));
#5067 = CARTESIAN_POINT('',(-1.205783776958,-0.109218772785,
    5.61608235472E-08));
#5068 = CARTESIAN_POINT('',(-1.23916875436,-0.140706263262,
    2.000005580761E-02));
#5069 = CARTESIAN_POINT('',(-1.23916875436,-0.140706263262,
    5.616082443538E-08));
#5070 = CARTESIAN_POINT('',(-1.268957105469,-0.175936369701,
    2.000005580761E-02));
#5071 = CARTESIAN_POINT('',(-1.268957105469,-0.175936369701,
    5.61608235472E-08));
#5072 = CARTESIAN_POINT('',(-1.295031185331,-0.214043053845,
    2.000005580761E-02));
#5073 = CARTESIAN_POINT('',(-1.295031185331,-0.214043053845,
    5.616082376925E-08));
#5074 = CARTESIAN_POINT('',(-1.317089733519,-0.254907790751,
    2.000005580761E-02));
#5075 = CARTESIAN_POINT('',(-1.317089733519,-0.254907790751,
    5.616082310311E-08));
#5076 = CARTESIAN_POINT('',(-1.334988754702,-0.298553014667,
    2.000005580761E-02));
#5077 = CARTESIAN_POINT('',(-1.334988754702,-0.298553014667,
    5.616082399129E-08));
#5078 = CARTESIAN_POINT('',(-1.348937387875,-0.344890129441,
    2.000005580761E-02));
#5079 = CARTESIAN_POINT('',(-1.348937387875,-0.344890129441,
    5.61608235472E-08));
#5080 = CARTESIAN_POINT('',(-1.358691924528,-0.393960845007,
    2.000005580761E-02));
#5081 = CARTESIAN_POINT('',(-1.358691924528,-0.393960845007,
    5.616082310311E-08));
#5082 = CARTESIAN_POINT('',(-1.365031061716,-0.445696315979,
    2.000005580761E-02));
#5083 = CARTESIAN_POINT('',(-1.365031061716,-0.445696315979,
    5.616082332516E-08));
#5084 = CARTESIAN_POINT('',(-1.365642686132,-0.48115811201,
    2.000005580761E-02));
#5085 = CARTESIAN_POINT('',(-1.365642686132,-0.48115811201,
    5.616082288107E-08));
#5086 = CARTESIAN_POINT('',(-1.365955234618,-0.499279577387,
    2.000005580761E-02));
#5087 = CARTESIAN_POINT('',(-1.365955234618,-0.499279577387,
    5.616082288107E-08));
#5088 = ADVANCED_FACE('',(#5089),#5123,.T.);
#5089 = FACE_BOUND('',#5090,.T.);
#5090 = EDGE_LOOP('',(#5091,#5092,#5093,#5117));
#5091 = ORIENTED_EDGE('',*,*,#504,.F.);
#5092 = ORIENTED_EDGE('',*,*,#5044,.F.);
#5093 = ORIENTED_EDGE('',*,*,#5094,.T.);
#5094 = EDGE_CURVE('',#5021,#5095,#5097,.T.);
#5095 = VERTEX_POINT('',#5096);
#5096 = CARTESIAN_POINT('',(-0.857380548478,-1.030339019227,
    2.000005580761E-02));
#5097 = B_SPLINE_CURVE_WITH_KNOTS('',3,(#5098,#5099,#5100,#5101,#5102,
    #5103,#5104,#5105,#5106,#5107,#5108,#5109,#5110,#5111,#5112,#5113,
    #5114,#5115,#5116),.UNSPECIFIED.,.F.,.F.,(4,1,1,1,1,1,1,1,1,1,1,1,1,
    1,1,1,4),(0.,7.064371857535E-02,0.138256715509,0.203364124218,
    0.266324093803,0.327904761543,0.388737715173,0.449423528109,
    0.510861011459,0.572079396048,0.631734428731,0.691117210579,
    0.75036002949,0.810032900531,0.871362450829,0.934427141231,1.),
  .UNSPECIFIED.);
#5098 = CARTESIAN_POINT('',(-1.365955234618,-0.499279577387,
    2.000005580761E-02));
#5099 = CARTESIAN_POINT('',(-1.36551971117,-0.518735088153,
    2.000005580761E-02));
#5100 = CARTESIAN_POINT('',(-1.364667348886,-0.556811439049,
    2.000005580761E-02));
#5101 = CARTESIAN_POINT('',(-1.357892233319,-0.612488396443,
    2.000005580761E-02));
#5102 = CARTESIAN_POINT('',(-1.346775375112,-0.665282390966,
    2.000005580761E-02));
#5103 = CARTESIAN_POINT('',(-1.330865691054,-0.715113282765,
    2.000005580761E-02));
#5104 = CARTESIAN_POINT('',(-1.310606001193,-0.76204842152,
    2.000005580761E-02));
#5105 = CARTESIAN_POINT('',(-1.285979086815,-0.806150258635,
    2.000005580761E-02));
#5106 = CARTESIAN_POINT('',(-1.256584786159,-0.847191567697,
    2.000005580761E-02));
#5107 = CARTESIAN_POINT('',(-1.222891212264,-0.884893393052,
    2.000005580761E-02));
#5108 = CARTESIAN_POINT('',(-1.186013258192,-0.91906689895,
    2.000005580761E-02));
#5109 = CARTESIAN_POINT('',(-1.146222101718,-0.948887321231,
    2.000005580761E-02));
#5110 = CARTESIAN_POINT('',(-1.103997722556,-0.974088069675,
    2.000005580761E-02));
#5111 = CARTESIAN_POINT('',(-1.059399887245,-0.994835325719,
    2.000005580761E-02));
#5112 = CARTESIAN_POINT('',(-1.012264646742,-1.010672588304,
    2.000005580761E-02));
#5113 = CARTESIAN_POINT('',(-0.962812533835,-1.022046489591,
    2.000005580761E-02));
#5114 = CARTESIAN_POINT('',(-0.910873236628,-1.029094417857,
    2.000005580761E-02));
#5115 = CARTESIAN_POINT('',(-0.875441725128,-1.029918794221,
    2.000005580761E-02));
#5116 = CARTESIAN_POINT('',(-0.857380548478,-1.030339019227,
    2.000005580761E-02));
#5117 = ORIENTED_EDGE('',*,*,#5118,.T.);
#5118 = EDGE_CURVE('',#5095,#505,#5119,.T.);
#5119 = LINE('',#5120,#5121);
#5120 = CARTESIAN_POINT('',(-0.857380548478,-1.030339019227,
    2.000005580761E-02));
#5121 = VECTOR('',#5122,1.);
#5122 = DIRECTION('',(0.,3.491481338843E-15,-1.));
#5123 = B_SPLINE_SURFACE_WITH_KNOTS('',3,1,(
    (#5124,#5125)
    ,(#5126,#5127)
    ,(#5128,#5129)
    ,(#5130,#5131)
    ,(#5132,#5133)
    ,(#5134,#5135)
    ,(#5136,#5137)
    ,(#5138,#5139)
    ,(#5140,#5141)
    ,(#5142,#5143)
    ,(#5144,#5145)
    ,(#5146,#5147)
    ,(#5148,#5149)
    ,(#5150,#5151)
    ,(#5152,#5153)
    ,(#5154,#5155)
    ,(#5156,#5157)
    ,(#5158,#5159)
    ,(#5160,#5161
    )),.UNSPECIFIED.,.F.,.F.,.F.,(4,1,1,1,1,1,1,1,1,1,1,1,1,1,1,1,4),(2,
    2),(0.,7.064371857535E-02,0.138256715509,0.203364124218,
    0.266324093803,0.327904761543,0.388737715173,0.449423528109,
    0.510861011459,0.572079396048,0.631734428731,0.691117210579,
    0.75036002949,0.810032900531,0.871362450829,0.934427141231,1.),(0.,
    1.),.UNSPECIFIED.);
#5124 = CARTESIAN_POINT('',(-1.365955234618,-0.499279577387,
    2.000005580761E-02));
#5125 = CARTESIAN_POINT('',(-1.365955234618,-0.499279577387,
    5.616082265902E-08));
#5126 = CARTESIAN_POINT('',(-1.36551971117,-0.518735088153,
    2.000005580761E-02));
#5127 = CARTESIAN_POINT('',(-1.36551971117,-0.518735088153,
    5.616082265902E-08));
#5128 = CARTESIAN_POINT('',(-1.364667348886,-0.556811439049,
    2.000005580761E-02));
#5129 = CARTESIAN_POINT('',(-1.364667348886,-0.556811439049,
    5.616082265902E-08));
#5130 = CARTESIAN_POINT('',(-1.357892233319,-0.612488396443,
    2.000005580761E-02));
#5131 = CARTESIAN_POINT('',(-1.357892233319,-0.612488396443,
    5.616082221493E-08));
#5132 = CARTESIAN_POINT('',(-1.346775375112,-0.665282390966,
    2.000005580761E-02));
#5133 = CARTESIAN_POINT('',(-1.346775375112,-0.665282390966,
    5.616082221493E-08));
#5134 = CARTESIAN_POINT('',(-1.330865691054,-0.715113282765,
    2.000005580761E-02));
#5135 = CARTESIAN_POINT('',(-1.330865691054,-0.715113282765,
    5.616082199289E-08));
#5136 = CARTESIAN_POINT('',(-1.310606001193,-0.76204842152,
    2.000005580761E-02));
#5137 = CARTESIAN_POINT('',(-1.310606001193,-0.76204842152,
    5.616082221493E-08));
#5138 = CARTESIAN_POINT('',(-1.285979086815,-0.806150258635,
    2.000005580761E-02));
#5139 = CARTESIAN_POINT('',(-1.285979086815,-0.806150258635,
    5.616082110471E-08));
#5140 = CARTESIAN_POINT('',(-1.256584786159,-0.847191567697,
    2.000005580761E-02));
#5141 = CARTESIAN_POINT('',(-1.256584786159,-0.847191567697,
    5.616082177085E-08));
#5142 = CARTESIAN_POINT('',(-1.222891212264,-0.884893393052,
    2.000005580761E-02));
#5143 = CARTESIAN_POINT('',(-1.222891212264,-0.884893393052,
    5.616082110471E-08));
#5144 = CARTESIAN_POINT('',(-1.186013258192,-0.91906689895,
    2.000005580761E-02));
#5145 = CARTESIAN_POINT('',(-1.186013258192,-0.91906689895,
    5.61608215488E-08));
#5146 = CARTESIAN_POINT('',(-1.146222101718,-0.948887321231,
    2.000005580761E-02));
#5147 = CARTESIAN_POINT('',(-1.146222101718,-0.948887321231,
    5.616082110471E-08));
#5148 = CARTESIAN_POINT('',(-1.103997722556,-0.974088069675,
    2.000005580761E-02));
#5149 = CARTESIAN_POINT('',(-1.103997722556,-0.974088069675,
    5.616082132676E-08));
#5150 = CARTESIAN_POINT('',(-1.059399887245,-0.994835325719,
    2.000005580761E-02));
#5151 = CARTESIAN_POINT('',(-1.059399887245,-0.994835325719,
    5.616082110471E-08));
#5152 = CARTESIAN_POINT('',(-1.012264646742,-1.010672588304,
    2.000005580761E-02));
#5153 = CARTESIAN_POINT('',(-1.012264646742,-1.010672588304,
    5.616082132676E-08));
#5154 = CARTESIAN_POINT('',(-0.962812533835,-1.022046489591,
    2.000005580761E-02));
#5155 = CARTESIAN_POINT('',(-0.962812533835,-1.022046489591,
    5.616082088267E-08));
#5156 = CARTESIAN_POINT('',(-0.910873236628,-1.029094417857,
    2.000005580761E-02));
#5157 = CARTESIAN_POINT('',(-0.910873236628,-1.029094417857,
    5.616082132676E-08));
#5158 = CARTESIAN_POINT('',(-0.875441725128,-1.029918794221,
    2.000005580761E-02));
#5159 = CARTESIAN_POINT('',(-0.875441725128,-1.029918794221,
    5.616082088267E-08));
#5160 = CARTESIAN_POINT('',(-0.857380548478,-1.030339019227,
    2.000005580761E-02));
#5161 = CARTESIAN_POINT('',(-0.857380548478,-1.030339019227,
    5.616082088267E-08));
#5162 = ADVANCED_FACE('',(#5163),#5189,.T.);
#5163 = FACE_BOUND('',#5164,.T.);
#5164 = EDGE_LOOP('',(#5165,#5166,#5167,#5183));
#5165 = ORIENTED_EDGE('',*,*,#528,.F.);
#5166 = ORIENTED_EDGE('',*,*,#5118,.F.);
#5167 = ORIENTED_EDGE('',*,*,#5168,.T.);
#5168 = EDGE_CURVE('',#5095,#5169,#5171,.T.);
#5169 = VERTEX_POINT('',#5170);
#5170 = CARTESIAN_POINT('',(-0.622052808731,-0.990704873586,
    2.000005580761E-02));
#5171 = B_SPLINE_CURVE_WITH_KNOTS('',3,(#5172,#5173,#5174,#5175,#5176,
    #5177,#5178,#5179,#5180,#5181,#5182),.UNSPECIFIED.,.F.,.F.,(4,1,1,1,
    1,1,1,1,4),(0.,0.145186866472,0.28344261092,0.416524365929,
    0.543181123535,0.665153082638,0.781360206313,0.892756655642,1.),
  .UNSPECIFIED.);
#5172 = CARTESIAN_POINT('',(-0.857380548478,-1.030339019227,
    2.000005580761E-02));
#5173 = CARTESIAN_POINT('',(-0.845753688059,-1.030255674793,
    2.000005580761E-02));
#5174 = CARTESIAN_POINT('',(-0.823055025612,-1.030092964731,
    2.000005580761E-02));
#5175 = CARTESIAN_POINT('',(-0.789755781232,-1.028052565502,
    2.000005580761E-02));
#5176 = CARTESIAN_POINT('',(-0.758008504664,-1.025168856834,
    2.000005580761E-02));
#5177 = CARTESIAN_POINT('',(-0.727767253858,-1.020672235178,
    2.000005580761E-02));
#5178 = CARTESIAN_POINT('',(-0.699033584884,-1.015319475881,
    2.000005580761E-02));
#5179 = CARTESIAN_POINT('',(-0.671915138402,-1.008341897478,
    2.000005580761E-02));
#5180 = CARTESIAN_POINT('',(-0.646241442521,-1.000523573331,
    2.000005580761E-02));
#5181 = CARTESIAN_POINT('',(-0.630012932101,-0.99393606316,
    2.000005580761E-02));
#5182 = CARTESIAN_POINT('',(-0.622052808731,-0.990704873586,
    2.000005580761E-02));
#5183 = ORIENTED_EDGE('',*,*,#5184,.T.);
#5184 = EDGE_CURVE('',#5169,#529,#5185,.T.);
#5185 = LINE('',#5186,#5187);
#5186 = CARTESIAN_POINT('',(-0.622052808731,-0.990704873586,
    2.000005580761E-02));
#5187 = VECTOR('',#5188,1.);
#5188 = DIRECTION('',(0.,3.491481338843E-15,-1.));
#5189 = B_SPLINE_SURFACE_WITH_KNOTS('',3,1,(
    (#5190,#5191)
    ,(#5192,#5193)
    ,(#5194,#5195)
    ,(#5196,#5197)
    ,(#5198,#5199)
    ,(#5200,#5201)
    ,(#5202,#5203)
    ,(#5204,#5205)
    ,(#5206,#5207)
    ,(#5208,#5209)
    ,(#5210,#5211
  )),.UNSPECIFIED.,.F.,.F.,.F.,(4,1,1,1,1,1,1,1,4),(2,2),(0.,
    0.145186866472,0.28344261092,0.416524365929,0.543181123535,
    0.665153082638,0.781360206313,0.892756655642,1.),(0.,1.),
  .UNSPECIFIED.);
#5190 = CARTESIAN_POINT('',(-0.857380548478,-1.030339019227,
    2.000005580761E-02));
#5191 = CARTESIAN_POINT('',(-0.857380548478,-1.030339019227,
    5.616082088267E-08));
#5192 = CARTESIAN_POINT('',(-0.845753688059,-1.030255674793,
    2.000005580761E-02));
#5193 = CARTESIAN_POINT('',(-0.845753688059,-1.030255674793,
    5.616082088267E-08));
#5194 = CARTESIAN_POINT('',(-0.823055025612,-1.030092964731,
    2.000005580761E-02));
#5195 = CARTESIAN_POINT('',(-0.823055025612,-1.030092964731,
    5.616082021653E-08));
#5196 = CARTESIAN_POINT('',(-0.789755781232,-1.028052565502,
    2.000005580761E-02));
#5197 = CARTESIAN_POINT('',(-0.789755781232,-1.028052565502,
    5.616082132676E-08));
#5198 = CARTESIAN_POINT('',(-0.758008504664,-1.025168856834,
    2.000005580761E-02));
#5199 = CARTESIAN_POINT('',(-0.758008504664,-1.025168856834,
    5.616082021653E-08));
#5200 = CARTESIAN_POINT('',(-0.727767253858,-1.020672235178,
    2.000005580761E-02));
#5201 = CARTESIAN_POINT('',(-0.727767253858,-1.020672235178,
    5.616082132676E-08));
#5202 = CARTESIAN_POINT('',(-0.699033584884,-1.015319475881,
    2.000005580761E-02));
#5203 = CARTESIAN_POINT('',(-0.699033584884,-1.015319475881,
    5.616082066062E-08));
#5204 = CARTESIAN_POINT('',(-0.671915138402,-1.008341897478,
    2.000005580761E-02));
#5205 = CARTESIAN_POINT('',(-0.671915138402,-1.008341897478,
    5.616082177085E-08));
#5206 = CARTESIAN_POINT('',(-0.646241442521,-1.000523573331,
    2.000005580761E-02));
#5207 = CARTESIAN_POINT('',(-0.646241442521,-1.000523573331,
    5.616082088267E-08));
#5208 = CARTESIAN_POINT('',(-0.630012932101,-0.99393606316,
    2.000005580761E-02));
#5209 = CARTESIAN_POINT('',(-0.630012932101,-0.99393606316,
    5.616082066062E-08));
#5210 = CARTESIAN_POINT('',(-0.622052808731,-0.990704873586,
    2.000005580761E-02));
#5211 = CARTESIAN_POINT('',(-0.622052808731,-0.990704873586,
    5.616082088267E-08));
#5212 = ADVANCED_FACE('',(#5213),#5231,.T.);
#5213 = FACE_BOUND('',#5214,.T.);
#5214 = EDGE_LOOP('',(#5215,#5216,#5217,#5225));
#5215 = ORIENTED_EDGE('',*,*,#544,.F.);
#5216 = ORIENTED_EDGE('',*,*,#5184,.F.);
#5217 = ORIENTED_EDGE('',*,*,#5218,.T.);
#5218 = EDGE_CURVE('',#5169,#5219,#5221,.T.);
#5219 = VERTEX_POINT('',#5220);
#5220 = CARTESIAN_POINT('',(-0.622052808731,-0.856558534492,
    2.000005580761E-02));
#5221 = LINE('',#5222,#5223);
#5222 = CARTESIAN_POINT('',(-0.622052808731,-0.990704873586,
    2.000005580761E-02));
#5223 = VECTOR('',#5224,1.);
#5224 = DIRECTION('',(0.,1.,3.491481338843E-15));
#5225 = ORIENTED_EDGE('',*,*,#5226,.T.);
#5226 = EDGE_CURVE('',#5219,#545,#5227,.T.);
#5227 = LINE('',#5228,#5229);
#5228 = CARTESIAN_POINT('',(-0.622052808731,-0.856558534492,
    2.000005580761E-02));
#5229 = VECTOR('',#5230,1.);
#5230 = DIRECTION('',(0.,3.491481338843E-15,-1.));
#5231 = PLANE('',#5232);
#5232 = AXIS2_PLACEMENT_3D('',#5233,#5234,#5235);
#5233 = CARTESIAN_POINT('',(-0.622052808731,-0.990704873586,
    2.000005580761E-02));
#5234 = DIRECTION('',(-1.,0.,0.));
#5235 = DIRECTION('',(-0.,-1.,-3.491481338843E-15));
#5236 = ADVANCED_FACE('',(#5237),#5263,.T.);
#5237 = FACE_BOUND('',#5238,.T.);
#5238 = EDGE_LOOP('',(#5239,#5240,#5241,#5257));
#5239 = ORIENTED_EDGE('',*,*,#552,.F.);
#5240 = ORIENTED_EDGE('',*,*,#5226,.F.);
#5241 = ORIENTED_EDGE('',*,*,#5242,.T.);
#5242 = EDGE_CURVE('',#5219,#5243,#5245,.T.);
#5243 = VERTEX_POINT('',#5244);
#5244 = CARTESIAN_POINT('',(-0.856237255815,-0.920582923605,
    2.000005580761E-02));
#5245 = B_SPLINE_CURVE_WITH_KNOTS('',3,(#5246,#5247,#5248,#5249,#5250,
    #5251,#5252,#5253,#5254,#5255,#5256),.UNSPECIFIED.,.F.,.F.,(4,1,1,1,
    1,1,1,1,4),(0.,0.125279696736,0.249419970742,0.373356799493,
    0.496681278782,0.620202915744,0.745086320161,0.871269195019,1.),
  .UNSPECIFIED.);
#5246 = CARTESIAN_POINT('',(-0.622052808731,-0.856558534492,
    2.000005580761E-02));
#5247 = CARTESIAN_POINT('',(-0.630933194202,-0.861718707392,
    2.000005580761E-02));
#5248 = CARTESIAN_POINT('',(-0.648613197763,-0.87199212126,
    2.000005580761E-02));
#5249 = CARTESIAN_POINT('',(-0.676420628885,-0.884835910459,
    2.000005580761E-02));
#5250 = CARTESIAN_POINT('',(-0.704763871536,-0.895976048437,
    2.000005580761E-02));
#5251 = CARTESIAN_POINT('',(-0.733841342577,-0.904869049109,
    2.000005580761E-02));
#5252 = CARTESIAN_POINT('',(-0.763470037048,-0.912050215404,
    2.000005580761E-02));
#5253 = CARTESIAN_POINT('',(-0.793805321853,-0.916866826031,
    2.000005580761E-02));
#5254 = CARTESIAN_POINT('',(-0.824789722373,-0.920107459563,
    2.000005580761E-02));
#5255 = CARTESIAN_POINT('',(-0.845685126292,-0.920423383011,
    2.000005580761E-02));
#5256 = CARTESIAN_POINT('',(-0.856237255815,-0.920582923605,
    2.000005580761E-02));
#5257 = ORIENTED_EDGE('',*,*,#5258,.T.);
#5258 = EDGE_CURVE('',#5243,#553,#5259,.T.);
#5259 = LINE('',#5260,#5261);
#5260 = CARTESIAN_POINT('',(-0.856237255815,-0.920582923605,
    2.000005580761E-02));
#5261 = VECTOR('',#5262,1.);
#5262 = DIRECTION('',(0.,3.491481338843E-15,-1.));
#5263 = B_SPLINE_SURFACE_WITH_KNOTS('',3,1,(
    (#5264,#5265)
    ,(#5266,#5267)
    ,(#5268,#5269)
    ,(#5270,#5271)
    ,(#5272,#5273)
    ,(#5274,#5275)
    ,(#5276,#5277)
    ,(#5278,#5279)
    ,(#5280,#5281)
    ,(#5282,#5283)
    ,(#5284,#5285
  )),.UNSPECIFIED.,.F.,.F.,.F.,(4,1,1,1,1,1,1,1,4),(2,2),(0.,
    0.125279696736,0.249419970742,0.373356799493,0.496681278782,
    0.620202915744,0.745086320161,0.871269195019,1.),(0.,1.),
  .UNSPECIFIED.);
#5264 = CARTESIAN_POINT('',(-0.622052808731,-0.856558534492,
    2.000005580761E-02));
#5265 = CARTESIAN_POINT('',(-0.622052808731,-0.856558534492,
    5.61608215488E-08));
#5266 = CARTESIAN_POINT('',(-0.630933194202,-0.861718707392,
    2.000005580761E-02));
#5267 = CARTESIAN_POINT('',(-0.630933194202,-0.861718707392,
    5.616082110471E-08));
#5268 = CARTESIAN_POINT('',(-0.648613197763,-0.87199212126,
    2.000005580761E-02));
#5269 = CARTESIAN_POINT('',(-0.648613197763,-0.87199212126,
    5.616082132676E-08));
#5270 = CARTESIAN_POINT('',(-0.676420628885,-0.884835910459,
    2.000005580761E-02));
#5271 = CARTESIAN_POINT('',(-0.676420628885,-0.884835910459,
    5.61608215488E-08));
#5272 = CARTESIAN_POINT('',(-0.704763871536,-0.895976048437,
    2.000005580761E-02));
#5273 = CARTESIAN_POINT('',(-0.704763871536,-0.895976048437,
    5.616082132676E-08));
#5274 = CARTESIAN_POINT('',(-0.733841342577,-0.904869049109,
    2.000005580761E-02));
#5275 = CARTESIAN_POINT('',(-0.733841342577,-0.904869049109,
    5.616082177085E-08));
#5276 = CARTESIAN_POINT('',(-0.763470037048,-0.912050215404,
    2.000005580761E-02));
#5277 = CARTESIAN_POINT('',(-0.763470037048,-0.912050215404,
    5.616082110471E-08));
#5278 = CARTESIAN_POINT('',(-0.793805321853,-0.916866826031,
    2.000005580761E-02));
#5279 = CARTESIAN_POINT('',(-0.793805321853,-0.916866826031,
    5.61608215488E-08));
#5280 = CARTESIAN_POINT('',(-0.824789722373,-0.920107459563,
    2.000005580761E-02));
#5281 = CARTESIAN_POINT('',(-0.824789722373,-0.920107459563,
    5.61608215488E-08));
#5282 = CARTESIAN_POINT('',(-0.845685126292,-0.920423383011,
    2.000005580761E-02));
#5283 = CARTESIAN_POINT('',(-0.845685126292,-0.920423383011,
    5.61608215488E-08));
#5284 = CARTESIAN_POINT('',(-0.856237255815,-0.920582923605,
    2.000005580761E-02));
#5285 = CARTESIAN_POINT('',(-0.856237255815,-0.920582923605,
    5.616082132676E-08));
#5286 = ADVANCED_FACE('',(#5287),#5321,.T.);
#5287 = FACE_BOUND('',#5288,.T.);
#5288 = EDGE_LOOP('',(#5289,#5290,#5291,#5315));
#5289 = ORIENTED_EDGE('',*,*,#568,.F.);
#5290 = ORIENTED_EDGE('',*,*,#5258,.F.);
#5291 = ORIENTED_EDGE('',*,*,#5292,.T.);
#5292 = EDGE_CURVE('',#5243,#5293,#5295,.T.);
#5293 = VERTEX_POINT('',#5294);
#5294 = CARTESIAN_POINT('',(-1.231808895524,-0.507473174803,
    2.000005580761E-02));
#5295 = B_SPLINE_CURVE_WITH_KNOTS('',3,(#5296,#5297,#5298,#5299,#5300,
    #5301,#5302,#5303,#5304,#5305,#5306,#5307,#5308,#5309,#5310,#5311,
    #5312,#5313,#5314),.UNSPECIFIED.,.F.,.F.,(4,1,1,1,1,1,1,1,1,1,1,1,1,
    1,1,1,4),(0.,6.460397028839E-02,0.126702413963,0.186756814036,
    0.245505687365,0.30365202445,0.361503073971,0.420240222928,
    0.480033340777,0.540678134776,0.601191806381,0.662333502477,
    0.724739510297,0.789467736173,0.856504860044,0.926312095839,1.),
  .UNSPECIFIED.);
#5296 = CARTESIAN_POINT('',(-0.856237255815,-0.920582923605,
    2.000005580761E-02));
#5297 = CARTESIAN_POINT('',(-0.86978661744,-0.920291587524,
    2.000005580761E-02));
#5298 = CARTESIAN_POINT('',(-0.896359857721,-0.919720214208,
    2.000005580761E-02));
#5299 = CARTESIAN_POINT('',(-0.935181334747,-0.914110384622,
    2.000005580761E-02));
#5300 = CARTESIAN_POINT('',(-0.972208727275,-0.905717445538,
    2.000005580761E-02));
#5301 = CARTESIAN_POINT('',(-1.007293557974,-0.893433728476,
    2.000005580761E-02));
#5302 = CARTESIAN_POINT('',(-1.040395987856,-0.877579698411,
    2.000005580761E-02));
#5303 = CARTESIAN_POINT('',(-1.071487311306,-0.858095891442,
    2.000005580761E-02));
#5304 = CARTESIAN_POINT('',(-1.100758471846,-0.835400039469,
    2.000005580761E-02));
#5305 = CARTESIAN_POINT('',(-1.127762947868,-0.809209002677,
    2.000005580761E-02));
#5306 = CARTESIAN_POINT('',(-1.15237153721,-0.780245899412,
    2.000005580761E-02));
#5307 = CARTESIAN_POINT('',(-1.173494367172,-0.748319189306,
    2.000005580761E-02));
#5308 = CARTESIAN_POINT('',(-1.19181106707,-0.714293009819,
    2.000005580761E-02));
#5309 = CARTESIAN_POINT('',(-1.206479044734,-0.677570380234,
    2.000005580761E-02));
#5310 = CARTESIAN_POINT('',(-1.217838543778,-0.638433057056,
    2.000005580761E-02));
#5311 = CARTESIAN_POINT('',(-1.226037707663,-0.596934443123,
    2.000005580761E-02));
#5312 = CARTESIAN_POINT('',(-1.230788190261,-0.55299800048,
    2.000005580761E-02));
#5313 = CARTESIAN_POINT('',(-1.23146258105,-0.522919265473,
    2.000005580761E-02));
#5314 = CARTESIAN_POINT('',(-1.231808895524,-0.507473174803,
    2.000005580761E-02));
#5315 = ORIENTED_EDGE('',*,*,#5316,.T.);
#5316 = EDGE_CURVE('',#5293,#569,#5317,.T.);
#5317 = LINE('',#5318,#5319);
#5318 = CARTESIAN_POINT('',(-1.231808895524,-0.507473174803,
    2.000005580761E-02));
#5319 = VECTOR('',#5320,1.);
#5320 = DIRECTION('',(0.,3.491481338843E-15,-1.));
#5321 = B_SPLINE_SURFACE_WITH_KNOTS('',3,1,(
    (#5322,#5323)
    ,(#5324,#5325)
    ,(#5326,#5327)
    ,(#5328,#5329)
    ,(#5330,#5331)
    ,(#5332,#5333)
    ,(#5334,#5335)
    ,(#5336,#5337)
    ,(#5338,#5339)
    ,(#5340,#5341)
    ,(#5342,#5343)
    ,(#5344,#5345)
    ,(#5346,#5347)
    ,(#5348,#5349)
    ,(#5350,#5351)
    ,(#5352,#5353)
    ,(#5354,#5355)
    ,(#5356,#5357)
    ,(#5358,#5359
    )),.UNSPECIFIED.,.F.,.F.,.F.,(4,1,1,1,1,1,1,1,1,1,1,1,1,1,1,1,4),(2,
    2),(0.,6.460397028839E-02,0.126702413963,0.186756814036,
    0.245505687365,0.30365202445,0.361503073971,0.420240222928,
    0.480033340777,0.540678134776,0.601191806381,0.662333502477,
    0.724739510297,0.789467736173,0.856504860044,0.926312095839,1.),(0.,
    1.),.UNSPECIFIED.);
#5322 = CARTESIAN_POINT('',(-0.856237255815,-0.920582923605,
    2.000005580761E-02));
#5323 = CARTESIAN_POINT('',(-0.856237255815,-0.920582923605,
    5.616082132676E-08));
#5324 = CARTESIAN_POINT('',(-0.86978661744,-0.920291587524,
    2.000005580761E-02));
#5325 = CARTESIAN_POINT('',(-0.86978661744,-0.920291587524,
    5.61608215488E-08));
#5326 = CARTESIAN_POINT('',(-0.896359857721,-0.919720214208,
    2.000005580761E-02));
#5327 = CARTESIAN_POINT('',(-0.896359857721,-0.919720214208,
    5.616082177085E-08));
#5328 = CARTESIAN_POINT('',(-0.935181334747,-0.914110384622,
    2.000005580761E-02));
#5329 = CARTESIAN_POINT('',(-0.935181334747,-0.914110384622,
    5.616082110471E-08));
#5330 = CARTESIAN_POINT('',(-0.972208727275,-0.905717445538,
    2.000005580761E-02));
#5331 = CARTESIAN_POINT('',(-0.972208727275,-0.905717445538,
    5.61608215488E-08));
#5332 = CARTESIAN_POINT('',(-1.007293557974,-0.893433728476,
    2.000005580761E-02));
#5333 = CARTESIAN_POINT('',(-1.007293557974,-0.893433728476,
    5.616082177085E-08));
#5334 = CARTESIAN_POINT('',(-1.040395987856,-0.877579698411,
    2.000005580761E-02));
#5335 = CARTESIAN_POINT('',(-1.040395987856,-0.877579698411,
    5.616082066062E-08));
#5336 = CARTESIAN_POINT('',(-1.071487311306,-0.858095891442,
    2.000005580761E-02));
#5337 = CARTESIAN_POINT('',(-1.071487311306,-0.858095891442,
    5.616082177085E-08));
#5338 = CARTESIAN_POINT('',(-1.100758471846,-0.835400039469,
    2.000005580761E-02));
#5339 = CARTESIAN_POINT('',(-1.100758471846,-0.835400039469,
    5.616082199289E-08));
#5340 = CARTESIAN_POINT('',(-1.127762947868,-0.809209002677,
    2.000005580761E-02));
#5341 = CARTESIAN_POINT('',(-1.127762947868,-0.809209002677,
    5.616082110471E-08));
#5342 = CARTESIAN_POINT('',(-1.15237153721,-0.780245899412,
    2.000005580761E-02));
#5343 = CARTESIAN_POINT('',(-1.15237153721,-0.780245899412,
    5.616082199289E-08));
#5344 = CARTESIAN_POINT('',(-1.173494367172,-0.748319189306,
    2.000005580761E-02));
#5345 = CARTESIAN_POINT('',(-1.173494367172,-0.748319189306,
    5.61608215488E-08));
#5346 = CARTESIAN_POINT('',(-1.19181106707,-0.714293009819,
    2.000005580761E-02));
#5347 = CARTESIAN_POINT('',(-1.19181106707,-0.714293009819,
    5.616082243698E-08));
#5348 = CARTESIAN_POINT('',(-1.206479044734,-0.677570380234,
    2.000005580761E-02));
#5349 = CARTESIAN_POINT('',(-1.206479044734,-0.677570380234,
    5.616082177085E-08));
#5350 = CARTESIAN_POINT('',(-1.217838543778,-0.638433057056,
    2.000005580761E-02));
#5351 = CARTESIAN_POINT('',(-1.217838543778,-0.638433057056,
    5.616082288107E-08));
#5352 = CARTESIAN_POINT('',(-1.226037707663,-0.596934443123,
    2.000005580761E-02));
#5353 = CARTESIAN_POINT('',(-1.226037707663,-0.596934443123,
    5.616082221493E-08));
#5354 = CARTESIAN_POINT('',(-1.230788190261,-0.55299800048,
    2.000005580761E-02));
#5355 = CARTESIAN_POINT('',(-1.230788190261,-0.55299800048,
    5.616082243698E-08));
#5356 = CARTESIAN_POINT('',(-1.23146258105,-0.522919265473,
    2.000005580761E-02));
#5357 = CARTESIAN_POINT('',(-1.23146258105,-0.522919265473,
    5.616082288107E-08));
#5358 = CARTESIAN_POINT('',(-1.231808895524,-0.507473174803,
    2.000005580761E-02));
#5359 = CARTESIAN_POINT('',(-1.231808895524,-0.507473174803,
    5.616082288107E-08));
#5360 = ADVANCED_FACE('',(#5361),#5395,.T.);
#5361 = FACE_BOUND('',#5362,.T.);
#5362 = EDGE_LOOP('',(#5363,#5364,#5365,#5389));
#5363 = ORIENTED_EDGE('',*,*,#592,.F.);
#5364 = ORIENTED_EDGE('',*,*,#5316,.F.);
#5365 = ORIENTED_EDGE('',*,*,#5366,.T.);
#5366 = EDGE_CURVE('',#5293,#5367,#5369,.T.);
#5367 = VERTEX_POINT('',#5368);
#5368 = CARTESIAN_POINT('',(-0.878722011515,-0.115704889039,
    2.000005580761E-02));
#5369 = B_SPLINE_CURVE_WITH_KNOTS('',3,(#5370,#5371,#5372,#5373,#5374,
    #5375,#5376,#5377,#5378,#5379,#5380,#5381,#5382,#5383,#5384,#5385,
    #5386,#5387,#5388),.UNSPECIFIED.,.F.,.F.,(4,1,1,1,1,1,1,1,1,1,1,1,1,
    1,1,1,4),(0.,7.377411937406E-02,0.144079114726,0.211348518309,
    0.27607688574,0.33852091582,0.399885116693,0.460254067465,
    0.520588964391,0.580207684563,0.638632908553,0.696364549491,
    0.75400177466,0.812805681374,0.872754425526,0.935181996978,1.),
  .UNSPECIFIED.);
#5370 = CARTESIAN_POINT('',(-1.231808895524,-0.507473174803,
    2.000005580761E-02));
#5371 = CARTESIAN_POINT('',(-1.231531075678,-0.492851969365,
    2.000005580761E-02));
#5372 = CARTESIAN_POINT('',(-1.230988500075,-0.464297100076,
    2.000005580761E-02));
#5373 = CARTESIAN_POINT('',(-1.226326913534,-0.422619422889,
    2.000005580761E-02));
#5374 = CARTESIAN_POINT('',(-1.218775669424,-0.38321270174,
    2.000005580761E-02));
#5375 = CARTESIAN_POINT('',(-1.208163327914,-0.346111671216,
    2.000005580761E-02));
#5376 = CARTESIAN_POINT('',(-1.194325222969,-0.311350665753,
    2.000005580761E-02));
#5377 = CARTESIAN_POINT('',(-1.177609277179,-0.278837325474,
    2.000005580761E-02));
#5378 = CARTESIAN_POINT('',(-1.157623259778,-0.248718474372,
    2.000005580761E-02));
#5379 = CARTESIAN_POINT('',(-1.134808360384,-0.221135115612,
    2.000005580761E-02));
#5380 = CARTESIAN_POINT('',(-1.109477812477,-0.196399463938,
    2.000005580761E-02));
#5381 = CARTESIAN_POINT('',(-1.082162055019,-0.174676004,
    2.000005580761E-02));
#5382 = CARTESIAN_POINT('',(-1.052801575401,-0.156543677489,
    2.000005580761E-02));
#5383 = CARTESIAN_POINT('',(-1.021670155274,-0.141507776873,
    2.000005580761E-02));
#5384 = CARTESIAN_POINT('',(-0.988627136805,-0.129882951885,
    2.000005580761E-02));
#5385 = CARTESIAN_POINT('',(-0.953610667113,-0.121733541882,
    2.000005580761E-02));
#5386 = CARTESIAN_POINT('',(-0.916788261677,-0.116685972664,
    2.000005580761E-02));
#5387 = CARTESIAN_POINT('',(-0.8915686863,-0.116035987117,
    2.000005580761E-02));
#5388 = CARTESIAN_POINT('',(-0.878722011515,-0.115704889039,
    2.000005580761E-02));
#5389 = ORIENTED_EDGE('',*,*,#5390,.T.);
#5390 = EDGE_CURVE('',#5367,#439,#5391,.T.);
#5391 = LINE('',#5392,#5393);
#5392 = CARTESIAN_POINT('',(-0.878722011515,-0.115704889039,
    2.000005580761E-02));
#5393 = VECTOR('',#5394,1.);
#5394 = DIRECTION('',(0.,3.491481338843E-15,-1.));
#5395 = B_SPLINE_SURFACE_WITH_KNOTS('',3,1,(
    (#5396,#5397)
    ,(#5398,#5399)
    ,(#5400,#5401)
    ,(#5402,#5403)
    ,(#5404,#5405)
    ,(#5406,#5407)
    ,(#5408,#5409)
    ,(#5410,#5411)
    ,(#5412,#5413)
    ,(#5414,#5415)
    ,(#5416,#5417)
    ,(#5418,#5419)
    ,(#5420,#5421)
    ,(#5422,#5423)
    ,(#5424,#5425)
    ,(#5426,#5427)
    ,(#5428,#5429)
    ,(#5430,#5431)
    ,(#5432,#5433
    )),.UNSPECIFIED.,.F.,.F.,.F.,(4,1,1,1,1,1,1,1,1,1,1,1,1,1,1,1,4),(2,
    2),(0.,7.377411937406E-02,0.144079114726,0.211348518309,
    0.27607688574,0.33852091582,0.399885116693,0.460254067465,
    0.520588964391,0.580207684563,0.638632908553,0.696364549491,
    0.75400177466,0.812805681374,0.872754425526,0.935181996978,1.),(0.,
    1.),.UNSPECIFIED.);
#5396 = CARTESIAN_POINT('',(-1.231808895524,-0.507473174803,
    2.000005580761E-02));
#5397 = CARTESIAN_POINT('',(-1.231808895524,-0.507473174803,
    5.616082288107E-08));
#5398 = CARTESIAN_POINT('',(-1.231531075678,-0.492851969365,
    2.000005580761E-02));
#5399 = CARTESIAN_POINT('',(-1.231531075678,-0.492851969365,
    5.616082265902E-08));
#5400 = CARTESIAN_POINT('',(-1.230988500075,-0.464297100076,
    2.000005580761E-02));
#5401 = CARTESIAN_POINT('',(-1.230988500075,-0.464297100076,
    5.616082288107E-08));
#5402 = CARTESIAN_POINT('',(-1.226326913534,-0.422619422889,
    2.000005580761E-02));
#5403 = CARTESIAN_POINT('',(-1.226326913534,-0.422619422889,
    5.616082332516E-08));
#5404 = CARTESIAN_POINT('',(-1.218775669424,-0.38321270174,
    2.000005580761E-02));
#5405 = CARTESIAN_POINT('',(-1.218775669424,-0.38321270174,
    5.61608235472E-08));
#5406 = CARTESIAN_POINT('',(-1.208163327914,-0.346111671216,
    2.000005580761E-02));
#5407 = CARTESIAN_POINT('',(-1.208163327914,-0.346111671216,
    5.616082332516E-08));
#5408 = CARTESIAN_POINT('',(-1.194325222969,-0.311350665753,
    2.000005580761E-02));
#5409 = CARTESIAN_POINT('',(-1.194325222969,-0.311350665753,
    5.61608235472E-08));
#5410 = CARTESIAN_POINT('',(-1.177609277179,-0.278837325474,
    2.000005580761E-02));
#5411 = CARTESIAN_POINT('',(-1.177609277179,-0.278837325474,
    5.61608235472E-08));
#5412 = CARTESIAN_POINT('',(-1.157623259778,-0.248718474372,
    2.000005580761E-02));
#5413 = CARTESIAN_POINT('',(-1.157623259778,-0.248718474372,
    5.616082332516E-08));
#5414 = CARTESIAN_POINT('',(-1.134808360384,-0.221135115612,
    2.000005580761E-02));
#5415 = CARTESIAN_POINT('',(-1.134808360384,-0.221135115612,
    5.616082376925E-08));
#5416 = CARTESIAN_POINT('',(-1.109477812477,-0.196399463938,
    2.000005580761E-02));
#5417 = CARTESIAN_POINT('',(-1.109477812477,-0.196399463938,
    5.616082465743E-08));
#5418 = CARTESIAN_POINT('',(-1.082162055019,-0.174676004,
    2.000005580761E-02));
#5419 = CARTESIAN_POINT('',(-1.082162055019,-0.174676004,
    5.61608235472E-08));
#5420 = CARTESIAN_POINT('',(-1.052801575401,-0.156543677489,
    2.000005580761E-02));
#5421 = CARTESIAN_POINT('',(-1.052801575401,-0.156543677489,
    5.616082376925E-08));
#5422 = CARTESIAN_POINT('',(-1.021670155274,-0.141507776873,
    2.000005580761E-02));
#5423 = CARTESIAN_POINT('',(-1.021670155274,-0.141507776873,
    5.616082376925E-08));
#5424 = CARTESIAN_POINT('',(-0.988627136805,-0.129882951885,
    2.000005580761E-02));
#5425 = CARTESIAN_POINT('',(-0.988627136805,-0.129882951885,
    5.616082443538E-08));
#5426 = CARTESIAN_POINT('',(-0.953610667113,-0.121733541882,
    2.000005580761E-02));
#5427 = CARTESIAN_POINT('',(-0.953610667113,-0.121733541882,
    5.616082399129E-08));
#5428 = CARTESIAN_POINT('',(-0.916788261677,-0.116685972664,
    2.000005580761E-02));
#5429 = CARTESIAN_POINT('',(-0.916788261677,-0.116685972664,
    5.616082421334E-08));
#5430 = CARTESIAN_POINT('',(-0.8915686863,-0.116035987117,
    2.000005580761E-02));
#5431 = CARTESIAN_POINT('',(-0.8915686863,-0.116035987117,
    5.616082421334E-08));
#5432 = CARTESIAN_POINT('',(-0.878722011515,-0.115704889039,
    2.000005580761E-02));
#5433 = CARTESIAN_POINT('',(-0.878722011515,-0.115704889039,
    5.616082421334E-08));
#5434 = ADVANCED_FACE('',(#5435),#5454,.T.);
#5435 = FACE_BOUND('',#5436,.T.);
#5436 = EDGE_LOOP('',(#5437,#5438,#5439,#5453));
#5437 = ORIENTED_EDGE('',*,*,#438,.F.);
#5438 = ORIENTED_EDGE('',*,*,#5390,.F.);
#5439 = ORIENTED_EDGE('',*,*,#5440,.T.);
#5440 = EDGE_CURVE('',#5367,#4939,#5441,.T.);
#5441 = B_SPLINE_CURVE_WITH_KNOTS('',3,(#5442,#5443,#5444,#5445,#5446,
    #5447,#5448,#5449,#5450,#5451,#5452),.UNSPECIFIED.,.F.,.F.,(4,1,1,1,
    1,1,1,1,4),(0.,0.135294604763,0.266765657925,0.394816018836,
    0.520051654434,0.642175702971,0.762651820558,0.881834004381,1.),
  .UNSPECIFIED.);
#5442 = CARTESIAN_POINT('',(-0.878722011515,-0.115704889039,
    2.000005580761E-02));
#5443 = CARTESIAN_POINT('',(-0.866646591163,-0.115863429583,
    2.000005580761E-02));
#5444 = CARTESIAN_POINT('',(-0.842837013089,-0.116176030169,
    2.000005580761E-02));
#5445 = CARTESIAN_POINT('',(-0.807725131868,-0.119384005061,
    2.000005580761E-02));
#5446 = CARTESIAN_POINT('',(-0.773714903687,-0.124212224291,
    2.000005580761E-02));
#5447 = CARTESIAN_POINT('',(-0.740954153412,-0.131318938888,
    2.000005580761E-02));
#5448 = CARTESIAN_POINT('',(-0.709330559993,-0.14021494158,
    2.000005580761E-02));
#5449 = CARTESIAN_POINT('',(-0.679023407544,-0.151389002491,
    2.000005580761E-02));
#5450 = CARTESIAN_POINT('',(-0.649708849607,-0.164152090652,
    2.000005580761E-02));
#5451 = CARTESIAN_POINT('',(-0.631245138698,-0.174551724065,
    2.000005580761E-02));
#5452 = CARTESIAN_POINT('',(-0.622052808731,-0.179729278152,
    2.000005580761E-02));
#5453 = ORIENTED_EDGE('',*,*,#4938,.T.);
#5454 = B_SPLINE_SURFACE_WITH_KNOTS('',3,1,(
    (#5455,#5456)
    ,(#5457,#5458)
    ,(#5459,#5460)
    ,(#5461,#5462)
    ,(#5463,#5464)
    ,(#5465,#5466)
    ,(#5467,#5468)
    ,(#5469,#5470)
    ,(#5471,#5472)
    ,(#5473,#5474)
    ,(#5475,#5476
  )),.UNSPECIFIED.,.F.,.F.,.F.,(4,1,1,1,1,1,1,1,4),(2,2),(0.,
    0.135294604763,0.266765657925,0.394816018836,0.520051654434,
    0.642175702971,0.762651820558,0.881834004381,1.),(0.,1.),
  .UNSPECIFIED.);
#5455 = CARTESIAN_POINT('',(-0.878722011515,-0.115704889039,
    2.000005580761E-02));
#5456 = CARTESIAN_POINT('',(-0.878722011515,-0.115704889039,
    5.616082376925E-08));
#5457 = CARTESIAN_POINT('',(-0.866646591163,-0.115863429583,
    2.000005580761E-02));
#5458 = CARTESIAN_POINT('',(-0.866646591163,-0.115863429583,
    5.61608235472E-08));
#5459 = CARTESIAN_POINT('',(-0.842837013089,-0.116176030169,
    2.000005580761E-02));
#5460 = CARTESIAN_POINT('',(-0.842837013089,-0.116176030169,
    5.616082399129E-08));
#5461 = CARTESIAN_POINT('',(-0.807725131868,-0.119384005061,
    2.000005580761E-02));
#5462 = CARTESIAN_POINT('',(-0.807725131868,-0.119384005061,
    5.61608235472E-08));
#5463 = CARTESIAN_POINT('',(-0.773714903687,-0.124212224291,
    2.000005580761E-02));
#5464 = CARTESIAN_POINT('',(-0.773714903687,-0.124212224291,
    5.616082399129E-08));
#5465 = CARTESIAN_POINT('',(-0.740954153412,-0.131318938888,
    2.000005580761E-02));
#5466 = CARTESIAN_POINT('',(-0.740954153412,-0.131318938888,
    5.616082421334E-08));
#5467 = CARTESIAN_POINT('',(-0.709330559993,-0.14021494158,
    2.000005580761E-02));
#5468 = CARTESIAN_POINT('',(-0.709330559993,-0.14021494158,
    5.61608235472E-08));
#5469 = CARTESIAN_POINT('',(-0.679023407544,-0.151389002491,
    2.000005580761E-02));
#5470 = CARTESIAN_POINT('',(-0.679023407544,-0.151389002491,
    5.616082421334E-08));
#5471 = CARTESIAN_POINT('',(-0.649708849607,-0.164152090652,
    2.000005580761E-02));
#5472 = CARTESIAN_POINT('',(-0.649708849607,-0.164152090652,
    5.616082288107E-08));
#5473 = CARTESIAN_POINT('',(-0.631245138698,-0.174551724065,
    2.000005580761E-02));
#5474 = CARTESIAN_POINT('',(-0.631245138698,-0.174551724065,
    5.616082332516E-08));
#5475 = CARTESIAN_POINT('',(-0.622052808731,-0.179729278152,
    2.000005580761E-02));
#5476 = CARTESIAN_POINT('',(-0.622052808731,-0.179729278152,
    5.61608235472E-08));
#5477 = ADVANCED_FACE('',(#5478),#5490,.T.);
#5478 = FACE_BOUND('',#5479,.T.);
#5479 = EDGE_LOOP('',(#5480,#5481,#5482,#5483,#5484,#5485,#5486,#5487,
    #5488,#5489));
#5480 = ORIENTED_EDGE('',*,*,#4946,.F.);
#5481 = ORIENTED_EDGE('',*,*,#5440,.F.);
#5482 = ORIENTED_EDGE('',*,*,#5366,.F.);
#5483 = ORIENTED_EDGE('',*,*,#5292,.F.);
#5484 = ORIENTED_EDGE('',*,*,#5242,.F.);
#5485 = ORIENTED_EDGE('',*,*,#5218,.F.);
#5486 = ORIENTED_EDGE('',*,*,#5168,.F.);
#5487 = ORIENTED_EDGE('',*,*,#5094,.F.);
#5488 = ORIENTED_EDGE('',*,*,#5020,.F.);
#5489 = ORIENTED_EDGE('',*,*,#4970,.F.);
#5490 = PLANE('',#5491);
#5491 = AXIS2_PLACEMENT_3D('',#5492,#5493,#5494);
#5492 = CARTESIAN_POINT('',(-0.755240849968,-1.982145961755E-02,
    2.000005580761E-02));
#5493 = DIRECTION('',(3.140195167996E-14,6.038327117149E-14,-1.));
#5494 = DIRECTION('',(0.,1.,6.038327117149E-14));
#5495 = ADVANCED_FACE('',(#5496),#5521,.T.);
#5496 = FACE_BOUND('',#5497,.T.);
#5497 = EDGE_LOOP('',(#5498,#5499,#5507,#5515));
#5498 = ORIENTED_EDGE('',*,*,#626,.F.);
#5499 = ORIENTED_EDGE('',*,*,#5500,.F.);
#5500 = EDGE_CURVE('',#5501,#619,#5503,.T.);
#5501 = VERTEX_POINT('',#5502);
#5502 = CARTESIAN_POINT('',(-1.451321086769,-0.127900010775,
    2.000005580761E-02));
#5503 = LINE('',#5504,#5505);
#5504 = CARTESIAN_POINT('',(-1.451321086769,-0.127900010775,
    2.000005580761E-02));
#5505 = VECTOR('',#5506,1.);
#5506 = DIRECTION('',(0.,3.491481338843E-15,-1.));
#5507 = ORIENTED_EDGE('',*,*,#5508,.T.);
#5508 = EDGE_CURVE('',#5501,#5509,#5511,.T.);
#5509 = VERTEX_POINT('',#5510);
#5510 = CARTESIAN_POINT('',(-1.451321086769,-1.814391515209E-02,
    2.000005580761E-02));
#5511 = LINE('',#5512,#5513);
#5512 = CARTESIAN_POINT('',(-1.451321086769,-0.127900010775,
    2.000005580761E-02));
#5513 = VECTOR('',#5514,1.);
#5514 = DIRECTION('',(0.,1.,3.491481338843E-15));
#5515 = ORIENTED_EDGE('',*,*,#5516,.T.);
#5516 = EDGE_CURVE('',#5509,#627,#5517,.T.);
#5517 = LINE('',#5518,#5519);
#5518 = CARTESIAN_POINT('',(-1.451321086769,-1.814391515209E-02,
    2.000005580761E-02));
#5519 = VECTOR('',#5520,1.);
#5520 = DIRECTION('',(0.,3.491481338843E-15,-1.));
#5521 = PLANE('',#5522);
#5522 = AXIS2_PLACEMENT_3D('',#5523,#5524,#5525);
#5523 = CARTESIAN_POINT('',(-1.451321086769,-0.127900010775,
    2.000005580761E-02));
#5524 = DIRECTION('',(-1.,0.,0.));
#5525 = DIRECTION('',(-0.,-1.,-3.491481338843E-15));
#5526 = ADVANCED_FACE('',(#5527),#5545,.T.);
#5527 = FACE_BOUND('',#5528,.T.);
#5528 = EDGE_LOOP('',(#5529,#5530,#5531,#5539));
#5529 = ORIENTED_EDGE('',*,*,#634,.F.);
#5530 = ORIENTED_EDGE('',*,*,#5516,.F.);
#5531 = ORIENTED_EDGE('',*,*,#5532,.T.);
#5532 = EDGE_CURVE('',#5509,#5533,#5535,.T.);
#5533 = VERTEX_POINT('',#5534);
#5534 = CARTESIAN_POINT('',(-1.963516199674,-1.814391515209E-02,
    2.000005580761E-02));
#5535 = LINE('',#5536,#5537);
#5536 = CARTESIAN_POINT('',(-1.451321086769,-1.814391515209E-02,
    2.000005580761E-02));
#5537 = VECTOR('',#5538,1.);
#5538 = DIRECTION('',(-1.,0.,0.));
#5539 = ORIENTED_EDGE('',*,*,#5540,.T.);
#5540 = EDGE_CURVE('',#5533,#635,#5541,.T.);
#5541 = LINE('',#5542,#5543);
#5542 = CARTESIAN_POINT('',(-1.963516199674,-1.814391515209E-02,
    2.000005580761E-02));
#5543 = VECTOR('',#5544,1.);
#5544 = DIRECTION('',(0.,3.491481338843E-15,-1.));
#5545 = PLANE('',#5546);
#5546 = AXIS2_PLACEMENT_3D('',#5547,#5548,#5549);
#5547 = CARTESIAN_POINT('',(-1.451321086769,-1.814391515209E-02,
    2.000005580761E-02));
#5548 = DIRECTION('',(0.,-1.,-3.491481338843E-15));
#5549 = DIRECTION('',(1.,0.,0.));
#5550 = ADVANCED_FACE('',(#5551),#5569,.T.);
#5551 = FACE_BOUND('',#5552,.T.);
#5552 = EDGE_LOOP('',(#5553,#5554,#5555,#5563));
#5553 = ORIENTED_EDGE('',*,*,#642,.F.);
#5554 = ORIENTED_EDGE('',*,*,#5540,.F.);
#5555 = ORIENTED_EDGE('',*,*,#5556,.T.);
#5556 = EDGE_CURVE('',#5533,#5557,#5559,.T.);
#5557 = VERTEX_POINT('',#5558);
#5558 = CARTESIAN_POINT('',(-1.963516199674,-1.018143897491,
    2.000005580761E-02));
#5559 = LINE('',#5560,#5561);
#5560 = CARTESIAN_POINT('',(-1.963516199674,-1.814391515209E-02,
    2.000005580761E-02));
#5561 = VECTOR('',#5562,1.);
#5562 = DIRECTION('',(0.,-1.,-3.491481338843E-15));
#5563 = ORIENTED_EDGE('',*,*,#5564,.T.);
#5564 = EDGE_CURVE('',#5557,#643,#5565,.T.);
#5565 = LINE('',#5566,#5567);
#5566 = CARTESIAN_POINT('',(-1.963516199674,-1.018143897491,
    2.000005580761E-02));
#5567 = VECTOR('',#5568,1.);
#5568 = DIRECTION('',(0.,3.491481338843E-15,-1.));
#5569 = PLANE('',#5570);
#5570 = AXIS2_PLACEMENT_3D('',#5571,#5572,#5573);
#5571 = CARTESIAN_POINT('',(-1.963516199674,-1.814391515209E-02,
    2.000005580761E-02));
#5572 = DIRECTION('',(1.,0.,0.));
#5573 = DIRECTION('',(-0.,1.,3.491481338843E-15));
#5574 = ADVANCED_FACE('',(#5575),#5593,.T.);
#5575 = FACE_BOUND('',#5576,.T.);
#5576 = EDGE_LOOP('',(#5577,#5578,#5579,#5587));
#5577 = ORIENTED_EDGE('',*,*,#650,.F.);
#5578 = ORIENTED_EDGE('',*,*,#5564,.F.);
#5579 = ORIENTED_EDGE('',*,*,#5580,.T.);
#5580 = EDGE_CURVE('',#5557,#5581,#5583,.T.);
#5581 = VERTEX_POINT('',#5582);
#5582 = CARTESIAN_POINT('',(-1.82936986058,-1.018143897491,
    2.000005580761E-02));
#5583 = LINE('',#5584,#5585);
#5584 = CARTESIAN_POINT('',(-1.963516199674,-1.018143897491,
    2.000005580761E-02));
#5585 = VECTOR('',#5586,1.);
#5586 = DIRECTION('',(1.,0.,0.));
#5587 = ORIENTED_EDGE('',*,*,#5588,.T.);
#5588 = EDGE_CURVE('',#5581,#651,#5589,.T.);
#5589 = LINE('',#5590,#5591);
#5590 = CARTESIAN_POINT('',(-1.82936986058,-1.018143897491,
    2.000005580761E-02));
#5591 = VECTOR('',#5592,1.);
#5592 = DIRECTION('',(0.,3.491481338843E-15,-1.));
#5593 = PLANE('',#5594);
#5594 = AXIS2_PLACEMENT_3D('',#5595,#5596,#5597);
#5595 = CARTESIAN_POINT('',(-1.963516199674,-1.018143897491,
    2.000005580761E-02));
#5596 = DIRECTION('',(0.,1.,3.491481338843E-15));
#5597 = DIRECTION('',(-1.,0.,0.));
#5598 = ADVANCED_FACE('',(#5599),#5617,.T.);
#5599 = FACE_BOUND('',#5600,.T.);
#5600 = EDGE_LOOP('',(#5601,#5602,#5603,#5611));
#5601 = ORIENTED_EDGE('',*,*,#658,.F.);
#5602 = ORIENTED_EDGE('',*,*,#5588,.F.);
#5603 = ORIENTED_EDGE('',*,*,#5604,.T.);
#5604 = EDGE_CURVE('',#5581,#5605,#5607,.T.);
#5605 = VERTEX_POINT('',#5606);
#5606 = CARTESIAN_POINT('',(-1.82936986058,-0.127900010775,
    2.000005580761E-02));
#5607 = LINE('',#5608,#5609);
#5608 = CARTESIAN_POINT('',(-1.82936986058,-1.018143897491,
    2.000005580761E-02));
#5609 = VECTOR('',#5610,1.);
#5610 = DIRECTION('',(0.,1.,3.491481338843E-15));
#5611 = ORIENTED_EDGE('',*,*,#5612,.T.);
#5612 = EDGE_CURVE('',#5605,#617,#5613,.T.);
#5613 = LINE('',#5614,#5615);
#5614 = CARTESIAN_POINT('',(-1.82936986058,-0.127900010775,
    2.000005580761E-02));
#5615 = VECTOR('',#5616,1.);
#5616 = DIRECTION('',(0.,3.491481338843E-15,-1.));
#5617 = PLANE('',#5618);
#5618 = AXIS2_PLACEMENT_3D('',#5619,#5620,#5621);
#5619 = CARTESIAN_POINT('',(-1.82936986058,-1.018143897491,
    2.000005580761E-02));
#5620 = DIRECTION('',(-1.,0.,0.));
#5621 = DIRECTION('',(-0.,-1.,-3.491481338843E-15));
#5622 = ADVANCED_FACE('',(#5623),#5634,.T.);
#5623 = FACE_BOUND('',#5624,.T.);
#5624 = EDGE_LOOP('',(#5625,#5626,#5627,#5633));
#5625 = ORIENTED_EDGE('',*,*,#616,.F.);
#5626 = ORIENTED_EDGE('',*,*,#5612,.F.);
#5627 = ORIENTED_EDGE('',*,*,#5628,.T.);
#5628 = EDGE_CURVE('',#5605,#5501,#5629,.T.);
#5629 = LINE('',#5630,#5631);
#5630 = CARTESIAN_POINT('',(-1.82936986058,-0.127900010775,
    2.000005580761E-02));
#5631 = VECTOR('',#5632,1.);
#5632 = DIRECTION('',(1.,0.,0.));
#5633 = ORIENTED_EDGE('',*,*,#5500,.T.);
#5634 = PLANE('',#5635);
#5635 = AXIS2_PLACEMENT_3D('',#5636,#5637,#5638);
#5636 = CARTESIAN_POINT('',(-1.82936986058,-0.127900010775,
    2.000005580761E-02));
#5637 = DIRECTION('',(0.,1.,3.491481338843E-15));
#5638 = DIRECTION('',(-1.,0.,0.));
#5639 = ADVANCED_FACE('',(#5640),#5648,.F.);
#5640 = FACE_BOUND('',#5641,.T.);
#5641 = EDGE_LOOP('',(#5642,#5643,#5644,#5645,#5646,#5647));
#5642 = ORIENTED_EDGE('',*,*,#5508,.F.);
#5643 = ORIENTED_EDGE('',*,*,#5628,.F.);
#5644 = ORIENTED_EDGE('',*,*,#5604,.F.);
#5645 = ORIENTED_EDGE('',*,*,#5580,.F.);
#5646 = ORIENTED_EDGE('',*,*,#5556,.F.);
#5647 = ORIENTED_EDGE('',*,*,#5532,.F.);
#5648 = PLANE('',#5649);
#5649 = AXIS2_PLACEMENT_3D('',#5650,#5651,#5652);
#5650 = CARTESIAN_POINT('',(-1.016002032004E-04,-1.359918741913,
    2.000005580761E-02));
#5651 = DIRECTION('',(0.,-3.491481338843E-15,1.));
#5652 = DIRECTION('',(0.,-1.,-3.491481338843E-15));
#5653 = ADVANCED_FACE('',(#5654),#5662,.T.);
#5654 = FACE_BOUND('',#5655,.T.);
#5655 = EDGE_LOOP('',(#5656,#5657,#5658,#5659,#5660,#5661));
#5656 = ORIENTED_EDGE('',*,*,#3961,.T.);
#5657 = ORIENTED_EDGE('',*,*,#3930,.T.);
#5658 = ORIENTED_EDGE('',*,*,#4085,.T.);
#5659 = ORIENTED_EDGE('',*,*,#4047,.T.);
#5660 = ORIENTED_EDGE('',*,*,#4023,.T.);
#5661 = ORIENTED_EDGE('',*,*,#3985,.T.);
#5662 = PLANE('',#5663);
#5663 = AXIS2_PLACEMENT_3D('',#5664,#5665,#5666);
#5664 = CARTESIAN_POINT('',(-3.220101543336,2.590081188327,
    5.616083376125E-08));
#5665 = DIRECTION('',(0.,3.491481338843E-15,-1.));
#5666 = DIRECTION('',(0.,1.,3.491481338843E-15));
#5667 = ADVANCED_FACE('',(#5668),#5675,.T.);
#5668 = FACE_BOUND('',#5669,.T.);
#5669 = EDGE_LOOP('',(#5670,#5671,#5672,#5673,#5674));
#5670 = ORIENTED_EDGE('',*,*,#4440,.T.);
#5671 = ORIENTED_EDGE('',*,*,#4409,.T.);
#5672 = ORIENTED_EDGE('',*,*,#4612,.T.);
#5673 = ORIENTED_EDGE('',*,*,#4588,.T.);
#5674 = ORIENTED_EDGE('',*,*,#4514,.T.);
#5675 = PLANE('',#5676);
#5676 = AXIS2_PLACEMENT_3D('',#5677,#5678,#5679);
#5677 = CARTESIAN_POINT('',(-3.220101543336,2.590081188327,
    5.616083376125E-08));
#5678 = DIRECTION('',(0.,3.491481338843E-15,-1.));
#5679 = DIRECTION('',(0.,1.,3.491481338843E-15));
#5680 = ( GEOMETRIC_REPRESENTATION_CONTEXT(3) 
GLOBAL_UNCERTAINTY_ASSIGNED_CONTEXT((#5684)) 
GLOBAL_UNIT_ASSIGNED_CONTEXT((#5681,#5682,#5683)) REPRESENTATION_CONTEXT
('Context #1','3D Context with UNIT and UNCERTAINTY') );
#5681 = ( LENGTH_UNIT() NAMED_UNIT(*) SI_UNIT(.MILLI.,.METRE.) );
#5682 = ( NAMED_UNIT(*) PLANE_ANGLE_UNIT() SI_UNIT($,.RADIAN.) );
#5683 = ( NAMED_UNIT(*) SI_UNIT($,.STERADIAN.) SOLID_ANGLE_UNIT() );
#5684 = UNCERTAINTY_MEASURE_WITH_UNIT(LENGTH_MEASURE(2.E-05),#5681,
  'distance_accuracy_value','confusion accuracy');
#5685 = CONTEXT_DEPENDENT_SHAPE_REPRESENTATION(#5686,#5688);
#5686 = ( REPRESENTATION_RELATIONSHIP('','',#59,#32) 
REPRESENTATION_RELATIONSHIP_WITH_TRANSFORMATION(#5687) 
SHAPE_REPRESENTATION_RELATIONSHIP() );
#5687 = ITEM_DEFINED_TRANSFORMATION('','',#11,#33);
#5688 = PRODUCT_DEFINITION_SHAPE('Placement','Placement of an item',
  #5689);
#5689 = NEXT_ASSEMBLY_USAGE_OCCURRENCE('1',
  'USB-C-SMD_TYPE-C-24P-QT~USB-C-SMD_TYPE-C-24P-QT~axvK','',#27,#54,$);
#5690 = PRODUCT_RELATED_PRODUCT_CATEGORY('part',$,(#56));
#5691 = SHAPE_DEFINITION_REPRESENTATION(#5692,#5698);
#5692 = PRODUCT_DEFINITION_SHAPE('','',#5693);
#5693 = PRODUCT_DEFINITION('design','',#5694,#5697);
#5694 = PRODUCT_DEFINITION_FORMATION('','',#5695);
#5695 = PRODUCT(
  'USB-C-SMD_TYPE-C-24P-QT~USB-C-SMD_TYPE-C-24P-QT~axvK001',
  'USB-C-SMD_TYPE-C-24P-QT~USB-C-SMD_TYPE-C-24P-QT~axvK001','',(#5696));
#5696 = PRODUCT_CONTEXT('',#2,'mechanical');
#5697 = PRODUCT_DEFINITION_CONTEXT('part definition',#2,'design');
#5698 = ADVANCED_BREP_SHAPE_REPRESENTATION('',(#11,#5699),#12659);
#5699 = MANIFOLD_SOLID_BREP('',#5700);
#5700 = CLOSED_SHELL('',(#5701,#5743,#5775,#5817,#5849,#5957,#6022,#6466
    ,#6506,#6553,#6584,#6622,#6662,#6686,#6710,#6722,#6734,#6816,#6858,
    #6889,#6922,#6987,#7425,#7495,#7554,#7585,#7646,#7707,#7721,#7743,
    #7760,#7777,#7794,#7811,#7828,#7845,#7857,#7906,#7923,#7946,#7963,
    #7987,#8019,#8043,#8069,#8081,#8093,#8105,#8117,#8405,#8417,#8434,
    #8451,#8739,#8770,#8804,#8838,#8855,#8872,#8884,#8915,#8949,#8983,
    #9000,#9017,#9048,#9082,#9116,#9133,#9150,#9181,#9215,#9249,#9266,
    #9283,#9314,#9348,#9382,#9399,#9416,#9447,#9481,#9515,#9532,#9549,
    #9580,#9614,#9648,#9665,#9682,#9713,#9747,#9781,#9798,#9815,#9846,
    #9880,#9914,#9931,#9948,#9979,#10013,#10047,#10064,#10081,#10112,
    #10146,#10180,#10197,#10214,#10245,#10279,#10313,#10330,#10347,
    #10359,#10371,#10383,#10395,#10407,#10419,#10431,#10443,#10455,
    #10467,#10479,#10510,#10544,#10578,#10595,#10612,#10624,#10655,
    #10689,#10723,#10740,#10757,#10788,#10822,#10856,#10873,#10890,
    #10921,#10955,#10989,#11006,#11023,#11054,#11088,#11122,#11139,
    #11156,#11187,#11221,#11255,#11272,#11289,#11320,#11354,#11388,
    #11405,#11422,#11453,#11487,#11521,#11538,#11555,#11586,#11620,
    #11654,#11671,#11688,#11719,#11753,#11787,#11804,#11821,#11852,
    #11886,#11920,#11937,#11954,#11985,#12019,#12053,#12070,#12087,
    #12099,#12111,#12123,#12135,#12147,#12159,#12171,#12183,#12195,
    #12207,#12219,#12266,#12290,#12330,#12347,#12369,#12381,#12393,
    #12440,#12464,#12504,#12521,#12538,#12555,#12567,#12585,#12601,
    #12613,#12631,#12647));
#5701 = ADVANCED_FACE('',(#5702),#5738,.T.);
#5702 = FACE_BOUND('',#5703,.T.);
#5703 = EDGE_LOOP('',(#5704,#5715,#5723,#5732));
#5704 = ORIENTED_EDGE('',*,*,#5705,.T.);
#5705 = EDGE_CURVE('',#5706,#5708,#5710,.T.);
#5706 = VERTEX_POINT('',#5707);
#5707 = CARTESIAN_POINT('',(3.399898339751,0.440081226298,
    -0.549999934126));
#5708 = VERTEX_POINT('',#5709);
#5709 = CARTESIAN_POINT('',(3.399898339751,0.740081220999,
    -0.549999934126));
#5710 = CIRCLE('',#5711,0.149999997351);
#5711 = AXIS2_PLACEMENT_3D('',#5712,#5713,#5714);
#5712 = CARTESIAN_POINT('',(3.399898339751,0.590081223649,
    -0.549999934126));
#5713 = DIRECTION('',(0.,-3.491481338843E-15,1.));
#5714 = DIRECTION('',(0.,1.,3.491481338843E-15));
#5715 = ORIENTED_EDGE('',*,*,#5716,.T.);
#5716 = EDGE_CURVE('',#5708,#5717,#5719,.T.);
#5717 = VERTEX_POINT('',#5718);
#5718 = CARTESIAN_POINT('',(3.399898339751,0.790081220116,
    -0.499999935009));
#5719 = LINE('',#5720,#5721);
#5720 = CARTESIAN_POINT('',(3.399898339751,0.740081220999,
    -0.549999934126));
#5721 = VECTOR('',#5722,1.);
#5722 = DIRECTION('',(8.659560562349E-17,0.707106781187,0.707106781187)
  );
#5723 = ORIENTED_EDGE('',*,*,#5724,.T.);
#5724 = EDGE_CURVE('',#5717,#5725,#5727,.T.);
#5725 = VERTEX_POINT('',#5726);
#5726 = CARTESIAN_POINT('',(3.399898339751,0.390081227181,
    -0.499999935009));
#5727 = CIRCLE('',#5728,0.199999996468);
#5728 = AXIS2_PLACEMENT_3D('',#5729,#5730,#5731);
#5729 = CARTESIAN_POINT('',(3.399898339751,0.590081223649,
    -0.499999935009));
#5730 = DIRECTION('',(0.,3.491481338843E-15,-1.));
#5731 = DIRECTION('',(0.,1.,3.491481338843E-15));
#5732 = ORIENTED_EDGE('',*,*,#5733,.F.);
#5733 = EDGE_CURVE('',#5706,#5725,#5734,.T.);
#5734 = LINE('',#5735,#5736);
#5735 = CARTESIAN_POINT('',(3.399898339751,0.440081226298,
    -0.549999934126));
#5736 = VECTOR('',#5737,1.);
#5737 = DIRECTION('',(0.,-0.707106781187,0.707106781187));
#5738 = CONICAL_SURFACE('',#5739,0.149999997351,0.785398163397);
#5739 = AXIS2_PLACEMENT_3D('',#5740,#5741,#5742);
#5740 = CARTESIAN_POINT('',(3.399898339751,0.590081223649,
    -0.549999934126));
#5741 = DIRECTION('',(0.,-3.491481338843E-15,1.));
#5742 = DIRECTION('',(0.,-1.,-3.491481338843E-15));
#5743 = ADVANCED_FACE('',(#5744),#5770,.T.);
#5744 = FACE_BOUND('',#5745,.T.);
#5745 = EDGE_LOOP('',(#5746,#5747,#5755,#5764));
#5746 = ORIENTED_EDGE('',*,*,#5724,.F.);
#5747 = ORIENTED_EDGE('',*,*,#5748,.T.);
#5748 = EDGE_CURVE('',#5717,#5749,#5751,.T.);
#5749 = VERTEX_POINT('',#5750);
#5750 = CARTESIAN_POINT('',(3.399898339751,0.790081220116,
    5.616082709992E-08));
#5751 = LINE('',#5752,#5753);
#5752 = CARTESIAN_POINT('',(3.399898339751,0.790081220116,
    -0.549999934126));
#5753 = VECTOR('',#5754,1.);
#5754 = DIRECTION('',(0.,-3.491481338843E-15,1.));
#5755 = ORIENTED_EDGE('',*,*,#5756,.F.);
#5756 = EDGE_CURVE('',#5757,#5749,#5759,.T.);
#5757 = VERTEX_POINT('',#5758);
#5758 = CARTESIAN_POINT('',(3.399898339751,0.390081227181,
    5.616082598969E-08));
#5759 = CIRCLE('',#5760,0.199999996468);
#5760 = AXIS2_PLACEMENT_3D('',#5761,#5762,#5763);
#5761 = CARTESIAN_POINT('',(3.399898339751,0.590081223649,
    5.616082665583E-08));
#5762 = DIRECTION('',(0.,-3.491481338843E-15,1.));
#5763 = DIRECTION('',(0.,1.,3.491481338843E-15));
#5764 = ORIENTED_EDGE('',*,*,#5765,.F.);
#5765 = EDGE_CURVE('',#5725,#5757,#5766,.T.);
#5766 = LINE('',#5767,#5768);
#5767 = CARTESIAN_POINT('',(3.399898339751,0.390081227181,
    -0.549999934126));
#5768 = VECTOR('',#5769,1.);
#5769 = DIRECTION('',(0.,-3.491481338843E-15,1.));
#5770 = CYLINDRICAL_SURFACE('',#5771,0.199999996468);
#5771 = AXIS2_PLACEMENT_3D('',#5772,#5773,#5774);
#5772 = CARTESIAN_POINT('',(3.399898339751,0.590081223649,
    -0.549999934126));
#5773 = DIRECTION('',(0.,-3.491481338843E-15,1.));
#5774 = DIRECTION('',(0.,-1.,-3.491481338843E-15));
#5775 = ADVANCED_FACE('',(#5776),#5812,.T.);
#5776 = FACE_BOUND('',#5777,.T.);
#5777 = EDGE_LOOP('',(#5778,#5789,#5797,#5806));
#5778 = ORIENTED_EDGE('',*,*,#5779,.F.);
#5779 = EDGE_CURVE('',#5780,#5782,#5784,.T.);
#5780 = VERTEX_POINT('',#5781);
#5781 = CARTESIAN_POINT('',(-3.400101540157,0.740081220999,
    -0.549999934126));
#5782 = VERTEX_POINT('',#5783);
#5783 = CARTESIAN_POINT('',(-3.400101540157,0.440081226298,
    -0.549999934126));
#5784 = CIRCLE('',#5785,0.149999997351);
#5785 = AXIS2_PLACEMENT_3D('',#5786,#5787,#5788);
#5786 = CARTESIAN_POINT('',(-3.400101540157,0.590081223649,
    -0.549999934126));
#5787 = DIRECTION('',(0.,3.491481338843E-15,-1.));
#5788 = DIRECTION('',(0.,1.,3.491481338843E-15));
#5789 = ORIENTED_EDGE('',*,*,#5790,.T.);
#5790 = EDGE_CURVE('',#5780,#5791,#5793,.T.);
#5791 = VERTEX_POINT('',#5792);
#5792 = CARTESIAN_POINT('',(-3.400101540157,0.790081220116,
    -0.499999935009));
#5793 = LINE('',#5794,#5795);
#5794 = CARTESIAN_POINT('',(-3.400101540157,0.740081220999,
    -0.549999934126));
#5795 = VECTOR('',#5796,1.);
#5796 = DIRECTION('',(8.659560562349E-17,0.707106781187,0.707106781187)
  );
#5797 = ORIENTED_EDGE('',*,*,#5798,.F.);
#5798 = EDGE_CURVE('',#5799,#5791,#5801,.T.);
#5799 = VERTEX_POINT('',#5800);
#5800 = CARTESIAN_POINT('',(-3.400101540157,0.390081227181,
    -0.499999935009));
#5801 = CIRCLE('',#5802,0.199999996468);
#5802 = AXIS2_PLACEMENT_3D('',#5803,#5804,#5805);
#5803 = CARTESIAN_POINT('',(-3.400101540157,0.590081223649,
    -0.499999935009));
#5804 = DIRECTION('',(0.,-3.491481338843E-15,1.));
#5805 = DIRECTION('',(0.,1.,3.491481338843E-15));
#5806 = ORIENTED_EDGE('',*,*,#5807,.F.);
#5807 = EDGE_CURVE('',#5782,#5799,#5808,.T.);
#5808 = LINE('',#5809,#5810);
#5809 = CARTESIAN_POINT('',(-3.400101540157,0.440081226298,
    -0.549999934126));
#5810 = VECTOR('',#5811,1.);
#5811 = DIRECTION('',(0.,-0.707106781187,0.707106781187));
#5812 = CONICAL_SURFACE('',#5813,0.149999997351,0.785398163397);
#5813 = AXIS2_PLACEMENT_3D('',#5814,#5815,#5816);
#5814 = CARTESIAN_POINT('',(-3.400101540157,0.590081223649,
    -0.549999934126));
#5815 = DIRECTION('',(0.,-3.491481338843E-15,1.));
#5816 = DIRECTION('',(0.,-1.,-3.491481338843E-15));
#5817 = ADVANCED_FACE('',(#5818),#5844,.T.);
#5818 = FACE_BOUND('',#5819,.T.);
#5819 = EDGE_LOOP('',(#5820,#5821,#5829,#5838));
#5820 = ORIENTED_EDGE('',*,*,#5798,.T.);
#5821 = ORIENTED_EDGE('',*,*,#5822,.T.);
#5822 = EDGE_CURVE('',#5791,#5823,#5825,.T.);
#5823 = VERTEX_POINT('',#5824);
#5824 = CARTESIAN_POINT('',(-3.400101540157,0.790081220116,
    5.616082709992E-08));
#5825 = LINE('',#5826,#5827);
#5826 = CARTESIAN_POINT('',(-3.400101540157,0.790081220116,
    -0.549999934126));
#5827 = VECTOR('',#5828,1.);
#5828 = DIRECTION('',(0.,-3.491481338843E-15,1.));
#5829 = ORIENTED_EDGE('',*,*,#5830,.T.);
#5830 = EDGE_CURVE('',#5823,#5831,#5833,.T.);
#5831 = VERTEX_POINT('',#5832);
#5832 = CARTESIAN_POINT('',(-3.400101540157,0.390081227181,
    5.616082598969E-08));
#5833 = CIRCLE('',#5834,0.199999996468);
#5834 = AXIS2_PLACEMENT_3D('',#5835,#5836,#5837);
#5835 = CARTESIAN_POINT('',(-3.400101540157,0.590081223649,
    5.616082665583E-08));
#5836 = DIRECTION('',(0.,3.491481338843E-15,-1.));
#5837 = DIRECTION('',(0.,1.,3.491481338843E-15));
#5838 = ORIENTED_EDGE('',*,*,#5839,.F.);
#5839 = EDGE_CURVE('',#5799,#5831,#5840,.T.);
#5840 = LINE('',#5841,#5842);
#5841 = CARTESIAN_POINT('',(-3.400101540157,0.390081227181,
    -0.549999934126));
#5842 = VECTOR('',#5843,1.);
#5843 = DIRECTION('',(0.,-3.491481338843E-15,1.));
#5844 = CYLINDRICAL_SURFACE('',#5845,0.199999996468);
#5845 = AXIS2_PLACEMENT_3D('',#5846,#5847,#5848);
#5846 = CARTESIAN_POINT('',(-3.400101540157,0.590081223649,
    -0.549999934126));
#5847 = DIRECTION('',(0.,-3.491481338843E-15,1.));
#5848 = DIRECTION('',(0.,-1.,-3.491481338843E-15));
#5849 = ADVANCED_FACE('',(#5850,#5884,#5918),#5952,.T.);
#5850 = FACE_BOUND('',#5851,.T.);
#5851 = EDGE_LOOP('',(#5852,#5862,#5870,#5878));
#5852 = ORIENTED_EDGE('',*,*,#5853,.T.);
#5853 = EDGE_CURVE('',#5854,#5856,#5858,.T.);
#5854 = VERTEX_POINT('',#5855);
#5855 = CARTESIAN_POINT('',(-4.170101526558,1.190081213052,
    0.300000050863));
#5856 = VERTEX_POINT('',#5857);
#5857 = CARTESIAN_POINT('',(-4.170101526558,1.940081199807,
    0.300000050863));
#5858 = LINE('',#5859,#5860);
#5859 = CARTESIAN_POINT('',(-4.170101526558,1.190081213052,
    0.300000050863));
#5860 = VECTOR('',#5861,1.);
#5861 = DIRECTION('',(0.,1.,3.491481338843E-15));
#5862 = ORIENTED_EDGE('',*,*,#5863,.T.);
#5863 = EDGE_CURVE('',#5856,#5864,#5866,.T.);
#5864 = VERTEX_POINT('',#5865);
#5865 = CARTESIAN_POINT('',(4.169898326152,1.940081199807,0.300000050863
    ));
#5866 = LINE('',#5867,#5868);
#5867 = CARTESIAN_POINT('',(-4.170101526558,1.940081199807,
    0.300000050863));
#5868 = VECTOR('',#5869,1.);
#5869 = DIRECTION('',(1.,0.,0.));
#5870 = ORIENTED_EDGE('',*,*,#5871,.T.);
#5871 = EDGE_CURVE('',#5864,#5872,#5874,.T.);
#5872 = VERTEX_POINT('',#5873);
#5873 = CARTESIAN_POINT('',(4.169898326152,1.190081213052,0.300000050863
    ));
#5874 = LINE('',#5875,#5876);
#5875 = CARTESIAN_POINT('',(4.169898326152,1.190081213052,0.300000050863
    ));
#5876 = VECTOR('',#5877,1.);
#5877 = DIRECTION('',(0.,-1.,-3.491481338843E-15));
#5878 = ORIENTED_EDGE('',*,*,#5879,.T.);
#5879 = EDGE_CURVE('',#5872,#5854,#5880,.T.);
#5880 = LINE('',#5881,#5882);
#5881 = CARTESIAN_POINT('',(-4.170101526558,1.190081213052,
    0.300000050863));
#5882 = VECTOR('',#5883,1.);
#5883 = DIRECTION('',(-1.,0.,0.));
#5884 = FACE_BOUND('',#5885,.T.);
#5885 = EDGE_LOOP('',(#5886,#5896,#5904,#5912));
#5886 = ORIENTED_EDGE('',*,*,#5887,.F.);
#5887 = EDGE_CURVE('',#5888,#5890,#5892,.T.);
#5888 = VERTEX_POINT('',#5889);
#5889 = CARTESIAN_POINT('',(-3.625101536183,1.490081207754,
    0.300000050863));
#5890 = VERTEX_POINT('',#5891);
#5891 = CARTESIAN_POINT('',(-3.625101536183,1.39008120952,0.300000050863
    ));
#5892 = LINE('',#5893,#5894);
#5893 = CARTESIAN_POINT('',(-3.625101536183,1.490081207754,
    0.300000050863));
#5894 = VECTOR('',#5895,1.);
#5895 = DIRECTION('',(0.,-1.,-3.491481338843E-15));
#5896 = ORIENTED_EDGE('',*,*,#5897,.F.);
#5897 = EDGE_CURVE('',#5898,#5888,#5900,.T.);
#5898 = VERTEX_POINT('',#5899);
#5899 = CARTESIAN_POINT('',(-3.925101530885,1.490081207754,
    0.300000050863));
#5900 = LINE('',#5901,#5902);
#5901 = CARTESIAN_POINT('',(-3.925101530885,1.490081207754,
    0.300000050863));
#5902 = VECTOR('',#5903,1.);
#5903 = DIRECTION('',(1.,0.,0.));
#5904 = ORIENTED_EDGE('',*,*,#5905,.F.);
#5905 = EDGE_CURVE('',#5906,#5898,#5908,.T.);
#5906 = VERTEX_POINT('',#5907);
#5907 = CARTESIAN_POINT('',(-3.925101530885,1.39008120952,0.300000050863
    ));
#5908 = LINE('',#5909,#5910);
#5909 = CARTESIAN_POINT('',(-3.925101530885,1.490081207754,
    0.300000050863));
#5910 = VECTOR('',#5911,1.);
#5911 = DIRECTION('',(0.,1.,3.491481338843E-15));
#5912 = ORIENTED_EDGE('',*,*,#5913,.F.);
#5913 = EDGE_CURVE('',#5890,#5906,#5914,.T.);
#5914 = LINE('',#5915,#5916);
#5915 = CARTESIAN_POINT('',(-3.925101530885,1.39008120952,0.300000050863
    ));
#5916 = VECTOR('',#5917,1.);
#5917 = DIRECTION('',(-1.,1.445602896647E-15,5.047295537022E-30));
#5918 = FACE_BOUND('',#5919,.T.);
#5919 = EDGE_LOOP('',(#5920,#5930,#5938,#5946));
#5920 = ORIENTED_EDGE('',*,*,#5921,.T.);
#5921 = EDGE_CURVE('',#5922,#5924,#5926,.T.);
#5922 = VERTEX_POINT('',#5923);
#5923 = CARTESIAN_POINT('',(3.924898330479,1.39008120952,0.300000050863)
  );
#5924 = VERTEX_POINT('',#5925);
#5925 = CARTESIAN_POINT('',(3.924898330479,1.490081207754,0.300000050863
    ));
#5926 = LINE('',#5927,#5928);
#5927 = CARTESIAN_POINT('',(3.924898330479,1.490081207754,0.300000050863
    ));
#5928 = VECTOR('',#5929,1.);
#5929 = DIRECTION('',(0.,1.,3.491481338843E-15));
#5930 = ORIENTED_EDGE('',*,*,#5931,.T.);
#5931 = EDGE_CURVE('',#5924,#5932,#5934,.T.);
#5932 = VERTEX_POINT('',#5933);
#5933 = CARTESIAN_POINT('',(3.624898335777,1.490081207754,0.300000050863
    ));
#5934 = LINE('',#5935,#5936);
#5935 = CARTESIAN_POINT('',(3.924898330479,1.490081207754,0.300000050863
    ));
#5936 = VECTOR('',#5937,1.);
#5937 = DIRECTION('',(-1.,0.,0.));
#5938 = ORIENTED_EDGE('',*,*,#5939,.T.);
#5939 = EDGE_CURVE('',#5932,#5940,#5942,.T.);
#5940 = VERTEX_POINT('',#5941);
#5941 = CARTESIAN_POINT('',(3.624898335777,1.39008120952,0.300000050863)
  );
#5942 = LINE('',#5943,#5944);
#5943 = CARTESIAN_POINT('',(3.624898335777,1.490081207754,0.300000050863
    ));
#5944 = VECTOR('',#5945,1.);
#5945 = DIRECTION('',(0.,-1.,-3.491481338843E-15));
#5946 = ORIENTED_EDGE('',*,*,#5947,.T.);
#5947 = EDGE_CURVE('',#5940,#5922,#5948,.T.);
#5948 = LINE('',#5949,#5950);
#5949 = CARTESIAN_POINT('',(3.924898330479,1.39008120952,0.300000050863)
  );
#5950 = VECTOR('',#5951,1.);
#5951 = DIRECTION('',(1.,1.445602896647E-15,5.047295537022E-30));
#5952 = PLANE('',#5953);
#5953 = AXIS2_PLACEMENT_3D('',#5954,#5955,#5956);
#5954 = CARTESIAN_POINT('',(-1.016002032004E-04,-1.359918741913,
    0.300000050863));
#5955 = DIRECTION('',(0.,3.491481338843E-15,-1.));
#5956 = DIRECTION('',(0.,1.,3.491481338843E-15));
#5957 = ADVANCED_FACE('',(#5958),#6017,.T.);
#5958 = FACE_BOUND('',#5959,.T.);
#5959 = EDGE_LOOP('',(#5960,#5970,#5978,#5986,#5994,#6002,#6010));
#5960 = ORIENTED_EDGE('',*,*,#5961,.F.);
#5961 = EDGE_CURVE('',#5962,#5964,#5966,.T.);
#5962 = VERTEX_POINT('',#5963);
#5963 = CARTESIAN_POINT('',(-3.220101543336,2.590081188327,
    5.616083376125E-08));
#5964 = VERTEX_POINT('',#5965);
#5965 = CARTESIAN_POINT('',(-3.220101543336,2.590081188327,
    2.860000005651));
#5966 = LINE('',#5967,#5968);
#5967 = CARTESIAN_POINT('',(-3.220101543336,2.590081188327,
    -0.599999933243));
#5968 = VECTOR('',#5969,1.);
#5969 = DIRECTION('',(0.,-3.491481338843E-15,1.));
#5970 = ORIENTED_EDGE('',*,*,#5971,.T.);
#5971 = EDGE_CURVE('',#5962,#5972,#5974,.T.);
#5972 = VERTEX_POINT('',#5973);
#5973 = CARTESIAN_POINT('',(-4.170101526558,2.590081188327,
    5.616083376125E-08));
#5974 = LINE('',#5975,#5976);
#5975 = CARTESIAN_POINT('',(-1.016002032004E-04,2.590081188327,
    5.616083376125E-08));
#5976 = VECTOR('',#5977,1.);
#5977 = DIRECTION('',(-1.,0.,0.));
#5978 = ORIENTED_EDGE('',*,*,#5979,.F.);
#5979 = EDGE_CURVE('',#5980,#5972,#5982,.T.);
#5980 = VERTEX_POINT('',#5981);
#5981 = CARTESIAN_POINT('',(-4.170101526558,2.590081188327,
    1.660000026844));
#5982 = LINE('',#5983,#5984);
#5983 = CARTESIAN_POINT('',(-4.170101526558,2.590081188327,
    1.580000028257));
#5984 = VECTOR('',#5985,1.);
#5985 = DIRECTION('',(0.,3.491481338843E-15,-1.));
#5986 = ORIENTED_EDGE('',*,*,#5987,.F.);
#5987 = EDGE_CURVE('',#5988,#5980,#5990,.T.);
#5988 = VERTEX_POINT('',#5989);
#5989 = CARTESIAN_POINT('',(-4.47010152126,2.590081188327,1.660000026844
    ));
#5990 = LINE('',#5991,#5992);
#5991 = CARTESIAN_POINT('',(-5.75072634613,2.590081188327,1.660000026844
    ));
#5992 = VECTOR('',#5993,1.);
#5993 = DIRECTION('',(1.,0.,0.));
#5994 = ORIENTED_EDGE('',*,*,#5995,.T.);
#5995 = EDGE_CURVE('',#5988,#5996,#5998,.T.);
#5996 = VERTEX_POINT('',#5997);
#5997 = CARTESIAN_POINT('',(-4.47010152126,2.590081188327,2.660000009184
    ));
#5998 = LINE('',#5999,#6000);
#5999 = CARTESIAN_POINT('',(-4.47010152126,2.590081188327,1.660000026844
    ));
#6000 = VECTOR('',#6001,1.);
#6001 = DIRECTION('',(0.,-3.491481338843E-15,1.));
#6002 = ORIENTED_EDGE('',*,*,#6003,.T.);
#6003 = EDGE_CURVE('',#5996,#6004,#6006,.T.);
#6004 = VERTEX_POINT('',#6005);
#6005 = CARTESIAN_POINT('',(-3.803196722523,2.590081188327,
    2.660000009184));
#6006 = LINE('',#6007,#6008);
#6007 = CARTESIAN_POINT('',(-5.75072634613,2.590081188327,2.660000009184
    ));
#6008 = VECTOR('',#6009,1.);
#6009 = DIRECTION('',(1.,0.,0.));
#6010 = ORIENTED_EDGE('',*,*,#6011,.F.);
#6011 = EDGE_CURVE('',#5964,#6004,#6012,.T.);
#6012 = CIRCLE('',#6013,0.949999983222);
#6013 = AXIS2_PLACEMENT_3D('',#6014,#6015,#6016);
#6014 = CARTESIAN_POINT('',(-3.220101543336,2.590081188327,
    1.910000022429));
#6015 = DIRECTION('',(-0.,-1.,-3.491481338843E-15));
#6016 = DIRECTION('',(-1.,0.,0.));
#6017 = PLANE('',#6018);
#6018 = AXIS2_PLACEMENT_3D('',#6019,#6020,#6021);
#6019 = CARTESIAN_POINT('',(-1.016002032004E-04,2.590081188327,
    1.580000028257));
#6020 = DIRECTION('',(0.,1.,3.491481338843E-15));
#6021 = DIRECTION('',(-1.,0.,0.));
#6022 = ADVANCED_FACE('',(#6023,#6033,#6043),#6461,.T.);
#6023 = FACE_BOUND('',#6024,.T.);
#6024 = EDGE_LOOP('',(#6025,#6026));
#6025 = ORIENTED_EDGE('',*,*,#5756,.T.);
#6026 = ORIENTED_EDGE('',*,*,#6027,.T.);
#6027 = EDGE_CURVE('',#5749,#5757,#6028,.T.);
#6028 = CIRCLE('',#6029,0.199999996468);
#6029 = AXIS2_PLACEMENT_3D('',#6030,#6031,#6032);
#6030 = CARTESIAN_POINT('',(3.399898339751,0.590081223649,
    5.616082665583E-08));
#6031 = DIRECTION('',(0.,-3.491481338843E-15,1.));
#6032 = DIRECTION('',(0.,1.,3.491481338843E-15));
#6033 = FACE_BOUND('',#6034,.T.);
#6034 = EDGE_LOOP('',(#6035,#6042));
#6035 = ORIENTED_EDGE('',*,*,#6036,.F.);
#6036 = EDGE_CURVE('',#5831,#5823,#6037,.T.);
#6037 = CIRCLE('',#6038,0.199999996468);
#6038 = AXIS2_PLACEMENT_3D('',#6039,#6040,#6041);
#6039 = CARTESIAN_POINT('',(-3.400101540157,0.590081223649,
    5.616082665583E-08));
#6040 = DIRECTION('',(0.,3.491481338843E-15,-1.));
#6041 = DIRECTION('',(0.,1.,3.491481338843E-15));
#6042 = ORIENTED_EDGE('',*,*,#5830,.F.);
#6043 = FACE_BOUND('',#6044,.T.);
#6044 = EDGE_LOOP('',(#6045,#6055,#6063,#6071,#6079,#6087,#6095,#6103,
    #6111,#6119,#6127,#6135,#6143,#6151,#6159,#6167,#6175,#6183,#6191,
    #6199,#6207,#6215,#6223,#6231,#6239,#6247,#6255,#6263,#6271,#6279,
    #6287,#6295,#6303,#6311,#6319,#6327,#6335,#6343,#6351,#6359,#6367,
    #6375,#6383,#6391,#6399,#6407,#6415,#6423,#6431,#6439,#6447,#6455));
#6045 = ORIENTED_EDGE('',*,*,#6046,.F.);
#6046 = EDGE_CURVE('',#6047,#6049,#6051,.T.);
#6047 = VERTEX_POINT('',#6048);
#6048 = CARTESIAN_POINT('',(2.524898355204,0.690081221882,
    5.616082687787E-08));
#6049 = VERTEX_POINT('',#6050);
#6050 = CARTESIAN_POINT('',(2.524898355204,1.190081213052,
    5.616082865423E-08));
#6051 = LINE('',#6052,#6053);
#6052 = CARTESIAN_POINT('',(2.524898355204,-8.52667538867,
    5.616079490345E-08));
#6053 = VECTOR('',#6054,1.);
#6054 = DIRECTION('',(0.,1.,3.491481338843E-15));
#6055 = ORIENTED_EDGE('',*,*,#6056,.F.);
#6056 = EDGE_CURVE('',#6057,#6047,#6059,.T.);
#6057 = VERTEX_POINT('',#6058);
#6058 = CARTESIAN_POINT('',(2.724898351672,0.690081221882,
    5.616082687787E-08));
#6059 = LINE('',#6060,#6061);
#6060 = CARTESIAN_POINT('',(-1.016002032004E-04,0.690081221882,
    5.616082687787E-08));
#6061 = VECTOR('',#6062,1.);
#6062 = DIRECTION('',(-1.,0.,0.));
#6063 = ORIENTED_EDGE('',*,*,#6064,.F.);
#6064 = EDGE_CURVE('',#6065,#6057,#6067,.T.);
#6065 = VERTEX_POINT('',#6066);
#6066 = CARTESIAN_POINT('',(2.724898351672,1.190081213052,
    5.616082865423E-08));
#6067 = LINE('',#6068,#6069);
#6068 = CARTESIAN_POINT('',(2.724898351672,-8.52667538867,
    5.616079490345E-08));
#6069 = VECTOR('',#6070,1.);
#6070 = DIRECTION('',(0.,-1.,-3.491481338843E-15));
#6071 = ORIENTED_EDGE('',*,*,#6072,.F.);
#6072 = EDGE_CURVE('',#6073,#6065,#6075,.T.);
#6073 = VERTEX_POINT('',#6074);
#6074 = CARTESIAN_POINT('',(4.169898326152,1.190081213052,
    5.616082865423E-08));
#6075 = LINE('',#6076,#6077);
#6076 = CARTESIAN_POINT('',(-4.170101526558,1.190081213052,
    5.616082865423E-08));
#6077 = VECTOR('',#6078,1.);
#6078 = DIRECTION('',(-1.,0.,0.));
#6079 = ORIENTED_EDGE('',*,*,#6080,.F.);
#6080 = EDGE_CURVE('',#6081,#6073,#6083,.T.);
#6081 = VERTEX_POINT('',#6082);
#6082 = CARTESIAN_POINT('',(4.169898326152,0.290081228947,
    5.616082576765E-08));
#6083 = LINE('',#6084,#6085);
#6084 = CARTESIAN_POINT('',(4.169898326152,-8.52667538867,
    5.616079490345E-08));
#6085 = VECTOR('',#6086,1.);
#6086 = DIRECTION('',(0.,1.,3.491481338843E-15));
#6087 = ORIENTED_EDGE('',*,*,#6088,.T.);
#6088 = EDGE_CURVE('',#6081,#6089,#6091,.T.);
#6089 = VERTEX_POINT('',#6090);
#6090 = CARTESIAN_POINT('',(-4.170101526558,0.290081228947,
    5.616082576765E-08));
#6091 = LINE('',#6092,#6093);
#6092 = CARTESIAN_POINT('',(-1.016002032004E-04,0.290081228947,
    5.616082576765E-08));
#6093 = VECTOR('',#6094,1.);
#6094 = DIRECTION('',(-1.,0.,0.));
#6095 = ORIENTED_EDGE('',*,*,#6096,.T.);
#6096 = EDGE_CURVE('',#6089,#6097,#6099,.T.);
#6097 = VERTEX_POINT('',#6098);
#6098 = CARTESIAN_POINT('',(-4.170101526558,1.190081213052,
    5.616082865423E-08));
#6099 = LINE('',#6100,#6101);
#6100 = CARTESIAN_POINT('',(-4.170101526558,-8.52667538867,
    5.616079490345E-08));
#6101 = VECTOR('',#6102,1.);
#6102 = DIRECTION('',(0.,1.,3.491481338843E-15));
#6103 = ORIENTED_EDGE('',*,*,#6104,.F.);
#6104 = EDGE_CURVE('',#6105,#6097,#6107,.T.);
#6105 = VERTEX_POINT('',#6106);
#6106 = CARTESIAN_POINT('',(-2.975101547663,1.190081213052,
    5.616082865423E-08));
#6107 = LINE('',#6108,#6109);
#6108 = CARTESIAN_POINT('',(-4.170101526558,1.190081213052,
    5.616082865423E-08));
#6109 = VECTOR('',#6110,1.);
#6110 = DIRECTION('',(-1.,0.,0.));
#6111 = ORIENTED_EDGE('',*,*,#6112,.F.);
#6112 = EDGE_CURVE('',#6113,#6105,#6115,.T.);
#6113 = VERTEX_POINT('',#6114);
#6114 = CARTESIAN_POINT('',(-2.975101547663,0.690081221882,
    5.616082687787E-08));
#6115 = LINE('',#6116,#6117);
#6116 = CARTESIAN_POINT('',(-2.975101547663,-8.52667538867,
    5.616079490345E-08));
#6117 = VECTOR('',#6118,1.);
#6118 = DIRECTION('',(0.,1.,3.491481338843E-15));
#6119 = ORIENTED_EDGE('',*,*,#6120,.F.);
#6120 = EDGE_CURVE('',#6121,#6113,#6123,.T.);
#6121 = VERTEX_POINT('',#6122);
#6122 = CARTESIAN_POINT('',(-2.775101551195,0.690081221882,
    5.616082687787E-08));
#6123 = LINE('',#6124,#6125);
#6124 = CARTESIAN_POINT('',(-1.016002032004E-04,0.690081221882,
    5.616082687787E-08));
#6125 = VECTOR('',#6126,1.);
#6126 = DIRECTION('',(-1.,0.,0.));
#6127 = ORIENTED_EDGE('',*,*,#6128,.F.);
#6128 = EDGE_CURVE('',#6129,#6121,#6131,.T.);
#6129 = VERTEX_POINT('',#6130);
#6130 = CARTESIAN_POINT('',(-2.775101551195,1.190081213052,
    5.616082865423E-08));
#6131 = LINE('',#6132,#6133);
#6132 = CARTESIAN_POINT('',(-2.775101551195,-8.52667538867,
    5.616079490345E-08));
#6133 = VECTOR('',#6134,1.);
#6134 = DIRECTION('',(0.,-1.,-3.491481338843E-15));
#6135 = ORIENTED_EDGE('',*,*,#6136,.F.);
#6136 = EDGE_CURVE('',#6137,#6129,#6139,.T.);
#6137 = VERTEX_POINT('',#6138);
#6138 = CARTESIAN_POINT('',(-2.475101556493,1.190081213052,
    5.616082865423E-08));
#6139 = LINE('',#6140,#6141);
#6140 = CARTESIAN_POINT('',(-4.170101526558,1.190081213052,
    5.616082865423E-08));
#6141 = VECTOR('',#6142,1.);
#6142 = DIRECTION('',(-1.,0.,0.));
#6143 = ORIENTED_EDGE('',*,*,#6144,.F.);
#6144 = EDGE_CURVE('',#6145,#6137,#6147,.T.);
#6145 = VERTEX_POINT('',#6146);
#6146 = CARTESIAN_POINT('',(-2.475101556493,0.690081221882,
    5.616082687787E-08));
#6147 = LINE('',#6148,#6149);
#6148 = CARTESIAN_POINT('',(-2.475101556493,-8.52667538867,
    5.616079490345E-08));
#6149 = VECTOR('',#6150,1.);
#6150 = DIRECTION('',(0.,1.,3.491481338843E-15));
#6151 = ORIENTED_EDGE('',*,*,#6152,.F.);
#6152 = EDGE_CURVE('',#6153,#6145,#6155,.T.);
#6153 = VERTEX_POINT('',#6154);
#6154 = CARTESIAN_POINT('',(-2.275101560025,0.690081221882,
    5.616082687787E-08));
#6155 = LINE('',#6156,#6157);
#6156 = CARTESIAN_POINT('',(-1.016002032004E-04,0.690081221882,
    5.616082687787E-08));
#6157 = VECTOR('',#6158,1.);
#6158 = DIRECTION('',(-1.,0.,0.));
#6159 = ORIENTED_EDGE('',*,*,#6160,.F.);
#6160 = EDGE_CURVE('',#6161,#6153,#6163,.T.);
#6161 = VERTEX_POINT('',#6162);
#6162 = CARTESIAN_POINT('',(-2.275101560025,1.190081213052,
    5.616082865423E-08));
#6163 = LINE('',#6164,#6165);
#6164 = CARTESIAN_POINT('',(-2.275101560025,-8.52667538867,
    5.616079490345E-08));
#6165 = VECTOR('',#6166,1.);
#6166 = DIRECTION('',(0.,-1.,-3.491481338843E-15));
#6167 = ORIENTED_EDGE('',*,*,#6168,.F.);
#6168 = EDGE_CURVE('',#6169,#6161,#6171,.T.);
#6169 = VERTEX_POINT('',#6170);
#6170 = CARTESIAN_POINT('',(-1.975101565323,1.190081213052,
    5.616082865423E-08));
#6171 = LINE('',#6172,#6173);
#6172 = CARTESIAN_POINT('',(-4.170101526558,1.190081213052,
    5.616082865423E-08));
#6173 = VECTOR('',#6174,1.);
#6174 = DIRECTION('',(-1.,0.,0.));
#6175 = ORIENTED_EDGE('',*,*,#6176,.F.);
#6176 = EDGE_CURVE('',#6177,#6169,#6179,.T.);
#6177 = VERTEX_POINT('',#6178);
#6178 = CARTESIAN_POINT('',(-1.975101565323,0.690081221882,
    5.616082687787E-08));
#6179 = LINE('',#6180,#6181);
#6180 = CARTESIAN_POINT('',(-1.975101565323,-8.52667538867,
    5.616079490345E-08));
#6181 = VECTOR('',#6182,1.);
#6182 = DIRECTION('',(0.,1.,3.491481338843E-15));
#6183 = ORIENTED_EDGE('',*,*,#6184,.F.);
#6184 = EDGE_CURVE('',#6185,#6177,#6187,.T.);
#6185 = VERTEX_POINT('',#6186);
#6186 = CARTESIAN_POINT('',(-1.775101568856,0.690081221882,
    5.616082687787E-08));
#6187 = LINE('',#6188,#6189);
#6188 = CARTESIAN_POINT('',(-1.016002032004E-04,0.690081221882,
    5.616082687787E-08));
#6189 = VECTOR('',#6190,1.);
#6190 = DIRECTION('',(-1.,0.,0.));
#6191 = ORIENTED_EDGE('',*,*,#6192,.F.);
#6192 = EDGE_CURVE('',#6193,#6185,#6195,.T.);
#6193 = VERTEX_POINT('',#6194);
#6194 = CARTESIAN_POINT('',(-1.775101568856,1.190081213052,
    5.616082865423E-08));
#6195 = LINE('',#6196,#6197);
#6196 = CARTESIAN_POINT('',(-1.775101568856,-8.52667538867,
    5.616079490345E-08));
#6197 = VECTOR('',#6198,1.);
#6198 = DIRECTION('',(0.,-1.,-3.491481338843E-15));
#6199 = ORIENTED_EDGE('',*,*,#6200,.F.);
#6200 = EDGE_CURVE('',#6201,#6193,#6203,.T.);
#6201 = VERTEX_POINT('',#6202);
#6202 = CARTESIAN_POINT('',(-1.475101574154,1.190081213052,
    5.616082865423E-08));
#6203 = LINE('',#6204,#6205);
#6204 = CARTESIAN_POINT('',(-4.170101526558,1.190081213052,
    5.616082865423E-08));
#6205 = VECTOR('',#6206,1.);
#6206 = DIRECTION('',(-1.,0.,0.));
#6207 = ORIENTED_EDGE('',*,*,#6208,.F.);
#6208 = EDGE_CURVE('',#6209,#6201,#6211,.T.);
#6209 = VERTEX_POINT('',#6210);
#6210 = CARTESIAN_POINT('',(-1.475101574154,0.690081221882,
    5.616082687787E-08));
#6211 = LINE('',#6212,#6213);
#6212 = CARTESIAN_POINT('',(-1.475101574154,-8.52667538867,
    5.616079490345E-08));
#6213 = VECTOR('',#6214,1.);
#6214 = DIRECTION('',(0.,1.,3.491481338843E-15));
#6215 = ORIENTED_EDGE('',*,*,#6216,.F.);
#6216 = EDGE_CURVE('',#6217,#6209,#6219,.T.);
#6217 = VERTEX_POINT('',#6218);
#6218 = CARTESIAN_POINT('',(-1.275101577686,0.690081221882,
    5.616082687787E-08));
#6219 = LINE('',#6220,#6221);
#6220 = CARTESIAN_POINT('',(-1.016002032004E-04,0.690081221882,
    5.616082687787E-08));
#6221 = VECTOR('',#6222,1.);
#6222 = DIRECTION('',(-1.,0.,0.));
#6223 = ORIENTED_EDGE('',*,*,#6224,.F.);
#6224 = EDGE_CURVE('',#6225,#6217,#6227,.T.);
#6225 = VERTEX_POINT('',#6226);
#6226 = CARTESIAN_POINT('',(-1.275101577686,1.190081213052,
    5.616082865423E-08));
#6227 = LINE('',#6228,#6229);
#6228 = CARTESIAN_POINT('',(-1.275101577686,-8.52667538867,
    5.616079490345E-08));
#6229 = VECTOR('',#6230,1.);
#6230 = DIRECTION('',(0.,-1.,-3.491481338843E-15));
#6231 = ORIENTED_EDGE('',*,*,#6232,.F.);
#6232 = EDGE_CURVE('',#6233,#6225,#6235,.T.);
#6233 = VERTEX_POINT('',#6234);
#6234 = CARTESIAN_POINT('',(-0.975101582984,1.190081213052,
    5.616082865423E-08));
#6235 = LINE('',#6236,#6237);
#6236 = CARTESIAN_POINT('',(-4.170101526558,1.190081213052,
    5.616082865423E-08));
#6237 = VECTOR('',#6238,1.);
#6238 = DIRECTION('',(-1.,0.,0.));
#6239 = ORIENTED_EDGE('',*,*,#6240,.F.);
#6240 = EDGE_CURVE('',#6241,#6233,#6243,.T.);
#6241 = VERTEX_POINT('',#6242);
#6242 = CARTESIAN_POINT('',(-0.975101582984,0.690081221882,
    5.616082687787E-08));
#6243 = LINE('',#6244,#6245);
#6244 = CARTESIAN_POINT('',(-0.975101582984,-8.52667538867,
    5.616079490345E-08));
#6245 = VECTOR('',#6246,1.);
#6246 = DIRECTION('',(0.,1.,3.491481338843E-15));
#6247 = ORIENTED_EDGE('',*,*,#6248,.F.);
#6248 = EDGE_CURVE('',#6249,#6241,#6251,.T.);
#6249 = VERTEX_POINT('',#6250);
#6250 = CARTESIAN_POINT('',(-0.775101586516,0.690081221882,
    5.616082687787E-08));
#6251 = LINE('',#6252,#6253);
#6252 = CARTESIAN_POINT('',(-1.016002032004E-04,0.690081221882,
    5.616082687787E-08));
#6253 = VECTOR('',#6254,1.);
#6254 = DIRECTION('',(-1.,0.,0.));
#6255 = ORIENTED_EDGE('',*,*,#6256,.F.);
#6256 = EDGE_CURVE('',#6257,#6249,#6259,.T.);
#6257 = VERTEX_POINT('',#6258);
#6258 = CARTESIAN_POINT('',(-0.775101586516,1.190081213052,
    5.616082865423E-08));
#6259 = LINE('',#6260,#6261);
#6260 = CARTESIAN_POINT('',(-0.775101586516,-8.52667538867,
    5.616079490345E-08));
#6261 = VECTOR('',#6262,1.);
#6262 = DIRECTION('',(0.,-1.,-3.491481338843E-15));
#6263 = ORIENTED_EDGE('',*,*,#6264,.F.);
#6264 = EDGE_CURVE('',#6265,#6257,#6267,.T.);
#6265 = VERTEX_POINT('',#6266);
#6266 = CARTESIAN_POINT('',(-0.475101591814,1.190081213052,
    5.616082865423E-08));
#6267 = LINE('',#6268,#6269);
#6268 = CARTESIAN_POINT('',(-4.170101526558,1.190081213052,
    5.616082865423E-08));
#6269 = VECTOR('',#6270,1.);
#6270 = DIRECTION('',(-1.,0.,0.));
#6271 = ORIENTED_EDGE('',*,*,#6272,.F.);
#6272 = EDGE_CURVE('',#6273,#6265,#6275,.T.);
#6273 = VERTEX_POINT('',#6274);
#6274 = CARTESIAN_POINT('',(-0.475101591814,0.690081221882,
    5.616082687787E-08));
#6275 = LINE('',#6276,#6277);
#6276 = CARTESIAN_POINT('',(-0.475101591814,-8.52667538867,
    5.616079490345E-08));
#6277 = VECTOR('',#6278,1.);
#6278 = DIRECTION('',(0.,1.,3.491481338843E-15));
#6279 = ORIENTED_EDGE('',*,*,#6280,.F.);
#6280 = EDGE_CURVE('',#6281,#6273,#6283,.T.);
#6281 = VERTEX_POINT('',#6282);
#6282 = CARTESIAN_POINT('',(-0.275101595347,0.690081221882,
    5.616082687787E-08));
#6283 = LINE('',#6284,#6285);
#6284 = CARTESIAN_POINT('',(-1.016002032004E-04,0.690081221882,
    5.616082687787E-08));
#6285 = VECTOR('',#6286,1.);
#6286 = DIRECTION('',(-1.,0.,0.));
#6287 = ORIENTED_EDGE('',*,*,#6288,.F.);
#6288 = EDGE_CURVE('',#6289,#6281,#6291,.T.);
#6289 = VERTEX_POINT('',#6290);
#6290 = CARTESIAN_POINT('',(-0.275101595347,1.190081213052,
    5.616082865423E-08));
#6291 = LINE('',#6292,#6293);
#6292 = CARTESIAN_POINT('',(-0.275101595347,-8.52667538867,
    5.616079490345E-08));
#6293 = VECTOR('',#6294,1.);
#6294 = DIRECTION('',(0.,-1.,-3.491481338843E-15));
#6295 = ORIENTED_EDGE('',*,*,#6296,.F.);
#6296 = EDGE_CURVE('',#6297,#6289,#6299,.T.);
#6297 = VERTEX_POINT('',#6298);
#6298 = CARTESIAN_POINT('',(2.489839935528E-02,1.190081213052,
    5.616082865423E-08));
#6299 = LINE('',#6300,#6301);
#6300 = CARTESIAN_POINT('',(-4.170101526558,1.190081213052,
    5.616082865423E-08));
#6301 = VECTOR('',#6302,1.);
#6302 = DIRECTION('',(-1.,0.,0.));
#6303 = ORIENTED_EDGE('',*,*,#6304,.F.);
#6304 = EDGE_CURVE('',#6305,#6297,#6307,.T.);
#6305 = VERTEX_POINT('',#6306);
#6306 = CARTESIAN_POINT('',(2.489839935528E-02,0.690081221882,
    5.616082687787E-08));
#6307 = LINE('',#6308,#6309);
#6308 = CARTESIAN_POINT('',(2.489839935528E-02,-8.52667538867,
    5.616079490345E-08));
#6309 = VECTOR('',#6310,1.);
#6310 = DIRECTION('',(0.,1.,3.491481338843E-15));
#6311 = ORIENTED_EDGE('',*,*,#6312,.F.);
#6312 = EDGE_CURVE('',#6313,#6305,#6315,.T.);
#6313 = VERTEX_POINT('',#6314);
#6314 = CARTESIAN_POINT('',(0.224898395823,0.690081221882,
    5.616082687787E-08));
#6315 = LINE('',#6316,#6317);
#6316 = CARTESIAN_POINT('',(-1.016002032004E-04,0.690081221882,
    5.616082687787E-08));
#6317 = VECTOR('',#6318,1.);
#6318 = DIRECTION('',(-1.,0.,0.));
#6319 = ORIENTED_EDGE('',*,*,#6320,.F.);
#6320 = EDGE_CURVE('',#6321,#6313,#6323,.T.);
#6321 = VERTEX_POINT('',#6322);
#6322 = CARTESIAN_POINT('',(0.224898395823,1.190081213052,
    5.616082865423E-08));
#6323 = LINE('',#6324,#6325);
#6324 = CARTESIAN_POINT('',(0.224898395823,-8.52667538867,
    5.616079490345E-08));
#6325 = VECTOR('',#6326,1.);
#6326 = DIRECTION('',(0.,-1.,-3.491481338843E-15));
#6327 = ORIENTED_EDGE('',*,*,#6328,.F.);
#6328 = EDGE_CURVE('',#6329,#6321,#6331,.T.);
#6329 = VERTEX_POINT('',#6330);
#6330 = CARTESIAN_POINT('',(0.524898390525,1.190081213052,
    5.616082865423E-08));
#6331 = LINE('',#6332,#6333);
#6332 = CARTESIAN_POINT('',(-4.170101526558,1.190081213052,
    5.616082865423E-08));
#6333 = VECTOR('',#6334,1.);
#6334 = DIRECTION('',(-1.,0.,0.));
#6335 = ORIENTED_EDGE('',*,*,#6336,.F.);
#6336 = EDGE_CURVE('',#6337,#6329,#6339,.T.);
#6337 = VERTEX_POINT('',#6338);
#6338 = CARTESIAN_POINT('',(0.524898390525,0.690081221882,
    5.616082687787E-08));
#6339 = LINE('',#6340,#6341);
#6340 = CARTESIAN_POINT('',(0.524898390525,-8.52667538867,
    5.616079490345E-08));
#6341 = VECTOR('',#6342,1.);
#6342 = DIRECTION('',(0.,1.,3.491481338843E-15));
#6343 = ORIENTED_EDGE('',*,*,#6344,.F.);
#6344 = EDGE_CURVE('',#6345,#6337,#6347,.T.);
#6345 = VERTEX_POINT('',#6346);
#6346 = CARTESIAN_POINT('',(0.724898386993,0.690081221882,
    5.616082687787E-08));
#6347 = LINE('',#6348,#6349);
#6348 = CARTESIAN_POINT('',(-1.016002032004E-04,0.690081221882,
    5.616082687787E-08));
#6349 = VECTOR('',#6350,1.);
#6350 = DIRECTION('',(-1.,0.,0.));
#6351 = ORIENTED_EDGE('',*,*,#6352,.F.);
#6352 = EDGE_CURVE('',#6353,#6345,#6355,.T.);
#6353 = VERTEX_POINT('',#6354);
#6354 = CARTESIAN_POINT('',(0.724898386993,1.190081213052,
    5.616082865423E-08));
#6355 = LINE('',#6356,#6357);
#6356 = CARTESIAN_POINT('',(0.724898386993,-8.52667538867,
    5.616079490345E-08));
#6357 = VECTOR('',#6358,1.);
#6358 = DIRECTION('',(0.,-1.,-3.491481338843E-15));
#6359 = ORIENTED_EDGE('',*,*,#6360,.F.);
#6360 = EDGE_CURVE('',#6361,#6353,#6363,.T.);
#6361 = VERTEX_POINT('',#6362);
#6362 = CARTESIAN_POINT('',(1.024898381695,1.190081213052,
    5.616082865423E-08));
#6363 = LINE('',#6364,#6365);
#6364 = CARTESIAN_POINT('',(-4.170101526558,1.190081213052,
    5.616082865423E-08));
#6365 = VECTOR('',#6366,1.);
#6366 = DIRECTION('',(-1.,0.,0.));
#6367 = ORIENTED_EDGE('',*,*,#6368,.F.);
#6368 = EDGE_CURVE('',#6369,#6361,#6371,.T.);
#6369 = VERTEX_POINT('',#6370);
#6370 = CARTESIAN_POINT('',(1.024898381695,0.690081221882,
    5.616082687787E-08));
#6371 = LINE('',#6372,#6373);
#6372 = CARTESIAN_POINT('',(1.024898381695,-8.52667538867,
    5.616079490345E-08));
#6373 = VECTOR('',#6374,1.);
#6374 = DIRECTION('',(0.,1.,3.491481338843E-15));
#6375 = ORIENTED_EDGE('',*,*,#6376,.F.);
#6376 = EDGE_CURVE('',#6377,#6369,#6379,.T.);
#6377 = VERTEX_POINT('',#6378);
#6378 = CARTESIAN_POINT('',(1.224898378163,0.690081221882,
    5.616082687787E-08));
#6379 = LINE('',#6380,#6381);
#6380 = CARTESIAN_POINT('',(-1.016002032004E-04,0.690081221882,
    5.616082687787E-08));
#6381 = VECTOR('',#6382,1.);
#6382 = DIRECTION('',(-1.,0.,0.));
#6383 = ORIENTED_EDGE('',*,*,#6384,.F.);
#6384 = EDGE_CURVE('',#6385,#6377,#6387,.T.);
#6385 = VERTEX_POINT('',#6386);
#6386 = CARTESIAN_POINT('',(1.224898378163,1.190081213052,
    5.616082865423E-08));
#6387 = LINE('',#6388,#6389);
#6388 = CARTESIAN_POINT('',(1.224898378163,-8.52667538867,
    5.616079490345E-08));
#6389 = VECTOR('',#6390,1.);
#6390 = DIRECTION('',(0.,-1.,-3.491481338843E-15));
#6391 = ORIENTED_EDGE('',*,*,#6392,.F.);
#6392 = EDGE_CURVE('',#6393,#6385,#6395,.T.);
#6393 = VERTEX_POINT('',#6394);
#6394 = CARTESIAN_POINT('',(1.524898372864,1.190081213052,
    5.616082865423E-08));
#6395 = LINE('',#6396,#6397);
#6396 = CARTESIAN_POINT('',(-4.170101526558,1.190081213052,
    5.616082865423E-08));
#6397 = VECTOR('',#6398,1.);
#6398 = DIRECTION('',(-1.,0.,0.));
#6399 = ORIENTED_EDGE('',*,*,#6400,.F.);
#6400 = EDGE_CURVE('',#6401,#6393,#6403,.T.);
#6401 = VERTEX_POINT('',#6402);
#6402 = CARTESIAN_POINT('',(1.524898372864,0.690081221882,
    5.616082687787E-08));
#6403 = LINE('',#6404,#6405);
#6404 = CARTESIAN_POINT('',(1.524898372864,-8.52667538867,
    5.616079490345E-08));
#6405 = VECTOR('',#6406,1.);
#6406 = DIRECTION('',(0.,1.,3.491481338843E-15));
#6407 = ORIENTED_EDGE('',*,*,#6408,.F.);
#6408 = EDGE_CURVE('',#6409,#6401,#6411,.T.);
#6409 = VERTEX_POINT('',#6410);
#6410 = CARTESIAN_POINT('',(1.724898369332,0.690081221882,
    5.616082687787E-08));
#6411 = LINE('',#6412,#6413);
#6412 = CARTESIAN_POINT('',(-1.016002032004E-04,0.690081221882,
    5.616082687787E-08));
#6413 = VECTOR('',#6414,1.);
#6414 = DIRECTION('',(-1.,0.,0.));
#6415 = ORIENTED_EDGE('',*,*,#6416,.F.);
#6416 = EDGE_CURVE('',#6417,#6409,#6419,.T.);
#6417 = VERTEX_POINT('',#6418);
#6418 = CARTESIAN_POINT('',(1.724898369332,1.190081213052,
    5.616082865423E-08));
#6419 = LINE('',#6420,#6421);
#6420 = CARTESIAN_POINT('',(1.724898369332,-8.52667538867,
    5.616079490345E-08));
#6421 = VECTOR('',#6422,1.);
#6422 = DIRECTION('',(0.,-1.,-3.491481338843E-15));
#6423 = ORIENTED_EDGE('',*,*,#6424,.F.);
#6424 = EDGE_CURVE('',#6425,#6417,#6427,.T.);
#6425 = VERTEX_POINT('',#6426);
#6426 = CARTESIAN_POINT('',(2.024898364034,1.190081213052,
    5.616082865423E-08));
#6427 = LINE('',#6428,#6429);
#6428 = CARTESIAN_POINT('',(-4.170101526558,1.190081213052,
    5.616082865423E-08));
#6429 = VECTOR('',#6430,1.);
#6430 = DIRECTION('',(-1.,0.,0.));
#6431 = ORIENTED_EDGE('',*,*,#6432,.F.);
#6432 = EDGE_CURVE('',#6433,#6425,#6435,.T.);
#6433 = VERTEX_POINT('',#6434);
#6434 = CARTESIAN_POINT('',(2.024898364034,0.690081221882,
    5.616082687787E-08));
#6435 = LINE('',#6436,#6437);
#6436 = CARTESIAN_POINT('',(2.024898364034,-8.52667538867,
    5.616079490345E-08));
#6437 = VECTOR('',#6438,1.);
#6438 = DIRECTION('',(0.,1.,3.491481338843E-15));
#6439 = ORIENTED_EDGE('',*,*,#6440,.F.);
#6440 = EDGE_CURVE('',#6441,#6433,#6443,.T.);
#6441 = VERTEX_POINT('',#6442);
#6442 = CARTESIAN_POINT('',(2.224898360502,0.690081221882,
    5.616082687787E-08));
#6443 = LINE('',#6444,#6445);
#6444 = CARTESIAN_POINT('',(-1.016002032004E-04,0.690081221882,
    5.616082687787E-08));
#6445 = VECTOR('',#6446,1.);
#6446 = DIRECTION('',(-1.,0.,0.));
#6447 = ORIENTED_EDGE('',*,*,#6448,.F.);
#6448 = EDGE_CURVE('',#6449,#6441,#6451,.T.);
#6449 = VERTEX_POINT('',#6450);
#6450 = CARTESIAN_POINT('',(2.224898360502,1.190081213052,
    5.616082865423E-08));
#6451 = LINE('',#6452,#6453);
#6452 = CARTESIAN_POINT('',(2.224898360502,-8.52667538867,
    5.616079490345E-08));
#6453 = VECTOR('',#6454,1.);
#6454 = DIRECTION('',(0.,-1.,-3.491481338843E-15));
#6455 = ORIENTED_EDGE('',*,*,#6456,.F.);
#6456 = EDGE_CURVE('',#6049,#6449,#6457,.T.);
#6457 = LINE('',#6458,#6459);
#6458 = CARTESIAN_POINT('',(-4.170101526558,1.190081213052,
    5.616082865423E-08));
#6459 = VECTOR('',#6460,1.);
#6460 = DIRECTION('',(-1.,0.,0.));
#6461 = PLANE('',#6462);
#6462 = AXIS2_PLACEMENT_3D('',#6463,#6464,#6465);
#6463 = CARTESIAN_POINT('',(-1.016002032004E-04,-8.52667538867,
    5.616079490345E-08));
#6464 = DIRECTION('',(0.,3.491481338843E-15,-1.));
#6465 = DIRECTION('',(0.,1.,3.491481338843E-15));
#6466 = ADVANCED_FACE('',(#6467),#6501,.F.);
#6467 = FACE_BOUND('',#6468,.T.);
#6468 = EDGE_LOOP('',(#6469,#6479,#6487,#6495));
#6469 = ORIENTED_EDGE('',*,*,#6470,.T.);
#6470 = EDGE_CURVE('',#6471,#6473,#6475,.T.);
#6471 = VERTEX_POINT('',#6472);
#6472 = CARTESIAN_POINT('',(3.499898337985,-3.84389329426,1.230000034438
    ));
#6473 = VERTEX_POINT('',#6474);
#6474 = CARTESIAN_POINT('',(3.499898337985,-0.709918753393,
    1.230000034438));
#6475 = LINE('',#6476,#6477);
#6476 = CARTESIAN_POINT('',(3.499898337985,-4.70991868275,1.230000034438
    ));
#6477 = VECTOR('',#6478,1.);
#6478 = DIRECTION('',(0.,1.,3.491481338843E-15));
#6479 = ORIENTED_EDGE('',*,*,#6480,.T.);
#6480 = EDGE_CURVE('',#6473,#6481,#6483,.T.);
#6481 = VERTEX_POINT('',#6482);
#6482 = CARTESIAN_POINT('',(3.499898337985,-0.709918753393,
    1.930000022076));
#6483 = LINE('',#6484,#6485);
#6484 = CARTESIAN_POINT('',(3.499898337985,-0.709918753393,
    1.230000034438));
#6485 = VECTOR('',#6486,1.);
#6486 = DIRECTION('',(0.,-3.491481338843E-15,1.));
#6487 = ORIENTED_EDGE('',*,*,#6488,.F.);
#6488 = EDGE_CURVE('',#6489,#6481,#6491,.T.);
#6489 = VERTEX_POINT('',#6490);
#6490 = CARTESIAN_POINT('',(3.499898337985,-3.84389329426,1.930000022076
    ));
#6491 = LINE('',#6492,#6493);
#6492 = CARTESIAN_POINT('',(3.499898337985,-4.70991868275,1.930000022076
    ));
#6493 = VECTOR('',#6494,1.);
#6494 = DIRECTION('',(0.,1.,3.491481338843E-15));
#6495 = ORIENTED_EDGE('',*,*,#6496,.T.);
#6496 = EDGE_CURVE('',#6489,#6471,#6497,.T.);
#6497 = LINE('',#6498,#6499);
#6498 = CARTESIAN_POINT('',(3.499898337985,-3.84389329426,1.230000034438
    ));
#6499 = VECTOR('',#6500,1.);
#6500 = DIRECTION('',(0.,3.491481338843E-15,-1.));
#6501 = PLANE('',#6502);
#6502 = AXIS2_PLACEMENT_3D('',#6503,#6504,#6505);
#6503 = CARTESIAN_POINT('',(3.499898337985,-4.70991868275,1.230000034438
    ));
#6504 = DIRECTION('',(-1.,0.,0.));
#6505 = DIRECTION('',(-0.,-1.,-3.491481338843E-15));
#6506 = ADVANCED_FACE('',(#6507),#6548,.F.);
#6507 = FACE_BOUND('',#6508,.T.);
#6508 = EDGE_LOOP('',(#6509,#6510,#6518,#6526,#6534,#6542));
#6509 = ORIENTED_EDGE('',*,*,#6488,.T.);
#6510 = ORIENTED_EDGE('',*,*,#6511,.T.);
#6511 = EDGE_CURVE('',#6481,#6512,#6514,.T.);
#6512 = VERTEX_POINT('',#6513);
#6513 = CARTESIAN_POINT('',(-3.500101538391,-0.709918753393,
    1.930000022076));
#6514 = LINE('',#6515,#6516);
#6515 = CARTESIAN_POINT('',(-3.500101538391,-0.709918753393,
    1.930000022076));
#6516 = VECTOR('',#6517,1.);
#6517 = DIRECTION('',(-1.,0.,0.));
#6518 = ORIENTED_EDGE('',*,*,#6519,.F.);
#6519 = EDGE_CURVE('',#6520,#6512,#6522,.T.);
#6520 = VERTEX_POINT('',#6521);
#6521 = CARTESIAN_POINT('',(-3.500101538391,-3.84389329426,
    1.930000022076));
#6522 = LINE('',#6523,#6524);
#6523 = CARTESIAN_POINT('',(-3.500101538391,-4.70991868275,
    1.930000022076));
#6524 = VECTOR('',#6525,1.);
#6525 = DIRECTION('',(0.,1.,3.491481338843E-15));
#6526 = ORIENTED_EDGE('',*,*,#6527,.T.);
#6527 = EDGE_CURVE('',#6520,#6528,#6530,.T.);
#6528 = VERTEX_POINT('',#6529);
#6529 = CARTESIAN_POINT('',(-3.08670408607,-4.559918685399,
    1.930000022076));
#6530 = LINE('',#6531,#6532);
#6531 = CARTESIAN_POINT('',(-3.000101547221,-4.70991868275,
    1.930000022076));
#6532 = VECTOR('',#6533,1.);
#6533 = DIRECTION('',(0.5,-0.866025403784,-3.023711536278E-15));
#6534 = ORIENTED_EDGE('',*,*,#6535,.T.);
#6535 = EDGE_CURVE('',#6528,#6536,#6538,.T.);
#6536 = VERTEX_POINT('',#6537);
#6537 = CARTESIAN_POINT('',(3.086500885664,-4.559918685399,
    1.930000022076));
#6538 = LINE('',#6539,#6540);
#6539 = CARTESIAN_POINT('',(-3.500101538391,-4.559918685399,
    1.930000022076));
#6540 = VECTOR('',#6541,1.);
#6541 = DIRECTION('',(1.,0.,0.));
#6542 = ORIENTED_EDGE('',*,*,#6543,.T.);
#6543 = EDGE_CURVE('',#6536,#6489,#6544,.T.);
#6544 = LINE('',#6545,#6546);
#6545 = CARTESIAN_POINT('',(2.999898346815,-4.70991868275,1.930000022076
    ));
#6546 = VECTOR('',#6547,1.);
#6547 = DIRECTION('',(0.5,0.866025403784,3.023711536278E-15));
#6548 = PLANE('',#6549);
#6549 = AXIS2_PLACEMENT_3D('',#6550,#6551,#6552);
#6550 = CARTESIAN_POINT('',(-3.500101538391,-4.70991868275,
    1.930000022076));
#6551 = DIRECTION('',(0.,3.491481338843E-15,-1.));
#6552 = DIRECTION('',(0.,1.,3.491481338843E-15));
#6553 = ADVANCED_FACE('',(#6554),#6579,.F.);
#6554 = FACE_BOUND('',#6555,.T.);
#6555 = EDGE_LOOP('',(#6556,#6557,#6565,#6573));
#6556 = ORIENTED_EDGE('',*,*,#6519,.T.);
#6557 = ORIENTED_EDGE('',*,*,#6558,.T.);
#6558 = EDGE_CURVE('',#6512,#6559,#6561,.T.);
#6559 = VERTEX_POINT('',#6560);
#6560 = CARTESIAN_POINT('',(-3.500101538391,-0.709918753393,
    1.230000034438));
#6561 = LINE('',#6562,#6563);
#6562 = CARTESIAN_POINT('',(-3.500101538391,-0.709918753393,
    1.230000034438));
#6563 = VECTOR('',#6564,1.);
#6564 = DIRECTION('',(0.,3.491481338843E-15,-1.));
#6565 = ORIENTED_EDGE('',*,*,#6566,.F.);
#6566 = EDGE_CURVE('',#6567,#6559,#6569,.T.);
#6567 = VERTEX_POINT('',#6568);
#6568 = CARTESIAN_POINT('',(-3.500101538391,-3.84389329426,
    1.230000034438));
#6569 = LINE('',#6570,#6571);
#6570 = CARTESIAN_POINT('',(-3.500101538391,-4.70991868275,
    1.230000034438));
#6571 = VECTOR('',#6572,1.);
#6572 = DIRECTION('',(0.,1.,3.491481338843E-15));
#6573 = ORIENTED_EDGE('',*,*,#6574,.T.);
#6574 = EDGE_CURVE('',#6567,#6520,#6575,.T.);
#6575 = LINE('',#6576,#6577);
#6576 = CARTESIAN_POINT('',(-3.500101538391,-3.84389329426,
    1.230000034438));
#6577 = VECTOR('',#6578,1.);
#6578 = DIRECTION('',(0.,-3.491481338843E-15,1.));
#6579 = PLANE('',#6580);
#6580 = AXIS2_PLACEMENT_3D('',#6581,#6582,#6583);
#6581 = CARTESIAN_POINT('',(-3.500101538391,-4.70991868275,
    1.230000034438));
#6582 = DIRECTION('',(1.,0.,0.));
#6583 = DIRECTION('',(-0.,1.,3.491481338843E-15));
#6584 = ADVANCED_FACE('',(#6585),#6617,.F.);
#6585 = FACE_BOUND('',#6586,.T.);
#6586 = EDGE_LOOP('',(#6587,#6588,#6594,#6595,#6603,#6611));
#6587 = ORIENTED_EDGE('',*,*,#6566,.T.);
#6588 = ORIENTED_EDGE('',*,*,#6589,.T.);
#6589 = EDGE_CURVE('',#6559,#6473,#6590,.T.);
#6590 = LINE('',#6591,#6592);
#6591 = CARTESIAN_POINT('',(-3.500101538391,-0.709918753393,
    1.230000034438));
#6592 = VECTOR('',#6593,1.);
#6593 = DIRECTION('',(1.,0.,0.));
#6594 = ORIENTED_EDGE('',*,*,#6470,.F.);
#6595 = ORIENTED_EDGE('',*,*,#6596,.T.);
#6596 = EDGE_CURVE('',#6471,#6597,#6599,.T.);
#6597 = VERTEX_POINT('',#6598);
#6598 = CARTESIAN_POINT('',(3.086500885664,-4.559918685399,
    1.230000034438));
#6599 = LINE('',#6600,#6601);
#6600 = CARTESIAN_POINT('',(2.999898346815,-4.70991868275,1.230000034438
    ));
#6601 = VECTOR('',#6602,1.);
#6602 = DIRECTION('',(-0.5,-0.866025403784,-3.023711536278E-15));
#6603 = ORIENTED_EDGE('',*,*,#6604,.T.);
#6604 = EDGE_CURVE('',#6597,#6605,#6607,.T.);
#6605 = VERTEX_POINT('',#6606);
#6606 = CARTESIAN_POINT('',(-3.08670408607,-4.559918685399,
    1.230000034438));
#6607 = LINE('',#6608,#6609);
#6608 = CARTESIAN_POINT('',(-3.500101538391,-4.559918685399,
    1.230000034438));
#6609 = VECTOR('',#6610,1.);
#6610 = DIRECTION('',(-1.,0.,0.));
#6611 = ORIENTED_EDGE('',*,*,#6612,.T.);
#6612 = EDGE_CURVE('',#6605,#6567,#6613,.T.);
#6613 = LINE('',#6614,#6615);
#6614 = CARTESIAN_POINT('',(-3.000101547221,-4.70991868275,
    1.230000034438));
#6615 = VECTOR('',#6616,1.);
#6616 = DIRECTION('',(-0.5,0.866025403784,3.023711536278E-15));
#6617 = PLANE('',#6618);
#6618 = AXIS2_PLACEMENT_3D('',#6619,#6620,#6621);
#6619 = CARTESIAN_POINT('',(-3.500101538391,-4.70991868275,
    1.230000034438));
#6620 = DIRECTION('',(0.,-3.491481338843E-15,1.));
#6621 = DIRECTION('',(0.,-1.,-3.491481338843E-15));
#6622 = ADVANCED_FACE('',(#6623),#6657,.F.);
#6623 = FACE_BOUND('',#6624,.T.);
#6624 = EDGE_LOOP('',(#6625,#6635,#6643,#6651));
#6625 = ORIENTED_EDGE('',*,*,#6626,.T.);
#6626 = EDGE_CURVE('',#6627,#6629,#6631,.T.);
#6627 = VERTEX_POINT('',#6628);
#6628 = CARTESIAN_POINT('',(-3.000101547221,-4.70991868275,
    1.780000024725));
#6629 = VERTEX_POINT('',#6630);
#6630 = CARTESIAN_POINT('',(-3.000101547221,-4.70991868275,
    1.380000031789));
#6631 = LINE('',#6632,#6633);
#6632 = CARTESIAN_POINT('',(-3.000101547221,-4.70991868275,
    1.580000028257));
#6633 = VECTOR('',#6634,1.);
#6634 = DIRECTION('',(0.,3.491481338843E-15,-1.));
#6635 = ORIENTED_EDGE('',*,*,#6636,.T.);
#6636 = EDGE_CURVE('',#6629,#6637,#6639,.T.);
#6637 = VERTEX_POINT('',#6638);
#6638 = CARTESIAN_POINT('',(2.999898346815,-4.70991868275,1.380000031789
    ));
#6639 = LINE('',#6640,#6641);
#6640 = CARTESIAN_POINT('',(-1.016002032004E-04,-4.70991868275,
    1.380000031789));
#6641 = VECTOR('',#6642,1.);
#6642 = DIRECTION('',(1.,0.,0.));
#6643 = ORIENTED_EDGE('',*,*,#6644,.T.);
#6644 = EDGE_CURVE('',#6637,#6645,#6647,.T.);
#6645 = VERTEX_POINT('',#6646);
#6646 = CARTESIAN_POINT('',(2.999898346815,-4.70991868275,1.780000024725
    ));
#6647 = LINE('',#6648,#6649);
#6648 = CARTESIAN_POINT('',(2.999898346815,-4.70991868275,1.580000028257
    ));
#6649 = VECTOR('',#6650,1.);
#6650 = DIRECTION('',(0.,-3.491481338843E-15,1.));
#6651 = ORIENTED_EDGE('',*,*,#6652,.T.);
#6652 = EDGE_CURVE('',#6645,#6627,#6653,.T.);
#6653 = LINE('',#6654,#6655);
#6654 = CARTESIAN_POINT('',(-1.016002032004E-04,-4.70991868275,
    1.780000024725));
#6655 = VECTOR('',#6656,1.);
#6656 = DIRECTION('',(-1.,0.,0.));
#6657 = PLANE('',#6658);
#6658 = AXIS2_PLACEMENT_3D('',#6659,#6660,#6661);
#6659 = CARTESIAN_POINT('',(-1.016002032004E-04,-4.70991868275,
    1.580000028257));
#6660 = DIRECTION('',(0.,1.,3.491481338843E-15));
#6661 = DIRECTION('',(-1.,0.,0.));
#6662 = ADVANCED_FACE('',(#6663),#6681,.F.);
#6663 = FACE_BOUND('',#6664,.T.);
#6664 = EDGE_LOOP('',(#6665,#6666,#6672,#6673,#6679,#6680));
#6665 = ORIENTED_EDGE('',*,*,#6612,.F.);
#6666 = ORIENTED_EDGE('',*,*,#6667,.T.);
#6667 = EDGE_CURVE('',#6605,#6629,#6668,.T.);
#6668 = LINE('',#6669,#6670);
#6669 = CARTESIAN_POINT('',(-2.950614382165,-4.795632966951,
    1.46571431599));
#6670 = VECTOR('',#6671,1.);
#6671 = DIRECTION('',(0.377964473009,-0.654653670708,0.654653670708));
#6672 = ORIENTED_EDGE('',*,*,#6626,.F.);
#6673 = ORIENTED_EDGE('',*,*,#6674,.T.);
#6674 = EDGE_CURVE('',#6627,#6528,#6675,.T.);
#6675 = LINE('',#6676,#6677);
#6676 = CARTESIAN_POINT('',(-2.950614382165,-4.795632966951,
    1.694285740524));
#6677 = VECTOR('',#6678,1.);
#6678 = DIRECTION('',(-0.377964473009,0.654653670708,0.654653670708));
#6679 = ORIENTED_EDGE('',*,*,#6527,.F.);
#6680 = ORIENTED_EDGE('',*,*,#6574,.F.);
#6681 = PLANE('',#6682);
#6682 = AXIS2_PLACEMENT_3D('',#6683,#6684,#6685);
#6683 = CARTESIAN_POINT('',(-3.000101547221,-4.70991868275,
    1.580000028257));
#6684 = DIRECTION('',(0.866025403784,0.5,1.745740669423E-15));
#6685 = DIRECTION('',(4.3288742174E-28,3.491481338843E-15,-1.));
#6686 = ADVANCED_FACE('',(#6687),#6705,.F.);
#6687 = FACE_BOUND('',#6688,.T.);
#6688 = EDGE_LOOP('',(#6689,#6690,#6696,#6697,#6698,#6699));
#6689 = ORIENTED_EDGE('',*,*,#6644,.F.);
#6690 = ORIENTED_EDGE('',*,*,#6691,.T.);
#6691 = EDGE_CURVE('',#6637,#6597,#6692,.T.);
#6692 = LINE('',#6693,#6694);
#6693 = CARTESIAN_POINT('',(2.950411181758,-4.795632966951,1.46571431599
    ));
#6694 = VECTOR('',#6695,1.);
#6695 = DIRECTION('',(0.377964473009,0.654653670708,-0.654653670708));
#6696 = ORIENTED_EDGE('',*,*,#6596,.F.);
#6697 = ORIENTED_EDGE('',*,*,#6496,.F.);
#6698 = ORIENTED_EDGE('',*,*,#6543,.F.);
#6699 = ORIENTED_EDGE('',*,*,#6700,.T.);
#6700 = EDGE_CURVE('',#6536,#6645,#6701,.T.);
#6701 = LINE('',#6702,#6703);
#6702 = CARTESIAN_POINT('',(2.950411181758,-4.795632966951,
    1.694285740524));
#6703 = VECTOR('',#6704,1.);
#6704 = DIRECTION('',(-0.377964473009,-0.654653670708,-0.654653670708));
#6705 = PLANE('',#6706);
#6706 = AXIS2_PLACEMENT_3D('',#6707,#6708,#6709);
#6707 = CARTESIAN_POINT('',(2.999898346815,-4.70991868275,1.580000028257
    ));
#6708 = DIRECTION('',(-0.866025403784,0.5,1.745740669423E-15));
#6709 = DIRECTION('',(4.3288742174E-28,-3.491481338843E-15,1.));
#6710 = ADVANCED_FACE('',(#6711),#6717,.F.);
#6711 = FACE_BOUND('',#6712,.T.);
#6712 = EDGE_LOOP('',(#6713,#6714,#6715,#6716));
#6713 = ORIENTED_EDGE('',*,*,#6667,.F.);
#6714 = ORIENTED_EDGE('',*,*,#6604,.F.);
#6715 = ORIENTED_EDGE('',*,*,#6691,.F.);
#6716 = ORIENTED_EDGE('',*,*,#6636,.F.);
#6717 = PLANE('',#6718);
#6718 = AXIS2_PLACEMENT_3D('',#6719,#6720,#6721);
#6719 = CARTESIAN_POINT('',(-1.016002032004E-04,-4.70991868275,
    1.380000031789));
#6720 = DIRECTION('',(0.,0.707106781187,0.707106781187));
#6721 = DIRECTION('',(1.,0.,-0.));
#6722 = ADVANCED_FACE('',(#6723),#6729,.F.);
#6723 = FACE_BOUND('',#6724,.T.);
#6724 = EDGE_LOOP('',(#6725,#6726,#6727,#6728));
#6725 = ORIENTED_EDGE('',*,*,#6700,.F.);
#6726 = ORIENTED_EDGE('',*,*,#6535,.F.);
#6727 = ORIENTED_EDGE('',*,*,#6674,.F.);
#6728 = ORIENTED_EDGE('',*,*,#6652,.F.);
#6729 = PLANE('',#6730);
#6730 = AXIS2_PLACEMENT_3D('',#6731,#6732,#6733);
#6731 = CARTESIAN_POINT('',(-1.016002032004E-04,-4.70991868275,
    1.780000024725));
#6732 = DIRECTION('',(0.,0.707106781187,-0.707106781187));
#6733 = DIRECTION('',(-1.,0.,0.));
#6734 = ADVANCED_FACE('',(#6735,#6805),#6811,.T.);
#6735 = FACE_BOUND('',#6736,.T.);
#6736 = EDGE_LOOP('',(#6737,#6747,#6756,#6764,#6773,#6781,#6790,#6798));
#6737 = ORIENTED_EDGE('',*,*,#6738,.T.);
#6738 = EDGE_CURVE('',#6739,#6741,#6743,.T.);
#6739 = VERTEX_POINT('',#6740);
#6740 = CARTESIAN_POINT('',(-3.220101543336,-0.709918753393,
    0.400000049097));
#6741 = VERTEX_POINT('',#6742);
#6742 = CARTESIAN_POINT('',(3.21989834293,-0.709918753393,0.400000049097
    ));
#6743 = LINE('',#6744,#6745);
#6744 = CARTESIAN_POINT('',(3.21989834293,-0.709918753393,0.400000049097
    ));
#6745 = VECTOR('',#6746,1.);
#6746 = DIRECTION('',(1.,0.,0.));
#6747 = ORIENTED_EDGE('',*,*,#6748,.T.);
#6748 = EDGE_CURVE('',#6741,#6749,#6751,.T.);
#6749 = VERTEX_POINT('',#6750);
#6750 = CARTESIAN_POINT('',(4.069898327918,-0.709918753393,
    1.250000034085));
#6751 = CIRCLE('',#6752,0.849999984988);
#6752 = AXIS2_PLACEMENT_3D('',#6753,#6754,#6755);
#6753 = CARTESIAN_POINT('',(3.21989834293,-0.709918753393,1.250000034085
    ));
#6754 = DIRECTION('',(0.,-1.,-3.491481338843E-15));
#6755 = DIRECTION('',(1.,0.,0.));
#6756 = ORIENTED_EDGE('',*,*,#6757,.T.);
#6757 = EDGE_CURVE('',#6749,#6758,#6760,.T.);
#6758 = VERTEX_POINT('',#6759);
#6759 = CARTESIAN_POINT('',(4.069898327918,-0.709918753393,
    1.910000022429));
#6760 = LINE('',#6761,#6762);
#6761 = CARTESIAN_POINT('',(4.069898327918,-0.709918753393,
    1.910000022429));
#6762 = VECTOR('',#6763,1.);
#6763 = DIRECTION('',(0.,-3.491481338843E-15,1.));
#6764 = ORIENTED_EDGE('',*,*,#6765,.T.);
#6765 = EDGE_CURVE('',#6758,#6766,#6768,.T.);
#6766 = VERTEX_POINT('',#6767);
#6767 = CARTESIAN_POINT('',(3.21989834293,-0.709918753393,2.760000007417
    ));
#6768 = CIRCLE('',#6769,0.849999984988);
#6769 = AXIS2_PLACEMENT_3D('',#6770,#6771,#6772);
#6770 = CARTESIAN_POINT('',(3.21989834293,-0.709918753393,1.910000022429
    ));
#6771 = DIRECTION('',(0.,-1.,-3.491481338843E-15));
#6772 = DIRECTION('',(1.,0.,0.));
#6773 = ORIENTED_EDGE('',*,*,#6774,.T.);
#6774 = EDGE_CURVE('',#6766,#6775,#6777,.T.);
#6775 = VERTEX_POINT('',#6776);
#6776 = CARTESIAN_POINT('',(-3.220101543336,-0.709918753393,
    2.760000007417));
#6777 = LINE('',#6778,#6779);
#6778 = CARTESIAN_POINT('',(-3.220101543336,-0.709918753393,
    2.760000007417));
#6779 = VECTOR('',#6780,1.);
#6780 = DIRECTION('',(-1.,0.,0.));
#6781 = ORIENTED_EDGE('',*,*,#6782,.T.);
#6782 = EDGE_CURVE('',#6775,#6783,#6785,.T.);
#6783 = VERTEX_POINT('',#6784);
#6784 = CARTESIAN_POINT('',(-4.070101528324,-0.709918753393,
    1.910000022429));
#6785 = CIRCLE('',#6786,0.849999984988);
#6786 = AXIS2_PLACEMENT_3D('',#6787,#6788,#6789);
#6787 = CARTESIAN_POINT('',(-3.220101543336,-0.709918753393,
    1.910000022429));
#6788 = DIRECTION('',(0.,-1.,-3.491481338843E-15));
#6789 = DIRECTION('',(1.,0.,0.));
#6790 = ORIENTED_EDGE('',*,*,#6791,.T.);
#6791 = EDGE_CURVE('',#6783,#6792,#6794,.T.);
#6792 = VERTEX_POINT('',#6793);
#6793 = CARTESIAN_POINT('',(-4.070101528324,-0.709918753393,
    1.250000034085));
#6794 = LINE('',#6795,#6796);
#6795 = CARTESIAN_POINT('',(-4.070101528324,-0.709918753393,
    1.250000034085));
#6796 = VECTOR('',#6797,1.);
#6797 = DIRECTION('',(0.,3.491481338843E-15,-1.));
#6798 = ORIENTED_EDGE('',*,*,#6799,.T.);
#6799 = EDGE_CURVE('',#6792,#6739,#6800,.T.);
#6800 = CIRCLE('',#6801,0.849999984988);
#6801 = AXIS2_PLACEMENT_3D('',#6802,#6803,#6804);
#6802 = CARTESIAN_POINT('',(-3.220101543336,-0.709918753393,
    1.250000034085));
#6803 = DIRECTION('',(0.,-1.,-3.491481338843E-15));
#6804 = DIRECTION('',(1.,0.,0.));
#6805 = FACE_BOUND('',#6806,.T.);
#6806 = EDGE_LOOP('',(#6807,#6808,#6809,#6810));
#6807 = ORIENTED_EDGE('',*,*,#6480,.F.);
#6808 = ORIENTED_EDGE('',*,*,#6589,.F.);
#6809 = ORIENTED_EDGE('',*,*,#6558,.F.);
#6810 = ORIENTED_EDGE('',*,*,#6511,.F.);
#6811 = PLANE('',#6812);
#6812 = AXIS2_PLACEMENT_3D('',#6813,#6814,#6815);
#6813 = CARTESIAN_POINT('',(3.21989834293,-0.709918753393,1.910000022429
    ));
#6814 = DIRECTION('',(0.,-1.,-3.491481338843E-15));
#6815 = DIRECTION('',(1.,0.,0.));
#6816 = ADVANCED_FACE('',(#6817),#6853,.T.);
#6817 = FACE_BOUND('',#6818,.T.);
#6818 = EDGE_LOOP('',(#6819,#6829,#6838,#6846));
#6819 = ORIENTED_EDGE('',*,*,#6820,.F.);
#6820 = EDGE_CURVE('',#6821,#6823,#6825,.T.);
#6821 = VERTEX_POINT('',#6822);
#6822 = CARTESIAN_POINT('',(-3.220101543336,-0.609918755159,
    0.300000050863));
#6823 = VERTEX_POINT('',#6824);
#6824 = CARTESIAN_POINT('',(-3.220101543336,0.290081228947,
    0.300000050863));
#6825 = LINE('',#6826,#6827);
#6826 = CARTESIAN_POINT('',(-3.220101543336,-0.709918753393,
    0.300000050863));
#6827 = VECTOR('',#6828,1.);
#6828 = DIRECTION('',(0.,1.,3.491481338843E-15));
#6829 = ORIENTED_EDGE('',*,*,#6830,.T.);
#6830 = EDGE_CURVE('',#6821,#6831,#6833,.T.);
#6831 = VERTEX_POINT('',#6832);
#6832 = CARTESIAN_POINT('',(-4.170101526558,-0.609918755159,
    1.250000034085));
#6833 = CIRCLE('',#6834,0.949999983222);
#6834 = AXIS2_PLACEMENT_3D('',#6835,#6836,#6837);
#6835 = CARTESIAN_POINT('',(-3.220101543336,-0.609918755159,
    1.250000034085));
#6836 = DIRECTION('',(-0.,1.,3.491481338843E-15));
#6837 = DIRECTION('',(1.,0.,0.));
#6838 = ORIENTED_EDGE('',*,*,#6839,.T.);
#6839 = EDGE_CURVE('',#6831,#6840,#6842,.T.);
#6840 = VERTEX_POINT('',#6841);
#6841 = CARTESIAN_POINT('',(-4.170101526558,0.290081228947,
    1.250000034085));
#6842 = LINE('',#6843,#6844);
#6843 = CARTESIAN_POINT('',(-4.170101526558,-0.709918753393,
    1.250000034085));
#6844 = VECTOR('',#6845,1.);
#6845 = DIRECTION('',(0.,1.,3.491481338843E-15));
#6846 = ORIENTED_EDGE('',*,*,#6847,.T.);
#6847 = EDGE_CURVE('',#6840,#6823,#6848,.T.);
#6848 = CIRCLE('',#6849,0.949999983222);
#6849 = AXIS2_PLACEMENT_3D('',#6850,#6851,#6852);
#6850 = CARTESIAN_POINT('',(-3.220101543336,0.290081228947,
    1.250000034085));
#6851 = DIRECTION('',(0.,-1.,-3.491481338843E-15));
#6852 = DIRECTION('',(1.,0.,0.));
#6853 = CYLINDRICAL_SURFACE('',#6854,0.949999983222);
#6854 = AXIS2_PLACEMENT_3D('',#6855,#6856,#6857);
#6855 = CARTESIAN_POINT('',(-3.220101543336,-0.709918753393,
    1.250000034085));
#6856 = DIRECTION('',(0.,1.,3.491481338843E-15));
#6857 = DIRECTION('',(-1.,0.,0.));
#6858 = ADVANCED_FACE('',(#6859),#6884,.F.);
#6859 = FACE_BOUND('',#6860,.T.);
#6860 = EDGE_LOOP('',(#6861,#6871,#6877,#6878));
#6861 = ORIENTED_EDGE('',*,*,#6862,.F.);
#6862 = EDGE_CURVE('',#6863,#6865,#6867,.T.);
#6863 = VERTEX_POINT('',#6864);
#6864 = CARTESIAN_POINT('',(3.21989834293,-0.609918755159,0.300000050863
    ));
#6865 = VERTEX_POINT('',#6866);
#6866 = CARTESIAN_POINT('',(3.21989834293,0.290081228947,0.300000050863)
  );
#6867 = LINE('',#6868,#6869);
#6868 = CARTESIAN_POINT('',(3.21989834293,-0.709918753393,0.300000050863
    ));
#6869 = VECTOR('',#6870,1.);
#6870 = DIRECTION('',(0.,1.,3.491481338843E-15));
#6871 = ORIENTED_EDGE('',*,*,#6872,.T.);
#6872 = EDGE_CURVE('',#6863,#6821,#6873,.T.);
#6873 = LINE('',#6874,#6875);
#6874 = CARTESIAN_POINT('',(-3.220101543336,-0.609918755159,
    0.300000050863));
#6875 = VECTOR('',#6876,1.);
#6876 = DIRECTION('',(-1.,0.,0.));
#6877 = ORIENTED_EDGE('',*,*,#6820,.T.);
#6878 = ORIENTED_EDGE('',*,*,#6879,.T.);
#6879 = EDGE_CURVE('',#6823,#6865,#6880,.T.);
#6880 = LINE('',#6881,#6882);
#6881 = CARTESIAN_POINT('',(-3.220101543336,0.290081228947,
    0.300000050863));
#6882 = VECTOR('',#6883,1.);
#6883 = DIRECTION('',(1.,0.,0.));
#6884 = PLANE('',#6885);
#6885 = AXIS2_PLACEMENT_3D('',#6886,#6887,#6888);
#6886 = CARTESIAN_POINT('',(-3.220101543336,-0.709918753393,
    0.300000050863));
#6887 = DIRECTION('',(0.,-3.491481338843E-15,1.));
#6888 = DIRECTION('',(0.,-1.,-3.491481338843E-15));
#6889 = ADVANCED_FACE('',(#6890),#6917,.T.);
#6890 = FACE_BOUND('',#6891,.T.);
#6891 = EDGE_LOOP('',(#6892,#6902,#6909,#6910));
#6892 = ORIENTED_EDGE('',*,*,#6893,.F.);
#6893 = EDGE_CURVE('',#6894,#6896,#6898,.T.);
#6894 = VERTEX_POINT('',#6895);
#6895 = CARTESIAN_POINT('',(4.169898326152,-0.609918755159,
    1.250000034085));
#6896 = VERTEX_POINT('',#6897);
#6897 = CARTESIAN_POINT('',(4.169898326152,0.290081228947,1.250000034085
    ));
#6898 = LINE('',#6899,#6900);
#6899 = CARTESIAN_POINT('',(4.169898326152,-0.709918753393,
    1.250000034085));
#6900 = VECTOR('',#6901,1.);
#6901 = DIRECTION('',(0.,1.,3.491481338843E-15));
#6902 = ORIENTED_EDGE('',*,*,#6903,.T.);
#6903 = EDGE_CURVE('',#6894,#6863,#6904,.T.);
#6904 = CIRCLE('',#6905,0.949999983222);
#6905 = AXIS2_PLACEMENT_3D('',#6906,#6907,#6908);
#6906 = CARTESIAN_POINT('',(3.21989834293,-0.609918755159,1.250000034085
    ));
#6907 = DIRECTION('',(-0.,1.,3.491481338843E-15));
#6908 = DIRECTION('',(1.,0.,0.));
#6909 = ORIENTED_EDGE('',*,*,#6862,.T.);
#6910 = ORIENTED_EDGE('',*,*,#6911,.T.);
#6911 = EDGE_CURVE('',#6865,#6896,#6912,.T.);
#6912 = CIRCLE('',#6913,0.949999983222);
#6913 = AXIS2_PLACEMENT_3D('',#6914,#6915,#6916);
#6914 = CARTESIAN_POINT('',(3.21989834293,0.290081228947,1.250000034085)
  );
#6915 = DIRECTION('',(0.,-1.,-3.491481338843E-15));
#6916 = DIRECTION('',(1.,0.,0.));
#6917 = CYLINDRICAL_SURFACE('',#6918,0.949999983222);
#6918 = AXIS2_PLACEMENT_3D('',#6919,#6920,#6921);
#6919 = CARTESIAN_POINT('',(3.21989834293,-0.709918753393,1.250000034085
    ));
#6920 = DIRECTION('',(0.,1.,3.491481338843E-15));
#6921 = DIRECTION('',(-1.,0.,0.));
#6922 = ADVANCED_FACE('',(#6923),#6982,.T.);
#6923 = FACE_BOUND('',#6924,.T.);
#6924 = EDGE_LOOP('',(#6925,#6935,#6944,#6952,#6960,#6968,#6976));
#6925 = ORIENTED_EDGE('',*,*,#6926,.T.);
#6926 = EDGE_CURVE('',#6927,#6929,#6931,.T.);
#6927 = VERTEX_POINT('',#6928);
#6928 = CARTESIAN_POINT('',(3.21989834293,2.590081188327,
    5.616083376125E-08));
#6929 = VERTEX_POINT('',#6930);
#6930 = CARTESIAN_POINT('',(3.21989834293,2.590081188327,2.860000005651)
  );
#6931 = LINE('',#6932,#6933);
#6932 = CARTESIAN_POINT('',(3.21989834293,2.590081188327,-0.599999933243
    ));
#6933 = VECTOR('',#6934,1.);
#6934 = DIRECTION('',(0.,-3.491481338843E-15,1.));
#6935 = ORIENTED_EDGE('',*,*,#6936,.F.);
#6936 = EDGE_CURVE('',#6937,#6929,#6939,.T.);
#6937 = VERTEX_POINT('',#6938);
#6938 = CARTESIAN_POINT('',(3.802993522116,2.590081188327,2.660000009184
    ));
#6939 = CIRCLE('',#6940,0.949999983222);
#6940 = AXIS2_PLACEMENT_3D('',#6941,#6942,#6943);
#6941 = CARTESIAN_POINT('',(3.21989834293,2.590081188327,1.910000022429)
  );
#6942 = DIRECTION('',(-0.,-1.,-3.491481338843E-15));
#6943 = DIRECTION('',(-1.,0.,0.));
#6944 = ORIENTED_EDGE('',*,*,#6945,.T.);
#6945 = EDGE_CURVE('',#6937,#6946,#6948,.T.);
#6946 = VERTEX_POINT('',#6947);
#6947 = CARTESIAN_POINT('',(4.469898320854,2.590081188327,2.660000009184
    ));
#6948 = LINE('',#6949,#6950);
#6949 = CARTESIAN_POINT('',(-5.75072634613,2.590081188327,2.660000009184
    ));
#6950 = VECTOR('',#6951,1.);
#6951 = DIRECTION('',(1.,0.,0.));
#6952 = ORIENTED_EDGE('',*,*,#6953,.F.);
#6953 = EDGE_CURVE('',#6954,#6946,#6956,.T.);
#6954 = VERTEX_POINT('',#6955);
#6955 = CARTESIAN_POINT('',(4.469898320854,2.590081188327,1.660000026844
    ));
#6956 = LINE('',#6957,#6958);
#6957 = CARTESIAN_POINT('',(4.469898320854,2.590081188327,1.660000026844
    ));
#6958 = VECTOR('',#6959,1.);
#6959 = DIRECTION('',(0.,-3.491481338843E-15,1.));
#6960 = ORIENTED_EDGE('',*,*,#6961,.F.);
#6961 = EDGE_CURVE('',#6962,#6954,#6964,.T.);
#6962 = VERTEX_POINT('',#6963);
#6963 = CARTESIAN_POINT('',(4.169898326152,2.590081188327,1.660000026844
    ));
#6964 = LINE('',#6965,#6966);
#6965 = CARTESIAN_POINT('',(-5.75072634613,2.590081188327,1.660000026844
    ));
#6966 = VECTOR('',#6967,1.);
#6967 = DIRECTION('',(1.,0.,0.));
#6968 = ORIENTED_EDGE('',*,*,#6969,.F.);
#6969 = EDGE_CURVE('',#6970,#6962,#6972,.T.);
#6970 = VERTEX_POINT('',#6971);
#6971 = CARTESIAN_POINT('',(4.169898326152,2.590081188327,
    5.616083376125E-08));
#6972 = LINE('',#6973,#6974);
#6973 = CARTESIAN_POINT('',(4.169898326152,2.590081188327,1.580000028257
    ));
#6974 = VECTOR('',#6975,1.);
#6975 = DIRECTION('',(0.,-3.491481338843E-15,1.));
#6976 = ORIENTED_EDGE('',*,*,#6977,.T.);
#6977 = EDGE_CURVE('',#6970,#6927,#6978,.T.);
#6978 = LINE('',#6979,#6980);
#6979 = CARTESIAN_POINT('',(-1.016002032004E-04,2.590081188327,
    5.616083376125E-08));
#6980 = VECTOR('',#6981,1.);
#6981 = DIRECTION('',(-1.,0.,0.));
#6982 = PLANE('',#6983);
#6983 = AXIS2_PLACEMENT_3D('',#6984,#6985,#6986);
#6984 = CARTESIAN_POINT('',(-1.016002032004E-04,2.590081188327,
    1.580000028257));
#6985 = DIRECTION('',(0.,1.,3.491481338843E-15));
#6986 = DIRECTION('',(-1.,0.,0.));
#6987 = ADVANCED_FACE('',(#6988),#7420,.T.);
#6988 = FACE_BOUND('',#6989,.T.);
#6989 = EDGE_LOOP('',(#6990,#7000,#7008,#7016,#7024,#7032,#7040,#7048,
    #7056,#7064,#7072,#7080,#7088,#7096,#7104,#7112,#7120,#7128,#7136,
    #7144,#7152,#7160,#7168,#7176,#7184,#7192,#7200,#7208,#7216,#7224,
    #7232,#7240,#7248,#7256,#7264,#7272,#7280,#7288,#7296,#7304,#7312,
    #7320,#7328,#7336,#7344,#7352,#7360,#7368,#7376,#7382,#7383,#7391,
    #7399,#7405,#7406,#7414));
#6990 = ORIENTED_EDGE('',*,*,#6991,.F.);
#6991 = EDGE_CURVE('',#6992,#6994,#6996,.T.);
#6992 = VERTEX_POINT('',#6993);
#6993 = CARTESIAN_POINT('',(-2.725101552078,1.990081198924,
    5.616083154081E-08));
#6994 = VERTEX_POINT('',#6995);
#6995 = CARTESIAN_POINT('',(-2.725101552078,2.390081191859,
    5.616083287308E-08));
#6996 = LINE('',#6997,#6998);
#6997 = CARTESIAN_POINT('',(-2.725101552078,-8.52667538867,
    5.616079490345E-08));
#6998 = VECTOR('',#6999,1.);
#6999 = DIRECTION('',(-5.421010862428E-16,1.,3.491481338843E-15));
#7000 = ORIENTED_EDGE('',*,*,#7001,.F.);
#7001 = EDGE_CURVE('',#7002,#6992,#7004,.T.);
#7002 = VERTEX_POINT('',#7003);
#7003 = CARTESIAN_POINT('',(-2.52510155561,1.990081198924,
    5.616083154081E-08));
#7004 = LINE('',#7005,#7006);
#7005 = CARTESIAN_POINT('',(-1.016002032004E-04,1.990081198924,
    5.616083154081E-08));
#7006 = VECTOR('',#7007,1.);
#7007 = DIRECTION('',(-1.,0.,0.));
#7008 = ORIENTED_EDGE('',*,*,#7009,.F.);
#7009 = EDGE_CURVE('',#7010,#7002,#7012,.T.);
#7010 = VERTEX_POINT('',#7011);
#7011 = CARTESIAN_POINT('',(-2.52510155561,2.390081191859,
    5.616083287308E-08));
#7012 = LINE('',#7013,#7014);
#7013 = CARTESIAN_POINT('',(-2.52510155561,-8.52667538867,
    5.616079490345E-08));
#7014 = VECTOR('',#7015,1.);
#7015 = DIRECTION('',(-5.421010862428E-16,-1.,-3.491481338843E-15));
#7016 = ORIENTED_EDGE('',*,*,#7017,.F.);
#7017 = EDGE_CURVE('',#7018,#7010,#7020,.T.);
#7018 = VERTEX_POINT('',#7019);
#7019 = CARTESIAN_POINT('',(-2.225101560908,2.390081191859,
    5.616083287308E-08));
#7020 = LINE('',#7021,#7022);
#7021 = CARTESIAN_POINT('',(-1.016002032004E-04,2.390081191859,
    5.616083287308E-08));
#7022 = VECTOR('',#7023,1.);
#7023 = DIRECTION('',(-1.,0.,0.));
#7024 = ORIENTED_EDGE('',*,*,#7025,.F.);
#7025 = EDGE_CURVE('',#7026,#7018,#7028,.T.);
#7026 = VERTEX_POINT('',#7027);
#7027 = CARTESIAN_POINT('',(-2.225101560908,1.990081198924,
    5.616083154081E-08));
#7028 = LINE('',#7029,#7030);
#7029 = CARTESIAN_POINT('',(-2.225101560908,-8.52667538867,
    5.616079490345E-08));
#7030 = VECTOR('',#7031,1.);
#7031 = DIRECTION('',(-5.421010862428E-16,1.,3.491481338843E-15));
#7032 = ORIENTED_EDGE('',*,*,#7033,.F.);
#7033 = EDGE_CURVE('',#7034,#7026,#7036,.T.);
#7034 = VERTEX_POINT('',#7035);
#7035 = CARTESIAN_POINT('',(-2.02510156444,1.990081198924,
    5.616083154081E-08));
#7036 = LINE('',#7037,#7038);
#7037 = CARTESIAN_POINT('',(-1.016002032004E-04,1.990081198924,
    5.616083154081E-08));
#7038 = VECTOR('',#7039,1.);
#7039 = DIRECTION('',(-1.,0.,0.));
#7040 = ORIENTED_EDGE('',*,*,#7041,.F.);
#7041 = EDGE_CURVE('',#7042,#7034,#7044,.T.);
#7042 = VERTEX_POINT('',#7043);
#7043 = CARTESIAN_POINT('',(-2.02510156444,2.390081191859,
    5.616083287308E-08));
#7044 = LINE('',#7045,#7046);
#7045 = CARTESIAN_POINT('',(-2.02510156444,-8.52667538867,
    5.616079490345E-08));
#7046 = VECTOR('',#7047,1.);
#7047 = DIRECTION('',(-5.421010862428E-16,-1.,-3.491481338843E-15));
#7048 = ORIENTED_EDGE('',*,*,#7049,.F.);
#7049 = EDGE_CURVE('',#7050,#7042,#7052,.T.);
#7050 = VERTEX_POINT('',#7051);
#7051 = CARTESIAN_POINT('',(-1.725101569739,2.390081191859,
    5.616083287308E-08));
#7052 = LINE('',#7053,#7054);
#7053 = CARTESIAN_POINT('',(-1.016002032004E-04,2.390081191859,
    5.616083287308E-08));
#7054 = VECTOR('',#7055,1.);
#7055 = DIRECTION('',(-1.,0.,0.));
#7056 = ORIENTED_EDGE('',*,*,#7057,.F.);
#7057 = EDGE_CURVE('',#7058,#7050,#7060,.T.);
#7058 = VERTEX_POINT('',#7059);
#7059 = CARTESIAN_POINT('',(-1.725101569739,1.990081198924,
    5.616083154081E-08));
#7060 = LINE('',#7061,#7062);
#7061 = CARTESIAN_POINT('',(-1.725101569739,-8.52667538867,
    5.616079490345E-08));
#7062 = VECTOR('',#7063,1.);
#7063 = DIRECTION('',(-5.421010862428E-16,1.,3.491481338843E-15));
#7064 = ORIENTED_EDGE('',*,*,#7065,.F.);
#7065 = EDGE_CURVE('',#7066,#7058,#7068,.T.);
#7066 = VERTEX_POINT('',#7067);
#7067 = CARTESIAN_POINT('',(-1.525101573271,1.990081198924,
    5.616083154081E-08));
#7068 = LINE('',#7069,#7070);
#7069 = CARTESIAN_POINT('',(-1.016002032004E-04,1.990081198924,
    5.616083154081E-08));
#7070 = VECTOR('',#7071,1.);
#7071 = DIRECTION('',(-1.,0.,0.));
#7072 = ORIENTED_EDGE('',*,*,#7073,.F.);
#7073 = EDGE_CURVE('',#7074,#7066,#7076,.T.);
#7074 = VERTEX_POINT('',#7075);
#7075 = CARTESIAN_POINT('',(-1.525101573271,2.390081191859,
    5.616083287308E-08));
#7076 = LINE('',#7077,#7078);
#7077 = CARTESIAN_POINT('',(-1.525101573271,-8.52667538867,
    5.616079490345E-08));
#7078 = VECTOR('',#7079,1.);
#7079 = DIRECTION('',(-5.421010862428E-16,-1.,-3.491481338843E-15));
#7080 = ORIENTED_EDGE('',*,*,#7081,.F.);
#7081 = EDGE_CURVE('',#7082,#7074,#7084,.T.);
#7082 = VERTEX_POINT('',#7083);
#7083 = CARTESIAN_POINT('',(-1.225101578569,2.390081191859,
    5.616083287308E-08));
#7084 = LINE('',#7085,#7086);
#7085 = CARTESIAN_POINT('',(-1.016002032004E-04,2.390081191859,
    5.616083287308E-08));
#7086 = VECTOR('',#7087,1.);
#7087 = DIRECTION('',(-1.,0.,0.));
#7088 = ORIENTED_EDGE('',*,*,#7089,.F.);
#7089 = EDGE_CURVE('',#7090,#7082,#7092,.T.);
#7090 = VERTEX_POINT('',#7091);
#7091 = CARTESIAN_POINT('',(-1.225101578569,1.990081198924,
    5.616083154081E-08));
#7092 = LINE('',#7093,#7094);
#7093 = CARTESIAN_POINT('',(-1.225101578569,-8.52667538867,
    5.616079490345E-08));
#7094 = VECTOR('',#7095,1.);
#7095 = DIRECTION('',(-5.421010862428E-16,1.,3.491481338843E-15));
#7096 = ORIENTED_EDGE('',*,*,#7097,.F.);
#7097 = EDGE_CURVE('',#7098,#7090,#7100,.T.);
#7098 = VERTEX_POINT('',#7099);
#7099 = CARTESIAN_POINT('',(-1.025101582101,1.990081198924,
    5.616083154081E-08));
#7100 = LINE('',#7101,#7102);
#7101 = CARTESIAN_POINT('',(-1.016002032004E-04,1.990081198924,
    5.616083154081E-08));
#7102 = VECTOR('',#7103,1.);
#7103 = DIRECTION('',(-1.,0.,0.));
#7104 = ORIENTED_EDGE('',*,*,#7105,.F.);
#7105 = EDGE_CURVE('',#7106,#7098,#7108,.T.);
#7106 = VERTEX_POINT('',#7107);
#7107 = CARTESIAN_POINT('',(-1.025101582101,2.390081191859,
    5.616083287308E-08));
#7108 = LINE('',#7109,#7110);
#7109 = CARTESIAN_POINT('',(-1.025101582101,-8.52667538867,
    5.616079490345E-08));
#7110 = VECTOR('',#7111,1.);
#7111 = DIRECTION('',(-5.421010862428E-16,-1.,-3.491481338843E-15));
#7112 = ORIENTED_EDGE('',*,*,#7113,.F.);
#7113 = EDGE_CURVE('',#7114,#7106,#7116,.T.);
#7114 = VERTEX_POINT('',#7115);
#7115 = CARTESIAN_POINT('',(-0.725101587399,2.390081191859,
    5.616083287308E-08));
#7116 = LINE('',#7117,#7118);
#7117 = CARTESIAN_POINT('',(-1.016002032004E-04,2.390081191859,
    5.616083287308E-08));
#7118 = VECTOR('',#7119,1.);
#7119 = DIRECTION('',(-1.,0.,0.));
#7120 = ORIENTED_EDGE('',*,*,#7121,.F.);
#7121 = EDGE_CURVE('',#7122,#7114,#7124,.T.);
#7122 = VERTEX_POINT('',#7123);
#7123 = CARTESIAN_POINT('',(-0.725101587399,1.990081198924,
    5.616083154081E-08));
#7124 = LINE('',#7125,#7126);
#7125 = CARTESIAN_POINT('',(-0.725101587399,-8.52667538867,
    5.616079490345E-08));
#7126 = VECTOR('',#7127,1.);
#7127 = DIRECTION('',(-5.421010862428E-16,1.,3.491481338843E-15));
#7128 = ORIENTED_EDGE('',*,*,#7129,.F.);
#7129 = EDGE_CURVE('',#7130,#7122,#7132,.T.);
#7130 = VERTEX_POINT('',#7131);
#7131 = CARTESIAN_POINT('',(-0.525101590931,1.990081198924,
    5.616083154081E-08));
#7132 = LINE('',#7133,#7134);
#7133 = CARTESIAN_POINT('',(-1.016002032004E-04,1.990081198924,
    5.616083154081E-08));
#7134 = VECTOR('',#7135,1.);
#7135 = DIRECTION('',(-1.,0.,0.));
#7136 = ORIENTED_EDGE('',*,*,#7137,.F.);
#7137 = EDGE_CURVE('',#7138,#7130,#7140,.T.);
#7138 = VERTEX_POINT('',#7139);
#7139 = CARTESIAN_POINT('',(-0.525101590931,2.390081191859,
    5.616083287308E-08));
#7140 = LINE('',#7141,#7142);
#7141 = CARTESIAN_POINT('',(-0.525101590931,-8.52667538867,
    5.616079490345E-08));
#7142 = VECTOR('',#7143,1.);
#7143 = DIRECTION('',(-5.421010862428E-16,-1.,-3.491481338843E-15));
#7144 = ORIENTED_EDGE('',*,*,#7145,.F.);
#7145 = EDGE_CURVE('',#7146,#7138,#7148,.T.);
#7146 = VERTEX_POINT('',#7147);
#7147 = CARTESIAN_POINT('',(-0.22510159623,2.390081191859,
    5.616083287308E-08));
#7148 = LINE('',#7149,#7150);
#7149 = CARTESIAN_POINT('',(-1.016002032004E-04,2.390081191859,
    5.616083287308E-08));
#7150 = VECTOR('',#7151,1.);
#7151 = DIRECTION('',(-1.,0.,0.));
#7152 = ORIENTED_EDGE('',*,*,#7153,.F.);
#7153 = EDGE_CURVE('',#7154,#7146,#7156,.T.);
#7154 = VERTEX_POINT('',#7155);
#7155 = CARTESIAN_POINT('',(-0.22510159623,1.990081198924,
    5.616083154081E-08));
#7156 = LINE('',#7157,#7158);
#7157 = CARTESIAN_POINT('',(-0.22510159623,-8.52667538867,
    5.616079490345E-08));
#7158 = VECTOR('',#7159,1.);
#7159 = DIRECTION('',(-5.421010862428E-16,1.,3.491481338843E-15));
#7160 = ORIENTED_EDGE('',*,*,#7161,.F.);
#7161 = EDGE_CURVE('',#7162,#7154,#7164,.T.);
#7162 = VERTEX_POINT('',#7163);
#7163 = CARTESIAN_POINT('',(-2.510159976168E-02,1.990081198924,
    5.616083154081E-08));
#7164 = LINE('',#7165,#7166);
#7165 = CARTESIAN_POINT('',(-1.016002032004E-04,1.990081198924,
    5.616083154081E-08));
#7166 = VECTOR('',#7167,1.);
#7167 = DIRECTION('',(-1.,0.,0.));
#7168 = ORIENTED_EDGE('',*,*,#7169,.F.);
#7169 = EDGE_CURVE('',#7170,#7162,#7172,.T.);
#7170 = VERTEX_POINT('',#7171);
#7171 = CARTESIAN_POINT('',(-2.510159976168E-02,2.390081191859,
    5.616083287308E-08));
#7172 = LINE('',#7173,#7174);
#7173 = CARTESIAN_POINT('',(-2.510159976169E-02,-8.52667538867,
    5.616079490345E-08));
#7174 = VECTOR('',#7175,1.);
#7175 = DIRECTION('',(-5.421010862428E-16,-1.,-3.491481338843E-15));
#7176 = ORIENTED_EDGE('',*,*,#7177,.F.);
#7177 = EDGE_CURVE('',#7178,#7170,#7180,.T.);
#7178 = VERTEX_POINT('',#7179);
#7179 = CARTESIAN_POINT('',(0.27489839494,2.390081191859,
    5.616083287308E-08));
#7180 = LINE('',#7181,#7182);
#7181 = CARTESIAN_POINT('',(-1.016002032004E-04,2.390081191859,
    5.616083287308E-08));
#7182 = VECTOR('',#7183,1.);
#7183 = DIRECTION('',(-1.,0.,0.));
#7184 = ORIENTED_EDGE('',*,*,#7185,.F.);
#7185 = EDGE_CURVE('',#7186,#7178,#7188,.T.);
#7186 = VERTEX_POINT('',#7187);
#7187 = CARTESIAN_POINT('',(0.27489839494,1.990081198924,
    5.616083154081E-08));
#7188 = LINE('',#7189,#7190);
#7189 = CARTESIAN_POINT('',(0.27489839494,-8.52667538867,
    5.616079490345E-08));
#7190 = VECTOR('',#7191,1.);
#7191 = DIRECTION('',(-5.421010862428E-16,1.,3.491481338843E-15));
#7192 = ORIENTED_EDGE('',*,*,#7193,.F.);
#7193 = EDGE_CURVE('',#7194,#7186,#7196,.T.);
#7194 = VERTEX_POINT('',#7195);
#7195 = CARTESIAN_POINT('',(0.474898391408,1.990081198924,
    5.616083154081E-08));
#7196 = LINE('',#7197,#7198);
#7197 = CARTESIAN_POINT('',(-1.016002032004E-04,1.990081198924,
    5.616083154081E-08));
#7198 = VECTOR('',#7199,1.);
#7199 = DIRECTION('',(-1.,0.,0.));
#7200 = ORIENTED_EDGE('',*,*,#7201,.F.);
#7201 = EDGE_CURVE('',#7202,#7194,#7204,.T.);
#7202 = VERTEX_POINT('',#7203);
#7203 = CARTESIAN_POINT('',(0.474898391408,2.390081191859,
    5.616083287308E-08));
#7204 = LINE('',#7205,#7206);
#7205 = CARTESIAN_POINT('',(0.474898391408,-8.52667538867,
    5.616079490345E-08));
#7206 = VECTOR('',#7207,1.);
#7207 = DIRECTION('',(-5.421010862428E-16,-1.,-3.491481338843E-15));
#7208 = ORIENTED_EDGE('',*,*,#7209,.F.);
#7209 = EDGE_CURVE('',#7210,#7202,#7212,.T.);
#7210 = VERTEX_POINT('',#7211);
#7211 = CARTESIAN_POINT('',(0.77489838611,2.390081191859,
    5.616083287308E-08));
#7212 = LINE('',#7213,#7214);
#7213 = CARTESIAN_POINT('',(-1.016002032004E-04,2.390081191859,
    5.616083287308E-08));
#7214 = VECTOR('',#7215,1.);
#7215 = DIRECTION('',(-1.,0.,0.));
#7216 = ORIENTED_EDGE('',*,*,#7217,.F.);
#7217 = EDGE_CURVE('',#7218,#7210,#7220,.T.);
#7218 = VERTEX_POINT('',#7219);
#7219 = CARTESIAN_POINT('',(0.77489838611,1.990081198924,
    5.616083154081E-08));
#7220 = LINE('',#7221,#7222);
#7221 = CARTESIAN_POINT('',(0.77489838611,-8.52667538867,
    5.616079490345E-08));
#7222 = VECTOR('',#7223,1.);
#7223 = DIRECTION('',(-5.421010862428E-16,1.,3.491481338843E-15));
#7224 = ORIENTED_EDGE('',*,*,#7225,.F.);
#7225 = EDGE_CURVE('',#7226,#7218,#7228,.T.);
#7226 = VERTEX_POINT('',#7227);
#7227 = CARTESIAN_POINT('',(0.974898382578,1.990081198924,
    5.616083154081E-08));
#7228 = LINE('',#7229,#7230);
#7229 = CARTESIAN_POINT('',(-1.016002032004E-04,1.990081198924,
    5.616083154081E-08));
#7230 = VECTOR('',#7231,1.);
#7231 = DIRECTION('',(-1.,0.,0.));
#7232 = ORIENTED_EDGE('',*,*,#7233,.F.);
#7233 = EDGE_CURVE('',#7234,#7226,#7236,.T.);
#7234 = VERTEX_POINT('',#7235);
#7235 = CARTESIAN_POINT('',(0.974898382578,2.390081191859,
    5.616083287308E-08));
#7236 = LINE('',#7237,#7238);
#7237 = CARTESIAN_POINT('',(0.974898382578,-8.52667538867,
    5.616079490345E-08));
#7238 = VECTOR('',#7239,1.);
#7239 = DIRECTION('',(-5.421010862428E-16,-1.,-3.491481338843E-15));
#7240 = ORIENTED_EDGE('',*,*,#7241,.F.);
#7241 = EDGE_CURVE('',#7242,#7234,#7244,.T.);
#7242 = VERTEX_POINT('',#7243);
#7243 = CARTESIAN_POINT('',(1.274898377279,2.390081191859,
    5.616083287308E-08));
#7244 = LINE('',#7245,#7246);
#7245 = CARTESIAN_POINT('',(-1.016002032004E-04,2.390081191859,
    5.616083287308E-08));
#7246 = VECTOR('',#7247,1.);
#7247 = DIRECTION('',(-1.,0.,0.));
#7248 = ORIENTED_EDGE('',*,*,#7249,.F.);
#7249 = EDGE_CURVE('',#7250,#7242,#7252,.T.);
#7250 = VERTEX_POINT('',#7251);
#7251 = CARTESIAN_POINT('',(1.274898377279,1.990081198924,
    5.616083154081E-08));
#7252 = LINE('',#7253,#7254);
#7253 = CARTESIAN_POINT('',(1.274898377279,-8.52667538867,
    5.616079490345E-08));
#7254 = VECTOR('',#7255,1.);
#7255 = DIRECTION('',(-5.421010862428E-16,1.,3.491481338843E-15));
#7256 = ORIENTED_EDGE('',*,*,#7257,.F.);
#7257 = EDGE_CURVE('',#7258,#7250,#7260,.T.);
#7258 = VERTEX_POINT('',#7259);
#7259 = CARTESIAN_POINT('',(1.474898373747,1.990081198924,
    5.616083154081E-08));
#7260 = LINE('',#7261,#7262);
#7261 = CARTESIAN_POINT('',(-1.016002032004E-04,1.990081198924,
    5.616083154081E-08));
#7262 = VECTOR('',#7263,1.);
#7263 = DIRECTION('',(-1.,0.,0.));
#7264 = ORIENTED_EDGE('',*,*,#7265,.F.);
#7265 = EDGE_CURVE('',#7266,#7258,#7268,.T.);
#7266 = VERTEX_POINT('',#7267);
#7267 = CARTESIAN_POINT('',(1.474898373747,2.390081191859,
    5.616083287308E-08));
#7268 = LINE('',#7269,#7270);
#7269 = CARTESIAN_POINT('',(1.474898373747,-8.52667538867,
    5.616079490345E-08));
#7270 = VECTOR('',#7271,1.);
#7271 = DIRECTION('',(-5.421010862428E-16,-1.,-3.491481338843E-15));
#7272 = ORIENTED_EDGE('',*,*,#7273,.F.);
#7273 = EDGE_CURVE('',#7274,#7266,#7276,.T.);
#7274 = VERTEX_POINT('',#7275);
#7275 = CARTESIAN_POINT('',(1.774898368449,2.390081191859,
    5.616083287308E-08));
#7276 = LINE('',#7277,#7278);
#7277 = CARTESIAN_POINT('',(-1.016002032004E-04,2.390081191859,
    5.616083287308E-08));
#7278 = VECTOR('',#7279,1.);
#7279 = DIRECTION('',(-1.,0.,0.));
#7280 = ORIENTED_EDGE('',*,*,#7281,.F.);
#7281 = EDGE_CURVE('',#7282,#7274,#7284,.T.);
#7282 = VERTEX_POINT('',#7283);
#7283 = CARTESIAN_POINT('',(1.774898368449,1.990081198924,
    5.616083154081E-08));
#7284 = LINE('',#7285,#7286);
#7285 = CARTESIAN_POINT('',(1.774898368449,-8.52667538867,
    5.616079490345E-08));
#7286 = VECTOR('',#7287,1.);
#7287 = DIRECTION('',(-5.421010862428E-16,1.,3.491481338843E-15));
#7288 = ORIENTED_EDGE('',*,*,#7289,.F.);
#7289 = EDGE_CURVE('',#7290,#7282,#7292,.T.);
#7290 = VERTEX_POINT('',#7291);
#7291 = CARTESIAN_POINT('',(1.974898364917,1.990081198924,
    5.616083154081E-08));
#7292 = LINE('',#7293,#7294);
#7293 = CARTESIAN_POINT('',(-1.016002032004E-04,1.990081198924,
    5.616083154081E-08));
#7294 = VECTOR('',#7295,1.);
#7295 = DIRECTION('',(-1.,0.,0.));
#7296 = ORIENTED_EDGE('',*,*,#7297,.F.);
#7297 = EDGE_CURVE('',#7298,#7290,#7300,.T.);
#7298 = VERTEX_POINT('',#7299);
#7299 = CARTESIAN_POINT('',(1.974898364917,2.390081191859,
    5.616083287308E-08));
#7300 = LINE('',#7301,#7302);
#7301 = CARTESIAN_POINT('',(1.974898364917,-8.52667538867,
    5.616079490345E-08));
#7302 = VECTOR('',#7303,1.);
#7303 = DIRECTION('',(-5.421010862428E-16,-1.,-3.491481338843E-15));
#7304 = ORIENTED_EDGE('',*,*,#7305,.F.);
#7305 = EDGE_CURVE('',#7306,#7298,#7308,.T.);
#7306 = VERTEX_POINT('',#7307);
#7307 = CARTESIAN_POINT('',(2.274898359619,2.390081191859,
    5.616083287308E-08));
#7308 = LINE('',#7309,#7310);
#7309 = CARTESIAN_POINT('',(-1.016002032004E-04,2.390081191859,
    5.616083287308E-08));
#7310 = VECTOR('',#7311,1.);
#7311 = DIRECTION('',(-1.,0.,0.));
#7312 = ORIENTED_EDGE('',*,*,#7313,.F.);
#7313 = EDGE_CURVE('',#7314,#7306,#7316,.T.);
#7314 = VERTEX_POINT('',#7315);
#7315 = CARTESIAN_POINT('',(2.274898359619,1.990081198924,
    5.616083154081E-08));
#7316 = LINE('',#7317,#7318);
#7317 = CARTESIAN_POINT('',(2.274898359619,-8.52667538867,
    5.616079490345E-08));
#7318 = VECTOR('',#7319,1.);
#7319 = DIRECTION('',(-5.421010862428E-16,1.,3.491481338843E-15));
#7320 = ORIENTED_EDGE('',*,*,#7321,.F.);
#7321 = EDGE_CURVE('',#7322,#7314,#7324,.T.);
#7322 = VERTEX_POINT('',#7323);
#7323 = CARTESIAN_POINT('',(2.474898356087,1.990081198924,
    5.616083154081E-08));
#7324 = LINE('',#7325,#7326);
#7325 = CARTESIAN_POINT('',(-1.016002032004E-04,1.990081198924,
    5.616083154081E-08));
#7326 = VECTOR('',#7327,1.);
#7327 = DIRECTION('',(-1.,0.,0.));
#7328 = ORIENTED_EDGE('',*,*,#7329,.F.);
#7329 = EDGE_CURVE('',#7330,#7322,#7332,.T.);
#7330 = VERTEX_POINT('',#7331);
#7331 = CARTESIAN_POINT('',(2.474898356087,2.390081191859,
    5.616083287308E-08));
#7332 = LINE('',#7333,#7334);
#7333 = CARTESIAN_POINT('',(2.474898356087,-8.52667538867,
    5.616079490345E-08));
#7334 = VECTOR('',#7335,1.);
#7335 = DIRECTION('',(-5.421010862428E-16,-1.,-3.491481338843E-15));
#7336 = ORIENTED_EDGE('',*,*,#7337,.F.);
#7337 = EDGE_CURVE('',#7338,#7330,#7340,.T.);
#7338 = VERTEX_POINT('',#7339);
#7339 = CARTESIAN_POINT('',(2.774898350789,2.390081191859,
    5.616083287308E-08));
#7340 = LINE('',#7341,#7342);
#7341 = CARTESIAN_POINT('',(-1.016002032004E-04,2.390081191859,
    5.616083287308E-08));
#7342 = VECTOR('',#7343,1.);
#7343 = DIRECTION('',(-1.,0.,0.));
#7344 = ORIENTED_EDGE('',*,*,#7345,.F.);
#7345 = EDGE_CURVE('',#7346,#7338,#7348,.T.);
#7346 = VERTEX_POINT('',#7347);
#7347 = CARTESIAN_POINT('',(2.774898350789,1.990081198924,
    5.616083154081E-08));
#7348 = LINE('',#7349,#7350);
#7349 = CARTESIAN_POINT('',(2.774898350789,-8.52667538867,
    5.616079490345E-08));
#7350 = VECTOR('',#7351,1.);
#7351 = DIRECTION('',(-5.421010862428E-16,1.,3.491481338843E-15));
#7352 = ORIENTED_EDGE('',*,*,#7353,.F.);
#7353 = EDGE_CURVE('',#7354,#7346,#7356,.T.);
#7354 = VERTEX_POINT('',#7355);
#7355 = CARTESIAN_POINT('',(2.974898347256,1.990081198924,
    5.616083154081E-08));
#7356 = LINE('',#7357,#7358);
#7357 = CARTESIAN_POINT('',(-1.016002032004E-04,1.990081198924,
    5.616083154081E-08));
#7358 = VECTOR('',#7359,1.);
#7359 = DIRECTION('',(-1.,0.,0.));
#7360 = ORIENTED_EDGE('',*,*,#7361,.F.);
#7361 = EDGE_CURVE('',#7362,#7354,#7364,.T.);
#7362 = VERTEX_POINT('',#7363);
#7363 = CARTESIAN_POINT('',(2.974898347256,2.390081191859,
    5.616083287308E-08));
#7364 = LINE('',#7365,#7366);
#7365 = CARTESIAN_POINT('',(2.974898347256,-8.52667538867,
    5.616079490345E-08));
#7366 = VECTOR('',#7367,1.);
#7367 = DIRECTION('',(-5.421010862428E-16,-1.,-3.491481338843E-15));
#7368 = ORIENTED_EDGE('',*,*,#7369,.F.);
#7369 = EDGE_CURVE('',#7370,#7362,#7372,.T.);
#7370 = VERTEX_POINT('',#7371);
#7371 = CARTESIAN_POINT('',(3.21989834293,2.390081191859,
    5.616083287308E-08));
#7372 = LINE('',#7373,#7374);
#7373 = CARTESIAN_POINT('',(-1.016002032004E-04,2.390081191859,
    5.616083287308E-08));
#7374 = VECTOR('',#7375,1.);
#7375 = DIRECTION('',(-1.,0.,0.));
#7376 = ORIENTED_EDGE('',*,*,#7377,.F.);
#7377 = EDGE_CURVE('',#6927,#7370,#7378,.T.);
#7378 = LINE('',#7379,#7380);
#7379 = CARTESIAN_POINT('',(3.21989834293,-8.52667538867,
    5.616079490345E-08));
#7380 = VECTOR('',#7381,1.);
#7381 = DIRECTION('',(0.,-1.,-3.491481338843E-15));
#7382 = ORIENTED_EDGE('',*,*,#6977,.F.);
#7383 = ORIENTED_EDGE('',*,*,#7384,.F.);
#7384 = EDGE_CURVE('',#7385,#6970,#7387,.T.);
#7385 = VERTEX_POINT('',#7386);
#7386 = CARTESIAN_POINT('',(4.169898326152,1.940081199807,
    5.616083131876E-08));
#7387 = LINE('',#7388,#7389);
#7388 = CARTESIAN_POINT('',(4.169898326152,-8.52667538867,
    5.616079490345E-08));
#7389 = VECTOR('',#7390,1.);
#7390 = DIRECTION('',(0.,1.,3.491481338843E-15));
#7391 = ORIENTED_EDGE('',*,*,#7392,.F.);
#7392 = EDGE_CURVE('',#7393,#7385,#7395,.T.);
#7393 = VERTEX_POINT('',#7394);
#7394 = CARTESIAN_POINT('',(-4.170101526558,1.940081199807,
    5.616083131876E-08));
#7395 = LINE('',#7396,#7397);
#7396 = CARTESIAN_POINT('',(-4.170101526558,1.940081199807,
    5.616083131876E-08));
#7397 = VECTOR('',#7398,1.);
#7398 = DIRECTION('',(1.,0.,0.));
#7399 = ORIENTED_EDGE('',*,*,#7400,.T.);
#7400 = EDGE_CURVE('',#7393,#5972,#7401,.T.);
#7401 = LINE('',#7402,#7403);
#7402 = CARTESIAN_POINT('',(-4.170101526558,-8.52667538867,
    5.616079490345E-08));
#7403 = VECTOR('',#7404,1.);
#7404 = DIRECTION('',(0.,1.,3.491481338843E-15));
#7405 = ORIENTED_EDGE('',*,*,#5971,.F.);
#7406 = ORIENTED_EDGE('',*,*,#7407,.F.);
#7407 = EDGE_CURVE('',#7408,#5962,#7410,.T.);
#7408 = VERTEX_POINT('',#7409);
#7409 = CARTESIAN_POINT('',(-3.220101543336,2.390081191859,
    5.616083287308E-08));
#7410 = LINE('',#7411,#7412);
#7411 = CARTESIAN_POINT('',(-3.220101543336,-8.52667538867,
    5.616079490345E-08));
#7412 = VECTOR('',#7413,1.);
#7413 = DIRECTION('',(0.,1.,3.491481338843E-15));
#7414 = ORIENTED_EDGE('',*,*,#7415,.F.);
#7415 = EDGE_CURVE('',#6994,#7408,#7416,.T.);
#7416 = LINE('',#7417,#7418);
#7417 = CARTESIAN_POINT('',(-1.016002032004E-04,2.390081191859,
    5.616083287308E-08));
#7418 = VECTOR('',#7419,1.);
#7419 = DIRECTION('',(-1.,0.,0.));
#7420 = PLANE('',#7421);
#7421 = AXIS2_PLACEMENT_3D('',#7422,#7423,#7424);
#7422 = CARTESIAN_POINT('',(-1.016002032004E-04,-8.52667538867,
    5.616079490345E-08));
#7423 = DIRECTION('',(0.,3.491481338843E-15,-1.));
#7424 = DIRECTION('',(0.,1.,3.491481338843E-15));
#7425 = ADVANCED_FACE('',(#7426),#7490,.F.);
#7426 = FACE_BOUND('',#7427,.T.);
#7427 = EDGE_LOOP('',(#7428,#7429,#7435,#7436,#7442,#7443,#7444,#7452,
    #7461,#7469,#7477,#7483,#7484));
#7428 = ORIENTED_EDGE('',*,*,#6080,.T.);
#7429 = ORIENTED_EDGE('',*,*,#7430,.F.);
#7430 = EDGE_CURVE('',#5872,#6073,#7431,.T.);
#7431 = LINE('',#7432,#7433);
#7432 = CARTESIAN_POINT('',(4.169898326152,1.190081213052,0.300000050863
    ));
#7433 = VECTOR('',#7434,1.);
#7434 = DIRECTION('',(0.,3.491481338843E-15,-1.));
#7435 = ORIENTED_EDGE('',*,*,#5871,.F.);
#7436 = ORIENTED_EDGE('',*,*,#7437,.T.);
#7437 = EDGE_CURVE('',#5864,#7385,#7438,.T.);
#7438 = LINE('',#7439,#7440);
#7439 = CARTESIAN_POINT('',(4.169898326152,1.940081199807,0.300000050863
    ));
#7440 = VECTOR('',#7441,1.);
#7441 = DIRECTION('',(0.,3.491481338843E-15,-1.));
#7442 = ORIENTED_EDGE('',*,*,#7384,.T.);
#7443 = ORIENTED_EDGE('',*,*,#6969,.T.);
#7444 = ORIENTED_EDGE('',*,*,#7445,.T.);
#7445 = EDGE_CURVE('',#6962,#7446,#7448,.T.);
#7446 = VERTEX_POINT('',#7447);
#7447 = CARTESIAN_POINT('',(4.169898326152,1.940081199807,1.660000026844
    ));
#7448 = LINE('',#7449,#7450);
#7449 = CARTESIAN_POINT('',(4.169898326152,-8.52667538867,1.660000026844
    ));
#7450 = VECTOR('',#7451,1.);
#7451 = DIRECTION('',(0.,-1.,-3.610065951459E-15));
#7452 = ORIENTED_EDGE('',*,*,#7453,.T.);
#7453 = EDGE_CURVE('',#7446,#7454,#7456,.T.);
#7454 = VERTEX_POINT('',#7455);
#7455 = CARTESIAN_POINT('',(4.169898326152,1.790081202456,1.810000024195
    ));
#7456 = CIRCLE('',#7457,0.149999997351);
#7457 = AXIS2_PLACEMENT_3D('',#7458,#7459,#7460);
#7458 = CARTESIAN_POINT('',(4.169898326152,1.940081199807,1.810000024195
    ));
#7459 = DIRECTION('',(-1.,-0.,0.));
#7460 = DIRECTION('',(0.,-1.,-3.433306879537E-15));
#7461 = ORIENTED_EDGE('',*,*,#7462,.T.);
#7462 = EDGE_CURVE('',#7454,#7463,#7465,.T.);
#7463 = VERTEX_POINT('',#7464);
#7464 = CARTESIAN_POINT('',(4.169898326152,1.790081202456,1.910000022429
    ));
#7465 = LINE('',#7466,#7467);
#7466 = CARTESIAN_POINT('',(4.169898326152,1.790081202456,1.580000028257
    ));
#7467 = VECTOR('',#7468,1.);
#7468 = DIRECTION('',(0.,-3.491481338843E-15,1.));
#7469 = ORIENTED_EDGE('',*,*,#7470,.F.);
#7470 = EDGE_CURVE('',#7471,#7463,#7473,.T.);
#7471 = VERTEX_POINT('',#7472);
#7472 = CARTESIAN_POINT('',(4.169898326152,-0.609918755159,
    1.910000022429));
#7473 = LINE('',#7474,#7475);
#7474 = CARTESIAN_POINT('',(4.169898326152,-8.52667538867,1.910000022429
    ));
#7475 = VECTOR('',#7476,1.);
#7476 = DIRECTION('',(0.,1.,3.491481338843E-15));
#7477 = ORIENTED_EDGE('',*,*,#7478,.T.);
#7478 = EDGE_CURVE('',#7471,#6894,#7479,.T.);
#7479 = LINE('',#7480,#7481);
#7480 = CARTESIAN_POINT('',(4.169898326152,-0.609918755159,
    1.250000034085));
#7481 = VECTOR('',#7482,1.);
#7482 = DIRECTION('',(0.,3.491481338843E-15,-1.));
#7483 = ORIENTED_EDGE('',*,*,#6893,.T.);
#7484 = ORIENTED_EDGE('',*,*,#7485,.F.);
#7485 = EDGE_CURVE('',#6081,#6896,#7486,.T.);
#7486 = LINE('',#7487,#7488);
#7487 = CARTESIAN_POINT('',(4.169898326152,0.290081228947,1.580000028257
    ));
#7488 = VECTOR('',#7489,1.);
#7489 = DIRECTION('',(0.,-3.664953686441E-15,1.));
#7490 = PLANE('',#7491);
#7491 = AXIS2_PLACEMENT_3D('',#7492,#7493,#7494);
#7492 = CARTESIAN_POINT('',(4.169898326152,-8.52667538867,1.580000028257
    ));
#7493 = DIRECTION('',(-1.,0.,0.));
#7494 = DIRECTION('',(-0.,-1.,-3.491481338843E-15));
#7495 = ADVANCED_FACE('',(#7496),#7549,.T.);
#7496 = FACE_BOUND('',#7497,.T.);
#7497 = EDGE_LOOP('',(#7498,#7507,#7518,#7524,#7525,#7533,#7541,#7548));
#7498 = ORIENTED_EDGE('',*,*,#7499,.T.);
#7499 = EDGE_CURVE('',#7463,#7500,#7502,.T.);
#7500 = VERTEX_POINT('',#7501);
#7501 = CARTESIAN_POINT('',(3.956444323054,1.790081202456,2.510000011833
    ));
#7502 = CIRCLE('',#7503,0.949999983222);
#7503 = AXIS2_PLACEMENT_3D('',#7504,#7505,#7506);
#7504 = CARTESIAN_POINT('',(3.21989834293,1.790081202456,1.910000022429)
  );
#7505 = DIRECTION('',(0.,-1.,-3.491481338843E-15));
#7506 = DIRECTION('',(1.,0.,0.));
#7507 = ORIENTED_EDGE('',*,*,#7508,.T.);
#7508 = EDGE_CURVE('',#7500,#7509,#7511,.T.);
#7509 = VERTEX_POINT('',#7510);
#7510 = CARTESIAN_POINT('',(3.802993522116,1.940081199807,2.660000009184
    ));
#7511 = B_SPLINE_CURVE_WITH_KNOTS('',3,(#7512,#7513,#7514,#7515,#7516,
    #7517),.UNSPECIFIED.,.F.,.F.,(4,2,4),(1.084202172486E-19,
    1.42612646797E-04,2.852252935941E-04),.UNSPECIFIED.);
#7512 = CARTESIAN_POINT('',(3.956444323054,1.790081202456,2.510000011833
    ));
#7513 = CARTESIAN_POINT('',(3.926078709258,1.790081202456,2.54727613045)
  );
#7514 = CARTESIAN_POINT('',(3.893235276608,1.803117220035,2.58140684029)
  );
#7515 = CARTESIAN_POINT('',(3.833095813951,1.851799177244,2.636745234218
    ));
#7516 = CARTESIAN_POINT('',(3.802993522116,1.891600778487,2.660000009184
    ));
#7517 = CARTESIAN_POINT('',(3.802993522116,1.940081199807,2.660000009184
    ));
#7518 = ORIENTED_EDGE('',*,*,#7519,.T.);
#7519 = EDGE_CURVE('',#7509,#6937,#7520,.T.);
#7520 = LINE('',#7521,#7522);
#7521 = CARTESIAN_POINT('',(3.802993522116,-8.52667538867,2.660000009184
    ));
#7522 = VECTOR('',#7523,1.);
#7523 = DIRECTION('',(0.,1.,3.491481338843E-15));
#7524 = ORIENTED_EDGE('',*,*,#6936,.T.);
#7525 = ORIENTED_EDGE('',*,*,#7526,.F.);
#7526 = EDGE_CURVE('',#7527,#6929,#7529,.T.);
#7527 = VERTEX_POINT('',#7528);
#7528 = CARTESIAN_POINT('',(3.21989834293,2.390081191859,2.860000005651)
  );
#7529 = LINE('',#7530,#7531);
#7530 = CARTESIAN_POINT('',(3.21989834293,-8.52667538867,2.860000005651)
  );
#7531 = VECTOR('',#7532,1.);
#7532 = DIRECTION('',(0.,1.,3.491481338843E-15));
#7533 = ORIENTED_EDGE('',*,*,#7534,.F.);
#7534 = EDGE_CURVE('',#7535,#7527,#7537,.T.);
#7535 = VERTEX_POINT('',#7536);
#7536 = CARTESIAN_POINT('',(3.21989834293,-0.609918755159,2.860000005651
    ));
#7537 = LINE('',#7538,#7539);
#7538 = CARTESIAN_POINT('',(3.21989834293,-8.52667538867,2.860000005651)
  );
#7539 = VECTOR('',#7540,1.);
#7540 = DIRECTION('',(0.,1.,3.491481338843E-15));
#7541 = ORIENTED_EDGE('',*,*,#7542,.T.);
#7542 = EDGE_CURVE('',#7535,#7471,#7543,.T.);
#7543 = CIRCLE('',#7544,0.949999983222);
#7544 = AXIS2_PLACEMENT_3D('',#7545,#7546,#7547);
#7545 = CARTESIAN_POINT('',(3.21989834293,-0.609918755159,1.910000022429
    ));
#7546 = DIRECTION('',(-0.,1.,3.491481338843E-15));
#7547 = DIRECTION('',(1.,0.,0.));
#7548 = ORIENTED_EDGE('',*,*,#7470,.T.);
#7549 = CYLINDRICAL_SURFACE('',#7550,0.949999983222);
#7550 = AXIS2_PLACEMENT_3D('',#7551,#7552,#7553);
#7551 = CARTESIAN_POINT('',(3.21989834293,-8.52667538867,1.910000022429)
  );
#7552 = DIRECTION('',(0.,1.,3.491481338843E-15));
#7553 = DIRECTION('',(-1.,0.,0.));
#7554 = ADVANCED_FACE('',(#7555),#7580,.F.);
#7555 = FACE_BOUND('',#7556,.T.);
#7556 = EDGE_LOOP('',(#7557,#7558,#7566,#7574));
#7557 = ORIENTED_EDGE('',*,*,#7534,.T.);
#7558 = ORIENTED_EDGE('',*,*,#7559,.T.);
#7559 = EDGE_CURVE('',#7527,#7560,#7562,.T.);
#7560 = VERTEX_POINT('',#7561);
#7561 = CARTESIAN_POINT('',(-3.220101543336,2.390081191859,
    2.860000005651));
#7562 = LINE('',#7563,#7564);
#7563 = CARTESIAN_POINT('',(-1.016002032004E-04,2.390081191859,
    2.860000005651));
#7564 = VECTOR('',#7565,1.);
#7565 = DIRECTION('',(-1.,0.,0.));
#7566 = ORIENTED_EDGE('',*,*,#7567,.F.);
#7567 = EDGE_CURVE('',#7568,#7560,#7570,.T.);
#7568 = VERTEX_POINT('',#7569);
#7569 = CARTESIAN_POINT('',(-3.220101543336,-0.609918755159,
    2.860000005651));
#7570 = LINE('',#7571,#7572);
#7571 = CARTESIAN_POINT('',(-3.220101543336,-8.52667538867,
    2.860000005651));
#7572 = VECTOR('',#7573,1.);
#7573 = DIRECTION('',(0.,1.,3.491481338843E-15));
#7574 = ORIENTED_EDGE('',*,*,#7575,.T.);
#7575 = EDGE_CURVE('',#7568,#7535,#7576,.T.);
#7576 = LINE('',#7577,#7578);
#7577 = CARTESIAN_POINT('',(3.21989834293,-0.609918755159,2.860000005651
    ));
#7578 = VECTOR('',#7579,1.);
#7579 = DIRECTION('',(1.,0.,0.));
#7580 = PLANE('',#7581);
#7581 = AXIS2_PLACEMENT_3D('',#7582,#7583,#7584);
#7582 = CARTESIAN_POINT('',(-1.016002032004E-04,-8.52667538867,
    2.860000005651));
#7583 = DIRECTION('',(0.,3.491481338843E-15,-1.));
#7584 = DIRECTION('',(0.,1.,3.491481338843E-15));
#7585 = ADVANCED_FACE('',(#7586),#7641,.T.);
#7586 = FACE_BOUND('',#7587,.T.);
#7587 = EDGE_LOOP('',(#7588,#7589,#7597,#7610,#7619,#7627,#7634,#7635));
#7588 = ORIENTED_EDGE('',*,*,#6011,.T.);
#7589 = ORIENTED_EDGE('',*,*,#7590,.T.);
#7590 = EDGE_CURVE('',#6004,#7591,#7593,.T.);
#7591 = VERTEX_POINT('',#7592);
#7592 = CARTESIAN_POINT('',(-3.803196722523,1.940081199807,
    2.660000009184));
#7593 = LINE('',#7594,#7595);
#7594 = CARTESIAN_POINT('',(-3.803196722523,-8.52667538867,
    2.660000009184));
#7595 = VECTOR('',#7596,1.);
#7596 = DIRECTION('',(-0.,-1.,-3.491481338843E-15));
#7597 = ORIENTED_EDGE('',*,*,#7598,.T.);
#7598 = EDGE_CURVE('',#7591,#7599,#7601,.T.);
#7599 = VERTEX_POINT('',#7600);
#7600 = CARTESIAN_POINT('',(-3.956647523461,1.790081202456,
    2.510000011833));
#7601 = B_SPLINE_CURVE_WITH_KNOTS('',3,(#7602,#7603,#7604,#7605,#7606,
    #7607,#7608,#7609),.UNSPECIFIED.,.F.,.F.,(4,2,2,4),(
    4.336808689942E-19,7.129163114448E-05,1.42583262289E-04,
    2.851665245779E-04),.UNSPECIFIED.);
#7602 = CARTESIAN_POINT('',(-3.803196722523,1.940081199807,
    2.660000009184));
#7603 = CARTESIAN_POINT('',(-3.803196722523,1.915830751463,
    2.660000009184));
#7604 = CARTESIAN_POINT('',(-3.811027926683,1.893010656326,
    2.653991214404));
#7605 = CARTESIAN_POINT('',(-3.833806934457,1.854962900779,
    2.635315524249));
#7606 = CARTESIAN_POINT('',(-3.848142452939,1.839800321053,
    2.623082784654));
#7607 = CARTESIAN_POINT('',(-3.893522242509,1.8030162257,2.581337714823)
  );
#7608 = CARTESIAN_POINT('',(-3.926291085435,1.790081202456,
    2.547264866489));
#7609 = CARTESIAN_POINT('',(-3.956647523461,1.790081202456,
    2.510000011833));
#7610 = ORIENTED_EDGE('',*,*,#7611,.T.);
#7611 = EDGE_CURVE('',#7599,#7612,#7614,.T.);
#7612 = VERTEX_POINT('',#7613);
#7613 = CARTESIAN_POINT('',(-4.170101526558,1.790081202456,
    1.910000022429));
#7614 = CIRCLE('',#7615,0.949999983222);
#7615 = AXIS2_PLACEMENT_3D('',#7616,#7617,#7618);
#7616 = CARTESIAN_POINT('',(-3.220101543336,1.790081202456,
    1.910000022429));
#7617 = DIRECTION('',(0.,-1.,-3.491481338843E-15));
#7618 = DIRECTION('',(1.,0.,0.));
#7619 = ORIENTED_EDGE('',*,*,#7620,.F.);
#7620 = EDGE_CURVE('',#7621,#7612,#7623,.T.);
#7621 = VERTEX_POINT('',#7622);
#7622 = CARTESIAN_POINT('',(-4.170101526558,-0.609918755159,
    1.910000022429));
#7623 = LINE('',#7624,#7625);
#7624 = CARTESIAN_POINT('',(-4.170101526558,-8.52667538867,
    1.910000022429));
#7625 = VECTOR('',#7626,1.);
#7626 = DIRECTION('',(0.,1.,3.491481338843E-15));
#7627 = ORIENTED_EDGE('',*,*,#7628,.T.);
#7628 = EDGE_CURVE('',#7621,#7568,#7629,.T.);
#7629 = CIRCLE('',#7630,0.949999983222);
#7630 = AXIS2_PLACEMENT_3D('',#7631,#7632,#7633);
#7631 = CARTESIAN_POINT('',(-3.220101543336,-0.609918755159,
    1.910000022429));
#7632 = DIRECTION('',(-0.,1.,3.491481338843E-15));
#7633 = DIRECTION('',(1.,0.,0.));
#7634 = ORIENTED_EDGE('',*,*,#7567,.T.);
#7635 = ORIENTED_EDGE('',*,*,#7636,.T.);
#7636 = EDGE_CURVE('',#7560,#5964,#7637,.T.);
#7637 = LINE('',#7638,#7639);
#7638 = CARTESIAN_POINT('',(-3.220101543336,-8.52667538867,
    2.860000005651));
#7639 = VECTOR('',#7640,1.);
#7640 = DIRECTION('',(0.,1.,3.491481338843E-15));
#7641 = CYLINDRICAL_SURFACE('',#7642,0.949999983222);
#7642 = AXIS2_PLACEMENT_3D('',#7643,#7644,#7645);
#7643 = CARTESIAN_POINT('',(-3.220101543336,-8.52667538867,
    1.910000022429));
#7644 = DIRECTION('',(0.,1.,3.491481338843E-15));
#7645 = DIRECTION('',(-1.,0.,0.));
#7646 = ADVANCED_FACE('',(#7647),#7702,.F.);
#7647 = FACE_BOUND('',#7648,.T.);
#7648 = EDGE_LOOP('',(#7649,#7650,#7656,#7657,#7663,#7664,#7670,#7671,
    #7679,#7688,#7694,#7695,#7696));
#7649 = ORIENTED_EDGE('',*,*,#5853,.F.);
#7650 = ORIENTED_EDGE('',*,*,#7651,.T.);
#7651 = EDGE_CURVE('',#5854,#6097,#7652,.T.);
#7652 = LINE('',#7653,#7654);
#7653 = CARTESIAN_POINT('',(-4.170101526558,1.190081213052,
    0.300000050863));
#7654 = VECTOR('',#7655,1.);
#7655 = DIRECTION('',(0.,3.491481338843E-15,-1.));
#7656 = ORIENTED_EDGE('',*,*,#6096,.F.);
#7657 = ORIENTED_EDGE('',*,*,#7658,.F.);
#7658 = EDGE_CURVE('',#6840,#6089,#7659,.T.);
#7659 = LINE('',#7660,#7661);
#7660 = CARTESIAN_POINT('',(-4.170101526558,0.290081228947,
    1.580000028257));
#7661 = VECTOR('',#7662,1.);
#7662 = DIRECTION('',(0.,3.664953686441E-15,-1.));
#7663 = ORIENTED_EDGE('',*,*,#6839,.F.);
#7664 = ORIENTED_EDGE('',*,*,#7665,.T.);
#7665 = EDGE_CURVE('',#6831,#7621,#7666,.T.);
#7666 = LINE('',#7667,#7668);
#7667 = CARTESIAN_POINT('',(-4.170101526558,-0.609918755159,
    1.910000022429));
#7668 = VECTOR('',#7669,1.);
#7669 = DIRECTION('',(0.,-3.491481338843E-15,1.));
#7670 = ORIENTED_EDGE('',*,*,#7620,.T.);
#7671 = ORIENTED_EDGE('',*,*,#7672,.T.);
#7672 = EDGE_CURVE('',#7612,#7673,#7675,.T.);
#7673 = VERTEX_POINT('',#7674);
#7674 = CARTESIAN_POINT('',(-4.170101526558,1.790081202456,
    1.810000024195));
#7675 = LINE('',#7676,#7677);
#7676 = CARTESIAN_POINT('',(-4.170101526558,1.790081202456,
    1.580000028257));
#7677 = VECTOR('',#7678,1.);
#7678 = DIRECTION('',(0.,3.491481338843E-15,-1.));
#7679 = ORIENTED_EDGE('',*,*,#7680,.T.);
#7680 = EDGE_CURVE('',#7673,#7681,#7683,.T.);
#7681 = VERTEX_POINT('',#7682);
#7682 = CARTESIAN_POINT('',(-4.170101526558,1.940081199807,
    1.660000026844));
#7683 = CIRCLE('',#7684,0.149999997351);
#7684 = AXIS2_PLACEMENT_3D('',#7685,#7686,#7687);
#7685 = CARTESIAN_POINT('',(-4.170101526558,1.940081199807,
    1.810000024195));
#7686 = DIRECTION('',(1.,0.,-0.));
#7687 = DIRECTION('',(0.,1.,3.433306879537E-15));
#7688 = ORIENTED_EDGE('',*,*,#7689,.T.);
#7689 = EDGE_CURVE('',#7681,#5980,#7690,.T.);
#7690 = LINE('',#7691,#7692);
#7691 = CARTESIAN_POINT('',(-4.170101526558,-8.52667538867,
    1.660000026844));
#7692 = VECTOR('',#7693,1.);
#7693 = DIRECTION('',(0.,1.,3.610065951459E-15));
#7694 = ORIENTED_EDGE('',*,*,#5979,.T.);
#7695 = ORIENTED_EDGE('',*,*,#7400,.F.);
#7696 = ORIENTED_EDGE('',*,*,#7697,.F.);
#7697 = EDGE_CURVE('',#5856,#7393,#7698,.T.);
#7698 = LINE('',#7699,#7700);
#7699 = CARTESIAN_POINT('',(-4.170101526558,1.940081199807,
    0.300000050863));
#7700 = VECTOR('',#7701,1.);
#7701 = DIRECTION('',(0.,3.491481338843E-15,-1.));
#7702 = PLANE('',#7703);
#7703 = AXIS2_PLACEMENT_3D('',#7704,#7705,#7706);
#7704 = CARTESIAN_POINT('',(-4.170101526558,-8.52667538867,
    1.580000028257));
#7705 = DIRECTION('',(1.,0.,0.));
#7706 = DIRECTION('',(-0.,1.,3.491481338843E-15));
#7707 = ADVANCED_FACE('',(#7708),#7716,.T.);
#7708 = FACE_BOUND('',#7709,.T.);
#7709 = EDGE_LOOP('',(#7710,#7711,#7712,#7713,#7714,#7715));
#7710 = ORIENTED_EDGE('',*,*,#6879,.F.);
#7711 = ORIENTED_EDGE('',*,*,#6847,.F.);
#7712 = ORIENTED_EDGE('',*,*,#7658,.T.);
#7713 = ORIENTED_EDGE('',*,*,#6088,.F.);
#7714 = ORIENTED_EDGE('',*,*,#7485,.T.);
#7715 = ORIENTED_EDGE('',*,*,#6911,.F.);
#7716 = PLANE('',#7717);
#7717 = AXIS2_PLACEMENT_3D('',#7718,#7719,#7720);
#7718 = CARTESIAN_POINT('',(-4.47010152126,0.290081228947,1.250000034085
    ));
#7719 = DIRECTION('',(0.,-1.,-3.664953686441E-15));
#7720 = DIRECTION('',(0.,3.664953686441E-15,-1.));
#7721 = ADVANCED_FACE('',(#7722),#7738,.T.);
#7722 = FACE_BOUND('',#7723,.T.);
#7723 = EDGE_LOOP('',(#7724,#7730,#7731,#7737));
#7724 = ORIENTED_EDGE('',*,*,#7725,.F.);
#7725 = EDGE_CURVE('',#7568,#6775,#7726,.T.);
#7726 = LINE('',#7727,#7728);
#7727 = CARTESIAN_POINT('',(-3.220101543336,-0.609918755159,
    2.860000005651));
#7728 = VECTOR('',#7729,1.);
#7729 = DIRECTION('',(0.,-0.707106781187,-0.707106781187));
#7730 = ORIENTED_EDGE('',*,*,#7628,.F.);
#7731 = ORIENTED_EDGE('',*,*,#7732,.F.);
#7732 = EDGE_CURVE('',#6783,#7621,#7733,.T.);
#7733 = LINE('',#7734,#7735);
#7734 = CARTESIAN_POINT('',(-4.070101528324,-0.709918753393,
    1.910000022429));
#7735 = VECTOR('',#7736,1.);
#7736 = DIRECTION('',(-0.707106781187,0.707106781187,2.46885013108E-15)
  );
#7737 = ORIENTED_EDGE('',*,*,#6782,.F.);
#7738 = CONICAL_SURFACE('',#7739,0.849999984988,0.785398163397);
#7739 = AXIS2_PLACEMENT_3D('',#7740,#7741,#7742);
#7740 = CARTESIAN_POINT('',(-3.220101543336,-0.709918753393,
    1.910000022429));
#7741 = DIRECTION('',(0.,1.,3.491481338843E-15));
#7742 = DIRECTION('',(-1.,0.,0.));
#7743 = ADVANCED_FACE('',(#7744),#7755,.T.);
#7744 = FACE_BOUND('',#7745,.T.);
#7745 = EDGE_LOOP('',(#7746,#7747,#7748,#7754));
#7746 = ORIENTED_EDGE('',*,*,#7732,.T.);
#7747 = ORIENTED_EDGE('',*,*,#7665,.F.);
#7748 = ORIENTED_EDGE('',*,*,#7749,.F.);
#7749 = EDGE_CURVE('',#6792,#6831,#7750,.T.);
#7750 = LINE('',#7751,#7752);
#7751 = CARTESIAN_POINT('',(-4.070101528324,-0.709918753393,
    1.250000034085));
#7752 = VECTOR('',#7753,1.);
#7753 = DIRECTION('',(-0.707106781187,0.707106781187,2.46885013108E-15)
  );
#7754 = ORIENTED_EDGE('',*,*,#6791,.F.);
#7755 = PLANE('',#7756);
#7756 = AXIS2_PLACEMENT_3D('',#7757,#7758,#7759);
#7757 = CARTESIAN_POINT('',(-4.070101528324,-0.709918753393,
    1.910000022429));
#7758 = DIRECTION('',(-0.707106781187,-0.707106781187,-2.46885013108E-15
    ));
#7759 = DIRECTION('',(1.238117190744E-27,-3.491481338842E-15,1.));
#7760 = ADVANCED_FACE('',(#7761),#7772,.T.);
#7761 = FACE_BOUND('',#7762,.T.);
#7762 = EDGE_LOOP('',(#7763,#7764,#7765,#7771));
#7763 = ORIENTED_EDGE('',*,*,#7725,.T.);
#7764 = ORIENTED_EDGE('',*,*,#6774,.F.);
#7765 = ORIENTED_EDGE('',*,*,#7766,.F.);
#7766 = EDGE_CURVE('',#7535,#6766,#7767,.T.);
#7767 = LINE('',#7768,#7769);
#7768 = CARTESIAN_POINT('',(3.21989834293,-0.609918755159,2.860000005651
    ));
#7769 = VECTOR('',#7770,1.);
#7770 = DIRECTION('',(0.,-0.707106781187,-0.707106781187));
#7771 = ORIENTED_EDGE('',*,*,#7575,.F.);
#7772 = PLANE('',#7773);
#7773 = AXIS2_PLACEMENT_3D('',#7774,#7775,#7776);
#7774 = CARTESIAN_POINT('',(3.21989834293,-0.709918753393,2.760000007417
    ));
#7775 = DIRECTION('',(0.,-0.707106781187,0.707106781187));
#7776 = DIRECTION('',(1.,0.,0.));
#7777 = ADVANCED_FACE('',(#7778),#7789,.T.);
#7778 = FACE_BOUND('',#7779,.T.);
#7779 = EDGE_LOOP('',(#7780,#7781,#7782,#7788));
#7780 = ORIENTED_EDGE('',*,*,#7749,.T.);
#7781 = ORIENTED_EDGE('',*,*,#6830,.F.);
#7782 = ORIENTED_EDGE('',*,*,#7783,.F.);
#7783 = EDGE_CURVE('',#6739,#6821,#7784,.T.);
#7784 = LINE('',#7785,#7786);
#7785 = CARTESIAN_POINT('',(-3.220101543336,-0.709918753393,
    0.400000049097));
#7786 = VECTOR('',#7787,1.);
#7787 = DIRECTION('',(0.,0.707106781187,-0.707106781187));
#7788 = ORIENTED_EDGE('',*,*,#6799,.F.);
#7789 = CONICAL_SURFACE('',#7790,0.849999984988,0.785398163397);
#7790 = AXIS2_PLACEMENT_3D('',#7791,#7792,#7793);
#7791 = CARTESIAN_POINT('',(-3.220101543336,-0.709918753393,
    1.250000034085));
#7792 = DIRECTION('',(0.,1.,3.491481338843E-15));
#7793 = DIRECTION('',(-1.,0.,0.));
#7794 = ADVANCED_FACE('',(#7795),#7806,.T.);
#7795 = FACE_BOUND('',#7796,.T.);
#7796 = EDGE_LOOP('',(#7797,#7798,#7799,#7805));
#7797 = ORIENTED_EDGE('',*,*,#7766,.T.);
#7798 = ORIENTED_EDGE('',*,*,#6765,.F.);
#7799 = ORIENTED_EDGE('',*,*,#7800,.F.);
#7800 = EDGE_CURVE('',#7471,#6758,#7801,.T.);
#7801 = LINE('',#7802,#7803);
#7802 = CARTESIAN_POINT('',(4.169898326152,-0.609918755159,
    1.910000022429));
#7803 = VECTOR('',#7804,1.);
#7804 = DIRECTION('',(-0.707106781187,-0.707106781187,-2.46885013108E-15
    ));
#7805 = ORIENTED_EDGE('',*,*,#7542,.F.);
#7806 = CONICAL_SURFACE('',#7807,0.849999984988,0.785398163397);
#7807 = AXIS2_PLACEMENT_3D('',#7808,#7809,#7810);
#7808 = CARTESIAN_POINT('',(3.21989834293,-0.709918753393,1.910000022429
    ));
#7809 = DIRECTION('',(0.,1.,3.491481338843E-15));
#7810 = DIRECTION('',(-1.,0.,0.));
#7811 = ADVANCED_FACE('',(#7812),#7823,.T.);
#7812 = FACE_BOUND('',#7813,.T.);
#7813 = EDGE_LOOP('',(#7814,#7815,#7816,#7822));
#7814 = ORIENTED_EDGE('',*,*,#7783,.T.);
#7815 = ORIENTED_EDGE('',*,*,#6872,.F.);
#7816 = ORIENTED_EDGE('',*,*,#7817,.F.);
#7817 = EDGE_CURVE('',#6741,#6863,#7818,.T.);
#7818 = LINE('',#7819,#7820);
#7819 = CARTESIAN_POINT('',(3.21989834293,-0.709918753393,0.400000049097
    ));
#7820 = VECTOR('',#7821,1.);
#7821 = DIRECTION('',(0.,0.707106781187,-0.707106781187));
#7822 = ORIENTED_EDGE('',*,*,#6738,.F.);
#7823 = PLANE('',#7824);
#7824 = AXIS2_PLACEMENT_3D('',#7825,#7826,#7827);
#7825 = CARTESIAN_POINT('',(3.21989834293,-0.709918753393,0.400000049097
    ));
#7826 = DIRECTION('',(0.,-0.707106781187,-0.707106781187));
#7827 = DIRECTION('',(-1.,-0.,0.));
#7828 = ADVANCED_FACE('',(#7829),#7840,.T.);
#7829 = FACE_BOUND('',#7830,.T.);
#7830 = EDGE_LOOP('',(#7831,#7832,#7833,#7839));
#7831 = ORIENTED_EDGE('',*,*,#7800,.T.);
#7832 = ORIENTED_EDGE('',*,*,#6757,.F.);
#7833 = ORIENTED_EDGE('',*,*,#7834,.F.);
#7834 = EDGE_CURVE('',#6894,#6749,#7835,.T.);
#7835 = LINE('',#7836,#7837);
#7836 = CARTESIAN_POINT('',(4.169898326152,-0.609918755159,
    1.250000034085));
#7837 = VECTOR('',#7838,1.);
#7838 = DIRECTION('',(-0.707106781187,-0.707106781187,-2.46885013108E-15
    ));
#7839 = ORIENTED_EDGE('',*,*,#7478,.F.);
#7840 = PLANE('',#7841);
#7841 = AXIS2_PLACEMENT_3D('',#7842,#7843,#7844);
#7842 = CARTESIAN_POINT('',(4.069898327918,-0.709918753393,
    1.910000022429));
#7843 = DIRECTION('',(0.707106781187,-0.707106781187,-2.46885013108E-15)
  );
#7844 = DIRECTION('',(1.238117190744E-27,3.491481338842E-15,-1.));
#7845 = ADVANCED_FACE('',(#7846),#7852,.T.);
#7846 = FACE_BOUND('',#7847,.T.);
#7847 = EDGE_LOOP('',(#7848,#7849,#7850,#7851));
#7848 = ORIENTED_EDGE('',*,*,#7817,.T.);
#7849 = ORIENTED_EDGE('',*,*,#6903,.F.);
#7850 = ORIENTED_EDGE('',*,*,#7834,.T.);
#7851 = ORIENTED_EDGE('',*,*,#6748,.F.);
#7852 = CONICAL_SURFACE('',#7853,0.849999984988,0.785398163397);
#7853 = AXIS2_PLACEMENT_3D('',#7854,#7855,#7856);
#7854 = CARTESIAN_POINT('',(3.21989834293,-0.709918753393,1.250000034085
    ));
#7855 = DIRECTION('',(0.,1.,3.491481338843E-15));
#7856 = DIRECTION('',(-1.,0.,0.));
#7857 = ADVANCED_FACE('',(#7858),#7901,.T.);
#7858 = FACE_BOUND('',#7859,.T.);
#7859 = EDGE_LOOP('',(#7860,#7868,#7877,#7885,#7894,#7900));
#7860 = ORIENTED_EDGE('',*,*,#7861,.F.);
#7861 = EDGE_CURVE('',#7862,#5988,#7864,.T.);
#7862 = VERTEX_POINT('',#7863);
#7863 = CARTESIAN_POINT('',(-4.47010152126,1.940081199807,1.660000026844
    ));
#7864 = LINE('',#7865,#7866);
#7865 = CARTESIAN_POINT('',(-4.47010152126,2.590081188327,1.660000026844
    ));
#7866 = VECTOR('',#7867,1.);
#7867 = DIRECTION('',(0.,1.,3.610065951459E-15));
#7868 = ORIENTED_EDGE('',*,*,#7869,.T.);
#7869 = EDGE_CURVE('',#7862,#7870,#7872,.T.);
#7870 = VERTEX_POINT('',#7871);
#7871 = CARTESIAN_POINT('',(-4.47010152126,1.790081202456,1.810000024195
    ));
#7872 = CIRCLE('',#7873,0.149999997351);
#7873 = AXIS2_PLACEMENT_3D('',#7874,#7875,#7876);
#7874 = CARTESIAN_POINT('',(-4.47010152126,1.940081199807,1.810000024195
    ));
#7875 = DIRECTION('',(-1.,-0.,0.));
#7876 = DIRECTION('',(0.,-1.,-3.433306879537E-15));
#7877 = ORIENTED_EDGE('',*,*,#7878,.F.);
#7878 = EDGE_CURVE('',#7879,#7870,#7881,.T.);
#7879 = VERTEX_POINT('',#7880);
#7880 = CARTESIAN_POINT('',(-4.47010152126,1.790081202456,2.510000011833
    ));
#7881 = LINE('',#7882,#7883);
#7882 = CARTESIAN_POINT('',(-4.47010152126,1.790081202456,1.660000026844
    ));
#7883 = VECTOR('',#7884,1.);
#7884 = DIRECTION('',(0.,3.491481338843E-15,-1.));
#7885 = ORIENTED_EDGE('',*,*,#7886,.T.);
#7886 = EDGE_CURVE('',#7879,#7887,#7889,.T.);
#7887 = VERTEX_POINT('',#7888);
#7888 = CARTESIAN_POINT('',(-4.47010152126,1.940081199807,2.660000009184
    ));
#7889 = CIRCLE('',#7890,0.149999997351);
#7890 = AXIS2_PLACEMENT_3D('',#7891,#7892,#7893);
#7891 = CARTESIAN_POINT('',(-4.47010152126,1.940081199807,2.510000011833
    ));
#7892 = DIRECTION('',(-1.,-0.,0.));
#7893 = DIRECTION('',(0.,-1.,-3.614007241618E-15));
#7894 = ORIENTED_EDGE('',*,*,#7895,.F.);
#7895 = EDGE_CURVE('',#5996,#7887,#7896,.T.);
#7896 = LINE('',#7897,#7898);
#7897 = CARTESIAN_POINT('',(-4.47010152126,2.590081188327,2.660000009184
    ));
#7898 = VECTOR('',#7899,1.);
#7899 = DIRECTION('',(0.,-1.,-3.491481338843E-15));
#7900 = ORIENTED_EDGE('',*,*,#5995,.F.);
#7901 = PLANE('',#7902);
#7902 = AXIS2_PLACEMENT_3D('',#7903,#7904,#7905);
#7903 = CARTESIAN_POINT('',(-4.47010152126,2.590081188327,1.250000034085
    ));
#7904 = DIRECTION('',(-1.,0.,0.));
#7905 = DIRECTION('',(0.,1.,3.491481338843E-15));
#7906 = ADVANCED_FACE('',(#7907),#7918,.T.);
#7907 = FACE_BOUND('',#7908,.T.);
#7908 = EDGE_LOOP('',(#7909,#7910,#7916,#7917));
#7909 = ORIENTED_EDGE('',*,*,#7689,.F.);
#7910 = ORIENTED_EDGE('',*,*,#7911,.T.);
#7911 = EDGE_CURVE('',#7681,#7862,#7912,.T.);
#7912 = LINE('',#7913,#7914);
#7913 = CARTESIAN_POINT('',(-5.75072634613,1.940081199807,1.660000026844
    ));
#7914 = VECTOR('',#7915,1.);
#7915 = DIRECTION('',(-1.,-0.,-0.));
#7916 = ORIENTED_EDGE('',*,*,#7861,.T.);
#7917 = ORIENTED_EDGE('',*,*,#5987,.T.);
#7918 = PLANE('',#7919);
#7919 = AXIS2_PLACEMENT_3D('',#7920,#7921,#7922);
#7920 = CARTESIAN_POINT('',(-5.75072634613,2.590081188327,1.660000026844
    ));
#7921 = DIRECTION('',(0.,3.610065951459E-15,-1.));
#7922 = DIRECTION('',(0.,1.,3.610065951459E-15));
#7923 = ADVANCED_FACE('',(#7924),#7941,.T.);
#7924 = FACE_BOUND('',#7925,.T.);
#7925 = EDGE_LOOP('',(#7926,#7927,#7933,#7934,#7935));
#7926 = ORIENTED_EDGE('',*,*,#7878,.T.);
#7927 = ORIENTED_EDGE('',*,*,#7928,.T.);
#7928 = EDGE_CURVE('',#7870,#7673,#7929,.T.);
#7929 = LINE('',#7930,#7931);
#7930 = CARTESIAN_POINT('',(-5.75072634613,1.790081202456,1.810000024195
    ));
#7931 = VECTOR('',#7932,1.);
#7932 = DIRECTION('',(1.,0.,0.));
#7933 = ORIENTED_EDGE('',*,*,#7672,.F.);
#7934 = ORIENTED_EDGE('',*,*,#7611,.F.);
#7935 = ORIENTED_EDGE('',*,*,#7936,.T.);
#7936 = EDGE_CURVE('',#7599,#7879,#7937,.T.);
#7937 = LINE('',#7938,#7939);
#7938 = CARTESIAN_POINT('',(-5.75072634613,1.790081202456,2.510000011833
    ));
#7939 = VECTOR('',#7940,1.);
#7940 = DIRECTION('',(-1.,-0.,-0.));
#7941 = PLANE('',#7942);
#7942 = AXIS2_PLACEMENT_3D('',#7943,#7944,#7945);
#7943 = CARTESIAN_POINT('',(-5.75072634613,1.790081202456,1.660000026844
    ));
#7944 = DIRECTION('',(0.,-1.,-3.491481338843E-15));
#7945 = DIRECTION('',(1.,0.,0.));
#7946 = ADVANCED_FACE('',(#7947),#7958,.T.);
#7947 = FACE_BOUND('',#7948,.T.);
#7948 = EDGE_LOOP('',(#7949,#7950,#7956,#7957));
#7949 = ORIENTED_EDGE('',*,*,#7895,.T.);
#7950 = ORIENTED_EDGE('',*,*,#7951,.T.);
#7951 = EDGE_CURVE('',#7887,#7591,#7952,.T.);
#7952 = LINE('',#7953,#7954);
#7953 = CARTESIAN_POINT('',(-5.75072634613,1.940081199807,2.660000009184
    ));
#7954 = VECTOR('',#7955,1.);
#7955 = DIRECTION('',(1.,0.,0.));
#7956 = ORIENTED_EDGE('',*,*,#7590,.F.);
#7957 = ORIENTED_EDGE('',*,*,#6003,.F.);
#7958 = PLANE('',#7959);
#7959 = AXIS2_PLACEMENT_3D('',#7960,#7961,#7962);
#7960 = CARTESIAN_POINT('',(-5.75072634613,2.590081188327,2.660000009184
    ));
#7961 = DIRECTION('',(0.,-3.491481338843E-15,1.));
#7962 = DIRECTION('',(0.,-1.,-3.491481338843E-15));
#7963 = ADVANCED_FACE('',(#7964),#7982,.T.);
#7964 = FACE_BOUND('',#7965,.T.);
#7965 = EDGE_LOOP('',(#7966,#7967,#7975,#7981));
#7966 = ORIENTED_EDGE('',*,*,#7519,.F.);
#7967 = ORIENTED_EDGE('',*,*,#7968,.T.);
#7968 = EDGE_CURVE('',#7509,#7969,#7971,.T.);
#7969 = VERTEX_POINT('',#7970);
#7970 = CARTESIAN_POINT('',(4.469898320854,1.940081199807,2.660000009184
    ));
#7971 = LINE('',#7972,#7973);
#7972 = CARTESIAN_POINT('',(-5.75072634613,1.940081199807,2.660000009184
    ));
#7973 = VECTOR('',#7974,1.);
#7974 = DIRECTION('',(1.,0.,0.));
#7975 = ORIENTED_EDGE('',*,*,#7976,.F.);
#7976 = EDGE_CURVE('',#6946,#7969,#7977,.T.);
#7977 = LINE('',#7978,#7979);
#7978 = CARTESIAN_POINT('',(4.469898320854,2.590081188327,2.660000009184
    ));
#7979 = VECTOR('',#7980,1.);
#7980 = DIRECTION('',(0.,-1.,-3.491481338843E-15));
#7981 = ORIENTED_EDGE('',*,*,#6945,.F.);
#7982 = PLANE('',#7983);
#7983 = AXIS2_PLACEMENT_3D('',#7984,#7985,#7986);
#7984 = CARTESIAN_POINT('',(-5.75072634613,2.590081188327,2.660000009184
    ));
#7985 = DIRECTION('',(0.,-3.491481338843E-15,1.));
#7986 = DIRECTION('',(0.,-1.,-3.491481338843E-15));
#7987 = ADVANCED_FACE('',(#7988),#8014,.T.);
#7988 = FACE_BOUND('',#7989,.T.);
#7989 = EDGE_LOOP('',(#7990,#7991,#7999,#8007,#8013));
#7990 = ORIENTED_EDGE('',*,*,#7462,.F.);
#7991 = ORIENTED_EDGE('',*,*,#7992,.T.);
#7992 = EDGE_CURVE('',#7454,#7993,#7995,.T.);
#7993 = VERTEX_POINT('',#7994);
#7994 = CARTESIAN_POINT('',(4.469898320854,1.790081202456,1.810000024195
    ));
#7995 = LINE('',#7996,#7997);
#7996 = CARTESIAN_POINT('',(-5.75072634613,1.790081202456,1.810000024195
    ));
#7997 = VECTOR('',#7998,1.);
#7998 = DIRECTION('',(1.,0.,0.));
#7999 = ORIENTED_EDGE('',*,*,#8000,.F.);
#8000 = EDGE_CURVE('',#8001,#7993,#8003,.T.);
#8001 = VERTEX_POINT('',#8002);
#8002 = CARTESIAN_POINT('',(4.469898320854,1.790081202456,2.510000011833
    ));
#8003 = LINE('',#8004,#8005);
#8004 = CARTESIAN_POINT('',(4.469898320854,1.790081202456,1.660000026844
    ));
#8005 = VECTOR('',#8006,1.);
#8006 = DIRECTION('',(0.,3.491481338843E-15,-1.));
#8007 = ORIENTED_EDGE('',*,*,#8008,.T.);
#8008 = EDGE_CURVE('',#8001,#7500,#8009,.T.);
#8009 = LINE('',#8010,#8011);
#8010 = CARTESIAN_POINT('',(-5.75072634613,1.790081202456,2.510000011833
    ));
#8011 = VECTOR('',#8012,1.);
#8012 = DIRECTION('',(-1.,-0.,-0.));
#8013 = ORIENTED_EDGE('',*,*,#7499,.F.);
#8014 = PLANE('',#8015);
#8015 = AXIS2_PLACEMENT_3D('',#8016,#8017,#8018);
#8016 = CARTESIAN_POINT('',(-5.75072634613,1.790081202456,1.660000026844
    ));
#8017 = DIRECTION('',(0.,-1.,-3.491481338843E-15));
#8018 = DIRECTION('',(1.,0.,0.));
#8019 = ADVANCED_FACE('',(#8020),#8038,.T.);
#8020 = FACE_BOUND('',#8021,.T.);
#8021 = EDGE_LOOP('',(#8022,#8030,#8036,#8037));
#8022 = ORIENTED_EDGE('',*,*,#8023,.F.);
#8023 = EDGE_CURVE('',#8024,#6954,#8026,.T.);
#8024 = VERTEX_POINT('',#8025);
#8025 = CARTESIAN_POINT('',(4.469898320854,1.940081199807,1.660000026844
    ));
#8026 = LINE('',#8027,#8028);
#8027 = CARTESIAN_POINT('',(4.469898320854,2.590081188327,1.660000026844
    ));
#8028 = VECTOR('',#8029,1.);
#8029 = DIRECTION('',(0.,1.,3.610065951459E-15));
#8030 = ORIENTED_EDGE('',*,*,#8031,.T.);
#8031 = EDGE_CURVE('',#8024,#7446,#8032,.T.);
#8032 = LINE('',#8033,#8034);
#8033 = CARTESIAN_POINT('',(-5.75072634613,1.940081199807,1.660000026844
    ));
#8034 = VECTOR('',#8035,1.);
#8035 = DIRECTION('',(-1.,-0.,-0.));
#8036 = ORIENTED_EDGE('',*,*,#7445,.F.);
#8037 = ORIENTED_EDGE('',*,*,#6961,.T.);
#8038 = PLANE('',#8039);
#8039 = AXIS2_PLACEMENT_3D('',#8040,#8041,#8042);
#8040 = CARTESIAN_POINT('',(-5.75072634613,2.590081188327,1.660000026844
    ));
#8041 = DIRECTION('',(0.,3.610065951459E-15,-1.));
#8042 = DIRECTION('',(0.,1.,3.610065951459E-15));
#8043 = ADVANCED_FACE('',(#8044),#8064,.T.);
#8044 = FACE_BOUND('',#8045,.T.);
#8045 = EDGE_LOOP('',(#8046,#8047,#8054,#8055,#8056,#8057));
#8046 = ORIENTED_EDGE('',*,*,#8000,.T.);
#8047 = ORIENTED_EDGE('',*,*,#8048,.T.);
#8048 = EDGE_CURVE('',#7993,#8024,#8049,.T.);
#8049 = CIRCLE('',#8050,0.149999997351);
#8050 = AXIS2_PLACEMENT_3D('',#8051,#8052,#8053);
#8051 = CARTESIAN_POINT('',(4.469898320854,1.940081199807,1.810000024195
    ));
#8052 = DIRECTION('',(1.,0.,-0.));
#8053 = DIRECTION('',(0.,1.,3.433306879537E-15));
#8054 = ORIENTED_EDGE('',*,*,#8023,.T.);
#8055 = ORIENTED_EDGE('',*,*,#6953,.T.);
#8056 = ORIENTED_EDGE('',*,*,#7976,.T.);
#8057 = ORIENTED_EDGE('',*,*,#8058,.T.);
#8058 = EDGE_CURVE('',#7969,#8001,#8059,.T.);
#8059 = CIRCLE('',#8060,0.149999997351);
#8060 = AXIS2_PLACEMENT_3D('',#8061,#8062,#8063);
#8061 = CARTESIAN_POINT('',(4.469898320854,1.940081199807,2.510000011833
    ));
#8062 = DIRECTION('',(1.,0.,-0.));
#8063 = DIRECTION('',(0.,1.,3.614007241618E-15));
#8064 = PLANE('',#8065);
#8065 = AXIS2_PLACEMENT_3D('',#8066,#8067,#8068);
#8066 = CARTESIAN_POINT('',(4.469898320854,-1.359918741913,
    1.580000028257));
#8067 = DIRECTION('',(1.,0.,0.));
#8068 = DIRECTION('',(-0.,1.,3.491481338843E-15));
#8069 = ADVANCED_FACE('',(#8070),#8076,.T.);
#8070 = FACE_BOUND('',#8071,.T.);
#8071 = EDGE_LOOP('',(#8072,#8073,#8074,#8075));
#8072 = ORIENTED_EDGE('',*,*,#7869,.F.);
#8073 = ORIENTED_EDGE('',*,*,#7911,.F.);
#8074 = ORIENTED_EDGE('',*,*,#7680,.F.);
#8075 = ORIENTED_EDGE('',*,*,#7928,.F.);
#8076 = CYLINDRICAL_SURFACE('',#8077,0.149999997351);
#8077 = AXIS2_PLACEMENT_3D('',#8078,#8079,#8080);
#8078 = CARTESIAN_POINT('',(-5.75072634613,1.940081199807,1.810000024195
    ));
#8079 = DIRECTION('',(1.,0.,0.));
#8080 = DIRECTION('',(-0.,1.,3.433306879537E-15));
#8081 = ADVANCED_FACE('',(#8082),#8088,.T.);
#8082 = FACE_BOUND('',#8083,.T.);
#8083 = EDGE_LOOP('',(#8084,#8085,#8086,#8087));
#8084 = ORIENTED_EDGE('',*,*,#7886,.F.);
#8085 = ORIENTED_EDGE('',*,*,#7936,.F.);
#8086 = ORIENTED_EDGE('',*,*,#7598,.F.);
#8087 = ORIENTED_EDGE('',*,*,#7951,.F.);
#8088 = CYLINDRICAL_SURFACE('',#8089,0.149999997351);
#8089 = AXIS2_PLACEMENT_3D('',#8090,#8091,#8092);
#8090 = CARTESIAN_POINT('',(-5.75072634613,1.940081199807,2.510000011833
    ));
#8091 = DIRECTION('',(1.,0.,0.));
#8092 = DIRECTION('',(-0.,1.,3.614007241618E-15));
#8093 = ADVANCED_FACE('',(#8094),#8100,.T.);
#8094 = FACE_BOUND('',#8095,.T.);
#8095 = EDGE_LOOP('',(#8096,#8097,#8098,#8099));
#8096 = ORIENTED_EDGE('',*,*,#7453,.F.);
#8097 = ORIENTED_EDGE('',*,*,#8031,.F.);
#8098 = ORIENTED_EDGE('',*,*,#8048,.F.);
#8099 = ORIENTED_EDGE('',*,*,#7992,.F.);
#8100 = CYLINDRICAL_SURFACE('',#8101,0.149999997351);
#8101 = AXIS2_PLACEMENT_3D('',#8102,#8103,#8104);
#8102 = CARTESIAN_POINT('',(-5.75072634613,1.940081199807,1.810000024195
    ));
#8103 = DIRECTION('',(1.,0.,0.));
#8104 = DIRECTION('',(-0.,1.,3.433306879537E-15));
#8105 = ADVANCED_FACE('',(#8106),#8112,.T.);
#8106 = FACE_BOUND('',#8107,.T.);
#8107 = EDGE_LOOP('',(#8108,#8109,#8110,#8111));
#8108 = ORIENTED_EDGE('',*,*,#7508,.F.);
#8109 = ORIENTED_EDGE('',*,*,#8008,.F.);
#8110 = ORIENTED_EDGE('',*,*,#8058,.F.);
#8111 = ORIENTED_EDGE('',*,*,#7968,.F.);
#8112 = CYLINDRICAL_SURFACE('',#8113,0.149999997351);
#8113 = AXIS2_PLACEMENT_3D('',#8114,#8115,#8116);
#8114 = CARTESIAN_POINT('',(-5.75072634613,1.940081199807,2.510000011833
    ));
#8115 = DIRECTION('',(1.,0.,0.));
#8116 = DIRECTION('',(-0.,1.,3.614007241618E-15));
#8117 = ADVANCED_FACE('',(#8118),#8400,.F.);
#8118 = FACE_BOUND('',#8119,.T.);
#8119 = EDGE_LOOP('',(#8120,#8130,#8136,#8137,#8145,#8153,#8159,#8160,
    #8168,#8176,#8182,#8183,#8191,#8199,#8205,#8206,#8214,#8222,#8228,
    #8229,#8237,#8245,#8251,#8252,#8260,#8268,#8274,#8275,#8283,#8291,
    #8297,#8298,#8306,#8314,#8320,#8321,#8329,#8337,#8343,#8344,#8352,
    #8360,#8366,#8367,#8375,#8383,#8389,#8390,#8391,#8392,#8393,#8394));
#8120 = ORIENTED_EDGE('',*,*,#8121,.F.);
#8121 = EDGE_CURVE('',#8122,#8124,#8126,.T.);
#8122 = VERTEX_POINT('',#8123);
#8123 = CARTESIAN_POINT('',(2.524898355204,1.190081213052,
    5.00000552778E-02));
#8124 = VERTEX_POINT('',#8125);
#8125 = CARTESIAN_POINT('',(2.724898351672,1.190081213052,
    5.00000552778E-02));
#8126 = LINE('',#8127,#8128);
#8127 = CARTESIAN_POINT('',(-4.170101526558,1.190081213052,
    5.00000552778E-02));
#8128 = VECTOR('',#8129,1.);
#8129 = DIRECTION('',(1.,0.,0.));
#8130 = ORIENTED_EDGE('',*,*,#8131,.T.);
#8131 = EDGE_CURVE('',#8122,#6049,#8132,.T.);
#8132 = LINE('',#8133,#8134);
#8133 = CARTESIAN_POINT('',(2.524898355204,1.190081213052,0.300000050863
    ));
#8134 = VECTOR('',#8135,1.);
#8135 = DIRECTION('',(0.,3.491481338843E-15,-1.));
#8136 = ORIENTED_EDGE('',*,*,#6456,.T.);
#8137 = ORIENTED_EDGE('',*,*,#8138,.T.);
#8138 = EDGE_CURVE('',#6449,#8139,#8141,.T.);
#8139 = VERTEX_POINT('',#8140);
#8140 = CARTESIAN_POINT('',(2.224898360502,1.190081213052,
    5.00000552778E-02));
#8141 = LINE('',#8142,#8143);
#8142 = CARTESIAN_POINT('',(2.224898360502,1.190081213052,0.300000050863
    ));
#8143 = VECTOR('',#8144,1.);
#8144 = DIRECTION('',(0.,-3.491481338843E-15,1.));
#8145 = ORIENTED_EDGE('',*,*,#8146,.F.);
#8146 = EDGE_CURVE('',#8147,#8139,#8149,.T.);
#8147 = VERTEX_POINT('',#8148);
#8148 = CARTESIAN_POINT('',(2.024898364034,1.190081213052,
    5.00000552778E-02));
#8149 = LINE('',#8150,#8151);
#8150 = CARTESIAN_POINT('',(-4.170101526558,1.190081213052,
    5.00000552778E-02));
#8151 = VECTOR('',#8152,1.);
#8152 = DIRECTION('',(1.,0.,0.));
#8153 = ORIENTED_EDGE('',*,*,#8154,.T.);
#8154 = EDGE_CURVE('',#8147,#6425,#8155,.T.);
#8155 = LINE('',#8156,#8157);
#8156 = CARTESIAN_POINT('',(2.024898364034,1.190081213052,0.300000050863
    ));
#8157 = VECTOR('',#8158,1.);
#8158 = DIRECTION('',(0.,3.491481338843E-15,-1.));
#8159 = ORIENTED_EDGE('',*,*,#6424,.T.);
#8160 = ORIENTED_EDGE('',*,*,#8161,.T.);
#8161 = EDGE_CURVE('',#6417,#8162,#8164,.T.);
#8162 = VERTEX_POINT('',#8163);
#8163 = CARTESIAN_POINT('',(1.724898369332,1.190081213052,
    5.00000552778E-02));
#8164 = LINE('',#8165,#8166);
#8165 = CARTESIAN_POINT('',(1.724898369332,1.190081213052,0.300000050863
    ));
#8166 = VECTOR('',#8167,1.);
#8167 = DIRECTION('',(0.,-3.491481338843E-15,1.));
#8168 = ORIENTED_EDGE('',*,*,#8169,.F.);
#8169 = EDGE_CURVE('',#8170,#8162,#8172,.T.);
#8170 = VERTEX_POINT('',#8171);
#8171 = CARTESIAN_POINT('',(1.524898372864,1.190081213052,
    5.00000552778E-02));
#8172 = LINE('',#8173,#8174);
#8173 = CARTESIAN_POINT('',(-4.170101526558,1.190081213052,
    5.00000552778E-02));
#8174 = VECTOR('',#8175,1.);
#8175 = DIRECTION('',(1.,0.,0.));
#8176 = ORIENTED_EDGE('',*,*,#8177,.T.);
#8177 = EDGE_CURVE('',#8170,#6393,#8178,.T.);
#8178 = LINE('',#8179,#8180);
#8179 = CARTESIAN_POINT('',(1.524898372864,1.190081213052,0.300000050863
    ));
#8180 = VECTOR('',#8181,1.);
#8181 = DIRECTION('',(0.,3.491481338843E-15,-1.));
#8182 = ORIENTED_EDGE('',*,*,#6392,.T.);
#8183 = ORIENTED_EDGE('',*,*,#8184,.T.);
#8184 = EDGE_CURVE('',#6385,#8185,#8187,.T.);
#8185 = VERTEX_POINT('',#8186);
#8186 = CARTESIAN_POINT('',(1.224898378163,1.190081213052,
    5.00000552778E-02));
#8187 = LINE('',#8188,#8189);
#8188 = CARTESIAN_POINT('',(1.224898378163,1.190081213052,0.300000050863
    ));
#8189 = VECTOR('',#8190,1.);
#8190 = DIRECTION('',(0.,-3.491481338843E-15,1.));
#8191 = ORIENTED_EDGE('',*,*,#8192,.F.);
#8192 = EDGE_CURVE('',#8193,#8185,#8195,.T.);
#8193 = VERTEX_POINT('',#8194);
#8194 = CARTESIAN_POINT('',(1.024898381695,1.190081213052,
    5.00000552778E-02));
#8195 = LINE('',#8196,#8197);
#8196 = CARTESIAN_POINT('',(-4.170101526558,1.190081213052,
    5.00000552778E-02));
#8197 = VECTOR('',#8198,1.);
#8198 = DIRECTION('',(1.,0.,0.));
#8199 = ORIENTED_EDGE('',*,*,#8200,.T.);
#8200 = EDGE_CURVE('',#8193,#6361,#8201,.T.);
#8201 = LINE('',#8202,#8203);
#8202 = CARTESIAN_POINT('',(1.024898381695,1.190081213052,0.300000050863
    ));
#8203 = VECTOR('',#8204,1.);
#8204 = DIRECTION('',(0.,3.491481338843E-15,-1.));
#8205 = ORIENTED_EDGE('',*,*,#6360,.T.);
#8206 = ORIENTED_EDGE('',*,*,#8207,.T.);
#8207 = EDGE_CURVE('',#6353,#8208,#8210,.T.);
#8208 = VERTEX_POINT('',#8209);
#8209 = CARTESIAN_POINT('',(0.724898386993,1.190081213052,
    5.00000552778E-02));
#8210 = LINE('',#8211,#8212);
#8211 = CARTESIAN_POINT('',(0.724898386993,1.190081213052,0.300000050863
    ));
#8212 = VECTOR('',#8213,1.);
#8213 = DIRECTION('',(0.,-3.491481338843E-15,1.));
#8214 = ORIENTED_EDGE('',*,*,#8215,.F.);
#8215 = EDGE_CURVE('',#8216,#8208,#8218,.T.);
#8216 = VERTEX_POINT('',#8217);
#8217 = CARTESIAN_POINT('',(0.524898390525,1.190081213052,
    5.00000552778E-02));
#8218 = LINE('',#8219,#8220);
#8219 = CARTESIAN_POINT('',(-4.170101526558,1.190081213052,
    5.00000552778E-02));
#8220 = VECTOR('',#8221,1.);
#8221 = DIRECTION('',(1.,0.,0.));
#8222 = ORIENTED_EDGE('',*,*,#8223,.T.);
#8223 = EDGE_CURVE('',#8216,#6329,#8224,.T.);
#8224 = LINE('',#8225,#8226);
#8225 = CARTESIAN_POINT('',(0.524898390525,1.190081213052,0.300000050863
    ));
#8226 = VECTOR('',#8227,1.);
#8227 = DIRECTION('',(0.,3.491481338843E-15,-1.));
#8228 = ORIENTED_EDGE('',*,*,#6328,.T.);
#8229 = ORIENTED_EDGE('',*,*,#8230,.T.);
#8230 = EDGE_CURVE('',#6321,#8231,#8233,.T.);
#8231 = VERTEX_POINT('',#8232);
#8232 = CARTESIAN_POINT('',(0.224898395823,1.190081213052,
    5.00000552778E-02));
#8233 = LINE('',#8234,#8235);
#8234 = CARTESIAN_POINT('',(0.224898395823,1.190081213052,0.300000050863
    ));
#8235 = VECTOR('',#8236,1.);
#8236 = DIRECTION('',(0.,-3.491481338843E-15,1.));
#8237 = ORIENTED_EDGE('',*,*,#8238,.F.);
#8238 = EDGE_CURVE('',#8239,#8231,#8241,.T.);
#8239 = VERTEX_POINT('',#8240);
#8240 = CARTESIAN_POINT('',(2.489839935528E-02,1.190081213052,
    5.00000552778E-02));
#8241 = LINE('',#8242,#8243);
#8242 = CARTESIAN_POINT('',(-4.170101526558,1.190081213052,
    5.00000552778E-02));
#8243 = VECTOR('',#8244,1.);
#8244 = DIRECTION('',(1.,0.,0.));
#8245 = ORIENTED_EDGE('',*,*,#8246,.T.);
#8246 = EDGE_CURVE('',#8239,#6297,#8247,.T.);
#8247 = LINE('',#8248,#8249);
#8248 = CARTESIAN_POINT('',(2.489839935528E-02,1.190081213052,
    0.300000050863));
#8249 = VECTOR('',#8250,1.);
#8250 = DIRECTION('',(0.,3.491481338843E-15,-1.));
#8251 = ORIENTED_EDGE('',*,*,#6296,.T.);
#8252 = ORIENTED_EDGE('',*,*,#8253,.T.);
#8253 = EDGE_CURVE('',#6289,#8254,#8256,.T.);
#8254 = VERTEX_POINT('',#8255);
#8255 = CARTESIAN_POINT('',(-0.275101595347,1.190081213052,
    5.00000552778E-02));
#8256 = LINE('',#8257,#8258);
#8257 = CARTESIAN_POINT('',(-0.275101595347,1.190081213052,
    0.300000050863));
#8258 = VECTOR('',#8259,1.);
#8259 = DIRECTION('',(0.,-3.491481338843E-15,1.));
#8260 = ORIENTED_EDGE('',*,*,#8261,.F.);
#8261 = EDGE_CURVE('',#8262,#8254,#8264,.T.);
#8262 = VERTEX_POINT('',#8263);
#8263 = CARTESIAN_POINT('',(-0.475101591814,1.190081213052,
    5.00000552778E-02));
#8264 = LINE('',#8265,#8266);
#8265 = CARTESIAN_POINT('',(-4.170101526558,1.190081213052,
    5.00000552778E-02));
#8266 = VECTOR('',#8267,1.);
#8267 = DIRECTION('',(1.,0.,0.));
#8268 = ORIENTED_EDGE('',*,*,#8269,.T.);
#8269 = EDGE_CURVE('',#8262,#6265,#8270,.T.);
#8270 = LINE('',#8271,#8272);
#8271 = CARTESIAN_POINT('',(-0.475101591814,1.190081213052,
    0.300000050863));
#8272 = VECTOR('',#8273,1.);
#8273 = DIRECTION('',(0.,3.491481338843E-15,-1.));
#8274 = ORIENTED_EDGE('',*,*,#6264,.T.);
#8275 = ORIENTED_EDGE('',*,*,#8276,.T.);
#8276 = EDGE_CURVE('',#6257,#8277,#8279,.T.);
#8277 = VERTEX_POINT('',#8278);
#8278 = CARTESIAN_POINT('',(-0.775101586516,1.190081213052,
    5.00000552778E-02));
#8279 = LINE('',#8280,#8281);
#8280 = CARTESIAN_POINT('',(-0.775101586516,1.190081213052,
    0.300000050863));
#8281 = VECTOR('',#8282,1.);
#8282 = DIRECTION('',(0.,-3.491481338843E-15,1.));
#8283 = ORIENTED_EDGE('',*,*,#8284,.F.);
#8284 = EDGE_CURVE('',#8285,#8277,#8287,.T.);
#8285 = VERTEX_POINT('',#8286);
#8286 = CARTESIAN_POINT('',(-0.975101582984,1.190081213052,
    5.00000552778E-02));
#8287 = LINE('',#8288,#8289);
#8288 = CARTESIAN_POINT('',(-4.170101526558,1.190081213052,
    5.00000552778E-02));
#8289 = VECTOR('',#8290,1.);
#8290 = DIRECTION('',(1.,0.,0.));
#8291 = ORIENTED_EDGE('',*,*,#8292,.T.);
#8292 = EDGE_CURVE('',#8285,#6233,#8293,.T.);
#8293 = LINE('',#8294,#8295);
#8294 = CARTESIAN_POINT('',(-0.975101582984,1.190081213052,
    0.300000050863));
#8295 = VECTOR('',#8296,1.);
#8296 = DIRECTION('',(0.,3.491481338843E-15,-1.));
#8297 = ORIENTED_EDGE('',*,*,#6232,.T.);
#8298 = ORIENTED_EDGE('',*,*,#8299,.T.);
#8299 = EDGE_CURVE('',#6225,#8300,#8302,.T.);
#8300 = VERTEX_POINT('',#8301);
#8301 = CARTESIAN_POINT('',(-1.275101577686,1.190081213052,
    5.00000552778E-02));
#8302 = LINE('',#8303,#8304);
#8303 = CARTESIAN_POINT('',(-1.275101577686,1.190081213052,
    0.300000050863));
#8304 = VECTOR('',#8305,1.);
#8305 = DIRECTION('',(0.,-3.491481338843E-15,1.));
#8306 = ORIENTED_EDGE('',*,*,#8307,.F.);
#8307 = EDGE_CURVE('',#8308,#8300,#8310,.T.);
#8308 = VERTEX_POINT('',#8309);
#8309 = CARTESIAN_POINT('',(-1.475101574154,1.190081213052,
    5.00000552778E-02));
#8310 = LINE('',#8311,#8312);
#8311 = CARTESIAN_POINT('',(-4.170101526558,1.190081213052,
    5.00000552778E-02));
#8312 = VECTOR('',#8313,1.);
#8313 = DIRECTION('',(1.,0.,0.));
#8314 = ORIENTED_EDGE('',*,*,#8315,.T.);
#8315 = EDGE_CURVE('',#8308,#6201,#8316,.T.);
#8316 = LINE('',#8317,#8318);
#8317 = CARTESIAN_POINT('',(-1.475101574154,1.190081213052,
    0.300000050863));
#8318 = VECTOR('',#8319,1.);
#8319 = DIRECTION('',(0.,3.491481338843E-15,-1.));
#8320 = ORIENTED_EDGE('',*,*,#6200,.T.);
#8321 = ORIENTED_EDGE('',*,*,#8322,.T.);
#8322 = EDGE_CURVE('',#6193,#8323,#8325,.T.);
#8323 = VERTEX_POINT('',#8324);
#8324 = CARTESIAN_POINT('',(-1.775101568856,1.190081213052,
    5.00000552778E-02));
#8325 = LINE('',#8326,#8327);
#8326 = CARTESIAN_POINT('',(-1.775101568856,1.190081213052,
    0.300000050863));
#8327 = VECTOR('',#8328,1.);
#8328 = DIRECTION('',(0.,-3.491481338843E-15,1.));
#8329 = ORIENTED_EDGE('',*,*,#8330,.F.);
#8330 = EDGE_CURVE('',#8331,#8323,#8333,.T.);
#8331 = VERTEX_POINT('',#8332);
#8332 = CARTESIAN_POINT('',(-1.975101565323,1.190081213052,
    5.00000552778E-02));
#8333 = LINE('',#8334,#8335);
#8334 = CARTESIAN_POINT('',(-4.170101526558,1.190081213052,
    5.00000552778E-02));
#8335 = VECTOR('',#8336,1.);
#8336 = DIRECTION('',(1.,0.,0.));
#8337 = ORIENTED_EDGE('',*,*,#8338,.T.);
#8338 = EDGE_CURVE('',#8331,#6169,#8339,.T.);
#8339 = LINE('',#8340,#8341);
#8340 = CARTESIAN_POINT('',(-1.975101565323,1.190081213052,
    0.300000050863));
#8341 = VECTOR('',#8342,1.);
#8342 = DIRECTION('',(0.,3.491481338843E-15,-1.));
#8343 = ORIENTED_EDGE('',*,*,#6168,.T.);
#8344 = ORIENTED_EDGE('',*,*,#8345,.T.);
#8345 = EDGE_CURVE('',#6161,#8346,#8348,.T.);
#8346 = VERTEX_POINT('',#8347);
#8347 = CARTESIAN_POINT('',(-2.275101560025,1.190081213052,
    5.00000552778E-02));
#8348 = LINE('',#8349,#8350);
#8349 = CARTESIAN_POINT('',(-2.275101560025,1.190081213052,
    0.300000050863));
#8350 = VECTOR('',#8351,1.);
#8351 = DIRECTION('',(0.,-3.491481338843E-15,1.));
#8352 = ORIENTED_EDGE('',*,*,#8353,.F.);
#8353 = EDGE_CURVE('',#8354,#8346,#8356,.T.);
#8354 = VERTEX_POINT('',#8355);
#8355 = CARTESIAN_POINT('',(-2.475101556493,1.190081213052,
    5.00000552778E-02));
#8356 = LINE('',#8357,#8358);
#8357 = CARTESIAN_POINT('',(-4.170101526558,1.190081213052,
    5.00000552778E-02));
#8358 = VECTOR('',#8359,1.);
#8359 = DIRECTION('',(1.,0.,0.));
#8360 = ORIENTED_EDGE('',*,*,#8361,.T.);
#8361 = EDGE_CURVE('',#8354,#6137,#8362,.T.);
#8362 = LINE('',#8363,#8364);
#8363 = CARTESIAN_POINT('',(-2.475101556493,1.190081213052,
    0.300000050863));
#8364 = VECTOR('',#8365,1.);
#8365 = DIRECTION('',(0.,3.491481338843E-15,-1.));
#8366 = ORIENTED_EDGE('',*,*,#6136,.T.);
#8367 = ORIENTED_EDGE('',*,*,#8368,.T.);
#8368 = EDGE_CURVE('',#6129,#8369,#8371,.T.);
#8369 = VERTEX_POINT('',#8370);
#8370 = CARTESIAN_POINT('',(-2.775101551195,1.190081213052,
    5.00000552778E-02));
#8371 = LINE('',#8372,#8373);
#8372 = CARTESIAN_POINT('',(-2.775101551195,1.190081213052,
    0.300000050863));
#8373 = VECTOR('',#8374,1.);
#8374 = DIRECTION('',(0.,-3.491481338843E-15,1.));
#8375 = ORIENTED_EDGE('',*,*,#8376,.F.);
#8376 = EDGE_CURVE('',#8377,#8369,#8379,.T.);
#8377 = VERTEX_POINT('',#8378);
#8378 = CARTESIAN_POINT('',(-2.975101547663,1.190081213052,
    5.00000552778E-02));
#8379 = LINE('',#8380,#8381);
#8380 = CARTESIAN_POINT('',(-4.170101526558,1.190081213052,
    5.00000552778E-02));
#8381 = VECTOR('',#8382,1.);
#8382 = DIRECTION('',(1.,0.,0.));
#8383 = ORIENTED_EDGE('',*,*,#8384,.T.);
#8384 = EDGE_CURVE('',#8377,#6105,#8385,.T.);
#8385 = LINE('',#8386,#8387);
#8386 = CARTESIAN_POINT('',(-2.975101547663,1.190081213052,
    0.300000050863));
#8387 = VECTOR('',#8388,1.);
#8388 = DIRECTION('',(0.,3.491481338843E-15,-1.));
#8389 = ORIENTED_EDGE('',*,*,#6104,.T.);
#8390 = ORIENTED_EDGE('',*,*,#7651,.F.);
#8391 = ORIENTED_EDGE('',*,*,#5879,.F.);
#8392 = ORIENTED_EDGE('',*,*,#7430,.T.);
#8393 = ORIENTED_EDGE('',*,*,#6072,.T.);
#8394 = ORIENTED_EDGE('',*,*,#8395,.T.);
#8395 = EDGE_CURVE('',#6065,#8124,#8396,.T.);
#8396 = LINE('',#8397,#8398);
#8397 = CARTESIAN_POINT('',(2.724898351672,1.190081213052,0.300000050863
    ));
#8398 = VECTOR('',#8399,1.);
#8399 = DIRECTION('',(0.,-3.491481338843E-15,1.));
#8400 = PLANE('',#8401);
#8401 = AXIS2_PLACEMENT_3D('',#8402,#8403,#8404);
#8402 = CARTESIAN_POINT('',(-4.170101526558,1.190081213052,
    0.300000050863));
#8403 = DIRECTION('',(0.,-1.,-3.491481338843E-15));
#8404 = DIRECTION('',(1.,0.,0.));
#8405 = ADVANCED_FACE('',(#8406),#8412,.F.);
#8406 = FACE_BOUND('',#8407,.T.);
#8407 = EDGE_LOOP('',(#8408,#8409,#8410,#8411));
#8408 = ORIENTED_EDGE('',*,*,#7392,.T.);
#8409 = ORIENTED_EDGE('',*,*,#7437,.F.);
#8410 = ORIENTED_EDGE('',*,*,#5863,.F.);
#8411 = ORIENTED_EDGE('',*,*,#7697,.T.);
#8412 = PLANE('',#8413);
#8413 = AXIS2_PLACEMENT_3D('',#8414,#8415,#8416);
#8414 = CARTESIAN_POINT('',(-4.170101526558,1.940081199807,
    0.300000050863));
#8415 = DIRECTION('',(0.,1.,3.491481338843E-15));
#8416 = DIRECTION('',(-1.,0.,0.));
#8417 = ADVANCED_FACE('',(#8418),#8429,.F.);
#8418 = FACE_BOUND('',#8419,.T.);
#8419 = EDGE_LOOP('',(#8420,#8421,#8427,#8428));
#8420 = ORIENTED_EDGE('',*,*,#7377,.T.);
#8421 = ORIENTED_EDGE('',*,*,#8422,.T.);
#8422 = EDGE_CURVE('',#7370,#7527,#8423,.T.);
#8423 = LINE('',#8424,#8425);
#8424 = CARTESIAN_POINT('',(3.21989834293,2.390081191859,-0.599999933243
    ));
#8425 = VECTOR('',#8426,1.);
#8426 = DIRECTION('',(0.,-3.491481338843E-15,1.));
#8427 = ORIENTED_EDGE('',*,*,#7526,.T.);
#8428 = ORIENTED_EDGE('',*,*,#6926,.F.);
#8429 = PLANE('',#8430);
#8430 = AXIS2_PLACEMENT_3D('',#8431,#8432,#8433);
#8431 = CARTESIAN_POINT('',(3.21989834293,2.590081188327,-0.599999933243
    ));
#8432 = DIRECTION('',(1.,0.,0.));
#8433 = DIRECTION('',(-0.,1.,3.491481338843E-15));
#8434 = ADVANCED_FACE('',(#8435),#8446,.F.);
#8435 = FACE_BOUND('',#8436,.T.);
#8436 = EDGE_LOOP('',(#8437,#8438,#8439,#8440));
#8437 = ORIENTED_EDGE('',*,*,#7407,.T.);
#8438 = ORIENTED_EDGE('',*,*,#5961,.T.);
#8439 = ORIENTED_EDGE('',*,*,#7636,.F.);
#8440 = ORIENTED_EDGE('',*,*,#8441,.F.);
#8441 = EDGE_CURVE('',#7408,#7560,#8442,.T.);
#8442 = LINE('',#8443,#8444);
#8443 = CARTESIAN_POINT('',(-3.220101543336,2.390081191859,
    -0.599999933243));
#8444 = VECTOR('',#8445,1.);
#8445 = DIRECTION('',(0.,-3.491481338843E-15,1.));
#8446 = PLANE('',#8447);
#8447 = AXIS2_PLACEMENT_3D('',#8448,#8449,#8450);
#8448 = CARTESIAN_POINT('',(-3.220101543336,2.590081188327,
    -0.599999933243));
#8449 = DIRECTION('',(-1.,0.,0.));
#8450 = DIRECTION('',(-0.,-1.,-3.491481338843E-15));
#8451 = ADVANCED_FACE('',(#8452),#8734,.F.);
#8452 = FACE_BOUND('',#8453,.T.);
#8453 = EDGE_LOOP('',(#8454,#8464,#8470,#8471,#8472,#8473,#8474,#8475,
    #8483,#8491,#8497,#8498,#8506,#8514,#8520,#8521,#8529,#8537,#8543,
    #8544,#8552,#8560,#8566,#8567,#8575,#8583,#8589,#8590,#8598,#8606,
    #8612,#8613,#8621,#8629,#8635,#8636,#8644,#8652,#8658,#8659,#8667,
    #8675,#8681,#8682,#8690,#8698,#8704,#8705,#8713,#8721,#8727,#8728));
#8454 = ORIENTED_EDGE('',*,*,#8455,.F.);
#8455 = EDGE_CURVE('',#8456,#8458,#8460,.T.);
#8456 = VERTEX_POINT('',#8457);
#8457 = CARTESIAN_POINT('',(-2.725101552078,2.390081191859,
    5.00000552778E-02));
#8458 = VERTEX_POINT('',#8459);
#8459 = CARTESIAN_POINT('',(-2.52510155561,2.390081191859,
    5.00000552778E-02));
#8460 = LINE('',#8461,#8462);
#8461 = CARTESIAN_POINT('',(-3.220101543336,2.390081191859,
    5.00000552778E-02));
#8462 = VECTOR('',#8463,1.);
#8463 = DIRECTION('',(1.,0.,0.));
#8464 = ORIENTED_EDGE('',*,*,#8465,.T.);
#8465 = EDGE_CURVE('',#8456,#6994,#8466,.T.);
#8466 = LINE('',#8467,#8468);
#8467 = CARTESIAN_POINT('',(-2.725101552078,2.390081191859,
    -0.599999933243));
#8468 = VECTOR('',#8469,1.);
#8469 = DIRECTION('',(0.,3.491481338843E-15,-1.));
#8470 = ORIENTED_EDGE('',*,*,#7415,.T.);
#8471 = ORIENTED_EDGE('',*,*,#8441,.T.);
#8472 = ORIENTED_EDGE('',*,*,#7559,.F.);
#8473 = ORIENTED_EDGE('',*,*,#8422,.F.);
#8474 = ORIENTED_EDGE('',*,*,#7369,.T.);
#8475 = ORIENTED_EDGE('',*,*,#8476,.T.);
#8476 = EDGE_CURVE('',#7362,#8477,#8479,.T.);
#8477 = VERTEX_POINT('',#8478);
#8478 = CARTESIAN_POINT('',(2.974898347256,2.390081191859,
    5.00000552778E-02));
#8479 = LINE('',#8480,#8481);
#8480 = CARTESIAN_POINT('',(2.974898347256,2.390081191859,
    -0.599999933243));
#8481 = VECTOR('',#8482,1.);
#8482 = DIRECTION('',(0.,-3.491481338843E-15,1.));
#8483 = ORIENTED_EDGE('',*,*,#8484,.F.);
#8484 = EDGE_CURVE('',#8485,#8477,#8487,.T.);
#8485 = VERTEX_POINT('',#8486);
#8486 = CARTESIAN_POINT('',(2.774898350789,2.390081191859,
    5.00000552778E-02));
#8487 = LINE('',#8488,#8489);
#8488 = CARTESIAN_POINT('',(-3.220101543336,2.390081191859,
    5.00000552778E-02));
#8489 = VECTOR('',#8490,1.);
#8490 = DIRECTION('',(1.,0.,0.));
#8491 = ORIENTED_EDGE('',*,*,#8492,.T.);
#8492 = EDGE_CURVE('',#8485,#7338,#8493,.T.);
#8493 = LINE('',#8494,#8495);
#8494 = CARTESIAN_POINT('',(2.774898350789,2.390081191859,
    -0.599999933243));
#8495 = VECTOR('',#8496,1.);
#8496 = DIRECTION('',(0.,3.491481338843E-15,-1.));
#8497 = ORIENTED_EDGE('',*,*,#7337,.T.);
#8498 = ORIENTED_EDGE('',*,*,#8499,.T.);
#8499 = EDGE_CURVE('',#7330,#8500,#8502,.T.);
#8500 = VERTEX_POINT('',#8501);
#8501 = CARTESIAN_POINT('',(2.474898356087,2.390081191859,
    5.00000552778E-02));
#8502 = LINE('',#8503,#8504);
#8503 = CARTESIAN_POINT('',(2.474898356087,2.390081191859,
    -0.599999933243));
#8504 = VECTOR('',#8505,1.);
#8505 = DIRECTION('',(0.,-3.491481338843E-15,1.));
#8506 = ORIENTED_EDGE('',*,*,#8507,.F.);
#8507 = EDGE_CURVE('',#8508,#8500,#8510,.T.);
#8508 = VERTEX_POINT('',#8509);
#8509 = CARTESIAN_POINT('',(2.274898359619,2.390081191859,
    5.00000552778E-02));
#8510 = LINE('',#8511,#8512);
#8511 = CARTESIAN_POINT('',(-3.220101543336,2.390081191859,
    5.00000552778E-02));
#8512 = VECTOR('',#8513,1.);
#8513 = DIRECTION('',(1.,0.,0.));
#8514 = ORIENTED_EDGE('',*,*,#8515,.T.);
#8515 = EDGE_CURVE('',#8508,#7306,#8516,.T.);
#8516 = LINE('',#8517,#8518);
#8517 = CARTESIAN_POINT('',(2.274898359619,2.390081191859,
    -0.599999933243));
#8518 = VECTOR('',#8519,1.);
#8519 = DIRECTION('',(0.,3.491481338843E-15,-1.));
#8520 = ORIENTED_EDGE('',*,*,#7305,.T.);
#8521 = ORIENTED_EDGE('',*,*,#8522,.T.);
#8522 = EDGE_CURVE('',#7298,#8523,#8525,.T.);
#8523 = VERTEX_POINT('',#8524);
#8524 = CARTESIAN_POINT('',(1.974898364917,2.390081191859,
    5.00000552778E-02));
#8525 = LINE('',#8526,#8527);
#8526 = CARTESIAN_POINT('',(1.974898364917,2.390081191859,
    -0.599999933243));
#8527 = VECTOR('',#8528,1.);
#8528 = DIRECTION('',(0.,-3.491481338843E-15,1.));
#8529 = ORIENTED_EDGE('',*,*,#8530,.F.);
#8530 = EDGE_CURVE('',#8531,#8523,#8533,.T.);
#8531 = VERTEX_POINT('',#8532);
#8532 = CARTESIAN_POINT('',(1.774898368449,2.390081191859,
    5.00000552778E-02));
#8533 = LINE('',#8534,#8535);
#8534 = CARTESIAN_POINT('',(-3.220101543336,2.390081191859,
    5.00000552778E-02));
#8535 = VECTOR('',#8536,1.);
#8536 = DIRECTION('',(1.,0.,0.));
#8537 = ORIENTED_EDGE('',*,*,#8538,.T.);
#8538 = EDGE_CURVE('',#8531,#7274,#8539,.T.);
#8539 = LINE('',#8540,#8541);
#8540 = CARTESIAN_POINT('',(1.774898368449,2.390081191859,
    -0.599999933243));
#8541 = VECTOR('',#8542,1.);
#8542 = DIRECTION('',(0.,3.491481338843E-15,-1.));
#8543 = ORIENTED_EDGE('',*,*,#7273,.T.);
#8544 = ORIENTED_EDGE('',*,*,#8545,.T.);
#8545 = EDGE_CURVE('',#7266,#8546,#8548,.T.);
#8546 = VERTEX_POINT('',#8547);
#8547 = CARTESIAN_POINT('',(1.474898373747,2.390081191859,
    5.00000552778E-02));
#8548 = LINE('',#8549,#8550);
#8549 = CARTESIAN_POINT('',(1.474898373747,2.390081191859,
    -0.599999933243));
#8550 = VECTOR('',#8551,1.);
#8551 = DIRECTION('',(0.,-3.491481338843E-15,1.));
#8552 = ORIENTED_EDGE('',*,*,#8553,.F.);
#8553 = EDGE_CURVE('',#8554,#8546,#8556,.T.);
#8554 = VERTEX_POINT('',#8555);
#8555 = CARTESIAN_POINT('',(1.274898377279,2.390081191859,
    5.00000552778E-02));
#8556 = LINE('',#8557,#8558);
#8557 = CARTESIAN_POINT('',(-3.220101543336,2.390081191859,
    5.00000552778E-02));
#8558 = VECTOR('',#8559,1.);
#8559 = DIRECTION('',(1.,0.,0.));
#8560 = ORIENTED_EDGE('',*,*,#8561,.T.);
#8561 = EDGE_CURVE('',#8554,#7242,#8562,.T.);
#8562 = LINE('',#8563,#8564);
#8563 = CARTESIAN_POINT('',(1.274898377279,2.390081191859,
    -0.599999933243));
#8564 = VECTOR('',#8565,1.);
#8565 = DIRECTION('',(0.,3.491481338843E-15,-1.));
#8566 = ORIENTED_EDGE('',*,*,#7241,.T.);
#8567 = ORIENTED_EDGE('',*,*,#8568,.T.);
#8568 = EDGE_CURVE('',#7234,#8569,#8571,.T.);
#8569 = VERTEX_POINT('',#8570);
#8570 = CARTESIAN_POINT('',(0.974898382578,2.390081191859,
    5.00000552778E-02));
#8571 = LINE('',#8572,#8573);
#8572 = CARTESIAN_POINT('',(0.974898382578,2.390081191859,
    -0.599999933243));
#8573 = VECTOR('',#8574,1.);
#8574 = DIRECTION('',(0.,-3.491481338843E-15,1.));
#8575 = ORIENTED_EDGE('',*,*,#8576,.F.);
#8576 = EDGE_CURVE('',#8577,#8569,#8579,.T.);
#8577 = VERTEX_POINT('',#8578);
#8578 = CARTESIAN_POINT('',(0.77489838611,2.390081191859,
    5.00000552778E-02));
#8579 = LINE('',#8580,#8581);
#8580 = CARTESIAN_POINT('',(-3.220101543336,2.390081191859,
    5.00000552778E-02));
#8581 = VECTOR('',#8582,1.);
#8582 = DIRECTION('',(1.,0.,0.));
#8583 = ORIENTED_EDGE('',*,*,#8584,.T.);
#8584 = EDGE_CURVE('',#8577,#7210,#8585,.T.);
#8585 = LINE('',#8586,#8587);
#8586 = CARTESIAN_POINT('',(0.77489838611,2.390081191859,-0.599999933243
    ));
#8587 = VECTOR('',#8588,1.);
#8588 = DIRECTION('',(0.,3.491481338843E-15,-1.));
#8589 = ORIENTED_EDGE('',*,*,#7209,.T.);
#8590 = ORIENTED_EDGE('',*,*,#8591,.T.);
#8591 = EDGE_CURVE('',#7202,#8592,#8594,.T.);
#8592 = VERTEX_POINT('',#8593);
#8593 = CARTESIAN_POINT('',(0.474898391408,2.390081191859,
    5.00000552778E-02));
#8594 = LINE('',#8595,#8596);
#8595 = CARTESIAN_POINT('',(0.474898391408,2.390081191859,
    -0.599999933243));
#8596 = VECTOR('',#8597,1.);
#8597 = DIRECTION('',(0.,-3.491481338843E-15,1.));
#8598 = ORIENTED_EDGE('',*,*,#8599,.F.);
#8599 = EDGE_CURVE('',#8600,#8592,#8602,.T.);
#8600 = VERTEX_POINT('',#8601);
#8601 = CARTESIAN_POINT('',(0.27489839494,2.390081191859,
    5.00000552778E-02));
#8602 = LINE('',#8603,#8604);
#8603 = CARTESIAN_POINT('',(-3.220101543336,2.390081191859,
    5.00000552778E-02));
#8604 = VECTOR('',#8605,1.);
#8605 = DIRECTION('',(1.,0.,0.));
#8606 = ORIENTED_EDGE('',*,*,#8607,.T.);
#8607 = EDGE_CURVE('',#8600,#7178,#8608,.T.);
#8608 = LINE('',#8609,#8610);
#8609 = CARTESIAN_POINT('',(0.27489839494,2.390081191859,-0.599999933243
    ));
#8610 = VECTOR('',#8611,1.);
#8611 = DIRECTION('',(0.,3.491481338843E-15,-1.));
#8612 = ORIENTED_EDGE('',*,*,#7177,.T.);
#8613 = ORIENTED_EDGE('',*,*,#8614,.T.);
#8614 = EDGE_CURVE('',#7170,#8615,#8617,.T.);
#8615 = VERTEX_POINT('',#8616);
#8616 = CARTESIAN_POINT('',(-2.510159976168E-02,2.390081191859,
    5.00000552778E-02));
#8617 = LINE('',#8618,#8619);
#8618 = CARTESIAN_POINT('',(-2.510159976168E-02,2.390081191859,
    -0.599999933243));
#8619 = VECTOR('',#8620,1.);
#8620 = DIRECTION('',(0.,-3.491481338843E-15,1.));
#8621 = ORIENTED_EDGE('',*,*,#8622,.F.);
#8622 = EDGE_CURVE('',#8623,#8615,#8625,.T.);
#8623 = VERTEX_POINT('',#8624);
#8624 = CARTESIAN_POINT('',(-0.22510159623,2.390081191859,
    5.00000552778E-02));
#8625 = LINE('',#8626,#8627);
#8626 = CARTESIAN_POINT('',(-3.220101543336,2.390081191859,
    5.00000552778E-02));
#8627 = VECTOR('',#8628,1.);
#8628 = DIRECTION('',(1.,0.,0.));
#8629 = ORIENTED_EDGE('',*,*,#8630,.T.);
#8630 = EDGE_CURVE('',#8623,#7146,#8631,.T.);
#8631 = LINE('',#8632,#8633);
#8632 = CARTESIAN_POINT('',(-0.22510159623,2.390081191859,
    -0.599999933243));
#8633 = VECTOR('',#8634,1.);
#8634 = DIRECTION('',(0.,3.491481338843E-15,-1.));
#8635 = ORIENTED_EDGE('',*,*,#7145,.T.);
#8636 = ORIENTED_EDGE('',*,*,#8637,.T.);
#8637 = EDGE_CURVE('',#7138,#8638,#8640,.T.);
#8638 = VERTEX_POINT('',#8639);
#8639 = CARTESIAN_POINT('',(-0.525101590931,2.390081191859,
    5.00000552778E-02));
#8640 = LINE('',#8641,#8642);
#8641 = CARTESIAN_POINT('',(-0.525101590931,2.390081191859,
    -0.599999933243));
#8642 = VECTOR('',#8643,1.);
#8643 = DIRECTION('',(0.,-3.491481338843E-15,1.));
#8644 = ORIENTED_EDGE('',*,*,#8645,.F.);
#8645 = EDGE_CURVE('',#8646,#8638,#8648,.T.);
#8646 = VERTEX_POINT('',#8647);
#8647 = CARTESIAN_POINT('',(-0.725101587399,2.390081191859,
    5.00000552778E-02));
#8648 = LINE('',#8649,#8650);
#8649 = CARTESIAN_POINT('',(-3.220101543336,2.390081191859,
    5.00000552778E-02));
#8650 = VECTOR('',#8651,1.);
#8651 = DIRECTION('',(1.,0.,0.));
#8652 = ORIENTED_EDGE('',*,*,#8653,.T.);
#8653 = EDGE_CURVE('',#8646,#7114,#8654,.T.);
#8654 = LINE('',#8655,#8656);
#8655 = CARTESIAN_POINT('',(-0.725101587399,2.390081191859,
    -0.599999933243));
#8656 = VECTOR('',#8657,1.);
#8657 = DIRECTION('',(0.,3.491481338843E-15,-1.));
#8658 = ORIENTED_EDGE('',*,*,#7113,.T.);
#8659 = ORIENTED_EDGE('',*,*,#8660,.T.);
#8660 = EDGE_CURVE('',#7106,#8661,#8663,.T.);
#8661 = VERTEX_POINT('',#8662);
#8662 = CARTESIAN_POINT('',(-1.025101582101,2.390081191859,
    5.00000552778E-02));
#8663 = LINE('',#8664,#8665);
#8664 = CARTESIAN_POINT('',(-1.025101582101,2.390081191859,
    -0.599999933243));
#8665 = VECTOR('',#8666,1.);
#8666 = DIRECTION('',(0.,-3.491481338843E-15,1.));
#8667 = ORIENTED_EDGE('',*,*,#8668,.F.);
#8668 = EDGE_CURVE('',#8669,#8661,#8671,.T.);
#8669 = VERTEX_POINT('',#8670);
#8670 = CARTESIAN_POINT('',(-1.225101578569,2.390081191859,
    5.00000552778E-02));
#8671 = LINE('',#8672,#8673);
#8672 = CARTESIAN_POINT('',(-3.220101543336,2.390081191859,
    5.00000552778E-02));
#8673 = VECTOR('',#8674,1.);
#8674 = DIRECTION('',(1.,0.,0.));
#8675 = ORIENTED_EDGE('',*,*,#8676,.T.);
#8676 = EDGE_CURVE('',#8669,#7082,#8677,.T.);
#8677 = LINE('',#8678,#8679);
#8678 = CARTESIAN_POINT('',(-1.225101578569,2.390081191859,
    -0.599999933243));
#8679 = VECTOR('',#8680,1.);
#8680 = DIRECTION('',(0.,3.491481338843E-15,-1.));
#8681 = ORIENTED_EDGE('',*,*,#7081,.T.);
#8682 = ORIENTED_EDGE('',*,*,#8683,.T.);
#8683 = EDGE_CURVE('',#7074,#8684,#8686,.T.);
#8684 = VERTEX_POINT('',#8685);
#8685 = CARTESIAN_POINT('',(-1.525101573271,2.390081191859,
    5.00000552778E-02));
#8686 = LINE('',#8687,#8688);
#8687 = CARTESIAN_POINT('',(-1.525101573271,2.390081191859,
    -0.599999933243));
#8688 = VECTOR('',#8689,1.);
#8689 = DIRECTION('',(0.,-3.491481338843E-15,1.));
#8690 = ORIENTED_EDGE('',*,*,#8691,.F.);
#8691 = EDGE_CURVE('',#8692,#8684,#8694,.T.);
#8692 = VERTEX_POINT('',#8693);
#8693 = CARTESIAN_POINT('',(-1.725101569739,2.390081191859,
    5.00000552778E-02));
#8694 = LINE('',#8695,#8696);
#8695 = CARTESIAN_POINT('',(-3.220101543336,2.390081191859,
    5.00000552778E-02));
#8696 = VECTOR('',#8697,1.);
#8697 = DIRECTION('',(1.,0.,0.));
#8698 = ORIENTED_EDGE('',*,*,#8699,.T.);
#8699 = EDGE_CURVE('',#8692,#7050,#8700,.T.);
#8700 = LINE('',#8701,#8702);
#8701 = CARTESIAN_POINT('',(-1.725101569739,2.390081191859,
    -0.599999933243));
#8702 = VECTOR('',#8703,1.);
#8703 = DIRECTION('',(0.,3.491481338843E-15,-1.));
#8704 = ORIENTED_EDGE('',*,*,#7049,.T.);
#8705 = ORIENTED_EDGE('',*,*,#8706,.T.);
#8706 = EDGE_CURVE('',#7042,#8707,#8709,.T.);
#8707 = VERTEX_POINT('',#8708);
#8708 = CARTESIAN_POINT('',(-2.02510156444,2.390081191859,
    5.00000552778E-02));
#8709 = LINE('',#8710,#8711);
#8710 = CARTESIAN_POINT('',(-2.02510156444,2.390081191859,
    -0.599999933243));
#8711 = VECTOR('',#8712,1.);
#8712 = DIRECTION('',(0.,-3.491481338843E-15,1.));
#8713 = ORIENTED_EDGE('',*,*,#8714,.F.);
#8714 = EDGE_CURVE('',#8715,#8707,#8717,.T.);
#8715 = VERTEX_POINT('',#8716);
#8716 = CARTESIAN_POINT('',(-2.225101560908,2.390081191859,
    5.00000552778E-02));
#8717 = LINE('',#8718,#8719);
#8718 = CARTESIAN_POINT('',(-3.220101543336,2.390081191859,
    5.00000552778E-02));
#8719 = VECTOR('',#8720,1.);
#8720 = DIRECTION('',(1.,0.,0.));
#8721 = ORIENTED_EDGE('',*,*,#8722,.T.);
#8722 = EDGE_CURVE('',#8715,#7018,#8723,.T.);
#8723 = LINE('',#8724,#8725);
#8724 = CARTESIAN_POINT('',(-2.225101560908,2.390081191859,
    -0.599999933243));
#8725 = VECTOR('',#8726,1.);
#8726 = DIRECTION('',(0.,3.491481338843E-15,-1.));
#8727 = ORIENTED_EDGE('',*,*,#7017,.T.);
#8728 = ORIENTED_EDGE('',*,*,#8729,.T.);
#8729 = EDGE_CURVE('',#7010,#8458,#8730,.T.);
#8730 = LINE('',#8731,#8732);
#8731 = CARTESIAN_POINT('',(-2.52510155561,2.390081191859,
    -0.599999933243));
#8732 = VECTOR('',#8733,1.);
#8733 = DIRECTION('',(0.,-3.491481338843E-15,1.));
#8734 = PLANE('',#8735);
#8735 = AXIS2_PLACEMENT_3D('',#8736,#8737,#8738);
#8736 = CARTESIAN_POINT('',(-3.220101543336,2.390081191859,
    -0.599999933243));
#8737 = DIRECTION('',(0.,-1.,-3.491481338843E-15));
#8738 = DIRECTION('',(1.,0.,0.));
#8739 = ADVANCED_FACE('',(#8740),#8765,.F.);
#8740 = FACE_BOUND('',#8741,.T.);
#8741 = EDGE_LOOP('',(#8742,#8750,#8751,#8759));
#8742 = ORIENTED_EDGE('',*,*,#8743,.F.);
#8743 = EDGE_CURVE('',#8485,#8744,#8746,.T.);
#8744 = VERTEX_POINT('',#8745);
#8745 = CARTESIAN_POINT('',(2.774898350789,2.790081184795,
    5.00000552778E-02));
#8746 = LINE('',#8747,#8748);
#8747 = CARTESIAN_POINT('',(2.774898350789,1.990081198924,
    5.00000552778E-02));
#8748 = VECTOR('',#8749,1.);
#8749 = DIRECTION('',(-5.421010862428E-16,1.,3.491481338843E-15));
#8750 = ORIENTED_EDGE('',*,*,#8484,.T.);
#8751 = ORIENTED_EDGE('',*,*,#8752,.F.);
#8752 = EDGE_CURVE('',#8753,#8477,#8755,.T.);
#8753 = VERTEX_POINT('',#8754);
#8754 = CARTESIAN_POINT('',(2.974898347256,2.790081184795,
    5.00000552778E-02));
#8755 = LINE('',#8756,#8757);
#8756 = CARTESIAN_POINT('',(2.974898347256,1.990081198924,
    5.00000552778E-02));
#8757 = VECTOR('',#8758,1.);
#8758 = DIRECTION('',(-5.421010862428E-16,-1.,-3.491481338843E-15));
#8759 = ORIENTED_EDGE('',*,*,#8760,.F.);
#8760 = EDGE_CURVE('',#8744,#8753,#8761,.T.);
#8761 = LINE('',#8762,#8763);
#8762 = CARTESIAN_POINT('',(2.774898350789,2.790081184795,
    5.00000552778E-02));
#8763 = VECTOR('',#8764,1.);
#8764 = DIRECTION('',(1.,0.,0.));
#8765 = PLANE('',#8766);
#8766 = AXIS2_PLACEMENT_3D('',#8767,#8768,#8769);
#8767 = CARTESIAN_POINT('',(-1.016002032004E-04,-1.359918741913,
    5.000005527779E-02));
#8768 = DIRECTION('',(0.,3.491481338843E-15,-1.));
#8769 = DIRECTION('',(0.,1.,3.491481338843E-15));
#8770 = ADVANCED_FACE('',(#8771),#8799,.T.);
#8771 = FACE_BOUND('',#8772,.T.);
#8772 = EDGE_LOOP('',(#8773,#8783,#8790,#8791,#8792,#8793));
#8773 = ORIENTED_EDGE('',*,*,#8774,.F.);
#8774 = EDGE_CURVE('',#8775,#8777,#8779,.T.);
#8775 = VERTEX_POINT('',#8776);
#8776 = CARTESIAN_POINT('',(2.774898350789,2.268469412149,
    -4.999994295614E-02));
#8777 = VERTEX_POINT('',#8778);
#8778 = CARTESIAN_POINT('',(2.774898350789,2.790081184795,
    -4.999994295613E-02));
#8779 = LINE('',#8780,#8781);
#8780 = CARTESIAN_POINT('',(2.774898350789,1.990081198924,
    -4.999994295614E-02));
#8781 = VECTOR('',#8782,1.);
#8782 = DIRECTION('',(-5.421010862428E-16,1.,3.491481338843E-15));
#8783 = ORIENTED_EDGE('',*,*,#8784,.T.);
#8784 = EDGE_CURVE('',#8775,#7346,#8785,.T.);
#8785 = CIRCLE('',#8786,0.799999985871);
#8786 = AXIS2_PLACEMENT_3D('',#8787,#8788,#8789);
#8787 = CARTESIAN_POINT('',(2.774898350789,2.268469412149,0.750000042915
    ));
#8788 = DIRECTION('',(-1.,-5.421010862428E-16,-1.892735826383E-30));
#8789 = DIRECTION('',(5.421010862428E-16,-1.,-3.523657060578E-15));
#8790 = ORIENTED_EDGE('',*,*,#7345,.T.);
#8791 = ORIENTED_EDGE('',*,*,#8492,.F.);
#8792 = ORIENTED_EDGE('',*,*,#8743,.T.);
#8793 = ORIENTED_EDGE('',*,*,#8794,.T.);
#8794 = EDGE_CURVE('',#8744,#8777,#8795,.T.);
#8795 = LINE('',#8796,#8797);
#8796 = CARTESIAN_POINT('',(2.774898350789,2.790081184795,
    5.00000552778E-02));
#8797 = VECTOR('',#8798,1.);
#8798 = DIRECTION('',(0.,3.491481338843E-15,-1.));
#8799 = PLANE('',#8800);
#8800 = AXIS2_PLACEMENT_3D('',#8801,#8802,#8803);
#8801 = CARTESIAN_POINT('',(2.774898350789,1.990081198924,
    5.00000552778E-02));
#8802 = DIRECTION('',(-1.,-5.421010862428E-16,-1.892735826383E-30));
#8803 = DIRECTION('',(5.421010862428E-16,-1.,-3.491481338843E-15));
#8804 = ADVANCED_FACE('',(#8805),#8833,.T.);
#8805 = FACE_BOUND('',#8806,.T.);
#8806 = EDGE_LOOP('',(#8807,#8808,#8817,#8825,#8831,#8832));
#8807 = ORIENTED_EDGE('',*,*,#7361,.T.);
#8808 = ORIENTED_EDGE('',*,*,#8809,.T.);
#8809 = EDGE_CURVE('',#7354,#8810,#8812,.T.);
#8810 = VERTEX_POINT('',#8811);
#8811 = CARTESIAN_POINT('',(2.974898347256,2.268469412149,
    -4.999994295614E-02));
#8812 = CIRCLE('',#8813,0.799999985871);
#8813 = AXIS2_PLACEMENT_3D('',#8814,#8815,#8816);
#8814 = CARTESIAN_POINT('',(2.974898347256,2.268469412149,0.750000042915
    ));
#8815 = DIRECTION('',(1.,-5.421010862428E-16,-1.892735826383E-30));
#8816 = DIRECTION('',(5.421010862428E-16,1.,3.523657060578E-15));
#8817 = ORIENTED_EDGE('',*,*,#8818,.F.);
#8818 = EDGE_CURVE('',#8819,#8810,#8821,.T.);
#8819 = VERTEX_POINT('',#8820);
#8820 = CARTESIAN_POINT('',(2.974898347256,2.790081184795,
    -4.999994295613E-02));
#8821 = LINE('',#8822,#8823);
#8822 = CARTESIAN_POINT('',(2.974898347256,1.990081198924,
    -4.999994295614E-02));
#8823 = VECTOR('',#8824,1.);
#8824 = DIRECTION('',(-5.421010862428E-16,-1.,-3.491481338843E-15));
#8825 = ORIENTED_EDGE('',*,*,#8826,.F.);
#8826 = EDGE_CURVE('',#8753,#8819,#8827,.T.);
#8827 = LINE('',#8828,#8829);
#8828 = CARTESIAN_POINT('',(2.974898347256,2.790081184795,
    5.00000552778E-02));
#8829 = VECTOR('',#8830,1.);
#8830 = DIRECTION('',(0.,3.491481338843E-15,-1.));
#8831 = ORIENTED_EDGE('',*,*,#8752,.T.);
#8832 = ORIENTED_EDGE('',*,*,#8476,.F.);
#8833 = PLANE('',#8834);
#8834 = AXIS2_PLACEMENT_3D('',#8835,#8836,#8837);
#8835 = CARTESIAN_POINT('',(2.974898347256,1.990081198924,
    5.00000552778E-02));
#8836 = DIRECTION('',(1.,-5.421010862428E-16,-1.892735826383E-30));
#8837 = DIRECTION('',(5.421010862428E-16,1.,3.491481338843E-15));
#8838 = ADVANCED_FACE('',(#8839),#8850,.T.);
#8839 = FACE_BOUND('',#8840,.T.);
#8840 = EDGE_LOOP('',(#8841,#8847,#8848,#8849));
#8841 = ORIENTED_EDGE('',*,*,#8842,.F.);
#8842 = EDGE_CURVE('',#8777,#8819,#8843,.T.);
#8843 = LINE('',#8844,#8845);
#8844 = CARTESIAN_POINT('',(2.774898350789,2.790081184795,
    -4.999994295613E-02));
#8845 = VECTOR('',#8846,1.);
#8846 = DIRECTION('',(1.,0.,0.));
#8847 = ORIENTED_EDGE('',*,*,#8794,.F.);
#8848 = ORIENTED_EDGE('',*,*,#8760,.T.);
#8849 = ORIENTED_EDGE('',*,*,#8826,.T.);
#8850 = PLANE('',#8851);
#8851 = AXIS2_PLACEMENT_3D('',#8852,#8853,#8854);
#8852 = CARTESIAN_POINT('',(2.774898350789,2.790081184795,
    5.00000552778E-02));
#8853 = DIRECTION('',(0.,1.,3.491481338843E-15));
#8854 = DIRECTION('',(-1.,0.,0.));
#8855 = ADVANCED_FACE('',(#8856),#8867,.T.);
#8856 = FACE_BOUND('',#8857,.T.);
#8857 = EDGE_LOOP('',(#8858,#8859,#8865,#8866));
#8858 = ORIENTED_EDGE('',*,*,#8818,.T.);
#8859 = ORIENTED_EDGE('',*,*,#8860,.T.);
#8860 = EDGE_CURVE('',#8810,#8775,#8861,.T.);
#8861 = LINE('',#8862,#8863);
#8862 = CARTESIAN_POINT('',(2.774898350789,2.268469412149,
    -4.999994295614E-02));
#8863 = VECTOR('',#8864,1.);
#8864 = DIRECTION('',(-1.,0.,0.));
#8865 = ORIENTED_EDGE('',*,*,#8774,.T.);
#8866 = ORIENTED_EDGE('',*,*,#8842,.T.);
#8867 = PLANE('',#8868);
#8868 = AXIS2_PLACEMENT_3D('',#8869,#8870,#8871);
#8869 = CARTESIAN_POINT('',(-1.016002032004E-04,-1.359918741913,
    -4.999994295615E-02));
#8870 = DIRECTION('',(0.,3.491481338843E-15,-1.));
#8871 = DIRECTION('',(0.,1.,3.491481338843E-15));
#8872 = ADVANCED_FACE('',(#8873),#8879,.T.);
#8873 = FACE_BOUND('',#8874,.T.);
#8874 = EDGE_LOOP('',(#8875,#8876,#8877,#8878));
#8875 = ORIENTED_EDGE('',*,*,#8809,.F.);
#8876 = ORIENTED_EDGE('',*,*,#7353,.T.);
#8877 = ORIENTED_EDGE('',*,*,#8784,.F.);
#8878 = ORIENTED_EDGE('',*,*,#8860,.F.);
#8879 = CYLINDRICAL_SURFACE('',#8880,0.799999985871);
#8880 = AXIS2_PLACEMENT_3D('',#8881,#8882,#8883);
#8881 = CARTESIAN_POINT('',(2.774898350789,2.268469412149,0.750000042915
    ));
#8882 = DIRECTION('',(1.,0.,0.));
#8883 = DIRECTION('',(-0.,1.,3.523657060578E-15));
#8884 = ADVANCED_FACE('',(#8885),#8910,.F.);
#8885 = FACE_BOUND('',#8886,.T.);
#8886 = EDGE_LOOP('',(#8887,#8895,#8896,#8904));
#8887 = ORIENTED_EDGE('',*,*,#8888,.F.);
#8888 = EDGE_CURVE('',#8508,#8889,#8891,.T.);
#8889 = VERTEX_POINT('',#8890);
#8890 = CARTESIAN_POINT('',(2.274898359619,2.790081184795,
    5.00000552778E-02));
#8891 = LINE('',#8892,#8893);
#8892 = CARTESIAN_POINT('',(2.274898359619,1.990081198924,
    5.00000552778E-02));
#8893 = VECTOR('',#8894,1.);
#8894 = DIRECTION('',(-5.421010862428E-16,1.,3.491481338843E-15));
#8895 = ORIENTED_EDGE('',*,*,#8507,.T.);
#8896 = ORIENTED_EDGE('',*,*,#8897,.F.);
#8897 = EDGE_CURVE('',#8898,#8500,#8900,.T.);
#8898 = VERTEX_POINT('',#8899);
#8899 = CARTESIAN_POINT('',(2.474898356087,2.790081184795,
    5.00000552778E-02));
#8900 = LINE('',#8901,#8902);
#8901 = CARTESIAN_POINT('',(2.474898356087,1.990081198924,
    5.00000552778E-02));
#8902 = VECTOR('',#8903,1.);
#8903 = DIRECTION('',(-5.421010862428E-16,-1.,-3.491481338843E-15));
#8904 = ORIENTED_EDGE('',*,*,#8905,.F.);
#8905 = EDGE_CURVE('',#8889,#8898,#8906,.T.);
#8906 = LINE('',#8907,#8908);
#8907 = CARTESIAN_POINT('',(2.274898359619,2.790081184795,
    5.00000552778E-02));
#8908 = VECTOR('',#8909,1.);
#8909 = DIRECTION('',(1.,0.,0.));
#8910 = PLANE('',#8911);
#8911 = AXIS2_PLACEMENT_3D('',#8912,#8913,#8914);
#8912 = CARTESIAN_POINT('',(-0.500101591373,-1.359918741913,
    5.000005527779E-02));
#8913 = DIRECTION('',(0.,3.491481338843E-15,-1.));
#8914 = DIRECTION('',(0.,1.,3.491481338843E-15));
#8915 = ADVANCED_FACE('',(#8916),#8944,.T.);
#8916 = FACE_BOUND('',#8917,.T.);
#8917 = EDGE_LOOP('',(#8918,#8928,#8935,#8936,#8937,#8938));
#8918 = ORIENTED_EDGE('',*,*,#8919,.F.);
#8919 = EDGE_CURVE('',#8920,#8922,#8924,.T.);
#8920 = VERTEX_POINT('',#8921);
#8921 = CARTESIAN_POINT('',(2.274898359619,2.268469412149,
    -4.999994295614E-02));
#8922 = VERTEX_POINT('',#8923);
#8923 = CARTESIAN_POINT('',(2.274898359619,2.790081184795,
    -4.999994295613E-02));
#8924 = LINE('',#8925,#8926);
#8925 = CARTESIAN_POINT('',(2.274898359619,1.990081198924,
    -4.999994295614E-02));
#8926 = VECTOR('',#8927,1.);
#8927 = DIRECTION('',(-5.421010862428E-16,1.,3.491481338843E-15));
#8928 = ORIENTED_EDGE('',*,*,#8929,.T.);
#8929 = EDGE_CURVE('',#8920,#7314,#8930,.T.);
#8930 = CIRCLE('',#8931,0.799999985871);
#8931 = AXIS2_PLACEMENT_3D('',#8932,#8933,#8934);
#8932 = CARTESIAN_POINT('',(2.274898359619,2.268469412149,0.750000042915
    ));
#8933 = DIRECTION('',(-1.,-5.421010862428E-16,-1.892735826383E-30));
#8934 = DIRECTION('',(5.421010862428E-16,-1.,-3.523657060578E-15));
#8935 = ORIENTED_EDGE('',*,*,#7313,.T.);
#8936 = ORIENTED_EDGE('',*,*,#8515,.F.);
#8937 = ORIENTED_EDGE('',*,*,#8888,.T.);
#8938 = ORIENTED_EDGE('',*,*,#8939,.T.);
#8939 = EDGE_CURVE('',#8889,#8922,#8940,.T.);
#8940 = LINE('',#8941,#8942);
#8941 = CARTESIAN_POINT('',(2.274898359619,2.790081184795,
    5.00000552778E-02));
#8942 = VECTOR('',#8943,1.);
#8943 = DIRECTION('',(0.,3.491481338843E-15,-1.));
#8944 = PLANE('',#8945);
#8945 = AXIS2_PLACEMENT_3D('',#8946,#8947,#8948);
#8946 = CARTESIAN_POINT('',(2.274898359619,1.990081198924,
    5.00000552778E-02));
#8947 = DIRECTION('',(-1.,-5.421010862428E-16,-1.892735826383E-30));
#8948 = DIRECTION('',(5.421010862428E-16,-1.,-3.491481338843E-15));
#8949 = ADVANCED_FACE('',(#8950),#8978,.T.);
#8950 = FACE_BOUND('',#8951,.T.);
#8951 = EDGE_LOOP('',(#8952,#8953,#8962,#8970,#8976,#8977));
#8952 = ORIENTED_EDGE('',*,*,#7329,.T.);
#8953 = ORIENTED_EDGE('',*,*,#8954,.T.);
#8954 = EDGE_CURVE('',#7322,#8955,#8957,.T.);
#8955 = VERTEX_POINT('',#8956);
#8956 = CARTESIAN_POINT('',(2.474898356087,2.268469412149,
    -4.999994295614E-02));
#8957 = CIRCLE('',#8958,0.799999985871);
#8958 = AXIS2_PLACEMENT_3D('',#8959,#8960,#8961);
#8959 = CARTESIAN_POINT('',(2.474898356087,2.268469412149,0.750000042915
    ));
#8960 = DIRECTION('',(1.,-5.421010862428E-16,-1.892735826383E-30));
#8961 = DIRECTION('',(5.421010862428E-16,1.,3.523657060578E-15));
#8962 = ORIENTED_EDGE('',*,*,#8963,.F.);
#8963 = EDGE_CURVE('',#8964,#8955,#8966,.T.);
#8964 = VERTEX_POINT('',#8965);
#8965 = CARTESIAN_POINT('',(2.474898356087,2.790081184795,
    -4.999994295613E-02));
#8966 = LINE('',#8967,#8968);
#8967 = CARTESIAN_POINT('',(2.474898356087,1.990081198924,
    -4.999994295614E-02));
#8968 = VECTOR('',#8969,1.);
#8969 = DIRECTION('',(-5.421010862428E-16,-1.,-3.491481338843E-15));
#8970 = ORIENTED_EDGE('',*,*,#8971,.F.);
#8971 = EDGE_CURVE('',#8898,#8964,#8972,.T.);
#8972 = LINE('',#8973,#8974);
#8973 = CARTESIAN_POINT('',(2.474898356087,2.790081184795,
    5.00000552778E-02));
#8974 = VECTOR('',#8975,1.);
#8975 = DIRECTION('',(0.,3.491481338843E-15,-1.));
#8976 = ORIENTED_EDGE('',*,*,#8897,.T.);
#8977 = ORIENTED_EDGE('',*,*,#8499,.F.);
#8978 = PLANE('',#8979);
#8979 = AXIS2_PLACEMENT_3D('',#8980,#8981,#8982);
#8980 = CARTESIAN_POINT('',(2.474898356087,1.990081198924,
    5.00000552778E-02));
#8981 = DIRECTION('',(1.,-5.421010862428E-16,-1.892735826383E-30));
#8982 = DIRECTION('',(5.421010862428E-16,1.,3.491481338843E-15));
#8983 = ADVANCED_FACE('',(#8984),#8995,.T.);
#8984 = FACE_BOUND('',#8985,.T.);
#8985 = EDGE_LOOP('',(#8986,#8992,#8993,#8994));
#8986 = ORIENTED_EDGE('',*,*,#8987,.F.);
#8987 = EDGE_CURVE('',#8922,#8964,#8988,.T.);
#8988 = LINE('',#8989,#8990);
#8989 = CARTESIAN_POINT('',(2.274898359619,2.790081184795,
    -4.999994295613E-02));
#8990 = VECTOR('',#8991,1.);
#8991 = DIRECTION('',(1.,0.,0.));
#8992 = ORIENTED_EDGE('',*,*,#8939,.F.);
#8993 = ORIENTED_EDGE('',*,*,#8905,.T.);
#8994 = ORIENTED_EDGE('',*,*,#8971,.T.);
#8995 = PLANE('',#8996);
#8996 = AXIS2_PLACEMENT_3D('',#8997,#8998,#8999);
#8997 = CARTESIAN_POINT('',(2.274898359619,2.790081184795,
    5.00000552778E-02));
#8998 = DIRECTION('',(0.,1.,3.491481338843E-15));
#8999 = DIRECTION('',(-1.,0.,0.));
#9000 = ADVANCED_FACE('',(#9001),#9012,.T.);
#9001 = FACE_BOUND('',#9002,.T.);
#9002 = EDGE_LOOP('',(#9003,#9004,#9010,#9011));
#9003 = ORIENTED_EDGE('',*,*,#8963,.T.);
#9004 = ORIENTED_EDGE('',*,*,#9005,.T.);
#9005 = EDGE_CURVE('',#8955,#8920,#9006,.T.);
#9006 = LINE('',#9007,#9008);
#9007 = CARTESIAN_POINT('',(2.274898359619,2.268469412149,
    -4.999994295614E-02));
#9008 = VECTOR('',#9009,1.);
#9009 = DIRECTION('',(-1.,0.,0.));
#9010 = ORIENTED_EDGE('',*,*,#8919,.T.);
#9011 = ORIENTED_EDGE('',*,*,#8987,.T.);
#9012 = PLANE('',#9013);
#9013 = AXIS2_PLACEMENT_3D('',#9014,#9015,#9016);
#9014 = CARTESIAN_POINT('',(-0.500101591373,-1.359918741913,
    -4.999994295615E-02));
#9015 = DIRECTION('',(0.,3.491481338843E-15,-1.));
#9016 = DIRECTION('',(0.,1.,3.491481338843E-15));
#9017 = ADVANCED_FACE('',(#9018),#9043,.F.);
#9018 = FACE_BOUND('',#9019,.T.);
#9019 = EDGE_LOOP('',(#9020,#9028,#9029,#9037));
#9020 = ORIENTED_EDGE('',*,*,#9021,.F.);
#9021 = EDGE_CURVE('',#8531,#9022,#9024,.T.);
#9022 = VERTEX_POINT('',#9023);
#9023 = CARTESIAN_POINT('',(1.774898368449,2.790081184795,
    5.00000552778E-02));
#9024 = LINE('',#9025,#9026);
#9025 = CARTESIAN_POINT('',(1.774898368449,1.990081198924,
    5.00000552778E-02));
#9026 = VECTOR('',#9027,1.);
#9027 = DIRECTION('',(-5.421010862428E-16,1.,3.491481338843E-15));
#9028 = ORIENTED_EDGE('',*,*,#8530,.T.);
#9029 = ORIENTED_EDGE('',*,*,#9030,.F.);
#9030 = EDGE_CURVE('',#9031,#8523,#9033,.T.);
#9031 = VERTEX_POINT('',#9032);
#9032 = CARTESIAN_POINT('',(1.974898364917,2.790081184795,
    5.00000552778E-02));
#9033 = LINE('',#9034,#9035);
#9034 = CARTESIAN_POINT('',(1.974898364917,1.990081198924,
    5.00000552778E-02));
#9035 = VECTOR('',#9036,1.);
#9036 = DIRECTION('',(-5.421010862428E-16,-1.,-3.491481338843E-15));
#9037 = ORIENTED_EDGE('',*,*,#9038,.F.);
#9038 = EDGE_CURVE('',#9022,#9031,#9039,.T.);
#9039 = LINE('',#9040,#9041);
#9040 = CARTESIAN_POINT('',(1.774898368449,2.790081184795,
    5.00000552778E-02));
#9041 = VECTOR('',#9042,1.);
#9042 = DIRECTION('',(1.,0.,0.));
#9043 = PLANE('',#9044);
#9044 = AXIS2_PLACEMENT_3D('',#9045,#9046,#9047);
#9045 = CARTESIAN_POINT('',(-1.000101582543,-1.359918741913,
    5.000005527779E-02));
#9046 = DIRECTION('',(0.,3.491481338843E-15,-1.));
#9047 = DIRECTION('',(0.,1.,3.491481338843E-15));
#9048 = ADVANCED_FACE('',(#9049),#9077,.T.);
#9049 = FACE_BOUND('',#9050,.T.);
#9050 = EDGE_LOOP('',(#9051,#9061,#9068,#9069,#9070,#9071));
#9051 = ORIENTED_EDGE('',*,*,#9052,.F.);
#9052 = EDGE_CURVE('',#9053,#9055,#9057,.T.);
#9053 = VERTEX_POINT('',#9054);
#9054 = CARTESIAN_POINT('',(1.774898368449,2.268469412149,
    -4.999994295614E-02));
#9055 = VERTEX_POINT('',#9056);
#9056 = CARTESIAN_POINT('',(1.774898368449,2.790081184795,
    -4.999994295613E-02));
#9057 = LINE('',#9058,#9059);
#9058 = CARTESIAN_POINT('',(1.774898368449,1.990081198924,
    -4.999994295614E-02));
#9059 = VECTOR('',#9060,1.);
#9060 = DIRECTION('',(-5.421010862428E-16,1.,3.491481338843E-15));
#9061 = ORIENTED_EDGE('',*,*,#9062,.T.);
#9062 = EDGE_CURVE('',#9053,#7282,#9063,.T.);
#9063 = CIRCLE('',#9064,0.799999985871);
#9064 = AXIS2_PLACEMENT_3D('',#9065,#9066,#9067);
#9065 = CARTESIAN_POINT('',(1.774898368449,2.268469412149,0.750000042915
    ));
#9066 = DIRECTION('',(-1.,-5.421010862428E-16,-1.892735826383E-30));
#9067 = DIRECTION('',(5.421010862428E-16,-1.,-3.523657060578E-15));
#9068 = ORIENTED_EDGE('',*,*,#7281,.T.);
#9069 = ORIENTED_EDGE('',*,*,#8538,.F.);
#9070 = ORIENTED_EDGE('',*,*,#9021,.T.);
#9071 = ORIENTED_EDGE('',*,*,#9072,.T.);
#9072 = EDGE_CURVE('',#9022,#9055,#9073,.T.);
#9073 = LINE('',#9074,#9075);
#9074 = CARTESIAN_POINT('',(1.774898368449,2.790081184795,
    5.00000552778E-02));
#9075 = VECTOR('',#9076,1.);
#9076 = DIRECTION('',(0.,3.491481338843E-15,-1.));
#9077 = PLANE('',#9078);
#9078 = AXIS2_PLACEMENT_3D('',#9079,#9080,#9081);
#9079 = CARTESIAN_POINT('',(1.774898368449,1.990081198924,
    5.00000552778E-02));
#9080 = DIRECTION('',(-1.,-5.421010862428E-16,-1.892735826383E-30));
#9081 = DIRECTION('',(5.421010862428E-16,-1.,-3.491481338843E-15));
#9082 = ADVANCED_FACE('',(#9083),#9111,.T.);
#9083 = FACE_BOUND('',#9084,.T.);
#9084 = EDGE_LOOP('',(#9085,#9086,#9095,#9103,#9109,#9110));
#9085 = ORIENTED_EDGE('',*,*,#7297,.T.);
#9086 = ORIENTED_EDGE('',*,*,#9087,.T.);
#9087 = EDGE_CURVE('',#7290,#9088,#9090,.T.);
#9088 = VERTEX_POINT('',#9089);
#9089 = CARTESIAN_POINT('',(1.974898364917,2.268469412149,
    -4.999994295614E-02));
#9090 = CIRCLE('',#9091,0.799999985871);
#9091 = AXIS2_PLACEMENT_3D('',#9092,#9093,#9094);
#9092 = CARTESIAN_POINT('',(1.974898364917,2.268469412149,0.750000042915
    ));
#9093 = DIRECTION('',(1.,-5.421010862428E-16,-1.892735826383E-30));
#9094 = DIRECTION('',(5.421010862428E-16,1.,3.523657060578E-15));
#9095 = ORIENTED_EDGE('',*,*,#9096,.F.);
#9096 = EDGE_CURVE('',#9097,#9088,#9099,.T.);
#9097 = VERTEX_POINT('',#9098);
#9098 = CARTESIAN_POINT('',(1.974898364917,2.790081184795,
    -4.999994295613E-02));
#9099 = LINE('',#9100,#9101);
#9100 = CARTESIAN_POINT('',(1.974898364917,1.990081198924,
    -4.999994295614E-02));
#9101 = VECTOR('',#9102,1.);
#9102 = DIRECTION('',(-5.421010862428E-16,-1.,-3.491481338843E-15));
#9103 = ORIENTED_EDGE('',*,*,#9104,.F.);
#9104 = EDGE_CURVE('',#9031,#9097,#9105,.T.);
#9105 = LINE('',#9106,#9107);
#9106 = CARTESIAN_POINT('',(1.974898364917,2.790081184795,
    5.00000552778E-02));
#9107 = VECTOR('',#9108,1.);
#9108 = DIRECTION('',(0.,3.491481338843E-15,-1.));
#9109 = ORIENTED_EDGE('',*,*,#9030,.T.);
#9110 = ORIENTED_EDGE('',*,*,#8522,.F.);
#9111 = PLANE('',#9112);
#9112 = AXIS2_PLACEMENT_3D('',#9113,#9114,#9115);
#9113 = CARTESIAN_POINT('',(1.974898364917,1.990081198924,
    5.00000552778E-02));
#9114 = DIRECTION('',(1.,-5.421010862428E-16,-1.892735826383E-30));
#9115 = DIRECTION('',(5.421010862428E-16,1.,3.491481338843E-15));
#9116 = ADVANCED_FACE('',(#9117),#9128,.T.);
#9117 = FACE_BOUND('',#9118,.T.);
#9118 = EDGE_LOOP('',(#9119,#9125,#9126,#9127));
#9119 = ORIENTED_EDGE('',*,*,#9120,.F.);
#9120 = EDGE_CURVE('',#9055,#9097,#9121,.T.);
#9121 = LINE('',#9122,#9123);
#9122 = CARTESIAN_POINT('',(1.774898368449,2.790081184795,
    -4.999994295613E-02));
#9123 = VECTOR('',#9124,1.);
#9124 = DIRECTION('',(1.,0.,0.));
#9125 = ORIENTED_EDGE('',*,*,#9072,.F.);
#9126 = ORIENTED_EDGE('',*,*,#9038,.T.);
#9127 = ORIENTED_EDGE('',*,*,#9104,.T.);
#9128 = PLANE('',#9129);
#9129 = AXIS2_PLACEMENT_3D('',#9130,#9131,#9132);
#9130 = CARTESIAN_POINT('',(1.774898368449,2.790081184795,
    5.00000552778E-02));
#9131 = DIRECTION('',(0.,1.,3.491481338843E-15));
#9132 = DIRECTION('',(-1.,0.,0.));
#9133 = ADVANCED_FACE('',(#9134),#9145,.T.);
#9134 = FACE_BOUND('',#9135,.T.);
#9135 = EDGE_LOOP('',(#9136,#9137,#9143,#9144));
#9136 = ORIENTED_EDGE('',*,*,#9096,.T.);
#9137 = ORIENTED_EDGE('',*,*,#9138,.T.);
#9138 = EDGE_CURVE('',#9088,#9053,#9139,.T.);
#9139 = LINE('',#9140,#9141);
#9140 = CARTESIAN_POINT('',(1.774898368449,2.268469412149,
    -4.999994295614E-02));
#9141 = VECTOR('',#9142,1.);
#9142 = DIRECTION('',(-1.,0.,0.));
#9143 = ORIENTED_EDGE('',*,*,#9052,.T.);
#9144 = ORIENTED_EDGE('',*,*,#9120,.T.);
#9145 = PLANE('',#9146);
#9146 = AXIS2_PLACEMENT_3D('',#9147,#9148,#9149);
#9147 = CARTESIAN_POINT('',(-1.000101582543,-1.359918741913,
    -4.999994295615E-02));
#9148 = DIRECTION('',(0.,3.491481338843E-15,-1.));
#9149 = DIRECTION('',(0.,1.,3.491481338843E-15));
#9150 = ADVANCED_FACE('',(#9151),#9176,.F.);
#9151 = FACE_BOUND('',#9152,.T.);
#9152 = EDGE_LOOP('',(#9153,#9161,#9162,#9170));
#9153 = ORIENTED_EDGE('',*,*,#9154,.F.);
#9154 = EDGE_CURVE('',#8554,#9155,#9157,.T.);
#9155 = VERTEX_POINT('',#9156);
#9156 = CARTESIAN_POINT('',(1.274898377279,2.790081184795,
    5.00000552778E-02));
#9157 = LINE('',#9158,#9159);
#9158 = CARTESIAN_POINT('',(1.274898377279,1.990081198924,
    5.00000552778E-02));
#9159 = VECTOR('',#9160,1.);
#9160 = DIRECTION('',(-5.421010862428E-16,1.,3.491481338843E-15));
#9161 = ORIENTED_EDGE('',*,*,#8553,.T.);
#9162 = ORIENTED_EDGE('',*,*,#9163,.F.);
#9163 = EDGE_CURVE('',#9164,#8546,#9166,.T.);
#9164 = VERTEX_POINT('',#9165);
#9165 = CARTESIAN_POINT('',(1.474898373747,2.790081184795,
    5.00000552778E-02));
#9166 = LINE('',#9167,#9168);
#9167 = CARTESIAN_POINT('',(1.474898373747,1.990081198924,
    5.00000552778E-02));
#9168 = VECTOR('',#9169,1.);
#9169 = DIRECTION('',(-5.421010862428E-16,-1.,-3.491481338843E-15));
#9170 = ORIENTED_EDGE('',*,*,#9171,.F.);
#9171 = EDGE_CURVE('',#9155,#9164,#9172,.T.);
#9172 = LINE('',#9173,#9174);
#9173 = CARTESIAN_POINT('',(1.274898377279,2.790081184795,
    5.00000552778E-02));
#9174 = VECTOR('',#9175,1.);
#9175 = DIRECTION('',(1.,0.,0.));
#9176 = PLANE('',#9177);
#9177 = AXIS2_PLACEMENT_3D('',#9178,#9179,#9180);
#9178 = CARTESIAN_POINT('',(-1.500101573712,-1.359918741913,
    5.000005527779E-02));
#9179 = DIRECTION('',(0.,3.491481338843E-15,-1.));
#9180 = DIRECTION('',(0.,1.,3.491481338843E-15));
#9181 = ADVANCED_FACE('',(#9182),#9210,.T.);
#9182 = FACE_BOUND('',#9183,.T.);
#9183 = EDGE_LOOP('',(#9184,#9194,#9201,#9202,#9203,#9204));
#9184 = ORIENTED_EDGE('',*,*,#9185,.F.);
#9185 = EDGE_CURVE('',#9186,#9188,#9190,.T.);
#9186 = VERTEX_POINT('',#9187);
#9187 = CARTESIAN_POINT('',(1.274898377279,2.268469412149,
    -4.999994295614E-02));
#9188 = VERTEX_POINT('',#9189);
#9189 = CARTESIAN_POINT('',(1.274898377279,2.790081184795,
    -4.999994295613E-02));
#9190 = LINE('',#9191,#9192);
#9191 = CARTESIAN_POINT('',(1.274898377279,1.990081198924,
    -4.999994295614E-02));
#9192 = VECTOR('',#9193,1.);
#9193 = DIRECTION('',(-5.421010862428E-16,1.,3.491481338843E-15));
#9194 = ORIENTED_EDGE('',*,*,#9195,.T.);
#9195 = EDGE_CURVE('',#9186,#7250,#9196,.T.);
#9196 = CIRCLE('',#9197,0.799999985871);
#9197 = AXIS2_PLACEMENT_3D('',#9198,#9199,#9200);
#9198 = CARTESIAN_POINT('',(1.274898377279,2.268469412149,0.750000042915
    ));
#9199 = DIRECTION('',(-1.,-5.421010862428E-16,-1.892735826383E-30));
#9200 = DIRECTION('',(5.421010862428E-16,-1.,-3.523657060578E-15));
#9201 = ORIENTED_EDGE('',*,*,#7249,.T.);
#9202 = ORIENTED_EDGE('',*,*,#8561,.F.);
#9203 = ORIENTED_EDGE('',*,*,#9154,.T.);
#9204 = ORIENTED_EDGE('',*,*,#9205,.T.);
#9205 = EDGE_CURVE('',#9155,#9188,#9206,.T.);
#9206 = LINE('',#9207,#9208);
#9207 = CARTESIAN_POINT('',(1.274898377279,2.790081184795,
    5.00000552778E-02));
#9208 = VECTOR('',#9209,1.);
#9209 = DIRECTION('',(0.,3.491481338843E-15,-1.));
#9210 = PLANE('',#9211);
#9211 = AXIS2_PLACEMENT_3D('',#9212,#9213,#9214);
#9212 = CARTESIAN_POINT('',(1.274898377279,1.990081198924,
    5.00000552778E-02));
#9213 = DIRECTION('',(-1.,-5.421010862428E-16,-1.892735826383E-30));
#9214 = DIRECTION('',(5.421010862428E-16,-1.,-3.491481338843E-15));
#9215 = ADVANCED_FACE('',(#9216),#9244,.T.);
#9216 = FACE_BOUND('',#9217,.T.);
#9217 = EDGE_LOOP('',(#9218,#9219,#9228,#9236,#9242,#9243));
#9218 = ORIENTED_EDGE('',*,*,#7265,.T.);
#9219 = ORIENTED_EDGE('',*,*,#9220,.T.);
#9220 = EDGE_CURVE('',#7258,#9221,#9223,.T.);
#9221 = VERTEX_POINT('',#9222);
#9222 = CARTESIAN_POINT('',(1.474898373747,2.268469412149,
    -4.999994295614E-02));
#9223 = CIRCLE('',#9224,0.799999985871);
#9224 = AXIS2_PLACEMENT_3D('',#9225,#9226,#9227);
#9225 = CARTESIAN_POINT('',(1.474898373747,2.268469412149,0.750000042915
    ));
#9226 = DIRECTION('',(1.,-5.421010862428E-16,-1.892735826383E-30));
#9227 = DIRECTION('',(5.421010862428E-16,1.,3.523657060578E-15));
#9228 = ORIENTED_EDGE('',*,*,#9229,.F.);
#9229 = EDGE_CURVE('',#9230,#9221,#9232,.T.);
#9230 = VERTEX_POINT('',#9231);
#9231 = CARTESIAN_POINT('',(1.474898373747,2.790081184795,
    -4.999994295613E-02));
#9232 = LINE('',#9233,#9234);
#9233 = CARTESIAN_POINT('',(1.474898373747,1.990081198924,
    -4.999994295614E-02));
#9234 = VECTOR('',#9235,1.);
#9235 = DIRECTION('',(-5.421010862428E-16,-1.,-3.491481338843E-15));
#9236 = ORIENTED_EDGE('',*,*,#9237,.F.);
#9237 = EDGE_CURVE('',#9164,#9230,#9238,.T.);
#9238 = LINE('',#9239,#9240);
#9239 = CARTESIAN_POINT('',(1.474898373747,2.790081184795,
    5.00000552778E-02));
#9240 = VECTOR('',#9241,1.);
#9241 = DIRECTION('',(0.,3.491481338843E-15,-1.));
#9242 = ORIENTED_EDGE('',*,*,#9163,.T.);
#9243 = ORIENTED_EDGE('',*,*,#8545,.F.);
#9244 = PLANE('',#9245);
#9245 = AXIS2_PLACEMENT_3D('',#9246,#9247,#9248);
#9246 = CARTESIAN_POINT('',(1.474898373747,1.990081198924,
    5.00000552778E-02));
#9247 = DIRECTION('',(1.,-5.421010862428E-16,-1.892735826383E-30));
#9248 = DIRECTION('',(5.421010862428E-16,1.,3.491481338843E-15));
#9249 = ADVANCED_FACE('',(#9250),#9261,.T.);
#9250 = FACE_BOUND('',#9251,.T.);
#9251 = EDGE_LOOP('',(#9252,#9258,#9259,#9260));
#9252 = ORIENTED_EDGE('',*,*,#9253,.F.);
#9253 = EDGE_CURVE('',#9188,#9230,#9254,.T.);
#9254 = LINE('',#9255,#9256);
#9255 = CARTESIAN_POINT('',(1.274898377279,2.790081184795,
    -4.999994295613E-02));
#9256 = VECTOR('',#9257,1.);
#9257 = DIRECTION('',(1.,0.,0.));
#9258 = ORIENTED_EDGE('',*,*,#9205,.F.);
#9259 = ORIENTED_EDGE('',*,*,#9171,.T.);
#9260 = ORIENTED_EDGE('',*,*,#9237,.T.);
#9261 = PLANE('',#9262);
#9262 = AXIS2_PLACEMENT_3D('',#9263,#9264,#9265);
#9263 = CARTESIAN_POINT('',(1.274898377279,2.790081184795,
    5.00000552778E-02));
#9264 = DIRECTION('',(0.,1.,3.491481338843E-15));
#9265 = DIRECTION('',(-1.,0.,0.));
#9266 = ADVANCED_FACE('',(#9267),#9278,.T.);
#9267 = FACE_BOUND('',#9268,.T.);
#9268 = EDGE_LOOP('',(#9269,#9270,#9276,#9277));
#9269 = ORIENTED_EDGE('',*,*,#9229,.T.);
#9270 = ORIENTED_EDGE('',*,*,#9271,.T.);
#9271 = EDGE_CURVE('',#9221,#9186,#9272,.T.);
#9272 = LINE('',#9273,#9274);
#9273 = CARTESIAN_POINT('',(1.274898377279,2.268469412149,
    -4.999994295614E-02));
#9274 = VECTOR('',#9275,1.);
#9275 = DIRECTION('',(-1.,0.,0.));
#9276 = ORIENTED_EDGE('',*,*,#9185,.T.);
#9277 = ORIENTED_EDGE('',*,*,#9253,.T.);
#9278 = PLANE('',#9279);
#9279 = AXIS2_PLACEMENT_3D('',#9280,#9281,#9282);
#9280 = CARTESIAN_POINT('',(-1.500101573712,-1.359918741913,
    -4.999994295615E-02));
#9281 = DIRECTION('',(0.,3.491481338843E-15,-1.));
#9282 = DIRECTION('',(0.,1.,3.491481338843E-15));
#9283 = ADVANCED_FACE('',(#9284),#9309,.F.);
#9284 = FACE_BOUND('',#9285,.T.);
#9285 = EDGE_LOOP('',(#9286,#9294,#9295,#9303));
#9286 = ORIENTED_EDGE('',*,*,#9287,.F.);
#9287 = EDGE_CURVE('',#8577,#9288,#9290,.T.);
#9288 = VERTEX_POINT('',#9289);
#9289 = CARTESIAN_POINT('',(0.77489838611,2.790081184795,
    5.00000552778E-02));
#9290 = LINE('',#9291,#9292);
#9291 = CARTESIAN_POINT('',(0.77489838611,1.990081198924,
    5.00000552778E-02));
#9292 = VECTOR('',#9293,1.);
#9293 = DIRECTION('',(-5.421010862428E-16,1.,3.491481338843E-15));
#9294 = ORIENTED_EDGE('',*,*,#8576,.T.);
#9295 = ORIENTED_EDGE('',*,*,#9296,.F.);
#9296 = EDGE_CURVE('',#9297,#8569,#9299,.T.);
#9297 = VERTEX_POINT('',#9298);
#9298 = CARTESIAN_POINT('',(0.974898382578,2.790081184795,
    5.00000552778E-02));
#9299 = LINE('',#9300,#9301);
#9300 = CARTESIAN_POINT('',(0.974898382578,1.990081198924,
    5.00000552778E-02));
#9301 = VECTOR('',#9302,1.);
#9302 = DIRECTION('',(-5.421010862428E-16,-1.,-3.491481338843E-15));
#9303 = ORIENTED_EDGE('',*,*,#9304,.F.);
#9304 = EDGE_CURVE('',#9288,#9297,#9305,.T.);
#9305 = LINE('',#9306,#9307);
#9306 = CARTESIAN_POINT('',(0.77489838611,2.790081184795,
    5.00000552778E-02));
#9307 = VECTOR('',#9308,1.);
#9308 = DIRECTION('',(1.,0.,0.));
#9309 = PLANE('',#9310);
#9310 = AXIS2_PLACEMENT_3D('',#9311,#9312,#9313);
#9311 = CARTESIAN_POINT('',(-2.000101564882,-1.359918741913,
    5.000005527779E-02));
#9312 = DIRECTION('',(0.,3.491481338843E-15,-1.));
#9313 = DIRECTION('',(0.,1.,3.491481338843E-15));
#9314 = ADVANCED_FACE('',(#9315),#9343,.T.);
#9315 = FACE_BOUND('',#9316,.T.);
#9316 = EDGE_LOOP('',(#9317,#9327,#9334,#9335,#9336,#9337));
#9317 = ORIENTED_EDGE('',*,*,#9318,.F.);
#9318 = EDGE_CURVE('',#9319,#9321,#9323,.T.);
#9319 = VERTEX_POINT('',#9320);
#9320 = CARTESIAN_POINT('',(0.77489838611,2.268469412149,
    -4.999994295614E-02));
#9321 = VERTEX_POINT('',#9322);
#9322 = CARTESIAN_POINT('',(0.77489838611,2.790081184795,
    -4.999994295613E-02));
#9323 = LINE('',#9324,#9325);
#9324 = CARTESIAN_POINT('',(0.77489838611,1.990081198924,
    -4.999994295614E-02));
#9325 = VECTOR('',#9326,1.);
#9326 = DIRECTION('',(-5.421010862428E-16,1.,3.491481338843E-15));
#9327 = ORIENTED_EDGE('',*,*,#9328,.T.);
#9328 = EDGE_CURVE('',#9319,#7218,#9329,.T.);
#9329 = CIRCLE('',#9330,0.799999985871);
#9330 = AXIS2_PLACEMENT_3D('',#9331,#9332,#9333);
#9331 = CARTESIAN_POINT('',(0.77489838611,2.268469412149,0.750000042915)
  );
#9332 = DIRECTION('',(-1.,-5.421010862428E-16,-1.892735826383E-30));
#9333 = DIRECTION('',(5.421010862428E-16,-1.,-3.523657060578E-15));
#9334 = ORIENTED_EDGE('',*,*,#7217,.T.);
#9335 = ORIENTED_EDGE('',*,*,#8584,.F.);
#9336 = ORIENTED_EDGE('',*,*,#9287,.T.);
#9337 = ORIENTED_EDGE('',*,*,#9338,.T.);
#9338 = EDGE_CURVE('',#9288,#9321,#9339,.T.);
#9339 = LINE('',#9340,#9341);
#9340 = CARTESIAN_POINT('',(0.77489838611,2.790081184795,
    5.00000552778E-02));
#9341 = VECTOR('',#9342,1.);
#9342 = DIRECTION('',(0.,3.491481338843E-15,-1.));
#9343 = PLANE('',#9344);
#9344 = AXIS2_PLACEMENT_3D('',#9345,#9346,#9347);
#9345 = CARTESIAN_POINT('',(0.77489838611,1.990081198924,
    5.00000552778E-02));
#9346 = DIRECTION('',(-1.,-5.421010862428E-16,-1.892735826383E-30));
#9347 = DIRECTION('',(5.421010862428E-16,-1.,-3.491481338843E-15));
#9348 = ADVANCED_FACE('',(#9349),#9377,.T.);
#9349 = FACE_BOUND('',#9350,.T.);
#9350 = EDGE_LOOP('',(#9351,#9352,#9361,#9369,#9375,#9376));
#9351 = ORIENTED_EDGE('',*,*,#7233,.T.);
#9352 = ORIENTED_EDGE('',*,*,#9353,.T.);
#9353 = EDGE_CURVE('',#7226,#9354,#9356,.T.);
#9354 = VERTEX_POINT('',#9355);
#9355 = CARTESIAN_POINT('',(0.974898382578,2.268469412149,
    -4.999994295614E-02));
#9356 = CIRCLE('',#9357,0.799999985871);
#9357 = AXIS2_PLACEMENT_3D('',#9358,#9359,#9360);
#9358 = CARTESIAN_POINT('',(0.974898382578,2.268469412149,0.750000042915
    ));
#9359 = DIRECTION('',(1.,-5.421010862428E-16,-1.892735826383E-30));
#9360 = DIRECTION('',(5.421010862428E-16,1.,3.523657060578E-15));
#9361 = ORIENTED_EDGE('',*,*,#9362,.F.);
#9362 = EDGE_CURVE('',#9363,#9354,#9365,.T.);
#9363 = VERTEX_POINT('',#9364);
#9364 = CARTESIAN_POINT('',(0.974898382578,2.790081184795,
    -4.999994295613E-02));
#9365 = LINE('',#9366,#9367);
#9366 = CARTESIAN_POINT('',(0.974898382578,1.990081198924,
    -4.999994295614E-02));
#9367 = VECTOR('',#9368,1.);
#9368 = DIRECTION('',(-5.421010862428E-16,-1.,-3.491481338843E-15));
#9369 = ORIENTED_EDGE('',*,*,#9370,.F.);
#9370 = EDGE_CURVE('',#9297,#9363,#9371,.T.);
#9371 = LINE('',#9372,#9373);
#9372 = CARTESIAN_POINT('',(0.974898382578,2.790081184795,
    5.00000552778E-02));
#9373 = VECTOR('',#9374,1.);
#9374 = DIRECTION('',(0.,3.491481338843E-15,-1.));
#9375 = ORIENTED_EDGE('',*,*,#9296,.T.);
#9376 = ORIENTED_EDGE('',*,*,#8568,.F.);
#9377 = PLANE('',#9378);
#9378 = AXIS2_PLACEMENT_3D('',#9379,#9380,#9381);
#9379 = CARTESIAN_POINT('',(0.974898382578,1.990081198924,
    5.00000552778E-02));
#9380 = DIRECTION('',(1.,-5.421010862428E-16,-1.892735826383E-30));
#9381 = DIRECTION('',(5.421010862428E-16,1.,3.491481338843E-15));
#9382 = ADVANCED_FACE('',(#9383),#9394,.T.);
#9383 = FACE_BOUND('',#9384,.T.);
#9384 = EDGE_LOOP('',(#9385,#9391,#9392,#9393));
#9385 = ORIENTED_EDGE('',*,*,#9386,.F.);
#9386 = EDGE_CURVE('',#9321,#9363,#9387,.T.);
#9387 = LINE('',#9388,#9389);
#9388 = CARTESIAN_POINT('',(0.77489838611,2.790081184795,
    -4.999994295613E-02));
#9389 = VECTOR('',#9390,1.);
#9390 = DIRECTION('',(1.,0.,0.));
#9391 = ORIENTED_EDGE('',*,*,#9338,.F.);
#9392 = ORIENTED_EDGE('',*,*,#9304,.T.);
#9393 = ORIENTED_EDGE('',*,*,#9370,.T.);
#9394 = PLANE('',#9395);
#9395 = AXIS2_PLACEMENT_3D('',#9396,#9397,#9398);
#9396 = CARTESIAN_POINT('',(0.77489838611,2.790081184795,
    5.00000552778E-02));
#9397 = DIRECTION('',(0.,1.,3.491481338843E-15));
#9398 = DIRECTION('',(-1.,0.,0.));
#9399 = ADVANCED_FACE('',(#9400),#9411,.T.);
#9400 = FACE_BOUND('',#9401,.T.);
#9401 = EDGE_LOOP('',(#9402,#9403,#9409,#9410));
#9402 = ORIENTED_EDGE('',*,*,#9362,.T.);
#9403 = ORIENTED_EDGE('',*,*,#9404,.T.);
#9404 = EDGE_CURVE('',#9354,#9319,#9405,.T.);
#9405 = LINE('',#9406,#9407);
#9406 = CARTESIAN_POINT('',(0.77489838611,2.268469412149,
    -4.999994295614E-02));
#9407 = VECTOR('',#9408,1.);
#9408 = DIRECTION('',(-1.,0.,0.));
#9409 = ORIENTED_EDGE('',*,*,#9318,.T.);
#9410 = ORIENTED_EDGE('',*,*,#9386,.T.);
#9411 = PLANE('',#9412);
#9412 = AXIS2_PLACEMENT_3D('',#9413,#9414,#9415);
#9413 = CARTESIAN_POINT('',(-2.000101564882,-1.359918741913,
    -4.999994295615E-02));
#9414 = DIRECTION('',(0.,3.491481338843E-15,-1.));
#9415 = DIRECTION('',(0.,1.,3.491481338843E-15));
#9416 = ADVANCED_FACE('',(#9417),#9442,.F.);
#9417 = FACE_BOUND('',#9418,.T.);
#9418 = EDGE_LOOP('',(#9419,#9427,#9428,#9436));
#9419 = ORIENTED_EDGE('',*,*,#9420,.F.);
#9420 = EDGE_CURVE('',#8600,#9421,#9423,.T.);
#9421 = VERTEX_POINT('',#9422);
#9422 = CARTESIAN_POINT('',(0.27489839494,2.790081184795,
    5.00000552778E-02));
#9423 = LINE('',#9424,#9425);
#9424 = CARTESIAN_POINT('',(0.27489839494,1.990081198924,
    5.00000552778E-02));
#9425 = VECTOR('',#9426,1.);
#9426 = DIRECTION('',(-5.421010862428E-16,1.,3.491481338843E-15));
#9427 = ORIENTED_EDGE('',*,*,#8599,.T.);
#9428 = ORIENTED_EDGE('',*,*,#9429,.F.);
#9429 = EDGE_CURVE('',#9430,#8592,#9432,.T.);
#9430 = VERTEX_POINT('',#9431);
#9431 = CARTESIAN_POINT('',(0.474898391408,2.790081184795,
    5.00000552778E-02));
#9432 = LINE('',#9433,#9434);
#9433 = CARTESIAN_POINT('',(0.474898391408,1.990081198924,
    5.00000552778E-02));
#9434 = VECTOR('',#9435,1.);
#9435 = DIRECTION('',(-5.421010862428E-16,-1.,-3.491481338843E-15));
#9436 = ORIENTED_EDGE('',*,*,#9437,.F.);
#9437 = EDGE_CURVE('',#9421,#9430,#9438,.T.);
#9438 = LINE('',#9439,#9440);
#9439 = CARTESIAN_POINT('',(0.27489839494,2.790081184795,
    5.00000552778E-02));
#9440 = VECTOR('',#9441,1.);
#9441 = DIRECTION('',(1.,0.,0.));
#9442 = PLANE('',#9443);
#9443 = AXIS2_PLACEMENT_3D('',#9444,#9445,#9446);
#9444 = CARTESIAN_POINT('',(-2.500101556052,-1.359918741913,
    5.000005527779E-02));
#9445 = DIRECTION('',(0.,3.491481338843E-15,-1.));
#9446 = DIRECTION('',(0.,1.,3.491481338843E-15));
#9447 = ADVANCED_FACE('',(#9448),#9476,.T.);
#9448 = FACE_BOUND('',#9449,.T.);
#9449 = EDGE_LOOP('',(#9450,#9460,#9467,#9468,#9469,#9470));
#9450 = ORIENTED_EDGE('',*,*,#9451,.F.);
#9451 = EDGE_CURVE('',#9452,#9454,#9456,.T.);
#9452 = VERTEX_POINT('',#9453);
#9453 = CARTESIAN_POINT('',(0.27489839494,2.268469412149,
    -4.999994295614E-02));
#9454 = VERTEX_POINT('',#9455);
#9455 = CARTESIAN_POINT('',(0.27489839494,2.790081184795,
    -4.999994295613E-02));
#9456 = LINE('',#9457,#9458);
#9457 = CARTESIAN_POINT('',(0.27489839494,1.990081198924,
    -4.999994295614E-02));
#9458 = VECTOR('',#9459,1.);
#9459 = DIRECTION('',(-5.421010862428E-16,1.,3.491481338843E-15));
#9460 = ORIENTED_EDGE('',*,*,#9461,.T.);
#9461 = EDGE_CURVE('',#9452,#7186,#9462,.T.);
#9462 = CIRCLE('',#9463,0.799999985871);
#9463 = AXIS2_PLACEMENT_3D('',#9464,#9465,#9466);
#9464 = CARTESIAN_POINT('',(0.27489839494,2.268469412149,0.750000042915)
  );
#9465 = DIRECTION('',(-1.,-5.421010862428E-16,-1.892735826383E-30));
#9466 = DIRECTION('',(5.421010862428E-16,-1.,-3.523657060578E-15));
#9467 = ORIENTED_EDGE('',*,*,#7185,.T.);
#9468 = ORIENTED_EDGE('',*,*,#8607,.F.);
#9469 = ORIENTED_EDGE('',*,*,#9420,.T.);
#9470 = ORIENTED_EDGE('',*,*,#9471,.T.);
#9471 = EDGE_CURVE('',#9421,#9454,#9472,.T.);
#9472 = LINE('',#9473,#9474);
#9473 = CARTESIAN_POINT('',(0.27489839494,2.790081184795,
    5.00000552778E-02));
#9474 = VECTOR('',#9475,1.);
#9475 = DIRECTION('',(0.,3.491481338843E-15,-1.));
#9476 = PLANE('',#9477);
#9477 = AXIS2_PLACEMENT_3D('',#9478,#9479,#9480);
#9478 = CARTESIAN_POINT('',(0.27489839494,1.990081198924,
    5.00000552778E-02));
#9479 = DIRECTION('',(-1.,-5.421010862428E-16,-1.892735826383E-30));
#9480 = DIRECTION('',(5.421010862428E-16,-1.,-3.491481338843E-15));
#9481 = ADVANCED_FACE('',(#9482),#9510,.T.);
#9482 = FACE_BOUND('',#9483,.T.);
#9483 = EDGE_LOOP('',(#9484,#9485,#9494,#9502,#9508,#9509));
#9484 = ORIENTED_EDGE('',*,*,#7201,.T.);
#9485 = ORIENTED_EDGE('',*,*,#9486,.T.);
#9486 = EDGE_CURVE('',#7194,#9487,#9489,.T.);
#9487 = VERTEX_POINT('',#9488);
#9488 = CARTESIAN_POINT('',(0.474898391408,2.268469412149,
    -4.999994295614E-02));
#9489 = CIRCLE('',#9490,0.799999985871);
#9490 = AXIS2_PLACEMENT_3D('',#9491,#9492,#9493);
#9491 = CARTESIAN_POINT('',(0.474898391408,2.268469412149,0.750000042915
    ));
#9492 = DIRECTION('',(1.,-5.421010862428E-16,-1.892735826383E-30));
#9493 = DIRECTION('',(5.421010862428E-16,1.,3.523657060578E-15));
#9494 = ORIENTED_EDGE('',*,*,#9495,.F.);
#9495 = EDGE_CURVE('',#9496,#9487,#9498,.T.);
#9496 = VERTEX_POINT('',#9497);
#9497 = CARTESIAN_POINT('',(0.474898391408,2.790081184795,
    -4.999994295613E-02));
#9498 = LINE('',#9499,#9500);
#9499 = CARTESIAN_POINT('',(0.474898391408,1.990081198924,
    -4.999994295614E-02));
#9500 = VECTOR('',#9501,1.);
#9501 = DIRECTION('',(-5.421010862428E-16,-1.,-3.491481338843E-15));
#9502 = ORIENTED_EDGE('',*,*,#9503,.F.);
#9503 = EDGE_CURVE('',#9430,#9496,#9504,.T.);
#9504 = LINE('',#9505,#9506);
#9505 = CARTESIAN_POINT('',(0.474898391408,2.790081184795,
    5.00000552778E-02));
#9506 = VECTOR('',#9507,1.);
#9507 = DIRECTION('',(0.,3.491481338843E-15,-1.));
#9508 = ORIENTED_EDGE('',*,*,#9429,.T.);
#9509 = ORIENTED_EDGE('',*,*,#8591,.F.);
#9510 = PLANE('',#9511);
#9511 = AXIS2_PLACEMENT_3D('',#9512,#9513,#9514);
#9512 = CARTESIAN_POINT('',(0.474898391408,1.990081198924,
    5.00000552778E-02));
#9513 = DIRECTION('',(1.,-5.421010862428E-16,-1.892735826383E-30));
#9514 = DIRECTION('',(5.421010862428E-16,1.,3.491481338843E-15));
#9515 = ADVANCED_FACE('',(#9516),#9527,.T.);
#9516 = FACE_BOUND('',#9517,.T.);
#9517 = EDGE_LOOP('',(#9518,#9524,#9525,#9526));
#9518 = ORIENTED_EDGE('',*,*,#9519,.F.);
#9519 = EDGE_CURVE('',#9454,#9496,#9520,.T.);
#9520 = LINE('',#9521,#9522);
#9521 = CARTESIAN_POINT('',(0.27489839494,2.790081184795,
    -4.999994295613E-02));
#9522 = VECTOR('',#9523,1.);
#9523 = DIRECTION('',(1.,0.,0.));
#9524 = ORIENTED_EDGE('',*,*,#9471,.F.);
#9525 = ORIENTED_EDGE('',*,*,#9437,.T.);
#9526 = ORIENTED_EDGE('',*,*,#9503,.T.);
#9527 = PLANE('',#9528);
#9528 = AXIS2_PLACEMENT_3D('',#9529,#9530,#9531);
#9529 = CARTESIAN_POINT('',(0.27489839494,2.790081184795,
    5.00000552778E-02));
#9530 = DIRECTION('',(0.,1.,3.491481338843E-15));
#9531 = DIRECTION('',(-1.,0.,0.));
#9532 = ADVANCED_FACE('',(#9533),#9544,.T.);
#9533 = FACE_BOUND('',#9534,.T.);
#9534 = EDGE_LOOP('',(#9535,#9536,#9542,#9543));
#9535 = ORIENTED_EDGE('',*,*,#9495,.T.);
#9536 = ORIENTED_EDGE('',*,*,#9537,.T.);
#9537 = EDGE_CURVE('',#9487,#9452,#9538,.T.);
#9538 = LINE('',#9539,#9540);
#9539 = CARTESIAN_POINT('',(0.27489839494,2.268469412149,
    -4.999994295614E-02));
#9540 = VECTOR('',#9541,1.);
#9541 = DIRECTION('',(-1.,0.,0.));
#9542 = ORIENTED_EDGE('',*,*,#9451,.T.);
#9543 = ORIENTED_EDGE('',*,*,#9519,.T.);
#9544 = PLANE('',#9545);
#9545 = AXIS2_PLACEMENT_3D('',#9546,#9547,#9548);
#9546 = CARTESIAN_POINT('',(-2.500101556052,-1.359918741913,
    -4.999994295615E-02));
#9547 = DIRECTION('',(0.,3.491481338843E-15,-1.));
#9548 = DIRECTION('',(0.,1.,3.491481338843E-15));
#9549 = ADVANCED_FACE('',(#9550),#9575,.F.);
#9550 = FACE_BOUND('',#9551,.T.);
#9551 = EDGE_LOOP('',(#9552,#9560,#9561,#9569));
#9552 = ORIENTED_EDGE('',*,*,#9553,.F.);
#9553 = EDGE_CURVE('',#8623,#9554,#9556,.T.);
#9554 = VERTEX_POINT('',#9555);
#9555 = CARTESIAN_POINT('',(-0.22510159623,2.790081184795,
    5.00000552778E-02));
#9556 = LINE('',#9557,#9558);
#9557 = CARTESIAN_POINT('',(-0.22510159623,1.990081198924,
    5.00000552778E-02));
#9558 = VECTOR('',#9559,1.);
#9559 = DIRECTION('',(-5.421010862428E-16,1.,3.491481338843E-15));
#9560 = ORIENTED_EDGE('',*,*,#8622,.T.);
#9561 = ORIENTED_EDGE('',*,*,#9562,.F.);
#9562 = EDGE_CURVE('',#9563,#8615,#9565,.T.);
#9563 = VERTEX_POINT('',#9564);
#9564 = CARTESIAN_POINT('',(-2.510159976168E-02,2.790081184795,
    5.00000552778E-02));
#9565 = LINE('',#9566,#9567);
#9566 = CARTESIAN_POINT('',(-2.510159976168E-02,1.990081198924,
    5.00000552778E-02));
#9567 = VECTOR('',#9568,1.);
#9568 = DIRECTION('',(-5.421010862428E-16,-1.,-3.491481338843E-15));
#9569 = ORIENTED_EDGE('',*,*,#9570,.F.);
#9570 = EDGE_CURVE('',#9554,#9563,#9571,.T.);
#9571 = LINE('',#9572,#9573);
#9572 = CARTESIAN_POINT('',(-0.22510159623,2.790081184795,
    5.00000552778E-02));
#9573 = VECTOR('',#9574,1.);
#9574 = DIRECTION('',(1.,0.,0.));
#9575 = PLANE('',#9576);
#9576 = AXIS2_PLACEMENT_3D('',#9577,#9578,#9579);
#9577 = CARTESIAN_POINT('',(-3.000101547221,-1.359918741913,
    5.000005527779E-02));
#9578 = DIRECTION('',(0.,3.491481338843E-15,-1.));
#9579 = DIRECTION('',(0.,1.,3.491481338843E-15));
#9580 = ADVANCED_FACE('',(#9581),#9609,.T.);
#9581 = FACE_BOUND('',#9582,.T.);
#9582 = EDGE_LOOP('',(#9583,#9593,#9600,#9601,#9602,#9603));
#9583 = ORIENTED_EDGE('',*,*,#9584,.F.);
#9584 = EDGE_CURVE('',#9585,#9587,#9589,.T.);
#9585 = VERTEX_POINT('',#9586);
#9586 = CARTESIAN_POINT('',(-0.22510159623,2.268469412149,
    -4.999994295614E-02));
#9587 = VERTEX_POINT('',#9588);
#9588 = CARTESIAN_POINT('',(-0.22510159623,2.790081184795,
    -4.999994295613E-02));
#9589 = LINE('',#9590,#9591);
#9590 = CARTESIAN_POINT('',(-0.22510159623,1.990081198924,
    -4.999994295614E-02));
#9591 = VECTOR('',#9592,1.);
#9592 = DIRECTION('',(-5.421010862428E-16,1.,3.491481338843E-15));
#9593 = ORIENTED_EDGE('',*,*,#9594,.T.);
#9594 = EDGE_CURVE('',#9585,#7154,#9595,.T.);
#9595 = CIRCLE('',#9596,0.799999985871);
#9596 = AXIS2_PLACEMENT_3D('',#9597,#9598,#9599);
#9597 = CARTESIAN_POINT('',(-0.22510159623,2.268469412149,0.750000042915
    ));
#9598 = DIRECTION('',(-1.,-5.421010862428E-16,-1.892735826383E-30));
#9599 = DIRECTION('',(5.421010862428E-16,-1.,-3.523657060578E-15));
#9600 = ORIENTED_EDGE('',*,*,#7153,.T.);
#9601 = ORIENTED_EDGE('',*,*,#8630,.F.);
#9602 = ORIENTED_EDGE('',*,*,#9553,.T.);
#9603 = ORIENTED_EDGE('',*,*,#9604,.T.);
#9604 = EDGE_CURVE('',#9554,#9587,#9605,.T.);
#9605 = LINE('',#9606,#9607);
#9606 = CARTESIAN_POINT('',(-0.22510159623,2.790081184795,
    5.00000552778E-02));
#9607 = VECTOR('',#9608,1.);
#9608 = DIRECTION('',(0.,3.491481338843E-15,-1.));
#9609 = PLANE('',#9610);
#9610 = AXIS2_PLACEMENT_3D('',#9611,#9612,#9613);
#9611 = CARTESIAN_POINT('',(-0.22510159623,1.990081198924,
    5.00000552778E-02));
#9612 = DIRECTION('',(-1.,-5.421010862428E-16,-1.892735826383E-30));
#9613 = DIRECTION('',(5.421010862428E-16,-1.,-3.491481338843E-15));
#9614 = ADVANCED_FACE('',(#9615),#9643,.T.);
#9615 = FACE_BOUND('',#9616,.T.);
#9616 = EDGE_LOOP('',(#9617,#9618,#9627,#9635,#9641,#9642));
#9617 = ORIENTED_EDGE('',*,*,#7169,.T.);
#9618 = ORIENTED_EDGE('',*,*,#9619,.T.);
#9619 = EDGE_CURVE('',#7162,#9620,#9622,.T.);
#9620 = VERTEX_POINT('',#9621);
#9621 = CARTESIAN_POINT('',(-2.510159976168E-02,2.268469412149,
    -4.999994295614E-02));
#9622 = CIRCLE('',#9623,0.799999985871);
#9623 = AXIS2_PLACEMENT_3D('',#9624,#9625,#9626);
#9624 = CARTESIAN_POINT('',(-2.510159976168E-02,2.268469412149,
    0.750000042915));
#9625 = DIRECTION('',(1.,-5.421010862428E-16,-1.892735826383E-30));
#9626 = DIRECTION('',(5.421010862428E-16,1.,3.523657060578E-15));
#9627 = ORIENTED_EDGE('',*,*,#9628,.F.);
#9628 = EDGE_CURVE('',#9629,#9620,#9631,.T.);
#9629 = VERTEX_POINT('',#9630);
#9630 = CARTESIAN_POINT('',(-2.510159976168E-02,2.790081184795,
    -4.999994295613E-02));
#9631 = LINE('',#9632,#9633);
#9632 = CARTESIAN_POINT('',(-2.510159976168E-02,1.990081198924,
    -4.999994295614E-02));
#9633 = VECTOR('',#9634,1.);
#9634 = DIRECTION('',(-5.421010862428E-16,-1.,-3.491481338843E-15));
#9635 = ORIENTED_EDGE('',*,*,#9636,.F.);
#9636 = EDGE_CURVE('',#9563,#9629,#9637,.T.);
#9637 = LINE('',#9638,#9639);
#9638 = CARTESIAN_POINT('',(-2.510159976168E-02,2.790081184795,
    5.00000552778E-02));
#9639 = VECTOR('',#9640,1.);
#9640 = DIRECTION('',(0.,3.491481338843E-15,-1.));
#9641 = ORIENTED_EDGE('',*,*,#9562,.T.);
#9642 = ORIENTED_EDGE('',*,*,#8614,.F.);
#9643 = PLANE('',#9644);
#9644 = AXIS2_PLACEMENT_3D('',#9645,#9646,#9647);
#9645 = CARTESIAN_POINT('',(-2.510159976168E-02,1.990081198924,
    5.00000552778E-02));
#9646 = DIRECTION('',(1.,-5.421010862428E-16,-1.892735826383E-30));
#9647 = DIRECTION('',(5.421010862428E-16,1.,3.491481338843E-15));
#9648 = ADVANCED_FACE('',(#9649),#9660,.T.);
#9649 = FACE_BOUND('',#9650,.T.);
#9650 = EDGE_LOOP('',(#9651,#9657,#9658,#9659));
#9651 = ORIENTED_EDGE('',*,*,#9652,.F.);
#9652 = EDGE_CURVE('',#9587,#9629,#9653,.T.);
#9653 = LINE('',#9654,#9655);
#9654 = CARTESIAN_POINT('',(-0.22510159623,2.790081184795,
    -4.999994295613E-02));
#9655 = VECTOR('',#9656,1.);
#9656 = DIRECTION('',(1.,0.,0.));
#9657 = ORIENTED_EDGE('',*,*,#9604,.F.);
#9658 = ORIENTED_EDGE('',*,*,#9570,.T.);
#9659 = ORIENTED_EDGE('',*,*,#9636,.T.);
#9660 = PLANE('',#9661);
#9661 = AXIS2_PLACEMENT_3D('',#9662,#9663,#9664);
#9662 = CARTESIAN_POINT('',(-0.22510159623,2.790081184795,
    5.00000552778E-02));
#9663 = DIRECTION('',(0.,1.,3.491481338843E-15));
#9664 = DIRECTION('',(-1.,0.,0.));
#9665 = ADVANCED_FACE('',(#9666),#9677,.T.);
#9666 = FACE_BOUND('',#9667,.T.);
#9667 = EDGE_LOOP('',(#9668,#9669,#9675,#9676));
#9668 = ORIENTED_EDGE('',*,*,#9628,.T.);
#9669 = ORIENTED_EDGE('',*,*,#9670,.T.);
#9670 = EDGE_CURVE('',#9620,#9585,#9671,.T.);
#9671 = LINE('',#9672,#9673);
#9672 = CARTESIAN_POINT('',(-0.22510159623,2.268469412149,
    -4.999994295614E-02));
#9673 = VECTOR('',#9674,1.);
#9674 = DIRECTION('',(-1.,0.,0.));
#9675 = ORIENTED_EDGE('',*,*,#9584,.T.);
#9676 = ORIENTED_EDGE('',*,*,#9652,.T.);
#9677 = PLANE('',#9678);
#9678 = AXIS2_PLACEMENT_3D('',#9679,#9680,#9681);
#9679 = CARTESIAN_POINT('',(-3.000101547221,-1.359918741913,
    -4.999994295615E-02));
#9680 = DIRECTION('',(0.,3.491481338843E-15,-1.));
#9681 = DIRECTION('',(0.,1.,3.491481338843E-15));
#9682 = ADVANCED_FACE('',(#9683),#9708,.F.);
#9683 = FACE_BOUND('',#9684,.T.);
#9684 = EDGE_LOOP('',(#9685,#9693,#9694,#9702));
#9685 = ORIENTED_EDGE('',*,*,#9686,.F.);
#9686 = EDGE_CURVE('',#8646,#9687,#9689,.T.);
#9687 = VERTEX_POINT('',#9688);
#9688 = CARTESIAN_POINT('',(-0.725101587399,2.790081184795,
    5.00000552778E-02));
#9689 = LINE('',#9690,#9691);
#9690 = CARTESIAN_POINT('',(-0.725101587399,1.990081198924,
    5.00000552778E-02));
#9691 = VECTOR('',#9692,1.);
#9692 = DIRECTION('',(-5.421010862428E-16,1.,3.491481338843E-15));
#9693 = ORIENTED_EDGE('',*,*,#8645,.T.);
#9694 = ORIENTED_EDGE('',*,*,#9695,.F.);
#9695 = EDGE_CURVE('',#9696,#8638,#9698,.T.);
#9696 = VERTEX_POINT('',#9697);
#9697 = CARTESIAN_POINT('',(-0.525101590931,2.790081184795,
    5.00000552778E-02));
#9698 = LINE('',#9699,#9700);
#9699 = CARTESIAN_POINT('',(-0.525101590931,1.990081198924,
    5.00000552778E-02));
#9700 = VECTOR('',#9701,1.);
#9701 = DIRECTION('',(-5.421010862428E-16,-1.,-3.491481338843E-15));
#9702 = ORIENTED_EDGE('',*,*,#9703,.F.);
#9703 = EDGE_CURVE('',#9687,#9696,#9704,.T.);
#9704 = LINE('',#9705,#9706);
#9705 = CARTESIAN_POINT('',(-0.725101587399,2.790081184795,
    5.00000552778E-02));
#9706 = VECTOR('',#9707,1.);
#9707 = DIRECTION('',(1.,0.,0.));
#9708 = PLANE('',#9709);
#9709 = AXIS2_PLACEMENT_3D('',#9710,#9711,#9712);
#9710 = CARTESIAN_POINT('',(-3.500101538391,-1.359918741913,
    5.000005527779E-02));
#9711 = DIRECTION('',(0.,3.491481338843E-15,-1.));
#9712 = DIRECTION('',(0.,1.,3.491481338843E-15));
#9713 = ADVANCED_FACE('',(#9714),#9742,.T.);
#9714 = FACE_BOUND('',#9715,.T.);
#9715 = EDGE_LOOP('',(#9716,#9726,#9733,#9734,#9735,#9736));
#9716 = ORIENTED_EDGE('',*,*,#9717,.F.);
#9717 = EDGE_CURVE('',#9718,#9720,#9722,.T.);
#9718 = VERTEX_POINT('',#9719);
#9719 = CARTESIAN_POINT('',(-0.725101587399,2.268469412149,
    -4.999994295614E-02));
#9720 = VERTEX_POINT('',#9721);
#9721 = CARTESIAN_POINT('',(-0.725101587399,2.790081184795,
    -4.999994295613E-02));
#9722 = LINE('',#9723,#9724);
#9723 = CARTESIAN_POINT('',(-0.725101587399,1.990081198924,
    -4.999994295614E-02));
#9724 = VECTOR('',#9725,1.);
#9725 = DIRECTION('',(-5.421010862428E-16,1.,3.491481338843E-15));
#9726 = ORIENTED_EDGE('',*,*,#9727,.T.);
#9727 = EDGE_CURVE('',#9718,#7122,#9728,.T.);
#9728 = CIRCLE('',#9729,0.799999985871);
#9729 = AXIS2_PLACEMENT_3D('',#9730,#9731,#9732);
#9730 = CARTESIAN_POINT('',(-0.725101587399,2.268469412149,
    0.750000042915));
#9731 = DIRECTION('',(-1.,-5.421010862428E-16,-1.892735826383E-30));
#9732 = DIRECTION('',(5.421010862428E-16,-1.,-3.523657060578E-15));
#9733 = ORIENTED_EDGE('',*,*,#7121,.T.);
#9734 = ORIENTED_EDGE('',*,*,#8653,.F.);
#9735 = ORIENTED_EDGE('',*,*,#9686,.T.);
#9736 = ORIENTED_EDGE('',*,*,#9737,.T.);
#9737 = EDGE_CURVE('',#9687,#9720,#9738,.T.);
#9738 = LINE('',#9739,#9740);
#9739 = CARTESIAN_POINT('',(-0.725101587399,2.790081184795,
    5.00000552778E-02));
#9740 = VECTOR('',#9741,1.);
#9741 = DIRECTION('',(0.,3.491481338843E-15,-1.));
#9742 = PLANE('',#9743);
#9743 = AXIS2_PLACEMENT_3D('',#9744,#9745,#9746);
#9744 = CARTESIAN_POINT('',(-0.725101587399,1.990081198924,
    5.00000552778E-02));
#9745 = DIRECTION('',(-1.,-5.421010862428E-16,-1.892735826383E-30));
#9746 = DIRECTION('',(5.421010862428E-16,-1.,-3.491481338843E-15));
#9747 = ADVANCED_FACE('',(#9748),#9776,.T.);
#9748 = FACE_BOUND('',#9749,.T.);
#9749 = EDGE_LOOP('',(#9750,#9751,#9760,#9768,#9774,#9775));
#9750 = ORIENTED_EDGE('',*,*,#7137,.T.);
#9751 = ORIENTED_EDGE('',*,*,#9752,.T.);
#9752 = EDGE_CURVE('',#7130,#9753,#9755,.T.);
#9753 = VERTEX_POINT('',#9754);
#9754 = CARTESIAN_POINT('',(-0.525101590931,2.268469412149,
    -4.999994295614E-02));
#9755 = CIRCLE('',#9756,0.799999985871);
#9756 = AXIS2_PLACEMENT_3D('',#9757,#9758,#9759);
#9757 = CARTESIAN_POINT('',(-0.525101590931,2.268469412149,
    0.750000042915));
#9758 = DIRECTION('',(1.,-5.421010862428E-16,-1.892735826383E-30));
#9759 = DIRECTION('',(5.421010862428E-16,1.,3.523657060578E-15));
#9760 = ORIENTED_EDGE('',*,*,#9761,.F.);
#9761 = EDGE_CURVE('',#9762,#9753,#9764,.T.);
#9762 = VERTEX_POINT('',#9763);
#9763 = CARTESIAN_POINT('',(-0.525101590931,2.790081184795,
    -4.999994295613E-02));
#9764 = LINE('',#9765,#9766);
#9765 = CARTESIAN_POINT('',(-0.525101590931,1.990081198924,
    -4.999994295614E-02));
#9766 = VECTOR('',#9767,1.);
#9767 = DIRECTION('',(-5.421010862428E-16,-1.,-3.491481338843E-15));
#9768 = ORIENTED_EDGE('',*,*,#9769,.F.);
#9769 = EDGE_CURVE('',#9696,#9762,#9770,.T.);
#9770 = LINE('',#9771,#9772);
#9771 = CARTESIAN_POINT('',(-0.525101590931,2.790081184795,
    5.00000552778E-02));
#9772 = VECTOR('',#9773,1.);
#9773 = DIRECTION('',(0.,3.491481338843E-15,-1.));
#9774 = ORIENTED_EDGE('',*,*,#9695,.T.);
#9775 = ORIENTED_EDGE('',*,*,#8637,.F.);
#9776 = PLANE('',#9777);
#9777 = AXIS2_PLACEMENT_3D('',#9778,#9779,#9780);
#9778 = CARTESIAN_POINT('',(-0.525101590931,1.990081198924,
    5.00000552778E-02));
#9779 = DIRECTION('',(1.,-5.421010862428E-16,-1.892735826383E-30));
#9780 = DIRECTION('',(5.421010862428E-16,1.,3.491481338843E-15));
#9781 = ADVANCED_FACE('',(#9782),#9793,.T.);
#9782 = FACE_BOUND('',#9783,.T.);
#9783 = EDGE_LOOP('',(#9784,#9790,#9791,#9792));
#9784 = ORIENTED_EDGE('',*,*,#9785,.F.);
#9785 = EDGE_CURVE('',#9720,#9762,#9786,.T.);
#9786 = LINE('',#9787,#9788);
#9787 = CARTESIAN_POINT('',(-0.725101587399,2.790081184795,
    -4.999994295613E-02));
#9788 = VECTOR('',#9789,1.);
#9789 = DIRECTION('',(1.,0.,0.));
#9790 = ORIENTED_EDGE('',*,*,#9737,.F.);
#9791 = ORIENTED_EDGE('',*,*,#9703,.T.);
#9792 = ORIENTED_EDGE('',*,*,#9769,.T.);
#9793 = PLANE('',#9794);
#9794 = AXIS2_PLACEMENT_3D('',#9795,#9796,#9797);
#9795 = CARTESIAN_POINT('',(-0.725101587399,2.790081184795,
    5.00000552778E-02));
#9796 = DIRECTION('',(0.,1.,3.491481338843E-15));
#9797 = DIRECTION('',(-1.,0.,0.));
#9798 = ADVANCED_FACE('',(#9799),#9810,.T.);
#9799 = FACE_BOUND('',#9800,.T.);
#9800 = EDGE_LOOP('',(#9801,#9802,#9808,#9809));
#9801 = ORIENTED_EDGE('',*,*,#9761,.T.);
#9802 = ORIENTED_EDGE('',*,*,#9803,.T.);
#9803 = EDGE_CURVE('',#9753,#9718,#9804,.T.);
#9804 = LINE('',#9805,#9806);
#9805 = CARTESIAN_POINT('',(-0.725101587399,2.268469412149,
    -4.999994295614E-02));
#9806 = VECTOR('',#9807,1.);
#9807 = DIRECTION('',(-1.,0.,0.));
#9808 = ORIENTED_EDGE('',*,*,#9717,.T.);
#9809 = ORIENTED_EDGE('',*,*,#9785,.T.);
#9810 = PLANE('',#9811);
#9811 = AXIS2_PLACEMENT_3D('',#9812,#9813,#9814);
#9812 = CARTESIAN_POINT('',(-3.500101538391,-1.359918741913,
    -4.999994295615E-02));
#9813 = DIRECTION('',(0.,3.491481338843E-15,-1.));
#9814 = DIRECTION('',(0.,1.,3.491481338843E-15));
#9815 = ADVANCED_FACE('',(#9816),#9841,.F.);
#9816 = FACE_BOUND('',#9817,.T.);
#9817 = EDGE_LOOP('',(#9818,#9826,#9827,#9835));
#9818 = ORIENTED_EDGE('',*,*,#9819,.F.);
#9819 = EDGE_CURVE('',#8669,#9820,#9822,.T.);
#9820 = VERTEX_POINT('',#9821);
#9821 = CARTESIAN_POINT('',(-1.225101578569,2.790081184795,
    5.00000552778E-02));
#9822 = LINE('',#9823,#9824);
#9823 = CARTESIAN_POINT('',(-1.225101578569,1.990081198924,
    5.00000552778E-02));
#9824 = VECTOR('',#9825,1.);
#9825 = DIRECTION('',(-5.421010862428E-16,1.,3.491481338843E-15));
#9826 = ORIENTED_EDGE('',*,*,#8668,.T.);
#9827 = ORIENTED_EDGE('',*,*,#9828,.F.);
#9828 = EDGE_CURVE('',#9829,#8661,#9831,.T.);
#9829 = VERTEX_POINT('',#9830);
#9830 = CARTESIAN_POINT('',(-1.025101582101,2.790081184795,
    5.00000552778E-02));
#9831 = LINE('',#9832,#9833);
#9832 = CARTESIAN_POINT('',(-1.025101582101,1.990081198924,
    5.00000552778E-02));
#9833 = VECTOR('',#9834,1.);
#9834 = DIRECTION('',(-5.421010862428E-16,-1.,-3.491481338843E-15));
#9835 = ORIENTED_EDGE('',*,*,#9836,.F.);
#9836 = EDGE_CURVE('',#9820,#9829,#9837,.T.);
#9837 = LINE('',#9838,#9839);
#9838 = CARTESIAN_POINT('',(-1.225101578569,2.790081184795,
    5.00000552778E-02));
#9839 = VECTOR('',#9840,1.);
#9840 = DIRECTION('',(1.,0.,0.));
#9841 = PLANE('',#9842);
#9842 = AXIS2_PLACEMENT_3D('',#9843,#9844,#9845);
#9843 = CARTESIAN_POINT('',(-4.000101529561,-1.359918741913,
    5.000005527779E-02));
#9844 = DIRECTION('',(0.,3.491481338843E-15,-1.));
#9845 = DIRECTION('',(0.,1.,3.491481338843E-15));
#9846 = ADVANCED_FACE('',(#9847),#9875,.T.);
#9847 = FACE_BOUND('',#9848,.T.);
#9848 = EDGE_LOOP('',(#9849,#9859,#9866,#9867,#9868,#9869));
#9849 = ORIENTED_EDGE('',*,*,#9850,.F.);
#9850 = EDGE_CURVE('',#9851,#9853,#9855,.T.);
#9851 = VERTEX_POINT('',#9852);
#9852 = CARTESIAN_POINT('',(-1.225101578569,2.268469412149,
    -4.999994295614E-02));
#9853 = VERTEX_POINT('',#9854);
#9854 = CARTESIAN_POINT('',(-1.225101578569,2.790081184795,
    -4.999994295613E-02));
#9855 = LINE('',#9856,#9857);
#9856 = CARTESIAN_POINT('',(-1.225101578569,1.990081198924,
    -4.999994295614E-02));
#9857 = VECTOR('',#9858,1.);
#9858 = DIRECTION('',(-5.421010862428E-16,1.,3.491481338843E-15));
#9859 = ORIENTED_EDGE('',*,*,#9860,.T.);
#9860 = EDGE_CURVE('',#9851,#7090,#9861,.T.);
#9861 = CIRCLE('',#9862,0.799999985871);
#9862 = AXIS2_PLACEMENT_3D('',#9863,#9864,#9865);
#9863 = CARTESIAN_POINT('',(-1.225101578569,2.268469412149,
    0.750000042915));
#9864 = DIRECTION('',(-1.,-5.421010862428E-16,-1.892735826383E-30));
#9865 = DIRECTION('',(5.421010862428E-16,-1.,-3.523657060578E-15));
#9866 = ORIENTED_EDGE('',*,*,#7089,.T.);
#9867 = ORIENTED_EDGE('',*,*,#8676,.F.);
#9868 = ORIENTED_EDGE('',*,*,#9819,.T.);
#9869 = ORIENTED_EDGE('',*,*,#9870,.T.);
#9870 = EDGE_CURVE('',#9820,#9853,#9871,.T.);
#9871 = LINE('',#9872,#9873);
#9872 = CARTESIAN_POINT('',(-1.225101578569,2.790081184795,
    5.00000552778E-02));
#9873 = VECTOR('',#9874,1.);
#9874 = DIRECTION('',(0.,3.491481338843E-15,-1.));
#9875 = PLANE('',#9876);
#9876 = AXIS2_PLACEMENT_3D('',#9877,#9878,#9879);
#9877 = CARTESIAN_POINT('',(-1.225101578569,1.990081198924,
    5.00000552778E-02));
#9878 = DIRECTION('',(-1.,-5.421010862428E-16,-1.892735826383E-30));
#9879 = DIRECTION('',(5.421010862428E-16,-1.,-3.491481338843E-15));
#9880 = ADVANCED_FACE('',(#9881),#9909,.T.);
#9881 = FACE_BOUND('',#9882,.T.);
#9882 = EDGE_LOOP('',(#9883,#9884,#9893,#9901,#9907,#9908));
#9883 = ORIENTED_EDGE('',*,*,#7105,.T.);
#9884 = ORIENTED_EDGE('',*,*,#9885,.T.);
#9885 = EDGE_CURVE('',#7098,#9886,#9888,.T.);
#9886 = VERTEX_POINT('',#9887);
#9887 = CARTESIAN_POINT('',(-1.025101582101,2.268469412149,
    -4.999994295614E-02));
#9888 = CIRCLE('',#9889,0.799999985871);
#9889 = AXIS2_PLACEMENT_3D('',#9890,#9891,#9892);
#9890 = CARTESIAN_POINT('',(-1.025101582101,2.268469412149,
    0.750000042915));
#9891 = DIRECTION('',(1.,-5.421010862428E-16,-1.892735826383E-30));
#9892 = DIRECTION('',(5.421010862428E-16,1.,3.523657060578E-15));
#9893 = ORIENTED_EDGE('',*,*,#9894,.F.);
#9894 = EDGE_CURVE('',#9895,#9886,#9897,.T.);
#9895 = VERTEX_POINT('',#9896);
#9896 = CARTESIAN_POINT('',(-1.025101582101,2.790081184795,
    -4.999994295613E-02));
#9897 = LINE('',#9898,#9899);
#9898 = CARTESIAN_POINT('',(-1.025101582101,1.990081198924,
    -4.999994295614E-02));
#9899 = VECTOR('',#9900,1.);
#9900 = DIRECTION('',(-5.421010862428E-16,-1.,-3.491481338843E-15));
#9901 = ORIENTED_EDGE('',*,*,#9902,.F.);
#9902 = EDGE_CURVE('',#9829,#9895,#9903,.T.);
#9903 = LINE('',#9904,#9905);
#9904 = CARTESIAN_POINT('',(-1.025101582101,2.790081184795,
    5.00000552778E-02));
#9905 = VECTOR('',#9906,1.);
#9906 = DIRECTION('',(0.,3.491481338843E-15,-1.));
#9907 = ORIENTED_EDGE('',*,*,#9828,.T.);
#9908 = ORIENTED_EDGE('',*,*,#8660,.F.);
#9909 = PLANE('',#9910);
#9910 = AXIS2_PLACEMENT_3D('',#9911,#9912,#9913);
#9911 = CARTESIAN_POINT('',(-1.025101582101,1.990081198924,
    5.00000552778E-02));
#9912 = DIRECTION('',(1.,-5.421010862428E-16,-1.892735826383E-30));
#9913 = DIRECTION('',(5.421010862428E-16,1.,3.491481338843E-15));
#9914 = ADVANCED_FACE('',(#9915),#9926,.T.);
#9915 = FACE_BOUND('',#9916,.T.);
#9916 = EDGE_LOOP('',(#9917,#9923,#9924,#9925));
#9917 = ORIENTED_EDGE('',*,*,#9918,.F.);
#9918 = EDGE_CURVE('',#9853,#9895,#9919,.T.);
#9919 = LINE('',#9920,#9921);
#9920 = CARTESIAN_POINT('',(-1.225101578569,2.790081184795,
    -4.999994295613E-02));
#9921 = VECTOR('',#9922,1.);
#9922 = DIRECTION('',(1.,0.,0.));
#9923 = ORIENTED_EDGE('',*,*,#9870,.F.);
#9924 = ORIENTED_EDGE('',*,*,#9836,.T.);
#9925 = ORIENTED_EDGE('',*,*,#9902,.T.);
#9926 = PLANE('',#9927);
#9927 = AXIS2_PLACEMENT_3D('',#9928,#9929,#9930);
#9928 = CARTESIAN_POINT('',(-1.225101578569,2.790081184795,
    5.00000552778E-02));
#9929 = DIRECTION('',(0.,1.,3.491481338843E-15));
#9930 = DIRECTION('',(-1.,0.,0.));
#9931 = ADVANCED_FACE('',(#9932),#9943,.T.);
#9932 = FACE_BOUND('',#9933,.T.);
#9933 = EDGE_LOOP('',(#9934,#9935,#9941,#9942));
#9934 = ORIENTED_EDGE('',*,*,#9894,.T.);
#9935 = ORIENTED_EDGE('',*,*,#9936,.T.);
#9936 = EDGE_CURVE('',#9886,#9851,#9937,.T.);
#9937 = LINE('',#9938,#9939);
#9938 = CARTESIAN_POINT('',(-1.225101578569,2.268469412149,
    -4.999994295614E-02));
#9939 = VECTOR('',#9940,1.);
#9940 = DIRECTION('',(-1.,0.,0.));
#9941 = ORIENTED_EDGE('',*,*,#9850,.T.);
#9942 = ORIENTED_EDGE('',*,*,#9918,.T.);
#9943 = PLANE('',#9944);
#9944 = AXIS2_PLACEMENT_3D('',#9945,#9946,#9947);
#9945 = CARTESIAN_POINT('',(-4.000101529561,-1.359918741913,
    -4.999994295615E-02));
#9946 = DIRECTION('',(0.,3.491481338843E-15,-1.));
#9947 = DIRECTION('',(0.,1.,3.491481338843E-15));
#9948 = ADVANCED_FACE('',(#9949),#9974,.F.);
#9949 = FACE_BOUND('',#9950,.T.);
#9950 = EDGE_LOOP('',(#9951,#9959,#9960,#9968));
#9951 = ORIENTED_EDGE('',*,*,#9952,.F.);
#9952 = EDGE_CURVE('',#8692,#9953,#9955,.T.);
#9953 = VERTEX_POINT('',#9954);
#9954 = CARTESIAN_POINT('',(-1.725101569739,2.790081184795,
    5.00000552778E-02));
#9955 = LINE('',#9956,#9957);
#9956 = CARTESIAN_POINT('',(-1.725101569739,1.990081198924,
    5.00000552778E-02));
#9957 = VECTOR('',#9958,1.);
#9958 = DIRECTION('',(-5.421010862428E-16,1.,3.491481338843E-15));
#9959 = ORIENTED_EDGE('',*,*,#8691,.T.);
#9960 = ORIENTED_EDGE('',*,*,#9961,.F.);
#9961 = EDGE_CURVE('',#9962,#8684,#9964,.T.);
#9962 = VERTEX_POINT('',#9963);
#9963 = CARTESIAN_POINT('',(-1.525101573271,2.790081184795,
    5.00000552778E-02));
#9964 = LINE('',#9965,#9966);
#9965 = CARTESIAN_POINT('',(-1.525101573271,1.990081198924,
    5.00000552778E-02));
#9966 = VECTOR('',#9967,1.);
#9967 = DIRECTION('',(-5.421010862428E-16,-1.,-3.491481338843E-15));
#9968 = ORIENTED_EDGE('',*,*,#9969,.F.);
#9969 = EDGE_CURVE('',#9953,#9962,#9970,.T.);
#9970 = LINE('',#9971,#9972);
#9971 = CARTESIAN_POINT('',(-1.725101569739,2.790081184795,
    5.00000552778E-02));
#9972 = VECTOR('',#9973,1.);
#9973 = DIRECTION('',(1.,0.,0.));
#9974 = PLANE('',#9975);
#9975 = AXIS2_PLACEMENT_3D('',#9976,#9977,#9978);
#9976 = CARTESIAN_POINT('',(-4.50010152073,-1.359918741913,
    5.000005527779E-02));
#9977 = DIRECTION('',(0.,3.491481338843E-15,-1.));
#9978 = DIRECTION('',(0.,1.,3.491481338843E-15));
#9979 = ADVANCED_FACE('',(#9980),#10008,.T.);
#9980 = FACE_BOUND('',#9981,.T.);
#9981 = EDGE_LOOP('',(#9982,#9992,#9999,#10000,#10001,#10002));
#9982 = ORIENTED_EDGE('',*,*,#9983,.F.);
#9983 = EDGE_CURVE('',#9984,#9986,#9988,.T.);
#9984 = VERTEX_POINT('',#9985);
#9985 = CARTESIAN_POINT('',(-1.725101569739,2.268469412149,
    -4.999994295614E-02));
#9986 = VERTEX_POINT('',#9987);
#9987 = CARTESIAN_POINT('',(-1.725101569739,2.790081184795,
    -4.999994295613E-02));
#9988 = LINE('',#9989,#9990);
#9989 = CARTESIAN_POINT('',(-1.725101569739,1.990081198924,
    -4.999994295614E-02));
#9990 = VECTOR('',#9991,1.);
#9991 = DIRECTION('',(-5.421010862428E-16,1.,3.491481338843E-15));
#9992 = ORIENTED_EDGE('',*,*,#9993,.T.);
#9993 = EDGE_CURVE('',#9984,#7058,#9994,.T.);
#9994 = CIRCLE('',#9995,0.799999985871);
#9995 = AXIS2_PLACEMENT_3D('',#9996,#9997,#9998);
#9996 = CARTESIAN_POINT('',(-1.725101569739,2.268469412149,
    0.750000042915));
#9997 = DIRECTION('',(-1.,-5.421010862428E-16,-1.892735826383E-30));
#9998 = DIRECTION('',(5.421010862428E-16,-1.,-3.523657060578E-15));
#9999 = ORIENTED_EDGE('',*,*,#7057,.T.);
#10000 = ORIENTED_EDGE('',*,*,#8699,.F.);
#10001 = ORIENTED_EDGE('',*,*,#9952,.T.);
#10002 = ORIENTED_EDGE('',*,*,#10003,.T.);
#10003 = EDGE_CURVE('',#9953,#9986,#10004,.T.);
#10004 = LINE('',#10005,#10006);
#10005 = CARTESIAN_POINT('',(-1.725101569739,2.790081184795,
    5.00000552778E-02));
#10006 = VECTOR('',#10007,1.);
#10007 = DIRECTION('',(0.,3.491481338843E-15,-1.));
#10008 = PLANE('',#10009);
#10009 = AXIS2_PLACEMENT_3D('',#10010,#10011,#10012);
#10010 = CARTESIAN_POINT('',(-1.725101569739,1.990081198924,
    5.00000552778E-02));
#10011 = DIRECTION('',(-1.,-5.421010862428E-16,-1.892735826383E-30));
#10012 = DIRECTION('',(5.421010862428E-16,-1.,-3.491481338843E-15));
#10013 = ADVANCED_FACE('',(#10014),#10042,.T.);
#10014 = FACE_BOUND('',#10015,.T.);
#10015 = EDGE_LOOP('',(#10016,#10017,#10026,#10034,#10040,#10041));
#10016 = ORIENTED_EDGE('',*,*,#7073,.T.);
#10017 = ORIENTED_EDGE('',*,*,#10018,.T.);
#10018 = EDGE_CURVE('',#7066,#10019,#10021,.T.);
#10019 = VERTEX_POINT('',#10020);
#10020 = CARTESIAN_POINT('',(-1.525101573271,2.268469412149,
    -4.999994295614E-02));
#10021 = CIRCLE('',#10022,0.799999985871);
#10022 = AXIS2_PLACEMENT_3D('',#10023,#10024,#10025);
#10023 = CARTESIAN_POINT('',(-1.525101573271,2.268469412149,
    0.750000042915));
#10024 = DIRECTION('',(1.,-5.421010862428E-16,-1.892735826383E-30));
#10025 = DIRECTION('',(5.421010862428E-16,1.,3.523657060578E-15));
#10026 = ORIENTED_EDGE('',*,*,#10027,.F.);
#10027 = EDGE_CURVE('',#10028,#10019,#10030,.T.);
#10028 = VERTEX_POINT('',#10029);
#10029 = CARTESIAN_POINT('',(-1.525101573271,2.790081184795,
    -4.999994295613E-02));
#10030 = LINE('',#10031,#10032);
#10031 = CARTESIAN_POINT('',(-1.525101573271,1.990081198924,
    -4.999994295614E-02));
#10032 = VECTOR('',#10033,1.);
#10033 = DIRECTION('',(-5.421010862428E-16,-1.,-3.491481338843E-15));
#10034 = ORIENTED_EDGE('',*,*,#10035,.F.);
#10035 = EDGE_CURVE('',#9962,#10028,#10036,.T.);
#10036 = LINE('',#10037,#10038);
#10037 = CARTESIAN_POINT('',(-1.525101573271,2.790081184795,
    5.00000552778E-02));
#10038 = VECTOR('',#10039,1.);
#10039 = DIRECTION('',(0.,3.491481338843E-15,-1.));
#10040 = ORIENTED_EDGE('',*,*,#9961,.T.);
#10041 = ORIENTED_EDGE('',*,*,#8683,.F.);
#10042 = PLANE('',#10043);
#10043 = AXIS2_PLACEMENT_3D('',#10044,#10045,#10046);
#10044 = CARTESIAN_POINT('',(-1.525101573271,1.990081198924,
    5.00000552778E-02));
#10045 = DIRECTION('',(1.,-5.421010862428E-16,-1.892735826383E-30));
#10046 = DIRECTION('',(5.421010862428E-16,1.,3.491481338843E-15));
#10047 = ADVANCED_FACE('',(#10048),#10059,.T.);
#10048 = FACE_BOUND('',#10049,.T.);
#10049 = EDGE_LOOP('',(#10050,#10056,#10057,#10058));
#10050 = ORIENTED_EDGE('',*,*,#10051,.F.);
#10051 = EDGE_CURVE('',#9986,#10028,#10052,.T.);
#10052 = LINE('',#10053,#10054);
#10053 = CARTESIAN_POINT('',(-1.725101569739,2.790081184795,
    -4.999994295613E-02));
#10054 = VECTOR('',#10055,1.);
#10055 = DIRECTION('',(1.,0.,0.));
#10056 = ORIENTED_EDGE('',*,*,#10003,.F.);
#10057 = ORIENTED_EDGE('',*,*,#9969,.T.);
#10058 = ORIENTED_EDGE('',*,*,#10035,.T.);
#10059 = PLANE('',#10060);
#10060 = AXIS2_PLACEMENT_3D('',#10061,#10062,#10063);
#10061 = CARTESIAN_POINT('',(-1.725101569739,2.790081184795,
    5.00000552778E-02));
#10062 = DIRECTION('',(0.,1.,3.491481338843E-15));
#10063 = DIRECTION('',(-1.,0.,0.));
#10064 = ADVANCED_FACE('',(#10065),#10076,.T.);
#10065 = FACE_BOUND('',#10066,.T.);
#10066 = EDGE_LOOP('',(#10067,#10068,#10074,#10075));
#10067 = ORIENTED_EDGE('',*,*,#10027,.T.);
#10068 = ORIENTED_EDGE('',*,*,#10069,.T.);
#10069 = EDGE_CURVE('',#10019,#9984,#10070,.T.);
#10070 = LINE('',#10071,#10072);
#10071 = CARTESIAN_POINT('',(-1.725101569739,2.268469412149,
    -4.999994295614E-02));
#10072 = VECTOR('',#10073,1.);
#10073 = DIRECTION('',(-1.,0.,0.));
#10074 = ORIENTED_EDGE('',*,*,#9983,.T.);
#10075 = ORIENTED_EDGE('',*,*,#10051,.T.);
#10076 = PLANE('',#10077);
#10077 = AXIS2_PLACEMENT_3D('',#10078,#10079,#10080);
#10078 = CARTESIAN_POINT('',(-4.50010152073,-1.359918741913,
    -4.999994295615E-02));
#10079 = DIRECTION('',(0.,3.491481338843E-15,-1.));
#10080 = DIRECTION('',(0.,1.,3.491481338843E-15));
#10081 = ADVANCED_FACE('',(#10082),#10107,.F.);
#10082 = FACE_BOUND('',#10083,.T.);
#10083 = EDGE_LOOP('',(#10084,#10092,#10093,#10101));
#10084 = ORIENTED_EDGE('',*,*,#10085,.F.);
#10085 = EDGE_CURVE('',#8715,#10086,#10088,.T.);
#10086 = VERTEX_POINT('',#10087);
#10087 = CARTESIAN_POINT('',(-2.225101560908,2.790081184795,
    5.00000552778E-02));
#10088 = LINE('',#10089,#10090);
#10089 = CARTESIAN_POINT('',(-2.225101560908,1.990081198924,
    5.00000552778E-02));
#10090 = VECTOR('',#10091,1.);
#10091 = DIRECTION('',(-5.421010862428E-16,1.,3.491481338843E-15));
#10092 = ORIENTED_EDGE('',*,*,#8714,.T.);
#10093 = ORIENTED_EDGE('',*,*,#10094,.F.);
#10094 = EDGE_CURVE('',#10095,#8707,#10097,.T.);
#10095 = VERTEX_POINT('',#10096);
#10096 = CARTESIAN_POINT('',(-2.02510156444,2.790081184795,
    5.00000552778E-02));
#10097 = LINE('',#10098,#10099);
#10098 = CARTESIAN_POINT('',(-2.02510156444,1.990081198924,
    5.00000552778E-02));
#10099 = VECTOR('',#10100,1.);
#10100 = DIRECTION('',(-5.421010862428E-16,-1.,-3.491481338843E-15));
#10101 = ORIENTED_EDGE('',*,*,#10102,.F.);
#10102 = EDGE_CURVE('',#10086,#10095,#10103,.T.);
#10103 = LINE('',#10104,#10105);
#10104 = CARTESIAN_POINT('',(-2.225101560908,2.790081184795,
    5.00000552778E-02));
#10105 = VECTOR('',#10106,1.);
#10106 = DIRECTION('',(1.,0.,0.));
#10107 = PLANE('',#10108);
#10108 = AXIS2_PLACEMENT_3D('',#10109,#10110,#10111);
#10109 = CARTESIAN_POINT('',(-5.0001015119,-1.359918741913,
    5.000005527779E-02));
#10110 = DIRECTION('',(0.,3.491481338843E-15,-1.));
#10111 = DIRECTION('',(0.,1.,3.491481338843E-15));
#10112 = ADVANCED_FACE('',(#10113),#10141,.T.);
#10113 = FACE_BOUND('',#10114,.T.);
#10114 = EDGE_LOOP('',(#10115,#10125,#10132,#10133,#10134,#10135));
#10115 = ORIENTED_EDGE('',*,*,#10116,.F.);
#10116 = EDGE_CURVE('',#10117,#10119,#10121,.T.);
#10117 = VERTEX_POINT('',#10118);
#10118 = CARTESIAN_POINT('',(-2.225101560908,2.268469412149,
    -4.999994295614E-02));
#10119 = VERTEX_POINT('',#10120);
#10120 = CARTESIAN_POINT('',(-2.225101560908,2.790081184795,
    -4.999994295613E-02));
#10121 = LINE('',#10122,#10123);
#10122 = CARTESIAN_POINT('',(-2.225101560908,1.990081198924,
    -4.999994295614E-02));
#10123 = VECTOR('',#10124,1.);
#10124 = DIRECTION('',(-5.421010862428E-16,1.,3.491481338843E-15));
#10125 = ORIENTED_EDGE('',*,*,#10126,.T.);
#10126 = EDGE_CURVE('',#10117,#7026,#10127,.T.);
#10127 = CIRCLE('',#10128,0.799999985871);
#10128 = AXIS2_PLACEMENT_3D('',#10129,#10130,#10131);
#10129 = CARTESIAN_POINT('',(-2.225101560908,2.268469412149,
    0.750000042915));
#10130 = DIRECTION('',(-1.,-5.421010862428E-16,-1.892735826383E-30));
#10131 = DIRECTION('',(5.421010862428E-16,-1.,-3.523657060578E-15));
#10132 = ORIENTED_EDGE('',*,*,#7025,.T.);
#10133 = ORIENTED_EDGE('',*,*,#8722,.F.);
#10134 = ORIENTED_EDGE('',*,*,#10085,.T.);
#10135 = ORIENTED_EDGE('',*,*,#10136,.T.);
#10136 = EDGE_CURVE('',#10086,#10119,#10137,.T.);
#10137 = LINE('',#10138,#10139);
#10138 = CARTESIAN_POINT('',(-2.225101560908,2.790081184795,
    5.00000552778E-02));
#10139 = VECTOR('',#10140,1.);
#10140 = DIRECTION('',(0.,3.491481338843E-15,-1.));
#10141 = PLANE('',#10142);
#10142 = AXIS2_PLACEMENT_3D('',#10143,#10144,#10145);
#10143 = CARTESIAN_POINT('',(-2.225101560908,1.990081198924,
    5.00000552778E-02));
#10144 = DIRECTION('',(-1.,-5.421010862428E-16,-1.892735826383E-30));
#10145 = DIRECTION('',(5.421010862428E-16,-1.,-3.491481338843E-15));
#10146 = ADVANCED_FACE('',(#10147),#10175,.T.);
#10147 = FACE_BOUND('',#10148,.T.);
#10148 = EDGE_LOOP('',(#10149,#10150,#10159,#10167,#10173,#10174));
#10149 = ORIENTED_EDGE('',*,*,#7041,.T.);
#10150 = ORIENTED_EDGE('',*,*,#10151,.T.);
#10151 = EDGE_CURVE('',#7034,#10152,#10154,.T.);
#10152 = VERTEX_POINT('',#10153);
#10153 = CARTESIAN_POINT('',(-2.02510156444,2.268469412149,
    -4.999994295614E-02));
#10154 = CIRCLE('',#10155,0.799999985871);
#10155 = AXIS2_PLACEMENT_3D('',#10156,#10157,#10158);
#10156 = CARTESIAN_POINT('',(-2.02510156444,2.268469412149,
    0.750000042915));
#10157 = DIRECTION('',(1.,-5.421010862428E-16,-1.892735826383E-30));
#10158 = DIRECTION('',(5.421010862428E-16,1.,3.523657060578E-15));
#10159 = ORIENTED_EDGE('',*,*,#10160,.F.);
#10160 = EDGE_CURVE('',#10161,#10152,#10163,.T.);
#10161 = VERTEX_POINT('',#10162);
#10162 = CARTESIAN_POINT('',(-2.02510156444,2.790081184795,
    -4.999994295613E-02));
#10163 = LINE('',#10164,#10165);
#10164 = CARTESIAN_POINT('',(-2.02510156444,1.990081198924,
    -4.999994295614E-02));
#10165 = VECTOR('',#10166,1.);
#10166 = DIRECTION('',(-5.421010862428E-16,-1.,-3.491481338843E-15));
#10167 = ORIENTED_EDGE('',*,*,#10168,.F.);
#10168 = EDGE_CURVE('',#10095,#10161,#10169,.T.);
#10169 = LINE('',#10170,#10171);
#10170 = CARTESIAN_POINT('',(-2.02510156444,2.790081184795,
    5.00000552778E-02));
#10171 = VECTOR('',#10172,1.);
#10172 = DIRECTION('',(0.,3.491481338843E-15,-1.));
#10173 = ORIENTED_EDGE('',*,*,#10094,.T.);
#10174 = ORIENTED_EDGE('',*,*,#8706,.F.);
#10175 = PLANE('',#10176);
#10176 = AXIS2_PLACEMENT_3D('',#10177,#10178,#10179);
#10177 = CARTESIAN_POINT('',(-2.02510156444,1.990081198924,
    5.00000552778E-02));
#10178 = DIRECTION('',(1.,-5.421010862428E-16,-1.892735826383E-30));
#10179 = DIRECTION('',(5.421010862428E-16,1.,3.491481338843E-15));
#10180 = ADVANCED_FACE('',(#10181),#10192,.T.);
#10181 = FACE_BOUND('',#10182,.T.);
#10182 = EDGE_LOOP('',(#10183,#10189,#10190,#10191));
#10183 = ORIENTED_EDGE('',*,*,#10184,.F.);
#10184 = EDGE_CURVE('',#10119,#10161,#10185,.T.);
#10185 = LINE('',#10186,#10187);
#10186 = CARTESIAN_POINT('',(-2.225101560908,2.790081184795,
    -4.999994295613E-02));
#10187 = VECTOR('',#10188,1.);
#10188 = DIRECTION('',(1.,0.,0.));
#10189 = ORIENTED_EDGE('',*,*,#10136,.F.);
#10190 = ORIENTED_EDGE('',*,*,#10102,.T.);
#10191 = ORIENTED_EDGE('',*,*,#10168,.T.);
#10192 = PLANE('',#10193);
#10193 = AXIS2_PLACEMENT_3D('',#10194,#10195,#10196);
#10194 = CARTESIAN_POINT('',(-2.225101560908,2.790081184795,
    5.00000552778E-02));
#10195 = DIRECTION('',(0.,1.,3.491481338843E-15));
#10196 = DIRECTION('',(-1.,0.,0.));
#10197 = ADVANCED_FACE('',(#10198),#10209,.T.);
#10198 = FACE_BOUND('',#10199,.T.);
#10199 = EDGE_LOOP('',(#10200,#10201,#10207,#10208));
#10200 = ORIENTED_EDGE('',*,*,#10160,.T.);
#10201 = ORIENTED_EDGE('',*,*,#10202,.T.);
#10202 = EDGE_CURVE('',#10152,#10117,#10203,.T.);
#10203 = LINE('',#10204,#10205);
#10204 = CARTESIAN_POINT('',(-2.225101560908,2.268469412149,
    -4.999994295614E-02));
#10205 = VECTOR('',#10206,1.);
#10206 = DIRECTION('',(-1.,0.,0.));
#10207 = ORIENTED_EDGE('',*,*,#10116,.T.);
#10208 = ORIENTED_EDGE('',*,*,#10184,.T.);
#10209 = PLANE('',#10210);
#10210 = AXIS2_PLACEMENT_3D('',#10211,#10212,#10213);
#10211 = CARTESIAN_POINT('',(-5.0001015119,-1.359918741913,
    -4.999994295615E-02));
#10212 = DIRECTION('',(0.,3.491481338843E-15,-1.));
#10213 = DIRECTION('',(0.,1.,3.491481338843E-15));
#10214 = ADVANCED_FACE('',(#10215),#10240,.F.);
#10215 = FACE_BOUND('',#10216,.T.);
#10216 = EDGE_LOOP('',(#10217,#10225,#10226,#10234));
#10217 = ORIENTED_EDGE('',*,*,#10218,.F.);
#10218 = EDGE_CURVE('',#8456,#10219,#10221,.T.);
#10219 = VERTEX_POINT('',#10220);
#10220 = CARTESIAN_POINT('',(-2.725101552078,2.790081184795,
    5.00000552778E-02));
#10221 = LINE('',#10222,#10223);
#10222 = CARTESIAN_POINT('',(-2.725101552078,1.990081198924,
    5.00000552778E-02));
#10223 = VECTOR('',#10224,1.);
#10224 = DIRECTION('',(-5.421010862428E-16,1.,3.491481338843E-15));
#10225 = ORIENTED_EDGE('',*,*,#8455,.T.);
#10226 = ORIENTED_EDGE('',*,*,#10227,.F.);
#10227 = EDGE_CURVE('',#10228,#8458,#10230,.T.);
#10228 = VERTEX_POINT('',#10229);
#10229 = CARTESIAN_POINT('',(-2.52510155561,2.790081184795,
    5.00000552778E-02));
#10230 = LINE('',#10231,#10232);
#10231 = CARTESIAN_POINT('',(-2.52510155561,1.990081198924,
    5.00000552778E-02));
#10232 = VECTOR('',#10233,1.);
#10233 = DIRECTION('',(-5.421010862428E-16,-1.,-3.491481338843E-15));
#10234 = ORIENTED_EDGE('',*,*,#10235,.F.);
#10235 = EDGE_CURVE('',#10219,#10228,#10236,.T.);
#10236 = LINE('',#10237,#10238);
#10237 = CARTESIAN_POINT('',(-2.725101552078,2.790081184795,
    5.00000552778E-02));
#10238 = VECTOR('',#10239,1.);
#10239 = DIRECTION('',(1.,0.,0.));
#10240 = PLANE('',#10241);
#10241 = AXIS2_PLACEMENT_3D('',#10242,#10243,#10244);
#10242 = CARTESIAN_POINT('',(-5.50010150307,-1.359918741913,
    5.000005527779E-02));
#10243 = DIRECTION('',(0.,3.491481338843E-15,-1.));
#10244 = DIRECTION('',(0.,1.,3.491481338843E-15));
#10245 = ADVANCED_FACE('',(#10246),#10274,.T.);
#10246 = FACE_BOUND('',#10247,.T.);
#10247 = EDGE_LOOP('',(#10248,#10258,#10265,#10266,#10267,#10268));
#10248 = ORIENTED_EDGE('',*,*,#10249,.F.);
#10249 = EDGE_CURVE('',#10250,#10252,#10254,.T.);
#10250 = VERTEX_POINT('',#10251);
#10251 = CARTESIAN_POINT('',(-2.725101552078,2.268469412149,
    -4.999994295614E-02));
#10252 = VERTEX_POINT('',#10253);
#10253 = CARTESIAN_POINT('',(-2.725101552078,2.790081184795,
    -4.999994295613E-02));
#10254 = LINE('',#10255,#10256);
#10255 = CARTESIAN_POINT('',(-2.725101552078,1.990081198924,
    -4.999994295614E-02));
#10256 = VECTOR('',#10257,1.);
#10257 = DIRECTION('',(-5.421010862428E-16,1.,3.491481338843E-15));
#10258 = ORIENTED_EDGE('',*,*,#10259,.T.);
#10259 = EDGE_CURVE('',#10250,#6992,#10260,.T.);
#10260 = CIRCLE('',#10261,0.799999985871);
#10261 = AXIS2_PLACEMENT_3D('',#10262,#10263,#10264);
#10262 = CARTESIAN_POINT('',(-2.725101552078,2.268469412149,
    0.750000042915));
#10263 = DIRECTION('',(-1.,-5.421010862428E-16,-1.892735826383E-30));
#10264 = DIRECTION('',(5.421010862428E-16,-1.,-3.523657060578E-15));
#10265 = ORIENTED_EDGE('',*,*,#6991,.T.);
#10266 = ORIENTED_EDGE('',*,*,#8465,.F.);
#10267 = ORIENTED_EDGE('',*,*,#10218,.T.);
#10268 = ORIENTED_EDGE('',*,*,#10269,.T.);
#10269 = EDGE_CURVE('',#10219,#10252,#10270,.T.);
#10270 = LINE('',#10271,#10272);
#10271 = CARTESIAN_POINT('',(-2.725101552078,2.790081184795,
    5.00000552778E-02));
#10272 = VECTOR('',#10273,1.);
#10273 = DIRECTION('',(0.,3.491481338843E-15,-1.));
#10274 = PLANE('',#10275);
#10275 = AXIS2_PLACEMENT_3D('',#10276,#10277,#10278);
#10276 = CARTESIAN_POINT('',(-2.725101552078,1.990081198924,
    5.00000552778E-02));
#10277 = DIRECTION('',(-1.,-5.421010862428E-16,-1.892735826383E-30));
#10278 = DIRECTION('',(5.421010862428E-16,-1.,-3.491481338843E-15));
#10279 = ADVANCED_FACE('',(#10280),#10308,.T.);
#10280 = FACE_BOUND('',#10281,.T.);
#10281 = EDGE_LOOP('',(#10282,#10283,#10292,#10300,#10306,#10307));
#10282 = ORIENTED_EDGE('',*,*,#7009,.T.);
#10283 = ORIENTED_EDGE('',*,*,#10284,.T.);
#10284 = EDGE_CURVE('',#7002,#10285,#10287,.T.);
#10285 = VERTEX_POINT('',#10286);
#10286 = CARTESIAN_POINT('',(-2.52510155561,2.268469412149,
    -4.999994295614E-02));
#10287 = CIRCLE('',#10288,0.799999985871);
#10288 = AXIS2_PLACEMENT_3D('',#10289,#10290,#10291);
#10289 = CARTESIAN_POINT('',(-2.52510155561,2.268469412149,
    0.750000042915));
#10290 = DIRECTION('',(1.,-5.421010862428E-16,-1.892735826383E-30));
#10291 = DIRECTION('',(5.421010862428E-16,1.,3.523657060578E-15));
#10292 = ORIENTED_EDGE('',*,*,#10293,.F.);
#10293 = EDGE_CURVE('',#10294,#10285,#10296,.T.);
#10294 = VERTEX_POINT('',#10295);
#10295 = CARTESIAN_POINT('',(-2.52510155561,2.790081184795,
    -4.999994295613E-02));
#10296 = LINE('',#10297,#10298);
#10297 = CARTESIAN_POINT('',(-2.52510155561,1.990081198924,
    -4.999994295614E-02));
#10298 = VECTOR('',#10299,1.);
#10299 = DIRECTION('',(-5.421010862428E-16,-1.,-3.491481338843E-15));
#10300 = ORIENTED_EDGE('',*,*,#10301,.F.);
#10301 = EDGE_CURVE('',#10228,#10294,#10302,.T.);
#10302 = LINE('',#10303,#10304);
#10303 = CARTESIAN_POINT('',(-2.52510155561,2.790081184795,
    5.00000552778E-02));
#10304 = VECTOR('',#10305,1.);
#10305 = DIRECTION('',(0.,3.491481338843E-15,-1.));
#10306 = ORIENTED_EDGE('',*,*,#10227,.T.);
#10307 = ORIENTED_EDGE('',*,*,#8729,.F.);
#10308 = PLANE('',#10309);
#10309 = AXIS2_PLACEMENT_3D('',#10310,#10311,#10312);
#10310 = CARTESIAN_POINT('',(-2.52510155561,1.990081198924,
    5.00000552778E-02));
#10311 = DIRECTION('',(1.,-5.421010862428E-16,-1.892735826383E-30));
#10312 = DIRECTION('',(5.421010862428E-16,1.,3.491481338843E-15));
#10313 = ADVANCED_FACE('',(#10314),#10325,.T.);
#10314 = FACE_BOUND('',#10315,.T.);
#10315 = EDGE_LOOP('',(#10316,#10322,#10323,#10324));
#10316 = ORIENTED_EDGE('',*,*,#10317,.F.);
#10317 = EDGE_CURVE('',#10252,#10294,#10318,.T.);
#10318 = LINE('',#10319,#10320);
#10319 = CARTESIAN_POINT('',(-2.725101552078,2.790081184795,
    -4.999994295613E-02));
#10320 = VECTOR('',#10321,1.);
#10321 = DIRECTION('',(1.,0.,0.));
#10322 = ORIENTED_EDGE('',*,*,#10269,.F.);
#10323 = ORIENTED_EDGE('',*,*,#10235,.T.);
#10324 = ORIENTED_EDGE('',*,*,#10301,.T.);
#10325 = PLANE('',#10326);
#10326 = AXIS2_PLACEMENT_3D('',#10327,#10328,#10329);
#10327 = CARTESIAN_POINT('',(-2.725101552078,2.790081184795,
    5.00000552778E-02));
#10328 = DIRECTION('',(0.,1.,3.491481338843E-15));
#10329 = DIRECTION('',(-1.,0.,0.));
#10330 = ADVANCED_FACE('',(#10331),#10342,.T.);
#10331 = FACE_BOUND('',#10332,.T.);
#10332 = EDGE_LOOP('',(#10333,#10334,#10340,#10341));
#10333 = ORIENTED_EDGE('',*,*,#10293,.T.);
#10334 = ORIENTED_EDGE('',*,*,#10335,.T.);
#10335 = EDGE_CURVE('',#10285,#10250,#10336,.T.);
#10336 = LINE('',#10337,#10338);
#10337 = CARTESIAN_POINT('',(-2.725101552078,2.268469412149,
    -4.999994295614E-02));
#10338 = VECTOR('',#10339,1.);
#10339 = DIRECTION('',(-1.,0.,0.));
#10340 = ORIENTED_EDGE('',*,*,#10249,.T.);
#10341 = ORIENTED_EDGE('',*,*,#10317,.T.);
#10342 = PLANE('',#10343);
#10343 = AXIS2_PLACEMENT_3D('',#10344,#10345,#10346);
#10344 = CARTESIAN_POINT('',(-5.50010150307,-1.359918741913,
    -4.999994295615E-02));
#10345 = DIRECTION('',(0.,3.491481338843E-15,-1.));
#10346 = DIRECTION('',(0.,1.,3.491481338843E-15));
#10347 = ADVANCED_FACE('',(#10348),#10354,.T.);
#10348 = FACE_BOUND('',#10349,.T.);
#10349 = EDGE_LOOP('',(#10350,#10351,#10352,#10353));
#10350 = ORIENTED_EDGE('',*,*,#8954,.F.);
#10351 = ORIENTED_EDGE('',*,*,#7321,.T.);
#10352 = ORIENTED_EDGE('',*,*,#8929,.F.);
#10353 = ORIENTED_EDGE('',*,*,#9005,.F.);
#10354 = CYLINDRICAL_SURFACE('',#10355,0.799999985871);
#10355 = AXIS2_PLACEMENT_3D('',#10356,#10357,#10358);
#10356 = CARTESIAN_POINT('',(2.274898359619,2.268469412149,
    0.750000042915));
#10357 = DIRECTION('',(1.,0.,0.));
#10358 = DIRECTION('',(-0.,1.,3.523657060578E-15));
#10359 = ADVANCED_FACE('',(#10360),#10366,.T.);
#10360 = FACE_BOUND('',#10361,.T.);
#10361 = EDGE_LOOP('',(#10362,#10363,#10364,#10365));
#10362 = ORIENTED_EDGE('',*,*,#9087,.F.);
#10363 = ORIENTED_EDGE('',*,*,#7289,.T.);
#10364 = ORIENTED_EDGE('',*,*,#9062,.F.);
#10365 = ORIENTED_EDGE('',*,*,#9138,.F.);
#10366 = CYLINDRICAL_SURFACE('',#10367,0.799999985871);
#10367 = AXIS2_PLACEMENT_3D('',#10368,#10369,#10370);
#10368 = CARTESIAN_POINT('',(1.774898368449,2.268469412149,
    0.750000042915));
#10369 = DIRECTION('',(1.,0.,0.));
#10370 = DIRECTION('',(-0.,1.,3.523657060578E-15));
#10371 = ADVANCED_FACE('',(#10372),#10378,.T.);
#10372 = FACE_BOUND('',#10373,.T.);
#10373 = EDGE_LOOP('',(#10374,#10375,#10376,#10377));
#10374 = ORIENTED_EDGE('',*,*,#9220,.F.);
#10375 = ORIENTED_EDGE('',*,*,#7257,.T.);
#10376 = ORIENTED_EDGE('',*,*,#9195,.F.);
#10377 = ORIENTED_EDGE('',*,*,#9271,.F.);
#10378 = CYLINDRICAL_SURFACE('',#10379,0.799999985871);
#10379 = AXIS2_PLACEMENT_3D('',#10380,#10381,#10382);
#10380 = CARTESIAN_POINT('',(1.274898377279,2.268469412149,
    0.750000042915));
#10381 = DIRECTION('',(1.,0.,0.));
#10382 = DIRECTION('',(-0.,1.,3.523657060578E-15));
#10383 = ADVANCED_FACE('',(#10384),#10390,.T.);
#10384 = FACE_BOUND('',#10385,.T.);
#10385 = EDGE_LOOP('',(#10386,#10387,#10388,#10389));
#10386 = ORIENTED_EDGE('',*,*,#9353,.F.);
#10387 = ORIENTED_EDGE('',*,*,#7225,.T.);
#10388 = ORIENTED_EDGE('',*,*,#9328,.F.);
#10389 = ORIENTED_EDGE('',*,*,#9404,.F.);
#10390 = CYLINDRICAL_SURFACE('',#10391,0.799999985871);
#10391 = AXIS2_PLACEMENT_3D('',#10392,#10393,#10394);
#10392 = CARTESIAN_POINT('',(0.77489838611,2.268469412149,0.750000042915
    ));
#10393 = DIRECTION('',(1.,0.,0.));
#10394 = DIRECTION('',(-0.,1.,3.523657060578E-15));
#10395 = ADVANCED_FACE('',(#10396),#10402,.T.);
#10396 = FACE_BOUND('',#10397,.T.);
#10397 = EDGE_LOOP('',(#10398,#10399,#10400,#10401));
#10398 = ORIENTED_EDGE('',*,*,#9486,.F.);
#10399 = ORIENTED_EDGE('',*,*,#7193,.T.);
#10400 = ORIENTED_EDGE('',*,*,#9461,.F.);
#10401 = ORIENTED_EDGE('',*,*,#9537,.F.);
#10402 = CYLINDRICAL_SURFACE('',#10403,0.799999985871);
#10403 = AXIS2_PLACEMENT_3D('',#10404,#10405,#10406);
#10404 = CARTESIAN_POINT('',(0.27489839494,2.268469412149,0.750000042915
    ));
#10405 = DIRECTION('',(1.,0.,0.));
#10406 = DIRECTION('',(-0.,1.,3.523657060578E-15));
#10407 = ADVANCED_FACE('',(#10408),#10414,.T.);
#10408 = FACE_BOUND('',#10409,.T.);
#10409 = EDGE_LOOP('',(#10410,#10411,#10412,#10413));
#10410 = ORIENTED_EDGE('',*,*,#9619,.F.);
#10411 = ORIENTED_EDGE('',*,*,#7161,.T.);
#10412 = ORIENTED_EDGE('',*,*,#9594,.F.);
#10413 = ORIENTED_EDGE('',*,*,#9670,.F.);
#10414 = CYLINDRICAL_SURFACE('',#10415,0.799999985871);
#10415 = AXIS2_PLACEMENT_3D('',#10416,#10417,#10418);
#10416 = CARTESIAN_POINT('',(-0.22510159623,2.268469412149,
    0.750000042915));
#10417 = DIRECTION('',(1.,0.,0.));
#10418 = DIRECTION('',(-0.,1.,3.523657060578E-15));
#10419 = ADVANCED_FACE('',(#10420),#10426,.T.);
#10420 = FACE_BOUND('',#10421,.T.);
#10421 = EDGE_LOOP('',(#10422,#10423,#10424,#10425));
#10422 = ORIENTED_EDGE('',*,*,#9752,.F.);
#10423 = ORIENTED_EDGE('',*,*,#7129,.T.);
#10424 = ORIENTED_EDGE('',*,*,#9727,.F.);
#10425 = ORIENTED_EDGE('',*,*,#9803,.F.);
#10426 = CYLINDRICAL_SURFACE('',#10427,0.799999985871);
#10427 = AXIS2_PLACEMENT_3D('',#10428,#10429,#10430);
#10428 = CARTESIAN_POINT('',(-0.725101587399,2.268469412149,
    0.750000042915));
#10429 = DIRECTION('',(1.,0.,0.));
#10430 = DIRECTION('',(-0.,1.,3.523657060578E-15));
#10431 = ADVANCED_FACE('',(#10432),#10438,.T.);
#10432 = FACE_BOUND('',#10433,.T.);
#10433 = EDGE_LOOP('',(#10434,#10435,#10436,#10437));
#10434 = ORIENTED_EDGE('',*,*,#9885,.F.);
#10435 = ORIENTED_EDGE('',*,*,#7097,.T.);
#10436 = ORIENTED_EDGE('',*,*,#9860,.F.);
#10437 = ORIENTED_EDGE('',*,*,#9936,.F.);
#10438 = CYLINDRICAL_SURFACE('',#10439,0.799999985871);
#10439 = AXIS2_PLACEMENT_3D('',#10440,#10441,#10442);
#10440 = CARTESIAN_POINT('',(-1.225101578569,2.268469412149,
    0.750000042915));
#10441 = DIRECTION('',(1.,0.,0.));
#10442 = DIRECTION('',(-0.,1.,3.523657060578E-15));
#10443 = ADVANCED_FACE('',(#10444),#10450,.T.);
#10444 = FACE_BOUND('',#10445,.T.);
#10445 = EDGE_LOOP('',(#10446,#10447,#10448,#10449));
#10446 = ORIENTED_EDGE('',*,*,#10018,.F.);
#10447 = ORIENTED_EDGE('',*,*,#7065,.T.);
#10448 = ORIENTED_EDGE('',*,*,#9993,.F.);
#10449 = ORIENTED_EDGE('',*,*,#10069,.F.);
#10450 = CYLINDRICAL_SURFACE('',#10451,0.799999985871);
#10451 = AXIS2_PLACEMENT_3D('',#10452,#10453,#10454);
#10452 = CARTESIAN_POINT('',(-1.725101569739,2.268469412149,
    0.750000042915));
#10453 = DIRECTION('',(1.,0.,0.));
#10454 = DIRECTION('',(-0.,1.,3.523657060578E-15));
#10455 = ADVANCED_FACE('',(#10456),#10462,.T.);
#10456 = FACE_BOUND('',#10457,.T.);
#10457 = EDGE_LOOP('',(#10458,#10459,#10460,#10461));
#10458 = ORIENTED_EDGE('',*,*,#10151,.F.);
#10459 = ORIENTED_EDGE('',*,*,#7033,.T.);
#10460 = ORIENTED_EDGE('',*,*,#10126,.F.);
#10461 = ORIENTED_EDGE('',*,*,#10202,.F.);
#10462 = CYLINDRICAL_SURFACE('',#10463,0.799999985871);
#10463 = AXIS2_PLACEMENT_3D('',#10464,#10465,#10466);
#10464 = CARTESIAN_POINT('',(-2.225101560908,2.268469412149,
    0.750000042915));
#10465 = DIRECTION('',(1.,0.,0.));
#10466 = DIRECTION('',(-0.,1.,3.523657060578E-15));
#10467 = ADVANCED_FACE('',(#10468),#10474,.T.);
#10468 = FACE_BOUND('',#10469,.T.);
#10469 = EDGE_LOOP('',(#10470,#10471,#10472,#10473));
#10470 = ORIENTED_EDGE('',*,*,#10284,.F.);
#10471 = ORIENTED_EDGE('',*,*,#7001,.T.);
#10472 = ORIENTED_EDGE('',*,*,#10259,.F.);
#10473 = ORIENTED_EDGE('',*,*,#10335,.F.);
#10474 = CYLINDRICAL_SURFACE('',#10475,0.799999985871);
#10475 = AXIS2_PLACEMENT_3D('',#10476,#10477,#10478);
#10476 = CARTESIAN_POINT('',(-2.725101552078,2.268469412149,
    0.750000042915));
#10477 = DIRECTION('',(1.,0.,0.));
#10478 = DIRECTION('',(-0.,1.,3.523657060578E-15));
#10479 = ADVANCED_FACE('',(#10480),#10505,.F.);
#10480 = FACE_BOUND('',#10481,.T.);
#10481 = EDGE_LOOP('',(#10482,#10490,#10491,#10499));
#10482 = ORIENTED_EDGE('',*,*,#10483,.F.);
#10483 = EDGE_CURVE('',#8377,#10484,#10486,.T.);
#10484 = VERTEX_POINT('',#10485);
#10485 = CARTESIAN_POINT('',(-2.975101547663,1.490081207754,
    5.00000552778E-02));
#10486 = LINE('',#10487,#10488);
#10487 = CARTESIAN_POINT('',(-2.975101547663,0.690081221882,
    5.00000552778E-02));
#10488 = VECTOR('',#10489,1.);
#10489 = DIRECTION('',(0.,1.,3.491481338843E-15));
#10490 = ORIENTED_EDGE('',*,*,#8376,.T.);
#10491 = ORIENTED_EDGE('',*,*,#10492,.F.);
#10492 = EDGE_CURVE('',#10493,#8369,#10495,.T.);
#10493 = VERTEX_POINT('',#10494);
#10494 = CARTESIAN_POINT('',(-2.775101551195,1.490081207754,
    5.00000552778E-02));
#10495 = LINE('',#10496,#10497);
#10496 = CARTESIAN_POINT('',(-2.775101551195,0.690081221882,
    5.00000552778E-02));
#10497 = VECTOR('',#10498,1.);
#10498 = DIRECTION('',(0.,-1.,-3.491481338843E-15));
#10499 = ORIENTED_EDGE('',*,*,#10500,.F.);
#10500 = EDGE_CURVE('',#10484,#10493,#10501,.T.);
#10501 = LINE('',#10502,#10503);
#10502 = CARTESIAN_POINT('',(-2.975101547663,1.490081207754,
    5.00000552778E-02));
#10503 = VECTOR('',#10504,1.);
#10504 = DIRECTION('',(1.,0.,0.));
#10505 = PLANE('',#10506);
#10506 = AXIS2_PLACEMENT_3D('',#10507,#10508,#10509);
#10507 = CARTESIAN_POINT('',(-1.016002032004E-04,-1.359918741913,
    5.000005527779E-02));
#10508 = DIRECTION('',(0.,3.491481338843E-15,-1.));
#10509 = DIRECTION('',(0.,1.,3.491481338843E-15));
#10510 = ADVANCED_FACE('',(#10511),#10539,.T.);
#10511 = FACE_BOUND('',#10512,.T.);
#10512 = EDGE_LOOP('',(#10513,#10523,#10530,#10531,#10532,#10533));
#10513 = ORIENTED_EDGE('',*,*,#10514,.F.);
#10514 = EDGE_CURVE('',#10515,#10517,#10519,.T.);
#10515 = VERTEX_POINT('',#10516);
#10516 = CARTESIAN_POINT('',(-2.975101547663,0.968469435107,
    -4.999994295614E-02));
#10517 = VERTEX_POINT('',#10518);
#10518 = CARTESIAN_POINT('',(-2.975101547663,1.490081207754,
    -4.999994295614E-02));
#10519 = LINE('',#10520,#10521);
#10520 = CARTESIAN_POINT('',(-2.975101547663,0.690081221882,
    -4.999994295614E-02));
#10521 = VECTOR('',#10522,1.);
#10522 = DIRECTION('',(0.,1.,3.491481338843E-15));
#10523 = ORIENTED_EDGE('',*,*,#10524,.T.);
#10524 = EDGE_CURVE('',#10515,#6113,#10525,.T.);
#10525 = CIRCLE('',#10526,0.799999985871);
#10526 = AXIS2_PLACEMENT_3D('',#10527,#10528,#10529);
#10527 = CARTESIAN_POINT('',(-2.975101547663,0.968469435107,
    0.750000042915));
#10528 = DIRECTION('',(-1.,0.,0.));
#10529 = DIRECTION('',(-0.,-1.,-3.523657060578E-15));
#10530 = ORIENTED_EDGE('',*,*,#6112,.T.);
#10531 = ORIENTED_EDGE('',*,*,#8384,.F.);
#10532 = ORIENTED_EDGE('',*,*,#10483,.T.);
#10533 = ORIENTED_EDGE('',*,*,#10534,.T.);
#10534 = EDGE_CURVE('',#10484,#10517,#10535,.T.);
#10535 = LINE('',#10536,#10537);
#10536 = CARTESIAN_POINT('',(-2.975101547663,1.490081207754,
    5.00000552778E-02));
#10537 = VECTOR('',#10538,1.);
#10538 = DIRECTION('',(0.,3.491481338843E-15,-1.));
#10539 = PLANE('',#10540);
#10540 = AXIS2_PLACEMENT_3D('',#10541,#10542,#10543);
#10541 = CARTESIAN_POINT('',(-2.975101547663,0.690081221882,
    5.00000552778E-02));
#10542 = DIRECTION('',(-1.,0.,0.));
#10543 = DIRECTION('',(-0.,-1.,-3.491481338843E-15));
#10544 = ADVANCED_FACE('',(#10545),#10573,.T.);
#10545 = FACE_BOUND('',#10546,.T.);
#10546 = EDGE_LOOP('',(#10547,#10548,#10557,#10565,#10571,#10572));
#10547 = ORIENTED_EDGE('',*,*,#6128,.T.);
#10548 = ORIENTED_EDGE('',*,*,#10549,.T.);
#10549 = EDGE_CURVE('',#6121,#10550,#10552,.T.);
#10550 = VERTEX_POINT('',#10551);
#10551 = CARTESIAN_POINT('',(-2.775101551195,0.968469435107,
    -4.999994295614E-02));
#10552 = CIRCLE('',#10553,0.799999985871);
#10553 = AXIS2_PLACEMENT_3D('',#10554,#10555,#10556);
#10554 = CARTESIAN_POINT('',(-2.775101551195,0.968469435107,
    0.750000042915));
#10555 = DIRECTION('',(1.,0.,-0.));
#10556 = DIRECTION('',(0.,1.,3.523657060578E-15));
#10557 = ORIENTED_EDGE('',*,*,#10558,.F.);
#10558 = EDGE_CURVE('',#10559,#10550,#10561,.T.);
#10559 = VERTEX_POINT('',#10560);
#10560 = CARTESIAN_POINT('',(-2.775101551195,1.490081207754,
    -4.999994295614E-02));
#10561 = LINE('',#10562,#10563);
#10562 = CARTESIAN_POINT('',(-2.775101551195,0.690081221882,
    -4.999994295614E-02));
#10563 = VECTOR('',#10564,1.);
#10564 = DIRECTION('',(0.,-1.,-3.491481338843E-15));
#10565 = ORIENTED_EDGE('',*,*,#10566,.F.);
#10566 = EDGE_CURVE('',#10493,#10559,#10567,.T.);
#10567 = LINE('',#10568,#10569);
#10568 = CARTESIAN_POINT('',(-2.775101551195,1.490081207754,
    5.00000552778E-02));
#10569 = VECTOR('',#10570,1.);
#10570 = DIRECTION('',(0.,3.491481338843E-15,-1.));
#10571 = ORIENTED_EDGE('',*,*,#10492,.T.);
#10572 = ORIENTED_EDGE('',*,*,#8368,.F.);
#10573 = PLANE('',#10574);
#10574 = AXIS2_PLACEMENT_3D('',#10575,#10576,#10577);
#10575 = CARTESIAN_POINT('',(-2.775101551195,0.690081221882,
    5.00000552778E-02));
#10576 = DIRECTION('',(1.,0.,0.));
#10577 = DIRECTION('',(-0.,1.,3.491481338843E-15));
#10578 = ADVANCED_FACE('',(#10579),#10590,.T.);
#10579 = FACE_BOUND('',#10580,.T.);
#10580 = EDGE_LOOP('',(#10581,#10587,#10588,#10589));
#10581 = ORIENTED_EDGE('',*,*,#10582,.F.);
#10582 = EDGE_CURVE('',#10517,#10559,#10583,.T.);
#10583 = LINE('',#10584,#10585);
#10584 = CARTESIAN_POINT('',(-2.975101547663,1.490081207754,
    -4.999994295614E-02));
#10585 = VECTOR('',#10586,1.);
#10586 = DIRECTION('',(1.,0.,0.));
#10587 = ORIENTED_EDGE('',*,*,#10534,.F.);
#10588 = ORIENTED_EDGE('',*,*,#10500,.T.);
#10589 = ORIENTED_EDGE('',*,*,#10566,.T.);
#10590 = PLANE('',#10591);
#10591 = AXIS2_PLACEMENT_3D('',#10592,#10593,#10594);
#10592 = CARTESIAN_POINT('',(-2.975101547663,1.490081207754,
    5.00000552778E-02));
#10593 = DIRECTION('',(0.,1.,3.491481338843E-15));
#10594 = DIRECTION('',(-1.,0.,0.));
#10595 = ADVANCED_FACE('',(#10596),#10607,.T.);
#10596 = FACE_BOUND('',#10597,.T.);
#10597 = EDGE_LOOP('',(#10598,#10599,#10605,#10606));
#10598 = ORIENTED_EDGE('',*,*,#10558,.T.);
#10599 = ORIENTED_EDGE('',*,*,#10600,.T.);
#10600 = EDGE_CURVE('',#10550,#10515,#10601,.T.);
#10601 = LINE('',#10602,#10603);
#10602 = CARTESIAN_POINT('',(-2.975101547663,0.968469435107,
    -4.999994295614E-02));
#10603 = VECTOR('',#10604,1.);
#10604 = DIRECTION('',(-1.,0.,0.));
#10605 = ORIENTED_EDGE('',*,*,#10514,.T.);
#10606 = ORIENTED_EDGE('',*,*,#10582,.T.);
#10607 = PLANE('',#10608);
#10608 = AXIS2_PLACEMENT_3D('',#10609,#10610,#10611);
#10609 = CARTESIAN_POINT('',(-1.016002032004E-04,-1.359918741913,
    -4.999994295615E-02));
#10610 = DIRECTION('',(0.,3.491481338843E-15,-1.));
#10611 = DIRECTION('',(0.,1.,3.491481338843E-15));
#10612 = ADVANCED_FACE('',(#10613),#10619,.T.);
#10613 = FACE_BOUND('',#10614,.T.);
#10614 = EDGE_LOOP('',(#10615,#10616,#10617,#10618));
#10615 = ORIENTED_EDGE('',*,*,#10549,.F.);
#10616 = ORIENTED_EDGE('',*,*,#6120,.T.);
#10617 = ORIENTED_EDGE('',*,*,#10524,.F.);
#10618 = ORIENTED_EDGE('',*,*,#10600,.F.);
#10619 = CYLINDRICAL_SURFACE('',#10620,0.799999985871);
#10620 = AXIS2_PLACEMENT_3D('',#10621,#10622,#10623);
#10621 = CARTESIAN_POINT('',(-2.975101547663,0.968469435107,
    0.750000042915));
#10622 = DIRECTION('',(1.,0.,0.));
#10623 = DIRECTION('',(-0.,1.,3.523657060578E-15));
#10624 = ADVANCED_FACE('',(#10625),#10650,.F.);
#10625 = FACE_BOUND('',#10626,.T.);
#10626 = EDGE_LOOP('',(#10627,#10635,#10636,#10644));
#10627 = ORIENTED_EDGE('',*,*,#10628,.F.);
#10628 = EDGE_CURVE('',#8354,#10629,#10631,.T.);
#10629 = VERTEX_POINT('',#10630);
#10630 = CARTESIAN_POINT('',(-2.475101556493,1.490081207754,
    5.00000552778E-02));
#10631 = LINE('',#10632,#10633);
#10632 = CARTESIAN_POINT('',(-2.475101556493,0.690081221882,
    5.00000552778E-02));
#10633 = VECTOR('',#10634,1.);
#10634 = DIRECTION('',(0.,1.,3.491481338843E-15));
#10635 = ORIENTED_EDGE('',*,*,#8353,.T.);
#10636 = ORIENTED_EDGE('',*,*,#10637,.F.);
#10637 = EDGE_CURVE('',#10638,#8346,#10640,.T.);
#10638 = VERTEX_POINT('',#10639);
#10639 = CARTESIAN_POINT('',(-2.275101560025,1.490081207754,
    5.00000552778E-02));
#10640 = LINE('',#10641,#10642);
#10641 = CARTESIAN_POINT('',(-2.275101560025,0.690081221882,
    5.00000552778E-02));
#10642 = VECTOR('',#10643,1.);
#10643 = DIRECTION('',(0.,-1.,-3.491481338843E-15));
#10644 = ORIENTED_EDGE('',*,*,#10645,.F.);
#10645 = EDGE_CURVE('',#10629,#10638,#10646,.T.);
#10646 = LINE('',#10647,#10648);
#10647 = CARTESIAN_POINT('',(-2.475101556493,1.490081207754,
    5.00000552778E-02));
#10648 = VECTOR('',#10649,1.);
#10649 = DIRECTION('',(1.,0.,0.));
#10650 = PLANE('',#10651);
#10651 = AXIS2_PLACEMENT_3D('',#10652,#10653,#10654);
#10652 = CARTESIAN_POINT('',(0.499898390966,-1.359918741913,
    5.000005527779E-02));
#10653 = DIRECTION('',(0.,3.491481338843E-15,-1.));
#10654 = DIRECTION('',(0.,1.,3.491481338843E-15));
#10655 = ADVANCED_FACE('',(#10656),#10684,.T.);
#10656 = FACE_BOUND('',#10657,.T.);
#10657 = EDGE_LOOP('',(#10658,#10668,#10675,#10676,#10677,#10678));
#10658 = ORIENTED_EDGE('',*,*,#10659,.F.);
#10659 = EDGE_CURVE('',#10660,#10662,#10664,.T.);
#10660 = VERTEX_POINT('',#10661);
#10661 = CARTESIAN_POINT('',(-2.475101556493,0.968469435107,
    -4.999994295614E-02));
#10662 = VERTEX_POINT('',#10663);
#10663 = CARTESIAN_POINT('',(-2.475101556493,1.490081207754,
    -4.999994295614E-02));
#10664 = LINE('',#10665,#10666);
#10665 = CARTESIAN_POINT('',(-2.475101556493,0.690081221882,
    -4.999994295614E-02));
#10666 = VECTOR('',#10667,1.);
#10667 = DIRECTION('',(0.,1.,3.491481338843E-15));
#10668 = ORIENTED_EDGE('',*,*,#10669,.T.);
#10669 = EDGE_CURVE('',#10660,#6145,#10670,.T.);
#10670 = CIRCLE('',#10671,0.799999985871);
#10671 = AXIS2_PLACEMENT_3D('',#10672,#10673,#10674);
#10672 = CARTESIAN_POINT('',(-2.475101556493,0.968469435107,
    0.750000042915));
#10673 = DIRECTION('',(-1.,0.,0.));
#10674 = DIRECTION('',(-0.,-1.,-3.523657060578E-15));
#10675 = ORIENTED_EDGE('',*,*,#6144,.T.);
#10676 = ORIENTED_EDGE('',*,*,#8361,.F.);
#10677 = ORIENTED_EDGE('',*,*,#10628,.T.);
#10678 = ORIENTED_EDGE('',*,*,#10679,.T.);
#10679 = EDGE_CURVE('',#10629,#10662,#10680,.T.);
#10680 = LINE('',#10681,#10682);
#10681 = CARTESIAN_POINT('',(-2.475101556493,1.490081207754,
    5.00000552778E-02));
#10682 = VECTOR('',#10683,1.);
#10683 = DIRECTION('',(0.,3.491481338843E-15,-1.));
#10684 = PLANE('',#10685);
#10685 = AXIS2_PLACEMENT_3D('',#10686,#10687,#10688);
#10686 = CARTESIAN_POINT('',(-2.475101556493,0.690081221882,
    5.00000552778E-02));
#10687 = DIRECTION('',(-1.,0.,0.));
#10688 = DIRECTION('',(-0.,-1.,-3.491481338843E-15));
#10689 = ADVANCED_FACE('',(#10690),#10718,.T.);
#10690 = FACE_BOUND('',#10691,.T.);
#10691 = EDGE_LOOP('',(#10692,#10693,#10702,#10710,#10716,#10717));
#10692 = ORIENTED_EDGE('',*,*,#6160,.T.);
#10693 = ORIENTED_EDGE('',*,*,#10694,.T.);
#10694 = EDGE_CURVE('',#6153,#10695,#10697,.T.);
#10695 = VERTEX_POINT('',#10696);
#10696 = CARTESIAN_POINT('',(-2.275101560025,0.968469435107,
    -4.999994295614E-02));
#10697 = CIRCLE('',#10698,0.799999985871);
#10698 = AXIS2_PLACEMENT_3D('',#10699,#10700,#10701);
#10699 = CARTESIAN_POINT('',(-2.275101560025,0.968469435107,
    0.750000042915));
#10700 = DIRECTION('',(1.,0.,-0.));
#10701 = DIRECTION('',(0.,1.,3.523657060578E-15));
#10702 = ORIENTED_EDGE('',*,*,#10703,.F.);
#10703 = EDGE_CURVE('',#10704,#10695,#10706,.T.);
#10704 = VERTEX_POINT('',#10705);
#10705 = CARTESIAN_POINT('',(-2.275101560025,1.490081207754,
    -4.999994295614E-02));
#10706 = LINE('',#10707,#10708);
#10707 = CARTESIAN_POINT('',(-2.275101560025,0.690081221882,
    -4.999994295614E-02));
#10708 = VECTOR('',#10709,1.);
#10709 = DIRECTION('',(0.,-1.,-3.491481338843E-15));
#10710 = ORIENTED_EDGE('',*,*,#10711,.F.);
#10711 = EDGE_CURVE('',#10638,#10704,#10712,.T.);
#10712 = LINE('',#10713,#10714);
#10713 = CARTESIAN_POINT('',(-2.275101560025,1.490081207754,
    5.00000552778E-02));
#10714 = VECTOR('',#10715,1.);
#10715 = DIRECTION('',(0.,3.491481338843E-15,-1.));
#10716 = ORIENTED_EDGE('',*,*,#10637,.T.);
#10717 = ORIENTED_EDGE('',*,*,#8345,.F.);
#10718 = PLANE('',#10719);
#10719 = AXIS2_PLACEMENT_3D('',#10720,#10721,#10722);
#10720 = CARTESIAN_POINT('',(-2.275101560025,0.690081221882,
    5.00000552778E-02));
#10721 = DIRECTION('',(1.,0.,0.));
#10722 = DIRECTION('',(-0.,1.,3.491481338843E-15));
#10723 = ADVANCED_FACE('',(#10724),#10735,.T.);
#10724 = FACE_BOUND('',#10725,.T.);
#10725 = EDGE_LOOP('',(#10726,#10732,#10733,#10734));
#10726 = ORIENTED_EDGE('',*,*,#10727,.F.);
#10727 = EDGE_CURVE('',#10662,#10704,#10728,.T.);
#10728 = LINE('',#10729,#10730);
#10729 = CARTESIAN_POINT('',(-2.475101556493,1.490081207754,
    -4.999994295614E-02));
#10730 = VECTOR('',#10731,1.);
#10731 = DIRECTION('',(1.,0.,0.));
#10732 = ORIENTED_EDGE('',*,*,#10679,.F.);
#10733 = ORIENTED_EDGE('',*,*,#10645,.T.);
#10734 = ORIENTED_EDGE('',*,*,#10711,.T.);
#10735 = PLANE('',#10736);
#10736 = AXIS2_PLACEMENT_3D('',#10737,#10738,#10739);
#10737 = CARTESIAN_POINT('',(-2.475101556493,1.490081207754,
    5.00000552778E-02));
#10738 = DIRECTION('',(0.,1.,3.491481338843E-15));
#10739 = DIRECTION('',(-1.,0.,0.));
#10740 = ADVANCED_FACE('',(#10741),#10752,.T.);
#10741 = FACE_BOUND('',#10742,.T.);
#10742 = EDGE_LOOP('',(#10743,#10744,#10750,#10751));
#10743 = ORIENTED_EDGE('',*,*,#10703,.T.);
#10744 = ORIENTED_EDGE('',*,*,#10745,.T.);
#10745 = EDGE_CURVE('',#10695,#10660,#10746,.T.);
#10746 = LINE('',#10747,#10748);
#10747 = CARTESIAN_POINT('',(-2.475101556493,0.968469435107,
    -4.999994295614E-02));
#10748 = VECTOR('',#10749,1.);
#10749 = DIRECTION('',(-1.,0.,0.));
#10750 = ORIENTED_EDGE('',*,*,#10659,.T.);
#10751 = ORIENTED_EDGE('',*,*,#10727,.T.);
#10752 = PLANE('',#10753);
#10753 = AXIS2_PLACEMENT_3D('',#10754,#10755,#10756);
#10754 = CARTESIAN_POINT('',(0.499898390966,-1.359918741913,
    -4.999994295615E-02));
#10755 = DIRECTION('',(0.,3.491481338843E-15,-1.));
#10756 = DIRECTION('',(0.,1.,3.491481338843E-15));
#10757 = ADVANCED_FACE('',(#10758),#10783,.F.);
#10758 = FACE_BOUND('',#10759,.T.);
#10759 = EDGE_LOOP('',(#10760,#10768,#10769,#10777));
#10760 = ORIENTED_EDGE('',*,*,#10761,.F.);
#10761 = EDGE_CURVE('',#8331,#10762,#10764,.T.);
#10762 = VERTEX_POINT('',#10763);
#10763 = CARTESIAN_POINT('',(-1.975101565323,1.490081207754,
    5.00000552778E-02));
#10764 = LINE('',#10765,#10766);
#10765 = CARTESIAN_POINT('',(-1.975101565323,0.690081221882,
    5.00000552778E-02));
#10766 = VECTOR('',#10767,1.);
#10767 = DIRECTION('',(0.,1.,3.491481338843E-15));
#10768 = ORIENTED_EDGE('',*,*,#8330,.T.);
#10769 = ORIENTED_EDGE('',*,*,#10770,.F.);
#10770 = EDGE_CURVE('',#10771,#8323,#10773,.T.);
#10771 = VERTEX_POINT('',#10772);
#10772 = CARTESIAN_POINT('',(-1.775101568856,1.490081207754,
    5.00000552778E-02));
#10773 = LINE('',#10774,#10775);
#10774 = CARTESIAN_POINT('',(-1.775101568856,0.690081221882,
    5.00000552778E-02));
#10775 = VECTOR('',#10776,1.);
#10776 = DIRECTION('',(0.,-1.,-3.491481338843E-15));
#10777 = ORIENTED_EDGE('',*,*,#10778,.F.);
#10778 = EDGE_CURVE('',#10762,#10771,#10779,.T.);
#10779 = LINE('',#10780,#10781);
#10780 = CARTESIAN_POINT('',(-1.975101565323,1.490081207754,
    5.00000552778E-02));
#10781 = VECTOR('',#10782,1.);
#10782 = DIRECTION('',(1.,0.,0.));
#10783 = PLANE('',#10784);
#10784 = AXIS2_PLACEMENT_3D('',#10785,#10786,#10787);
#10785 = CARTESIAN_POINT('',(0.999898382136,-1.359918741913,
    5.000005527779E-02));
#10786 = DIRECTION('',(0.,3.491481338843E-15,-1.));
#10787 = DIRECTION('',(0.,1.,3.491481338843E-15));
#10788 = ADVANCED_FACE('',(#10789),#10817,.T.);
#10789 = FACE_BOUND('',#10790,.T.);
#10790 = EDGE_LOOP('',(#10791,#10801,#10808,#10809,#10810,#10811));
#10791 = ORIENTED_EDGE('',*,*,#10792,.F.);
#10792 = EDGE_CURVE('',#10793,#10795,#10797,.T.);
#10793 = VERTEX_POINT('',#10794);
#10794 = CARTESIAN_POINT('',(-1.975101565323,0.968469435107,
    -4.999994295614E-02));
#10795 = VERTEX_POINT('',#10796);
#10796 = CARTESIAN_POINT('',(-1.975101565323,1.490081207754,
    -4.999994295614E-02));
#10797 = LINE('',#10798,#10799);
#10798 = CARTESIAN_POINT('',(-1.975101565323,0.690081221882,
    -4.999994295614E-02));
#10799 = VECTOR('',#10800,1.);
#10800 = DIRECTION('',(0.,1.,3.491481338843E-15));
#10801 = ORIENTED_EDGE('',*,*,#10802,.T.);
#10802 = EDGE_CURVE('',#10793,#6177,#10803,.T.);
#10803 = CIRCLE('',#10804,0.799999985871);
#10804 = AXIS2_PLACEMENT_3D('',#10805,#10806,#10807);
#10805 = CARTESIAN_POINT('',(-1.975101565323,0.968469435107,
    0.750000042915));
#10806 = DIRECTION('',(-1.,0.,0.));
#10807 = DIRECTION('',(-0.,-1.,-3.523657060578E-15));
#10808 = ORIENTED_EDGE('',*,*,#6176,.T.);
#10809 = ORIENTED_EDGE('',*,*,#8338,.F.);
#10810 = ORIENTED_EDGE('',*,*,#10761,.T.);
#10811 = ORIENTED_EDGE('',*,*,#10812,.T.);
#10812 = EDGE_CURVE('',#10762,#10795,#10813,.T.);
#10813 = LINE('',#10814,#10815);
#10814 = CARTESIAN_POINT('',(-1.975101565323,1.490081207754,
    5.00000552778E-02));
#10815 = VECTOR('',#10816,1.);
#10816 = DIRECTION('',(0.,3.491481338843E-15,-1.));
#10817 = PLANE('',#10818);
#10818 = AXIS2_PLACEMENT_3D('',#10819,#10820,#10821);
#10819 = CARTESIAN_POINT('',(-1.975101565323,0.690081221882,
    5.00000552778E-02));
#10820 = DIRECTION('',(-1.,0.,0.));
#10821 = DIRECTION('',(-0.,-1.,-3.491481338843E-15));
#10822 = ADVANCED_FACE('',(#10823),#10851,.T.);
#10823 = FACE_BOUND('',#10824,.T.);
#10824 = EDGE_LOOP('',(#10825,#10826,#10835,#10843,#10849,#10850));
#10825 = ORIENTED_EDGE('',*,*,#6192,.T.);
#10826 = ORIENTED_EDGE('',*,*,#10827,.T.);
#10827 = EDGE_CURVE('',#6185,#10828,#10830,.T.);
#10828 = VERTEX_POINT('',#10829);
#10829 = CARTESIAN_POINT('',(-1.775101568856,0.968469435107,
    -4.999994295614E-02));
#10830 = CIRCLE('',#10831,0.799999985871);
#10831 = AXIS2_PLACEMENT_3D('',#10832,#10833,#10834);
#10832 = CARTESIAN_POINT('',(-1.775101568856,0.968469435107,
    0.750000042915));
#10833 = DIRECTION('',(1.,0.,-0.));
#10834 = DIRECTION('',(0.,1.,3.523657060578E-15));
#10835 = ORIENTED_EDGE('',*,*,#10836,.F.);
#10836 = EDGE_CURVE('',#10837,#10828,#10839,.T.);
#10837 = VERTEX_POINT('',#10838);
#10838 = CARTESIAN_POINT('',(-1.775101568856,1.490081207754,
    -4.999994295614E-02));
#10839 = LINE('',#10840,#10841);
#10840 = CARTESIAN_POINT('',(-1.775101568856,0.690081221882,
    -4.999994295614E-02));
#10841 = VECTOR('',#10842,1.);
#10842 = DIRECTION('',(0.,-1.,-3.491481338843E-15));
#10843 = ORIENTED_EDGE('',*,*,#10844,.F.);
#10844 = EDGE_CURVE('',#10771,#10837,#10845,.T.);
#10845 = LINE('',#10846,#10847);
#10846 = CARTESIAN_POINT('',(-1.775101568856,1.490081207754,
    5.00000552778E-02));
#10847 = VECTOR('',#10848,1.);
#10848 = DIRECTION('',(0.,3.491481338843E-15,-1.));
#10849 = ORIENTED_EDGE('',*,*,#10770,.T.);
#10850 = ORIENTED_EDGE('',*,*,#8322,.F.);
#10851 = PLANE('',#10852);
#10852 = AXIS2_PLACEMENT_3D('',#10853,#10854,#10855);
#10853 = CARTESIAN_POINT('',(-1.775101568856,0.690081221882,
    5.00000552778E-02));
#10854 = DIRECTION('',(1.,0.,0.));
#10855 = DIRECTION('',(-0.,1.,3.491481338843E-15));
#10856 = ADVANCED_FACE('',(#10857),#10868,.T.);
#10857 = FACE_BOUND('',#10858,.T.);
#10858 = EDGE_LOOP('',(#10859,#10865,#10866,#10867));
#10859 = ORIENTED_EDGE('',*,*,#10860,.F.);
#10860 = EDGE_CURVE('',#10795,#10837,#10861,.T.);
#10861 = LINE('',#10862,#10863);
#10862 = CARTESIAN_POINT('',(-1.975101565323,1.490081207754,
    -4.999994295614E-02));
#10863 = VECTOR('',#10864,1.);
#10864 = DIRECTION('',(1.,0.,0.));
#10865 = ORIENTED_EDGE('',*,*,#10812,.F.);
#10866 = ORIENTED_EDGE('',*,*,#10778,.T.);
#10867 = ORIENTED_EDGE('',*,*,#10844,.T.);
#10868 = PLANE('',#10869);
#10869 = AXIS2_PLACEMENT_3D('',#10870,#10871,#10872);
#10870 = CARTESIAN_POINT('',(-1.975101565323,1.490081207754,
    5.00000552778E-02));
#10871 = DIRECTION('',(0.,1.,3.491481338843E-15));
#10872 = DIRECTION('',(-1.,0.,0.));
#10873 = ADVANCED_FACE('',(#10874),#10885,.T.);
#10874 = FACE_BOUND('',#10875,.T.);
#10875 = EDGE_LOOP('',(#10876,#10877,#10883,#10884));
#10876 = ORIENTED_EDGE('',*,*,#10836,.T.);
#10877 = ORIENTED_EDGE('',*,*,#10878,.T.);
#10878 = EDGE_CURVE('',#10828,#10793,#10879,.T.);
#10879 = LINE('',#10880,#10881);
#10880 = CARTESIAN_POINT('',(-1.975101565323,0.968469435107,
    -4.999994295614E-02));
#10881 = VECTOR('',#10882,1.);
#10882 = DIRECTION('',(-1.,0.,0.));
#10883 = ORIENTED_EDGE('',*,*,#10792,.T.);
#10884 = ORIENTED_EDGE('',*,*,#10860,.T.);
#10885 = PLANE('',#10886);
#10886 = AXIS2_PLACEMENT_3D('',#10887,#10888,#10889);
#10887 = CARTESIAN_POINT('',(0.999898382136,-1.359918741913,
    -4.999994295615E-02));
#10888 = DIRECTION('',(0.,3.491481338843E-15,-1.));
#10889 = DIRECTION('',(0.,1.,3.491481338843E-15));
#10890 = ADVANCED_FACE('',(#10891),#10916,.F.);
#10891 = FACE_BOUND('',#10892,.T.);
#10892 = EDGE_LOOP('',(#10893,#10901,#10902,#10910));
#10893 = ORIENTED_EDGE('',*,*,#10894,.F.);
#10894 = EDGE_CURVE('',#8308,#10895,#10897,.T.);
#10895 = VERTEX_POINT('',#10896);
#10896 = CARTESIAN_POINT('',(-1.475101574154,1.490081207754,
    5.00000552778E-02));
#10897 = LINE('',#10898,#10899);
#10898 = CARTESIAN_POINT('',(-1.475101574154,0.690081221882,
    5.00000552778E-02));
#10899 = VECTOR('',#10900,1.);
#10900 = DIRECTION('',(0.,1.,3.491481338843E-15));
#10901 = ORIENTED_EDGE('',*,*,#8307,.T.);
#10902 = ORIENTED_EDGE('',*,*,#10903,.F.);
#10903 = EDGE_CURVE('',#10904,#8300,#10906,.T.);
#10904 = VERTEX_POINT('',#10905);
#10905 = CARTESIAN_POINT('',(-1.275101577686,1.490081207754,
    5.00000552778E-02));
#10906 = LINE('',#10907,#10908);
#10907 = CARTESIAN_POINT('',(-1.275101577686,0.690081221882,
    5.00000552778E-02));
#10908 = VECTOR('',#10909,1.);
#10909 = DIRECTION('',(0.,-1.,-3.491481338843E-15));
#10910 = ORIENTED_EDGE('',*,*,#10911,.F.);
#10911 = EDGE_CURVE('',#10895,#10904,#10912,.T.);
#10912 = LINE('',#10913,#10914);
#10913 = CARTESIAN_POINT('',(-1.475101574154,1.490081207754,
    5.00000552778E-02));
#10914 = VECTOR('',#10915,1.);
#10915 = DIRECTION('',(1.,0.,0.));
#10916 = PLANE('',#10917);
#10917 = AXIS2_PLACEMENT_3D('',#10918,#10919,#10920);
#10918 = CARTESIAN_POINT('',(1.499898373306,-1.359918741913,
    5.000005527779E-02));
#10919 = DIRECTION('',(0.,3.491481338843E-15,-1.));
#10920 = DIRECTION('',(0.,1.,3.491481338843E-15));
#10921 = ADVANCED_FACE('',(#10922),#10950,.T.);
#10922 = FACE_BOUND('',#10923,.T.);
#10923 = EDGE_LOOP('',(#10924,#10934,#10941,#10942,#10943,#10944));
#10924 = ORIENTED_EDGE('',*,*,#10925,.F.);
#10925 = EDGE_CURVE('',#10926,#10928,#10930,.T.);
#10926 = VERTEX_POINT('',#10927);
#10927 = CARTESIAN_POINT('',(-1.475101574154,0.968469435107,
    -4.999994295614E-02));
#10928 = VERTEX_POINT('',#10929);
#10929 = CARTESIAN_POINT('',(-1.475101574154,1.490081207754,
    -4.999994295614E-02));
#10930 = LINE('',#10931,#10932);
#10931 = CARTESIAN_POINT('',(-1.475101574154,0.690081221882,
    -4.999994295614E-02));
#10932 = VECTOR('',#10933,1.);
#10933 = DIRECTION('',(0.,1.,3.491481338843E-15));
#10934 = ORIENTED_EDGE('',*,*,#10935,.T.);
#10935 = EDGE_CURVE('',#10926,#6209,#10936,.T.);
#10936 = CIRCLE('',#10937,0.799999985871);
#10937 = AXIS2_PLACEMENT_3D('',#10938,#10939,#10940);
#10938 = CARTESIAN_POINT('',(-1.475101574154,0.968469435107,
    0.750000042915));
#10939 = DIRECTION('',(-1.,0.,0.));
#10940 = DIRECTION('',(-0.,-1.,-3.523657060578E-15));
#10941 = ORIENTED_EDGE('',*,*,#6208,.T.);
#10942 = ORIENTED_EDGE('',*,*,#8315,.F.);
#10943 = ORIENTED_EDGE('',*,*,#10894,.T.);
#10944 = ORIENTED_EDGE('',*,*,#10945,.T.);
#10945 = EDGE_CURVE('',#10895,#10928,#10946,.T.);
#10946 = LINE('',#10947,#10948);
#10947 = CARTESIAN_POINT('',(-1.475101574154,1.490081207754,
    5.00000552778E-02));
#10948 = VECTOR('',#10949,1.);
#10949 = DIRECTION('',(0.,3.491481338843E-15,-1.));
#10950 = PLANE('',#10951);
#10951 = AXIS2_PLACEMENT_3D('',#10952,#10953,#10954);
#10952 = CARTESIAN_POINT('',(-1.475101574154,0.690081221882,
    5.00000552778E-02));
#10953 = DIRECTION('',(-1.,0.,0.));
#10954 = DIRECTION('',(-0.,-1.,-3.491481338843E-15));
#10955 = ADVANCED_FACE('',(#10956),#10984,.T.);
#10956 = FACE_BOUND('',#10957,.T.);
#10957 = EDGE_LOOP('',(#10958,#10959,#10968,#10976,#10982,#10983));
#10958 = ORIENTED_EDGE('',*,*,#6224,.T.);
#10959 = ORIENTED_EDGE('',*,*,#10960,.T.);
#10960 = EDGE_CURVE('',#6217,#10961,#10963,.T.);
#10961 = VERTEX_POINT('',#10962);
#10962 = CARTESIAN_POINT('',(-1.275101577686,0.968469435107,
    -4.999994295614E-02));
#10963 = CIRCLE('',#10964,0.799999985871);
#10964 = AXIS2_PLACEMENT_3D('',#10965,#10966,#10967);
#10965 = CARTESIAN_POINT('',(-1.275101577686,0.968469435107,
    0.750000042915));
#10966 = DIRECTION('',(1.,0.,-0.));
#10967 = DIRECTION('',(0.,1.,3.523657060578E-15));
#10968 = ORIENTED_EDGE('',*,*,#10969,.F.);
#10969 = EDGE_CURVE('',#10970,#10961,#10972,.T.);
#10970 = VERTEX_POINT('',#10971);
#10971 = CARTESIAN_POINT('',(-1.275101577686,1.490081207754,
    -4.999994295614E-02));
#10972 = LINE('',#10973,#10974);
#10973 = CARTESIAN_POINT('',(-1.275101577686,0.690081221882,
    -4.999994295614E-02));
#10974 = VECTOR('',#10975,1.);
#10975 = DIRECTION('',(0.,-1.,-3.491481338843E-15));
#10976 = ORIENTED_EDGE('',*,*,#10977,.F.);
#10977 = EDGE_CURVE('',#10904,#10970,#10978,.T.);
#10978 = LINE('',#10979,#10980);
#10979 = CARTESIAN_POINT('',(-1.275101577686,1.490081207754,
    5.00000552778E-02));
#10980 = VECTOR('',#10981,1.);
#10981 = DIRECTION('',(0.,3.491481338843E-15,-1.));
#10982 = ORIENTED_EDGE('',*,*,#10903,.T.);
#10983 = ORIENTED_EDGE('',*,*,#8299,.F.);
#10984 = PLANE('',#10985);
#10985 = AXIS2_PLACEMENT_3D('',#10986,#10987,#10988);
#10986 = CARTESIAN_POINT('',(-1.275101577686,0.690081221882,
    5.00000552778E-02));
#10987 = DIRECTION('',(1.,0.,0.));
#10988 = DIRECTION('',(-0.,1.,3.491481338843E-15));
#10989 = ADVANCED_FACE('',(#10990),#11001,.T.);
#10990 = FACE_BOUND('',#10991,.T.);
#10991 = EDGE_LOOP('',(#10992,#10998,#10999,#11000));
#10992 = ORIENTED_EDGE('',*,*,#10993,.F.);
#10993 = EDGE_CURVE('',#10928,#10970,#10994,.T.);
#10994 = LINE('',#10995,#10996);
#10995 = CARTESIAN_POINT('',(-1.475101574154,1.490081207754,
    -4.999994295614E-02));
#10996 = VECTOR('',#10997,1.);
#10997 = DIRECTION('',(1.,0.,0.));
#10998 = ORIENTED_EDGE('',*,*,#10945,.F.);
#10999 = ORIENTED_EDGE('',*,*,#10911,.T.);
#11000 = ORIENTED_EDGE('',*,*,#10977,.T.);
#11001 = PLANE('',#11002);
#11002 = AXIS2_PLACEMENT_3D('',#11003,#11004,#11005);
#11003 = CARTESIAN_POINT('',(-1.475101574154,1.490081207754,
    5.00000552778E-02));
#11004 = DIRECTION('',(0.,1.,3.491481338843E-15));
#11005 = DIRECTION('',(-1.,0.,0.));
#11006 = ADVANCED_FACE('',(#11007),#11018,.T.);
#11007 = FACE_BOUND('',#11008,.T.);
#11008 = EDGE_LOOP('',(#11009,#11010,#11016,#11017));
#11009 = ORIENTED_EDGE('',*,*,#10969,.T.);
#11010 = ORIENTED_EDGE('',*,*,#11011,.T.);
#11011 = EDGE_CURVE('',#10961,#10926,#11012,.T.);
#11012 = LINE('',#11013,#11014);
#11013 = CARTESIAN_POINT('',(-1.475101574154,0.968469435107,
    -4.999994295614E-02));
#11014 = VECTOR('',#11015,1.);
#11015 = DIRECTION('',(-1.,0.,0.));
#11016 = ORIENTED_EDGE('',*,*,#10925,.T.);
#11017 = ORIENTED_EDGE('',*,*,#10993,.T.);
#11018 = PLANE('',#11019);
#11019 = AXIS2_PLACEMENT_3D('',#11020,#11021,#11022);
#11020 = CARTESIAN_POINT('',(1.499898373306,-1.359918741913,
    -4.999994295615E-02));
#11021 = DIRECTION('',(0.,3.491481338843E-15,-1.));
#11022 = DIRECTION('',(0.,1.,3.491481338843E-15));
#11023 = ADVANCED_FACE('',(#11024),#11049,.F.);
#11024 = FACE_BOUND('',#11025,.T.);
#11025 = EDGE_LOOP('',(#11026,#11034,#11035,#11043));
#11026 = ORIENTED_EDGE('',*,*,#11027,.F.);
#11027 = EDGE_CURVE('',#8285,#11028,#11030,.T.);
#11028 = VERTEX_POINT('',#11029);
#11029 = CARTESIAN_POINT('',(-0.975101582984,1.490081207754,
    5.00000552778E-02));
#11030 = LINE('',#11031,#11032);
#11031 = CARTESIAN_POINT('',(-0.975101582984,0.690081221882,
    5.00000552778E-02));
#11032 = VECTOR('',#11033,1.);
#11033 = DIRECTION('',(0.,1.,3.491481338843E-15));
#11034 = ORIENTED_EDGE('',*,*,#8284,.T.);
#11035 = ORIENTED_EDGE('',*,*,#11036,.F.);
#11036 = EDGE_CURVE('',#11037,#8277,#11039,.T.);
#11037 = VERTEX_POINT('',#11038);
#11038 = CARTESIAN_POINT('',(-0.775101586516,1.490081207754,
    5.00000552778E-02));
#11039 = LINE('',#11040,#11041);
#11040 = CARTESIAN_POINT('',(-0.775101586516,0.690081221882,
    5.00000552778E-02));
#11041 = VECTOR('',#11042,1.);
#11042 = DIRECTION('',(0.,-1.,-3.491481338843E-15));
#11043 = ORIENTED_EDGE('',*,*,#11044,.F.);
#11044 = EDGE_CURVE('',#11028,#11037,#11045,.T.);
#11045 = LINE('',#11046,#11047);
#11046 = CARTESIAN_POINT('',(-0.975101582984,1.490081207754,
    5.00000552778E-02));
#11047 = VECTOR('',#11048,1.);
#11048 = DIRECTION('',(1.,0.,0.));
#11049 = PLANE('',#11050);
#11050 = AXIS2_PLACEMENT_3D('',#11051,#11052,#11053);
#11051 = CARTESIAN_POINT('',(1.999898364476,-1.359918741913,
    5.000005527779E-02));
#11052 = DIRECTION('',(0.,3.491481338843E-15,-1.));
#11053 = DIRECTION('',(0.,1.,3.491481338843E-15));
#11054 = ADVANCED_FACE('',(#11055),#11083,.T.);
#11055 = FACE_BOUND('',#11056,.T.);
#11056 = EDGE_LOOP('',(#11057,#11067,#11074,#11075,#11076,#11077));
#11057 = ORIENTED_EDGE('',*,*,#11058,.F.);
#11058 = EDGE_CURVE('',#11059,#11061,#11063,.T.);
#11059 = VERTEX_POINT('',#11060);
#11060 = CARTESIAN_POINT('',(-0.975101582984,0.968469435107,
    -4.999994295614E-02));
#11061 = VERTEX_POINT('',#11062);
#11062 = CARTESIAN_POINT('',(-0.975101582984,1.490081207754,
    -4.999994295614E-02));
#11063 = LINE('',#11064,#11065);
#11064 = CARTESIAN_POINT('',(-0.975101582984,0.690081221882,
    -4.999994295614E-02));
#11065 = VECTOR('',#11066,1.);
#11066 = DIRECTION('',(0.,1.,3.491481338843E-15));
#11067 = ORIENTED_EDGE('',*,*,#11068,.T.);
#11068 = EDGE_CURVE('',#11059,#6241,#11069,.T.);
#11069 = CIRCLE('',#11070,0.799999985871);
#11070 = AXIS2_PLACEMENT_3D('',#11071,#11072,#11073);
#11071 = CARTESIAN_POINT('',(-0.975101582984,0.968469435107,
    0.750000042915));
#11072 = DIRECTION('',(-1.,0.,0.));
#11073 = DIRECTION('',(-0.,-1.,-3.523657060578E-15));
#11074 = ORIENTED_EDGE('',*,*,#6240,.T.);
#11075 = ORIENTED_EDGE('',*,*,#8292,.F.);
#11076 = ORIENTED_EDGE('',*,*,#11027,.T.);
#11077 = ORIENTED_EDGE('',*,*,#11078,.T.);
#11078 = EDGE_CURVE('',#11028,#11061,#11079,.T.);
#11079 = LINE('',#11080,#11081);
#11080 = CARTESIAN_POINT('',(-0.975101582984,1.490081207754,
    5.00000552778E-02));
#11081 = VECTOR('',#11082,1.);
#11082 = DIRECTION('',(0.,3.491481338843E-15,-1.));
#11083 = PLANE('',#11084);
#11084 = AXIS2_PLACEMENT_3D('',#11085,#11086,#11087);
#11085 = CARTESIAN_POINT('',(-0.975101582984,0.690081221882,
    5.00000552778E-02));
#11086 = DIRECTION('',(-1.,0.,0.));
#11087 = DIRECTION('',(-0.,-1.,-3.491481338843E-15));
#11088 = ADVANCED_FACE('',(#11089),#11117,.T.);
#11089 = FACE_BOUND('',#11090,.T.);
#11090 = EDGE_LOOP('',(#11091,#11092,#11101,#11109,#11115,#11116));
#11091 = ORIENTED_EDGE('',*,*,#6256,.T.);
#11092 = ORIENTED_EDGE('',*,*,#11093,.T.);
#11093 = EDGE_CURVE('',#6249,#11094,#11096,.T.);
#11094 = VERTEX_POINT('',#11095);
#11095 = CARTESIAN_POINT('',(-0.775101586516,0.968469435107,
    -4.999994295614E-02));
#11096 = CIRCLE('',#11097,0.799999985871);
#11097 = AXIS2_PLACEMENT_3D('',#11098,#11099,#11100);
#11098 = CARTESIAN_POINT('',(-0.775101586516,0.968469435107,
    0.750000042915));
#11099 = DIRECTION('',(1.,0.,-0.));
#11100 = DIRECTION('',(0.,1.,3.523657060578E-15));
#11101 = ORIENTED_EDGE('',*,*,#11102,.F.);
#11102 = EDGE_CURVE('',#11103,#11094,#11105,.T.);
#11103 = VERTEX_POINT('',#11104);
#11104 = CARTESIAN_POINT('',(-0.775101586516,1.490081207754,
    -4.999994295614E-02));
#11105 = LINE('',#11106,#11107);
#11106 = CARTESIAN_POINT('',(-0.775101586516,0.690081221882,
    -4.999994295614E-02));
#11107 = VECTOR('',#11108,1.);
#11108 = DIRECTION('',(0.,-1.,-3.491481338843E-15));
#11109 = ORIENTED_EDGE('',*,*,#11110,.F.);
#11110 = EDGE_CURVE('',#11037,#11103,#11111,.T.);
#11111 = LINE('',#11112,#11113);
#11112 = CARTESIAN_POINT('',(-0.775101586516,1.490081207754,
    5.00000552778E-02));
#11113 = VECTOR('',#11114,1.);
#11114 = DIRECTION('',(0.,3.491481338843E-15,-1.));
#11115 = ORIENTED_EDGE('',*,*,#11036,.T.);
#11116 = ORIENTED_EDGE('',*,*,#8276,.F.);
#11117 = PLANE('',#11118);
#11118 = AXIS2_PLACEMENT_3D('',#11119,#11120,#11121);
#11119 = CARTESIAN_POINT('',(-0.775101586516,0.690081221882,
    5.00000552778E-02));
#11120 = DIRECTION('',(1.,0.,0.));
#11121 = DIRECTION('',(-0.,1.,3.491481338843E-15));
#11122 = ADVANCED_FACE('',(#11123),#11134,.T.);
#11123 = FACE_BOUND('',#11124,.T.);
#11124 = EDGE_LOOP('',(#11125,#11131,#11132,#11133));
#11125 = ORIENTED_EDGE('',*,*,#11126,.F.);
#11126 = EDGE_CURVE('',#11061,#11103,#11127,.T.);
#11127 = LINE('',#11128,#11129);
#11128 = CARTESIAN_POINT('',(-0.975101582984,1.490081207754,
    -4.999994295614E-02));
#11129 = VECTOR('',#11130,1.);
#11130 = DIRECTION('',(1.,0.,0.));
#11131 = ORIENTED_EDGE('',*,*,#11078,.F.);
#11132 = ORIENTED_EDGE('',*,*,#11044,.T.);
#11133 = ORIENTED_EDGE('',*,*,#11110,.T.);
#11134 = PLANE('',#11135);
#11135 = AXIS2_PLACEMENT_3D('',#11136,#11137,#11138);
#11136 = CARTESIAN_POINT('',(-0.975101582984,1.490081207754,
    5.00000552778E-02));
#11137 = DIRECTION('',(0.,1.,3.491481338843E-15));
#11138 = DIRECTION('',(-1.,0.,0.));
#11139 = ADVANCED_FACE('',(#11140),#11151,.T.);
#11140 = FACE_BOUND('',#11141,.T.);
#11141 = EDGE_LOOP('',(#11142,#11143,#11149,#11150));
#11142 = ORIENTED_EDGE('',*,*,#11102,.T.);
#11143 = ORIENTED_EDGE('',*,*,#11144,.T.);
#11144 = EDGE_CURVE('',#11094,#11059,#11145,.T.);
#11145 = LINE('',#11146,#11147);
#11146 = CARTESIAN_POINT('',(-0.975101582984,0.968469435107,
    -4.999994295614E-02));
#11147 = VECTOR('',#11148,1.);
#11148 = DIRECTION('',(-1.,0.,0.));
#11149 = ORIENTED_EDGE('',*,*,#11058,.T.);
#11150 = ORIENTED_EDGE('',*,*,#11126,.T.);
#11151 = PLANE('',#11152);
#11152 = AXIS2_PLACEMENT_3D('',#11153,#11154,#11155);
#11153 = CARTESIAN_POINT('',(1.999898364476,-1.359918741913,
    -4.999994295615E-02));
#11154 = DIRECTION('',(0.,3.491481338843E-15,-1.));
#11155 = DIRECTION('',(0.,1.,3.491481338843E-15));
#11156 = ADVANCED_FACE('',(#11157),#11182,.F.);
#11157 = FACE_BOUND('',#11158,.T.);
#11158 = EDGE_LOOP('',(#11159,#11167,#11168,#11176));
#11159 = ORIENTED_EDGE('',*,*,#11160,.F.);
#11160 = EDGE_CURVE('',#8262,#11161,#11163,.T.);
#11161 = VERTEX_POINT('',#11162);
#11162 = CARTESIAN_POINT('',(-0.475101591814,1.490081207754,
    5.00000552778E-02));
#11163 = LINE('',#11164,#11165);
#11164 = CARTESIAN_POINT('',(-0.475101591814,0.690081221882,
    5.00000552778E-02));
#11165 = VECTOR('',#11166,1.);
#11166 = DIRECTION('',(0.,1.,3.491481338843E-15));
#11167 = ORIENTED_EDGE('',*,*,#8261,.T.);
#11168 = ORIENTED_EDGE('',*,*,#11169,.F.);
#11169 = EDGE_CURVE('',#11170,#8254,#11172,.T.);
#11170 = VERTEX_POINT('',#11171);
#11171 = CARTESIAN_POINT('',(-0.275101595347,1.490081207754,
    5.00000552778E-02));
#11172 = LINE('',#11173,#11174);
#11173 = CARTESIAN_POINT('',(-0.275101595347,0.690081221882,
    5.00000552778E-02));
#11174 = VECTOR('',#11175,1.);
#11175 = DIRECTION('',(0.,-1.,-3.491481338843E-15));
#11176 = ORIENTED_EDGE('',*,*,#11177,.F.);
#11177 = EDGE_CURVE('',#11161,#11170,#11178,.T.);
#11178 = LINE('',#11179,#11180);
#11179 = CARTESIAN_POINT('',(-0.475101591814,1.490081207754,
    5.00000552778E-02));
#11180 = VECTOR('',#11181,1.);
#11181 = DIRECTION('',(1.,0.,0.));
#11182 = PLANE('',#11183);
#11183 = AXIS2_PLACEMENT_3D('',#11184,#11185,#11186);
#11184 = CARTESIAN_POINT('',(2.499898355645,-1.359918741913,
    5.000005527779E-02));
#11185 = DIRECTION('',(0.,3.491481338843E-15,-1.));
#11186 = DIRECTION('',(0.,1.,3.491481338843E-15));
#11187 = ADVANCED_FACE('',(#11188),#11216,.T.);
#11188 = FACE_BOUND('',#11189,.T.);
#11189 = EDGE_LOOP('',(#11190,#11200,#11207,#11208,#11209,#11210));
#11190 = ORIENTED_EDGE('',*,*,#11191,.F.);
#11191 = EDGE_CURVE('',#11192,#11194,#11196,.T.);
#11192 = VERTEX_POINT('',#11193);
#11193 = CARTESIAN_POINT('',(-0.475101591814,0.968469435107,
    -4.999994295614E-02));
#11194 = VERTEX_POINT('',#11195);
#11195 = CARTESIAN_POINT('',(-0.475101591814,1.490081207754,
    -4.999994295614E-02));
#11196 = LINE('',#11197,#11198);
#11197 = CARTESIAN_POINT('',(-0.475101591814,0.690081221882,
    -4.999994295614E-02));
#11198 = VECTOR('',#11199,1.);
#11199 = DIRECTION('',(0.,1.,3.491481338843E-15));
#11200 = ORIENTED_EDGE('',*,*,#11201,.T.);
#11201 = EDGE_CURVE('',#11192,#6273,#11202,.T.);
#11202 = CIRCLE('',#11203,0.799999985871);
#11203 = AXIS2_PLACEMENT_3D('',#11204,#11205,#11206);
#11204 = CARTESIAN_POINT('',(-0.475101591814,0.968469435107,
    0.750000042915));
#11205 = DIRECTION('',(-1.,0.,0.));
#11206 = DIRECTION('',(-0.,-1.,-3.523657060578E-15));
#11207 = ORIENTED_EDGE('',*,*,#6272,.T.);
#11208 = ORIENTED_EDGE('',*,*,#8269,.F.);
#11209 = ORIENTED_EDGE('',*,*,#11160,.T.);
#11210 = ORIENTED_EDGE('',*,*,#11211,.T.);
#11211 = EDGE_CURVE('',#11161,#11194,#11212,.T.);
#11212 = LINE('',#11213,#11214);
#11213 = CARTESIAN_POINT('',(-0.475101591814,1.490081207754,
    5.00000552778E-02));
#11214 = VECTOR('',#11215,1.);
#11215 = DIRECTION('',(0.,3.491481338843E-15,-1.));
#11216 = PLANE('',#11217);
#11217 = AXIS2_PLACEMENT_3D('',#11218,#11219,#11220);
#11218 = CARTESIAN_POINT('',(-0.475101591814,0.690081221882,
    5.00000552778E-02));
#11219 = DIRECTION('',(-1.,0.,0.));
#11220 = DIRECTION('',(-0.,-1.,-3.491481338843E-15));
#11221 = ADVANCED_FACE('',(#11222),#11250,.T.);
#11222 = FACE_BOUND('',#11223,.T.);
#11223 = EDGE_LOOP('',(#11224,#11225,#11234,#11242,#11248,#11249));
#11224 = ORIENTED_EDGE('',*,*,#6288,.T.);
#11225 = ORIENTED_EDGE('',*,*,#11226,.T.);
#11226 = EDGE_CURVE('',#6281,#11227,#11229,.T.);
#11227 = VERTEX_POINT('',#11228);
#11228 = CARTESIAN_POINT('',(-0.275101595347,0.968469435107,
    -4.999994295614E-02));
#11229 = CIRCLE('',#11230,0.799999985871);
#11230 = AXIS2_PLACEMENT_3D('',#11231,#11232,#11233);
#11231 = CARTESIAN_POINT('',(-0.275101595347,0.968469435107,
    0.750000042915));
#11232 = DIRECTION('',(1.,0.,-0.));
#11233 = DIRECTION('',(0.,1.,3.523657060578E-15));
#11234 = ORIENTED_EDGE('',*,*,#11235,.F.);
#11235 = EDGE_CURVE('',#11236,#11227,#11238,.T.);
#11236 = VERTEX_POINT('',#11237);
#11237 = CARTESIAN_POINT('',(-0.275101595347,1.490081207754,
    -4.999994295614E-02));
#11238 = LINE('',#11239,#11240);
#11239 = CARTESIAN_POINT('',(-0.275101595347,0.690081221882,
    -4.999994295614E-02));
#11240 = VECTOR('',#11241,1.);
#11241 = DIRECTION('',(0.,-1.,-3.491481338843E-15));
#11242 = ORIENTED_EDGE('',*,*,#11243,.F.);
#11243 = EDGE_CURVE('',#11170,#11236,#11244,.T.);
#11244 = LINE('',#11245,#11246);
#11245 = CARTESIAN_POINT('',(-0.275101595347,1.490081207754,
    5.00000552778E-02));
#11246 = VECTOR('',#11247,1.);
#11247 = DIRECTION('',(0.,3.491481338843E-15,-1.));
#11248 = ORIENTED_EDGE('',*,*,#11169,.T.);
#11249 = ORIENTED_EDGE('',*,*,#8253,.F.);
#11250 = PLANE('',#11251);
#11251 = AXIS2_PLACEMENT_3D('',#11252,#11253,#11254);
#11252 = CARTESIAN_POINT('',(-0.275101595347,0.690081221882,
    5.00000552778E-02));
#11253 = DIRECTION('',(1.,0.,0.));
#11254 = DIRECTION('',(-0.,1.,3.491481338843E-15));
#11255 = ADVANCED_FACE('',(#11256),#11267,.T.);
#11256 = FACE_BOUND('',#11257,.T.);
#11257 = EDGE_LOOP('',(#11258,#11264,#11265,#11266));
#11258 = ORIENTED_EDGE('',*,*,#11259,.F.);
#11259 = EDGE_CURVE('',#11194,#11236,#11260,.T.);
#11260 = LINE('',#11261,#11262);
#11261 = CARTESIAN_POINT('',(-0.475101591814,1.490081207754,
    -4.999994295614E-02));
#11262 = VECTOR('',#11263,1.);
#11263 = DIRECTION('',(1.,0.,0.));
#11264 = ORIENTED_EDGE('',*,*,#11211,.F.);
#11265 = ORIENTED_EDGE('',*,*,#11177,.T.);
#11266 = ORIENTED_EDGE('',*,*,#11243,.T.);
#11267 = PLANE('',#11268);
#11268 = AXIS2_PLACEMENT_3D('',#11269,#11270,#11271);
#11269 = CARTESIAN_POINT('',(-0.475101591814,1.490081207754,
    5.00000552778E-02));
#11270 = DIRECTION('',(0.,1.,3.491481338843E-15));
#11271 = DIRECTION('',(-1.,0.,0.));
#11272 = ADVANCED_FACE('',(#11273),#11284,.T.);
#11273 = FACE_BOUND('',#11274,.T.);
#11274 = EDGE_LOOP('',(#11275,#11276,#11282,#11283));
#11275 = ORIENTED_EDGE('',*,*,#11235,.T.);
#11276 = ORIENTED_EDGE('',*,*,#11277,.T.);
#11277 = EDGE_CURVE('',#11227,#11192,#11278,.T.);
#11278 = LINE('',#11279,#11280);
#11279 = CARTESIAN_POINT('',(-0.475101591814,0.968469435107,
    -4.999994295614E-02));
#11280 = VECTOR('',#11281,1.);
#11281 = DIRECTION('',(-1.,0.,0.));
#11282 = ORIENTED_EDGE('',*,*,#11191,.T.);
#11283 = ORIENTED_EDGE('',*,*,#11259,.T.);
#11284 = PLANE('',#11285);
#11285 = AXIS2_PLACEMENT_3D('',#11286,#11287,#11288);
#11286 = CARTESIAN_POINT('',(2.499898355645,-1.359918741913,
    -4.999994295615E-02));
#11287 = DIRECTION('',(0.,3.491481338843E-15,-1.));
#11288 = DIRECTION('',(0.,1.,3.491481338843E-15));
#11289 = ADVANCED_FACE('',(#11290),#11315,.F.);
#11290 = FACE_BOUND('',#11291,.T.);
#11291 = EDGE_LOOP('',(#11292,#11300,#11301,#11309));
#11292 = ORIENTED_EDGE('',*,*,#11293,.F.);
#11293 = EDGE_CURVE('',#8239,#11294,#11296,.T.);
#11294 = VERTEX_POINT('',#11295);
#11295 = CARTESIAN_POINT('',(2.489839935528E-02,1.490081207754,
    5.00000552778E-02));
#11296 = LINE('',#11297,#11298);
#11297 = CARTESIAN_POINT('',(2.489839935528E-02,0.690081221882,
    5.00000552778E-02));
#11298 = VECTOR('',#11299,1.);
#11299 = DIRECTION('',(0.,1.,3.491481338843E-15));
#11300 = ORIENTED_EDGE('',*,*,#8238,.T.);
#11301 = ORIENTED_EDGE('',*,*,#11302,.F.);
#11302 = EDGE_CURVE('',#11303,#8231,#11305,.T.);
#11303 = VERTEX_POINT('',#11304);
#11304 = CARTESIAN_POINT('',(0.224898395823,1.490081207754,
    5.00000552778E-02));
#11305 = LINE('',#11306,#11307);
#11306 = CARTESIAN_POINT('',(0.224898395823,0.690081221882,
    5.00000552778E-02));
#11307 = VECTOR('',#11308,1.);
#11308 = DIRECTION('',(0.,-1.,-3.491481338843E-15));
#11309 = ORIENTED_EDGE('',*,*,#11310,.F.);
#11310 = EDGE_CURVE('',#11294,#11303,#11311,.T.);
#11311 = LINE('',#11312,#11313);
#11312 = CARTESIAN_POINT('',(2.489839935528E-02,1.490081207754,
    5.00000552778E-02));
#11313 = VECTOR('',#11314,1.);
#11314 = DIRECTION('',(1.,0.,0.));
#11315 = PLANE('',#11316);
#11316 = AXIS2_PLACEMENT_3D('',#11317,#11318,#11319);
#11317 = CARTESIAN_POINT('',(2.999898346815,-1.359918741913,
    5.000005527779E-02));
#11318 = DIRECTION('',(0.,3.491481338843E-15,-1.));
#11319 = DIRECTION('',(0.,1.,3.491481338843E-15));
#11320 = ADVANCED_FACE('',(#11321),#11349,.T.);
#11321 = FACE_BOUND('',#11322,.T.);
#11322 = EDGE_LOOP('',(#11323,#11333,#11340,#11341,#11342,#11343));
#11323 = ORIENTED_EDGE('',*,*,#11324,.F.);
#11324 = EDGE_CURVE('',#11325,#11327,#11329,.T.);
#11325 = VERTEX_POINT('',#11326);
#11326 = CARTESIAN_POINT('',(2.489839935528E-02,0.968469435107,
    -4.999994295614E-02));
#11327 = VERTEX_POINT('',#11328);
#11328 = CARTESIAN_POINT('',(2.489839935528E-02,1.490081207754,
    -4.999994295614E-02));
#11329 = LINE('',#11330,#11331);
#11330 = CARTESIAN_POINT('',(2.489839935528E-02,0.690081221882,
    -4.999994295614E-02));
#11331 = VECTOR('',#11332,1.);
#11332 = DIRECTION('',(0.,1.,3.491481338843E-15));
#11333 = ORIENTED_EDGE('',*,*,#11334,.T.);
#11334 = EDGE_CURVE('',#11325,#6305,#11335,.T.);
#11335 = CIRCLE('',#11336,0.799999985871);
#11336 = AXIS2_PLACEMENT_3D('',#11337,#11338,#11339);
#11337 = CARTESIAN_POINT('',(2.489839935528E-02,0.968469435107,
    0.750000042915));
#11338 = DIRECTION('',(-1.,0.,0.));
#11339 = DIRECTION('',(-0.,-1.,-3.523657060578E-15));
#11340 = ORIENTED_EDGE('',*,*,#6304,.T.);
#11341 = ORIENTED_EDGE('',*,*,#8246,.F.);
#11342 = ORIENTED_EDGE('',*,*,#11293,.T.);
#11343 = ORIENTED_EDGE('',*,*,#11344,.T.);
#11344 = EDGE_CURVE('',#11294,#11327,#11345,.T.);
#11345 = LINE('',#11346,#11347);
#11346 = CARTESIAN_POINT('',(2.489839935528E-02,1.490081207754,
    5.00000552778E-02));
#11347 = VECTOR('',#11348,1.);
#11348 = DIRECTION('',(0.,3.491481338843E-15,-1.));
#11349 = PLANE('',#11350);
#11350 = AXIS2_PLACEMENT_3D('',#11351,#11352,#11353);
#11351 = CARTESIAN_POINT('',(2.489839935528E-02,0.690081221882,
    5.00000552778E-02));
#11352 = DIRECTION('',(-1.,0.,0.));
#11353 = DIRECTION('',(-0.,-1.,-3.491481338843E-15));
#11354 = ADVANCED_FACE('',(#11355),#11383,.T.);
#11355 = FACE_BOUND('',#11356,.T.);
#11356 = EDGE_LOOP('',(#11357,#11358,#11367,#11375,#11381,#11382));
#11357 = ORIENTED_EDGE('',*,*,#6320,.T.);
#11358 = ORIENTED_EDGE('',*,*,#11359,.T.);
#11359 = EDGE_CURVE('',#6313,#11360,#11362,.T.);
#11360 = VERTEX_POINT('',#11361);
#11361 = CARTESIAN_POINT('',(0.224898395823,0.968469435107,
    -4.999994295614E-02));
#11362 = CIRCLE('',#11363,0.799999985871);
#11363 = AXIS2_PLACEMENT_3D('',#11364,#11365,#11366);
#11364 = CARTESIAN_POINT('',(0.224898395823,0.968469435107,
    0.750000042915));
#11365 = DIRECTION('',(1.,0.,-0.));
#11366 = DIRECTION('',(0.,1.,3.523657060578E-15));
#11367 = ORIENTED_EDGE('',*,*,#11368,.F.);
#11368 = EDGE_CURVE('',#11369,#11360,#11371,.T.);
#11369 = VERTEX_POINT('',#11370);
#11370 = CARTESIAN_POINT('',(0.224898395823,1.490081207754,
    -4.999994295614E-02));
#11371 = LINE('',#11372,#11373);
#11372 = CARTESIAN_POINT('',(0.224898395823,0.690081221882,
    -4.999994295614E-02));
#11373 = VECTOR('',#11374,1.);
#11374 = DIRECTION('',(0.,-1.,-3.491481338843E-15));
#11375 = ORIENTED_EDGE('',*,*,#11376,.F.);
#11376 = EDGE_CURVE('',#11303,#11369,#11377,.T.);
#11377 = LINE('',#11378,#11379);
#11378 = CARTESIAN_POINT('',(0.224898395823,1.490081207754,
    5.00000552778E-02));
#11379 = VECTOR('',#11380,1.);
#11380 = DIRECTION('',(0.,3.491481338843E-15,-1.));
#11381 = ORIENTED_EDGE('',*,*,#11302,.T.);
#11382 = ORIENTED_EDGE('',*,*,#8230,.F.);
#11383 = PLANE('',#11384);
#11384 = AXIS2_PLACEMENT_3D('',#11385,#11386,#11387);
#11385 = CARTESIAN_POINT('',(0.224898395823,0.690081221882,
    5.00000552778E-02));
#11386 = DIRECTION('',(1.,0.,0.));
#11387 = DIRECTION('',(-0.,1.,3.491481338843E-15));
#11388 = ADVANCED_FACE('',(#11389),#11400,.T.);
#11389 = FACE_BOUND('',#11390,.T.);
#11390 = EDGE_LOOP('',(#11391,#11397,#11398,#11399));
#11391 = ORIENTED_EDGE('',*,*,#11392,.F.);
#11392 = EDGE_CURVE('',#11327,#11369,#11393,.T.);
#11393 = LINE('',#11394,#11395);
#11394 = CARTESIAN_POINT('',(2.489839935528E-02,1.490081207754,
    -4.999994295614E-02));
#11395 = VECTOR('',#11396,1.);
#11396 = DIRECTION('',(1.,0.,0.));
#11397 = ORIENTED_EDGE('',*,*,#11344,.F.);
#11398 = ORIENTED_EDGE('',*,*,#11310,.T.);
#11399 = ORIENTED_EDGE('',*,*,#11376,.T.);
#11400 = PLANE('',#11401);
#11401 = AXIS2_PLACEMENT_3D('',#11402,#11403,#11404);
#11402 = CARTESIAN_POINT('',(2.489839935528E-02,1.490081207754,
    5.00000552778E-02));
#11403 = DIRECTION('',(0.,1.,3.491481338843E-15));
#11404 = DIRECTION('',(-1.,0.,0.));
#11405 = ADVANCED_FACE('',(#11406),#11417,.T.);
#11406 = FACE_BOUND('',#11407,.T.);
#11407 = EDGE_LOOP('',(#11408,#11409,#11415,#11416));
#11408 = ORIENTED_EDGE('',*,*,#11368,.T.);
#11409 = ORIENTED_EDGE('',*,*,#11410,.T.);
#11410 = EDGE_CURVE('',#11360,#11325,#11411,.T.);
#11411 = LINE('',#11412,#11413);
#11412 = CARTESIAN_POINT('',(2.489839935528E-02,0.968469435107,
    -4.999994295614E-02));
#11413 = VECTOR('',#11414,1.);
#11414 = DIRECTION('',(-1.,0.,0.));
#11415 = ORIENTED_EDGE('',*,*,#11324,.T.);
#11416 = ORIENTED_EDGE('',*,*,#11392,.T.);
#11417 = PLANE('',#11418);
#11418 = AXIS2_PLACEMENT_3D('',#11419,#11420,#11421);
#11419 = CARTESIAN_POINT('',(2.999898346815,-1.359918741913,
    -4.999994295615E-02));
#11420 = DIRECTION('',(0.,3.491481338843E-15,-1.));
#11421 = DIRECTION('',(0.,1.,3.491481338843E-15));
#11422 = ADVANCED_FACE('',(#11423),#11448,.F.);
#11423 = FACE_BOUND('',#11424,.T.);
#11424 = EDGE_LOOP('',(#11425,#11433,#11434,#11442));
#11425 = ORIENTED_EDGE('',*,*,#11426,.F.);
#11426 = EDGE_CURVE('',#8216,#11427,#11429,.T.);
#11427 = VERTEX_POINT('',#11428);
#11428 = CARTESIAN_POINT('',(0.524898390525,1.490081207754,
    5.00000552778E-02));
#11429 = LINE('',#11430,#11431);
#11430 = CARTESIAN_POINT('',(0.524898390525,0.690081221882,
    5.00000552778E-02));
#11431 = VECTOR('',#11432,1.);
#11432 = DIRECTION('',(0.,1.,3.491481338843E-15));
#11433 = ORIENTED_EDGE('',*,*,#8215,.T.);
#11434 = ORIENTED_EDGE('',*,*,#11435,.F.);
#11435 = EDGE_CURVE('',#11436,#8208,#11438,.T.);
#11436 = VERTEX_POINT('',#11437);
#11437 = CARTESIAN_POINT('',(0.724898386993,1.490081207754,
    5.00000552778E-02));
#11438 = LINE('',#11439,#11440);
#11439 = CARTESIAN_POINT('',(0.724898386993,0.690081221882,
    5.00000552778E-02));
#11440 = VECTOR('',#11441,1.);
#11441 = DIRECTION('',(0.,-1.,-3.491481338843E-15));
#11442 = ORIENTED_EDGE('',*,*,#11443,.F.);
#11443 = EDGE_CURVE('',#11427,#11436,#11444,.T.);
#11444 = LINE('',#11445,#11446);
#11445 = CARTESIAN_POINT('',(0.524898390525,1.490081207754,
    5.00000552778E-02));
#11446 = VECTOR('',#11447,1.);
#11447 = DIRECTION('',(1.,0.,0.));
#11448 = PLANE('',#11449);
#11449 = AXIS2_PLACEMENT_3D('',#11450,#11451,#11452);
#11450 = CARTESIAN_POINT('',(3.499898337985,-1.359918741913,
    5.000005527779E-02));
#11451 = DIRECTION('',(0.,3.491481338843E-15,-1.));
#11452 = DIRECTION('',(0.,1.,3.491481338843E-15));
#11453 = ADVANCED_FACE('',(#11454),#11482,.T.);
#11454 = FACE_BOUND('',#11455,.T.);
#11455 = EDGE_LOOP('',(#11456,#11466,#11473,#11474,#11475,#11476));
#11456 = ORIENTED_EDGE('',*,*,#11457,.F.);
#11457 = EDGE_CURVE('',#11458,#11460,#11462,.T.);
#11458 = VERTEX_POINT('',#11459);
#11459 = CARTESIAN_POINT('',(0.524898390525,0.968469435107,
    -4.999994295614E-02));
#11460 = VERTEX_POINT('',#11461);
#11461 = CARTESIAN_POINT('',(0.524898390525,1.490081207754,
    -4.999994295614E-02));
#11462 = LINE('',#11463,#11464);
#11463 = CARTESIAN_POINT('',(0.524898390525,0.690081221882,
    -4.999994295614E-02));
#11464 = VECTOR('',#11465,1.);
#11465 = DIRECTION('',(0.,1.,3.491481338843E-15));
#11466 = ORIENTED_EDGE('',*,*,#11467,.T.);
#11467 = EDGE_CURVE('',#11458,#6337,#11468,.T.);
#11468 = CIRCLE('',#11469,0.799999985871);
#11469 = AXIS2_PLACEMENT_3D('',#11470,#11471,#11472);
#11470 = CARTESIAN_POINT('',(0.524898390525,0.968469435107,
    0.750000042915));
#11471 = DIRECTION('',(-1.,0.,0.));
#11472 = DIRECTION('',(-0.,-1.,-3.523657060578E-15));
#11473 = ORIENTED_EDGE('',*,*,#6336,.T.);
#11474 = ORIENTED_EDGE('',*,*,#8223,.F.);
#11475 = ORIENTED_EDGE('',*,*,#11426,.T.);
#11476 = ORIENTED_EDGE('',*,*,#11477,.T.);
#11477 = EDGE_CURVE('',#11427,#11460,#11478,.T.);
#11478 = LINE('',#11479,#11480);
#11479 = CARTESIAN_POINT('',(0.524898390525,1.490081207754,
    5.00000552778E-02));
#11480 = VECTOR('',#11481,1.);
#11481 = DIRECTION('',(0.,3.491481338843E-15,-1.));
#11482 = PLANE('',#11483);
#11483 = AXIS2_PLACEMENT_3D('',#11484,#11485,#11486);
#11484 = CARTESIAN_POINT('',(0.524898390525,0.690081221882,
    5.00000552778E-02));
#11485 = DIRECTION('',(-1.,0.,0.));
#11486 = DIRECTION('',(-0.,-1.,-3.491481338843E-15));
#11487 = ADVANCED_FACE('',(#11488),#11516,.T.);
#11488 = FACE_BOUND('',#11489,.T.);
#11489 = EDGE_LOOP('',(#11490,#11491,#11500,#11508,#11514,#11515));
#11490 = ORIENTED_EDGE('',*,*,#6352,.T.);
#11491 = ORIENTED_EDGE('',*,*,#11492,.T.);
#11492 = EDGE_CURVE('',#6345,#11493,#11495,.T.);
#11493 = VERTEX_POINT('',#11494);
#11494 = CARTESIAN_POINT('',(0.724898386993,0.968469435107,
    -4.999994295614E-02));
#11495 = CIRCLE('',#11496,0.799999985871);
#11496 = AXIS2_PLACEMENT_3D('',#11497,#11498,#11499);
#11497 = CARTESIAN_POINT('',(0.724898386993,0.968469435107,
    0.750000042915));
#11498 = DIRECTION('',(1.,0.,-0.));
#11499 = DIRECTION('',(0.,1.,3.523657060578E-15));
#11500 = ORIENTED_EDGE('',*,*,#11501,.F.);
#11501 = EDGE_CURVE('',#11502,#11493,#11504,.T.);
#11502 = VERTEX_POINT('',#11503);
#11503 = CARTESIAN_POINT('',(0.724898386993,1.490081207754,
    -4.999994295614E-02));
#11504 = LINE('',#11505,#11506);
#11505 = CARTESIAN_POINT('',(0.724898386993,0.690081221882,
    -4.999994295614E-02));
#11506 = VECTOR('',#11507,1.);
#11507 = DIRECTION('',(0.,-1.,-3.491481338843E-15));
#11508 = ORIENTED_EDGE('',*,*,#11509,.F.);
#11509 = EDGE_CURVE('',#11436,#11502,#11510,.T.);
#11510 = LINE('',#11511,#11512);
#11511 = CARTESIAN_POINT('',(0.724898386993,1.490081207754,
    5.00000552778E-02));
#11512 = VECTOR('',#11513,1.);
#11513 = DIRECTION('',(0.,3.491481338843E-15,-1.));
#11514 = ORIENTED_EDGE('',*,*,#11435,.T.);
#11515 = ORIENTED_EDGE('',*,*,#8207,.F.);
#11516 = PLANE('',#11517);
#11517 = AXIS2_PLACEMENT_3D('',#11518,#11519,#11520);
#11518 = CARTESIAN_POINT('',(0.724898386993,0.690081221882,
    5.00000552778E-02));
#11519 = DIRECTION('',(1.,0.,0.));
#11520 = DIRECTION('',(-0.,1.,3.491481338843E-15));
#11521 = ADVANCED_FACE('',(#11522),#11533,.T.);
#11522 = FACE_BOUND('',#11523,.T.);
#11523 = EDGE_LOOP('',(#11524,#11530,#11531,#11532));
#11524 = ORIENTED_EDGE('',*,*,#11525,.F.);
#11525 = EDGE_CURVE('',#11460,#11502,#11526,.T.);
#11526 = LINE('',#11527,#11528);
#11527 = CARTESIAN_POINT('',(0.524898390525,1.490081207754,
    -4.999994295614E-02));
#11528 = VECTOR('',#11529,1.);
#11529 = DIRECTION('',(1.,0.,0.));
#11530 = ORIENTED_EDGE('',*,*,#11477,.F.);
#11531 = ORIENTED_EDGE('',*,*,#11443,.T.);
#11532 = ORIENTED_EDGE('',*,*,#11509,.T.);
#11533 = PLANE('',#11534);
#11534 = AXIS2_PLACEMENT_3D('',#11535,#11536,#11537);
#11535 = CARTESIAN_POINT('',(0.524898390525,1.490081207754,
    5.00000552778E-02));
#11536 = DIRECTION('',(0.,1.,3.491481338843E-15));
#11537 = DIRECTION('',(-1.,0.,0.));
#11538 = ADVANCED_FACE('',(#11539),#11550,.T.);
#11539 = FACE_BOUND('',#11540,.T.);
#11540 = EDGE_LOOP('',(#11541,#11542,#11548,#11549));
#11541 = ORIENTED_EDGE('',*,*,#11501,.T.);
#11542 = ORIENTED_EDGE('',*,*,#11543,.T.);
#11543 = EDGE_CURVE('',#11493,#11458,#11544,.T.);
#11544 = LINE('',#11545,#11546);
#11545 = CARTESIAN_POINT('',(0.524898390525,0.968469435107,
    -4.999994295614E-02));
#11546 = VECTOR('',#11547,1.);
#11547 = DIRECTION('',(-1.,0.,0.));
#11548 = ORIENTED_EDGE('',*,*,#11457,.T.);
#11549 = ORIENTED_EDGE('',*,*,#11525,.T.);
#11550 = PLANE('',#11551);
#11551 = AXIS2_PLACEMENT_3D('',#11552,#11553,#11554);
#11552 = CARTESIAN_POINT('',(3.499898337985,-1.359918741913,
    -4.999994295615E-02));
#11553 = DIRECTION('',(0.,3.491481338843E-15,-1.));
#11554 = DIRECTION('',(0.,1.,3.491481338843E-15));
#11555 = ADVANCED_FACE('',(#11556),#11581,.F.);
#11556 = FACE_BOUND('',#11557,.T.);
#11557 = EDGE_LOOP('',(#11558,#11566,#11567,#11575));
#11558 = ORIENTED_EDGE('',*,*,#11559,.F.);
#11559 = EDGE_CURVE('',#8193,#11560,#11562,.T.);
#11560 = VERTEX_POINT('',#11561);
#11561 = CARTESIAN_POINT('',(1.024898381695,1.490081207754,
    5.00000552778E-02));
#11562 = LINE('',#11563,#11564);
#11563 = CARTESIAN_POINT('',(1.024898381695,0.690081221882,
    5.00000552778E-02));
#11564 = VECTOR('',#11565,1.);
#11565 = DIRECTION('',(0.,1.,3.491481338843E-15));
#11566 = ORIENTED_EDGE('',*,*,#8192,.T.);
#11567 = ORIENTED_EDGE('',*,*,#11568,.F.);
#11568 = EDGE_CURVE('',#11569,#8185,#11571,.T.);
#11569 = VERTEX_POINT('',#11570);
#11570 = CARTESIAN_POINT('',(1.224898378163,1.490081207754,
    5.00000552778E-02));
#11571 = LINE('',#11572,#11573);
#11572 = CARTESIAN_POINT('',(1.224898378163,0.690081221882,
    5.00000552778E-02));
#11573 = VECTOR('',#11574,1.);
#11574 = DIRECTION('',(0.,-1.,-3.491481338843E-15));
#11575 = ORIENTED_EDGE('',*,*,#11576,.F.);
#11576 = EDGE_CURVE('',#11560,#11569,#11577,.T.);
#11577 = LINE('',#11578,#11579);
#11578 = CARTESIAN_POINT('',(1.024898381695,1.490081207754,
    5.00000552778E-02));
#11579 = VECTOR('',#11580,1.);
#11580 = DIRECTION('',(1.,0.,0.));
#11581 = PLANE('',#11582);
#11582 = AXIS2_PLACEMENT_3D('',#11583,#11584,#11585);
#11583 = CARTESIAN_POINT('',(3.999898329154,-1.359918741913,
    5.000005527779E-02));
#11584 = DIRECTION('',(0.,3.491481338843E-15,-1.));
#11585 = DIRECTION('',(0.,1.,3.491481338843E-15));
#11586 = ADVANCED_FACE('',(#11587),#11615,.T.);
#11587 = FACE_BOUND('',#11588,.T.);
#11588 = EDGE_LOOP('',(#11589,#11599,#11606,#11607,#11608,#11609));
#11589 = ORIENTED_EDGE('',*,*,#11590,.F.);
#11590 = EDGE_CURVE('',#11591,#11593,#11595,.T.);
#11591 = VERTEX_POINT('',#11592);
#11592 = CARTESIAN_POINT('',(1.024898381695,0.968469435107,
    -4.999994295614E-02));
#11593 = VERTEX_POINT('',#11594);
#11594 = CARTESIAN_POINT('',(1.024898381695,1.490081207754,
    -4.999994295614E-02));
#11595 = LINE('',#11596,#11597);
#11596 = CARTESIAN_POINT('',(1.024898381695,0.690081221882,
    -4.999994295614E-02));
#11597 = VECTOR('',#11598,1.);
#11598 = DIRECTION('',(0.,1.,3.491481338843E-15));
#11599 = ORIENTED_EDGE('',*,*,#11600,.T.);
#11600 = EDGE_CURVE('',#11591,#6369,#11601,.T.);
#11601 = CIRCLE('',#11602,0.799999985871);
#11602 = AXIS2_PLACEMENT_3D('',#11603,#11604,#11605);
#11603 = CARTESIAN_POINT('',(1.024898381695,0.968469435107,
    0.750000042915));
#11604 = DIRECTION('',(-1.,0.,0.));
#11605 = DIRECTION('',(-0.,-1.,-3.523657060578E-15));
#11606 = ORIENTED_EDGE('',*,*,#6368,.T.);
#11607 = ORIENTED_EDGE('',*,*,#8200,.F.);
#11608 = ORIENTED_EDGE('',*,*,#11559,.T.);
#11609 = ORIENTED_EDGE('',*,*,#11610,.T.);
#11610 = EDGE_CURVE('',#11560,#11593,#11611,.T.);
#11611 = LINE('',#11612,#11613);
#11612 = CARTESIAN_POINT('',(1.024898381695,1.490081207754,
    5.00000552778E-02));
#11613 = VECTOR('',#11614,1.);
#11614 = DIRECTION('',(0.,3.491481338843E-15,-1.));
#11615 = PLANE('',#11616);
#11616 = AXIS2_PLACEMENT_3D('',#11617,#11618,#11619);
#11617 = CARTESIAN_POINT('',(1.024898381695,0.690081221882,
    5.00000552778E-02));
#11618 = DIRECTION('',(-1.,0.,0.));
#11619 = DIRECTION('',(-0.,-1.,-3.491481338843E-15));
#11620 = ADVANCED_FACE('',(#11621),#11649,.T.);
#11621 = FACE_BOUND('',#11622,.T.);
#11622 = EDGE_LOOP('',(#11623,#11624,#11633,#11641,#11647,#11648));
#11623 = ORIENTED_EDGE('',*,*,#6384,.T.);
#11624 = ORIENTED_EDGE('',*,*,#11625,.T.);
#11625 = EDGE_CURVE('',#6377,#11626,#11628,.T.);
#11626 = VERTEX_POINT('',#11627);
#11627 = CARTESIAN_POINT('',(1.224898378163,0.968469435107,
    -4.999994295614E-02));
#11628 = CIRCLE('',#11629,0.799999985871);
#11629 = AXIS2_PLACEMENT_3D('',#11630,#11631,#11632);
#11630 = CARTESIAN_POINT('',(1.224898378163,0.968469435107,
    0.750000042915));
#11631 = DIRECTION('',(1.,0.,-0.));
#11632 = DIRECTION('',(0.,1.,3.523657060578E-15));
#11633 = ORIENTED_EDGE('',*,*,#11634,.F.);
#11634 = EDGE_CURVE('',#11635,#11626,#11637,.T.);
#11635 = VERTEX_POINT('',#11636);
#11636 = CARTESIAN_POINT('',(1.224898378163,1.490081207754,
    -4.999994295614E-02));
#11637 = LINE('',#11638,#11639);
#11638 = CARTESIAN_POINT('',(1.224898378163,0.690081221882,
    -4.999994295614E-02));
#11639 = VECTOR('',#11640,1.);
#11640 = DIRECTION('',(0.,-1.,-3.491481338843E-15));
#11641 = ORIENTED_EDGE('',*,*,#11642,.F.);
#11642 = EDGE_CURVE('',#11569,#11635,#11643,.T.);
#11643 = LINE('',#11644,#11645);
#11644 = CARTESIAN_POINT('',(1.224898378163,1.490081207754,
    5.00000552778E-02));
#11645 = VECTOR('',#11646,1.);
#11646 = DIRECTION('',(0.,3.491481338843E-15,-1.));
#11647 = ORIENTED_EDGE('',*,*,#11568,.T.);
#11648 = ORIENTED_EDGE('',*,*,#8184,.F.);
#11649 = PLANE('',#11650);
#11650 = AXIS2_PLACEMENT_3D('',#11651,#11652,#11653);
#11651 = CARTESIAN_POINT('',(1.224898378163,0.690081221882,
    5.00000552778E-02));
#11652 = DIRECTION('',(1.,0.,0.));
#11653 = DIRECTION('',(-0.,1.,3.491481338843E-15));
#11654 = ADVANCED_FACE('',(#11655),#11666,.T.);
#11655 = FACE_BOUND('',#11656,.T.);
#11656 = EDGE_LOOP('',(#11657,#11663,#11664,#11665));
#11657 = ORIENTED_EDGE('',*,*,#11658,.F.);
#11658 = EDGE_CURVE('',#11593,#11635,#11659,.T.);
#11659 = LINE('',#11660,#11661);
#11660 = CARTESIAN_POINT('',(1.024898381695,1.490081207754,
    -4.999994295614E-02));
#11661 = VECTOR('',#11662,1.);
#11662 = DIRECTION('',(1.,0.,0.));
#11663 = ORIENTED_EDGE('',*,*,#11610,.F.);
#11664 = ORIENTED_EDGE('',*,*,#11576,.T.);
#11665 = ORIENTED_EDGE('',*,*,#11642,.T.);
#11666 = PLANE('',#11667);
#11667 = AXIS2_PLACEMENT_3D('',#11668,#11669,#11670);
#11668 = CARTESIAN_POINT('',(1.024898381695,1.490081207754,
    5.00000552778E-02));
#11669 = DIRECTION('',(0.,1.,3.491481338843E-15));
#11670 = DIRECTION('',(-1.,0.,0.));
#11671 = ADVANCED_FACE('',(#11672),#11683,.T.);
#11672 = FACE_BOUND('',#11673,.T.);
#11673 = EDGE_LOOP('',(#11674,#11675,#11681,#11682));
#11674 = ORIENTED_EDGE('',*,*,#11634,.T.);
#11675 = ORIENTED_EDGE('',*,*,#11676,.T.);
#11676 = EDGE_CURVE('',#11626,#11591,#11677,.T.);
#11677 = LINE('',#11678,#11679);
#11678 = CARTESIAN_POINT('',(1.024898381695,0.968469435107,
    -4.999994295614E-02));
#11679 = VECTOR('',#11680,1.);
#11680 = DIRECTION('',(-1.,0.,0.));
#11681 = ORIENTED_EDGE('',*,*,#11590,.T.);
#11682 = ORIENTED_EDGE('',*,*,#11658,.T.);
#11683 = PLANE('',#11684);
#11684 = AXIS2_PLACEMENT_3D('',#11685,#11686,#11687);
#11685 = CARTESIAN_POINT('',(3.999898329154,-1.359918741913,
    -4.999994295615E-02));
#11686 = DIRECTION('',(0.,3.491481338843E-15,-1.));
#11687 = DIRECTION('',(0.,1.,3.491481338843E-15));
#11688 = ADVANCED_FACE('',(#11689),#11714,.F.);
#11689 = FACE_BOUND('',#11690,.T.);
#11690 = EDGE_LOOP('',(#11691,#11699,#11700,#11708));
#11691 = ORIENTED_EDGE('',*,*,#11692,.F.);
#11692 = EDGE_CURVE('',#8170,#11693,#11695,.T.);
#11693 = VERTEX_POINT('',#11694);
#11694 = CARTESIAN_POINT('',(1.524898372864,1.490081207754,
    5.00000552778E-02));
#11695 = LINE('',#11696,#11697);
#11696 = CARTESIAN_POINT('',(1.524898372864,0.690081221882,
    5.00000552778E-02));
#11697 = VECTOR('',#11698,1.);
#11698 = DIRECTION('',(0.,1.,3.491481338843E-15));
#11699 = ORIENTED_EDGE('',*,*,#8169,.T.);
#11700 = ORIENTED_EDGE('',*,*,#11701,.F.);
#11701 = EDGE_CURVE('',#11702,#8162,#11704,.T.);
#11702 = VERTEX_POINT('',#11703);
#11703 = CARTESIAN_POINT('',(1.724898369332,1.490081207754,
    5.00000552778E-02));
#11704 = LINE('',#11705,#11706);
#11705 = CARTESIAN_POINT('',(1.724898369332,0.690081221882,
    5.00000552778E-02));
#11706 = VECTOR('',#11707,1.);
#11707 = DIRECTION('',(0.,-1.,-3.491481338843E-15));
#11708 = ORIENTED_EDGE('',*,*,#11709,.F.);
#11709 = EDGE_CURVE('',#11693,#11702,#11710,.T.);
#11710 = LINE('',#11711,#11712);
#11711 = CARTESIAN_POINT('',(1.524898372864,1.490081207754,
    5.00000552778E-02));
#11712 = VECTOR('',#11713,1.);
#11713 = DIRECTION('',(1.,0.,0.));
#11714 = PLANE('',#11715);
#11715 = AXIS2_PLACEMENT_3D('',#11716,#11717,#11718);
#11716 = CARTESIAN_POINT('',(4.499898320324,-1.359918741913,
    5.000005527779E-02));
#11717 = DIRECTION('',(0.,3.491481338843E-15,-1.));
#11718 = DIRECTION('',(0.,1.,3.491481338843E-15));
#11719 = ADVANCED_FACE('',(#11720),#11748,.T.);
#11720 = FACE_BOUND('',#11721,.T.);
#11721 = EDGE_LOOP('',(#11722,#11732,#11739,#11740,#11741,#11742));
#11722 = ORIENTED_EDGE('',*,*,#11723,.F.);
#11723 = EDGE_CURVE('',#11724,#11726,#11728,.T.);
#11724 = VERTEX_POINT('',#11725);
#11725 = CARTESIAN_POINT('',(1.524898372864,0.968469435107,
    -4.999994295614E-02));
#11726 = VERTEX_POINT('',#11727);
#11727 = CARTESIAN_POINT('',(1.524898372864,1.490081207754,
    -4.999994295614E-02));
#11728 = LINE('',#11729,#11730);
#11729 = CARTESIAN_POINT('',(1.524898372864,0.690081221882,
    -4.999994295614E-02));
#11730 = VECTOR('',#11731,1.);
#11731 = DIRECTION('',(0.,1.,3.491481338843E-15));
#11732 = ORIENTED_EDGE('',*,*,#11733,.T.);
#11733 = EDGE_CURVE('',#11724,#6401,#11734,.T.);
#11734 = CIRCLE('',#11735,0.799999985871);
#11735 = AXIS2_PLACEMENT_3D('',#11736,#11737,#11738);
#11736 = CARTESIAN_POINT('',(1.524898372864,0.968469435107,
    0.750000042915));
#11737 = DIRECTION('',(-1.,0.,0.));
#11738 = DIRECTION('',(-0.,-1.,-3.523657060578E-15));
#11739 = ORIENTED_EDGE('',*,*,#6400,.T.);
#11740 = ORIENTED_EDGE('',*,*,#8177,.F.);
#11741 = ORIENTED_EDGE('',*,*,#11692,.T.);
#11742 = ORIENTED_EDGE('',*,*,#11743,.T.);
#11743 = EDGE_CURVE('',#11693,#11726,#11744,.T.);
#11744 = LINE('',#11745,#11746);
#11745 = CARTESIAN_POINT('',(1.524898372864,1.490081207754,
    5.00000552778E-02));
#11746 = VECTOR('',#11747,1.);
#11747 = DIRECTION('',(0.,3.491481338843E-15,-1.));
#11748 = PLANE('',#11749);
#11749 = AXIS2_PLACEMENT_3D('',#11750,#11751,#11752);
#11750 = CARTESIAN_POINT('',(1.524898372864,0.690081221882,
    5.00000552778E-02));
#11751 = DIRECTION('',(-1.,0.,0.));
#11752 = DIRECTION('',(-0.,-1.,-3.491481338843E-15));
#11753 = ADVANCED_FACE('',(#11754),#11782,.T.);
#11754 = FACE_BOUND('',#11755,.T.);
#11755 = EDGE_LOOP('',(#11756,#11757,#11766,#11774,#11780,#11781));
#11756 = ORIENTED_EDGE('',*,*,#6416,.T.);
#11757 = ORIENTED_EDGE('',*,*,#11758,.T.);
#11758 = EDGE_CURVE('',#6409,#11759,#11761,.T.);
#11759 = VERTEX_POINT('',#11760);
#11760 = CARTESIAN_POINT('',(1.724898369332,0.968469435107,
    -4.999994295614E-02));
#11761 = CIRCLE('',#11762,0.799999985871);
#11762 = AXIS2_PLACEMENT_3D('',#11763,#11764,#11765);
#11763 = CARTESIAN_POINT('',(1.724898369332,0.968469435107,
    0.750000042915));
#11764 = DIRECTION('',(1.,0.,-0.));
#11765 = DIRECTION('',(0.,1.,3.523657060578E-15));
#11766 = ORIENTED_EDGE('',*,*,#11767,.F.);
#11767 = EDGE_CURVE('',#11768,#11759,#11770,.T.);
#11768 = VERTEX_POINT('',#11769);
#11769 = CARTESIAN_POINT('',(1.724898369332,1.490081207754,
    -4.999994295614E-02));
#11770 = LINE('',#11771,#11772);
#11771 = CARTESIAN_POINT('',(1.724898369332,0.690081221882,
    -4.999994295614E-02));
#11772 = VECTOR('',#11773,1.);
#11773 = DIRECTION('',(0.,-1.,-3.491481338843E-15));
#11774 = ORIENTED_EDGE('',*,*,#11775,.F.);
#11775 = EDGE_CURVE('',#11702,#11768,#11776,.T.);
#11776 = LINE('',#11777,#11778);
#11777 = CARTESIAN_POINT('',(1.724898369332,1.490081207754,
    5.00000552778E-02));
#11778 = VECTOR('',#11779,1.);
#11779 = DIRECTION('',(0.,3.491481338843E-15,-1.));
#11780 = ORIENTED_EDGE('',*,*,#11701,.T.);
#11781 = ORIENTED_EDGE('',*,*,#8161,.F.);
#11782 = PLANE('',#11783);
#11783 = AXIS2_PLACEMENT_3D('',#11784,#11785,#11786);
#11784 = CARTESIAN_POINT('',(1.724898369332,0.690081221882,
    5.00000552778E-02));
#11785 = DIRECTION('',(1.,0.,0.));
#11786 = DIRECTION('',(-0.,1.,3.491481338843E-15));
#11787 = ADVANCED_FACE('',(#11788),#11799,.T.);
#11788 = FACE_BOUND('',#11789,.T.);
#11789 = EDGE_LOOP('',(#11790,#11796,#11797,#11798));
#11790 = ORIENTED_EDGE('',*,*,#11791,.F.);
#11791 = EDGE_CURVE('',#11726,#11768,#11792,.T.);
#11792 = LINE('',#11793,#11794);
#11793 = CARTESIAN_POINT('',(1.524898372864,1.490081207754,
    -4.999994295614E-02));
#11794 = VECTOR('',#11795,1.);
#11795 = DIRECTION('',(1.,0.,0.));
#11796 = ORIENTED_EDGE('',*,*,#11743,.F.);
#11797 = ORIENTED_EDGE('',*,*,#11709,.T.);
#11798 = ORIENTED_EDGE('',*,*,#11775,.T.);
#11799 = PLANE('',#11800);
#11800 = AXIS2_PLACEMENT_3D('',#11801,#11802,#11803);
#11801 = CARTESIAN_POINT('',(1.524898372864,1.490081207754,
    5.00000552778E-02));
#11802 = DIRECTION('',(0.,1.,3.491481338843E-15));
#11803 = DIRECTION('',(-1.,0.,0.));
#11804 = ADVANCED_FACE('',(#11805),#11816,.T.);
#11805 = FACE_BOUND('',#11806,.T.);
#11806 = EDGE_LOOP('',(#11807,#11808,#11814,#11815));
#11807 = ORIENTED_EDGE('',*,*,#11767,.T.);
#11808 = ORIENTED_EDGE('',*,*,#11809,.T.);
#11809 = EDGE_CURVE('',#11759,#11724,#11810,.T.);
#11810 = LINE('',#11811,#11812);
#11811 = CARTESIAN_POINT('',(1.524898372864,0.968469435107,
    -4.999994295614E-02));
#11812 = VECTOR('',#11813,1.);
#11813 = DIRECTION('',(-1.,0.,0.));
#11814 = ORIENTED_EDGE('',*,*,#11723,.T.);
#11815 = ORIENTED_EDGE('',*,*,#11791,.T.);
#11816 = PLANE('',#11817);
#11817 = AXIS2_PLACEMENT_3D('',#11818,#11819,#11820);
#11818 = CARTESIAN_POINT('',(4.499898320324,-1.359918741913,
    -4.999994295615E-02));
#11819 = DIRECTION('',(0.,3.491481338843E-15,-1.));
#11820 = DIRECTION('',(0.,1.,3.491481338843E-15));
#11821 = ADVANCED_FACE('',(#11822),#11847,.F.);
#11822 = FACE_BOUND('',#11823,.T.);
#11823 = EDGE_LOOP('',(#11824,#11832,#11833,#11841));
#11824 = ORIENTED_EDGE('',*,*,#11825,.F.);
#11825 = EDGE_CURVE('',#8147,#11826,#11828,.T.);
#11826 = VERTEX_POINT('',#11827);
#11827 = CARTESIAN_POINT('',(2.024898364034,1.490081207754,
    5.00000552778E-02));
#11828 = LINE('',#11829,#11830);
#11829 = CARTESIAN_POINT('',(2.024898364034,0.690081221882,
    5.00000552778E-02));
#11830 = VECTOR('',#11831,1.);
#11831 = DIRECTION('',(0.,1.,3.491481338843E-15));
#11832 = ORIENTED_EDGE('',*,*,#8146,.T.);
#11833 = ORIENTED_EDGE('',*,*,#11834,.F.);
#11834 = EDGE_CURVE('',#11835,#8139,#11837,.T.);
#11835 = VERTEX_POINT('',#11836);
#11836 = CARTESIAN_POINT('',(2.224898360502,1.490081207754,
    5.00000552778E-02));
#11837 = LINE('',#11838,#11839);
#11838 = CARTESIAN_POINT('',(2.224898360502,0.690081221882,
    5.00000552778E-02));
#11839 = VECTOR('',#11840,1.);
#11840 = DIRECTION('',(0.,-1.,-3.491481338843E-15));
#11841 = ORIENTED_EDGE('',*,*,#11842,.F.);
#11842 = EDGE_CURVE('',#11826,#11835,#11843,.T.);
#11843 = LINE('',#11844,#11845);
#11844 = CARTESIAN_POINT('',(2.024898364034,1.490081207754,
    5.00000552778E-02));
#11845 = VECTOR('',#11846,1.);
#11846 = DIRECTION('',(1.,0.,0.));
#11847 = PLANE('',#11848);
#11848 = AXIS2_PLACEMENT_3D('',#11849,#11850,#11851);
#11849 = CARTESIAN_POINT('',(4.999898311494,-1.359918741913,
    5.000005527779E-02));
#11850 = DIRECTION('',(0.,3.491481338843E-15,-1.));
#11851 = DIRECTION('',(0.,1.,3.491481338843E-15));
#11852 = ADVANCED_FACE('',(#11853),#11881,.T.);
#11853 = FACE_BOUND('',#11854,.T.);
#11854 = EDGE_LOOP('',(#11855,#11865,#11872,#11873,#11874,#11875));
#11855 = ORIENTED_EDGE('',*,*,#11856,.F.);
#11856 = EDGE_CURVE('',#11857,#11859,#11861,.T.);
#11857 = VERTEX_POINT('',#11858);
#11858 = CARTESIAN_POINT('',(2.024898364034,0.968469435107,
    -4.999994295614E-02));
#11859 = VERTEX_POINT('',#11860);
#11860 = CARTESIAN_POINT('',(2.024898364034,1.490081207754,
    -4.999994295614E-02));
#11861 = LINE('',#11862,#11863);
#11862 = CARTESIAN_POINT('',(2.024898364034,0.690081221882,
    -4.999994295614E-02));
#11863 = VECTOR('',#11864,1.);
#11864 = DIRECTION('',(0.,1.,3.491481338843E-15));
#11865 = ORIENTED_EDGE('',*,*,#11866,.T.);
#11866 = EDGE_CURVE('',#11857,#6433,#11867,.T.);
#11867 = CIRCLE('',#11868,0.799999985871);
#11868 = AXIS2_PLACEMENT_3D('',#11869,#11870,#11871);
#11869 = CARTESIAN_POINT('',(2.024898364034,0.968469435107,
    0.750000042915));
#11870 = DIRECTION('',(-1.,0.,0.));
#11871 = DIRECTION('',(-0.,-1.,-3.523657060578E-15));
#11872 = ORIENTED_EDGE('',*,*,#6432,.T.);
#11873 = ORIENTED_EDGE('',*,*,#8154,.F.);
#11874 = ORIENTED_EDGE('',*,*,#11825,.T.);
#11875 = ORIENTED_EDGE('',*,*,#11876,.T.);
#11876 = EDGE_CURVE('',#11826,#11859,#11877,.T.);
#11877 = LINE('',#11878,#11879);
#11878 = CARTESIAN_POINT('',(2.024898364034,1.490081207754,
    5.00000552778E-02));
#11879 = VECTOR('',#11880,1.);
#11880 = DIRECTION('',(0.,3.491481338843E-15,-1.));
#11881 = PLANE('',#11882);
#11882 = AXIS2_PLACEMENT_3D('',#11883,#11884,#11885);
#11883 = CARTESIAN_POINT('',(2.024898364034,0.690081221882,
    5.00000552778E-02));
#11884 = DIRECTION('',(-1.,0.,0.));
#11885 = DIRECTION('',(-0.,-1.,-3.491481338843E-15));
#11886 = ADVANCED_FACE('',(#11887),#11915,.T.);
#11887 = FACE_BOUND('',#11888,.T.);
#11888 = EDGE_LOOP('',(#11889,#11890,#11899,#11907,#11913,#11914));
#11889 = ORIENTED_EDGE('',*,*,#6448,.T.);
#11890 = ORIENTED_EDGE('',*,*,#11891,.T.);
#11891 = EDGE_CURVE('',#6441,#11892,#11894,.T.);
#11892 = VERTEX_POINT('',#11893);
#11893 = CARTESIAN_POINT('',(2.224898360502,0.968469435107,
    -4.999994295614E-02));
#11894 = CIRCLE('',#11895,0.799999985871);
#11895 = AXIS2_PLACEMENT_3D('',#11896,#11897,#11898);
#11896 = CARTESIAN_POINT('',(2.224898360502,0.968469435107,
    0.750000042915));
#11897 = DIRECTION('',(1.,0.,-0.));
#11898 = DIRECTION('',(0.,1.,3.523657060578E-15));
#11899 = ORIENTED_EDGE('',*,*,#11900,.F.);
#11900 = EDGE_CURVE('',#11901,#11892,#11903,.T.);
#11901 = VERTEX_POINT('',#11902);
#11902 = CARTESIAN_POINT('',(2.224898360502,1.490081207754,
    -4.999994295614E-02));
#11903 = LINE('',#11904,#11905);
#11904 = CARTESIAN_POINT('',(2.224898360502,0.690081221882,
    -4.999994295614E-02));
#11905 = VECTOR('',#11906,1.);
#11906 = DIRECTION('',(0.,-1.,-3.491481338843E-15));
#11907 = ORIENTED_EDGE('',*,*,#11908,.F.);
#11908 = EDGE_CURVE('',#11835,#11901,#11909,.T.);
#11909 = LINE('',#11910,#11911);
#11910 = CARTESIAN_POINT('',(2.224898360502,1.490081207754,
    5.00000552778E-02));
#11911 = VECTOR('',#11912,1.);
#11912 = DIRECTION('',(0.,3.491481338843E-15,-1.));
#11913 = ORIENTED_EDGE('',*,*,#11834,.T.);
#11914 = ORIENTED_EDGE('',*,*,#8138,.F.);
#11915 = PLANE('',#11916);
#11916 = AXIS2_PLACEMENT_3D('',#11917,#11918,#11919);
#11917 = CARTESIAN_POINT('',(2.224898360502,0.690081221882,
    5.00000552778E-02));
#11918 = DIRECTION('',(1.,0.,0.));
#11919 = DIRECTION('',(-0.,1.,3.491481338843E-15));
#11920 = ADVANCED_FACE('',(#11921),#11932,.T.);
#11921 = FACE_BOUND('',#11922,.T.);
#11922 = EDGE_LOOP('',(#11923,#11929,#11930,#11931));
#11923 = ORIENTED_EDGE('',*,*,#11924,.F.);
#11924 = EDGE_CURVE('',#11859,#11901,#11925,.T.);
#11925 = LINE('',#11926,#11927);
#11926 = CARTESIAN_POINT('',(2.024898364034,1.490081207754,
    -4.999994295614E-02));
#11927 = VECTOR('',#11928,1.);
#11928 = DIRECTION('',(1.,0.,0.));
#11929 = ORIENTED_EDGE('',*,*,#11876,.F.);
#11930 = ORIENTED_EDGE('',*,*,#11842,.T.);
#11931 = ORIENTED_EDGE('',*,*,#11908,.T.);
#11932 = PLANE('',#11933);
#11933 = AXIS2_PLACEMENT_3D('',#11934,#11935,#11936);
#11934 = CARTESIAN_POINT('',(2.024898364034,1.490081207754,
    5.00000552778E-02));
#11935 = DIRECTION('',(0.,1.,3.491481338843E-15));
#11936 = DIRECTION('',(-1.,0.,0.));
#11937 = ADVANCED_FACE('',(#11938),#11949,.T.);
#11938 = FACE_BOUND('',#11939,.T.);
#11939 = EDGE_LOOP('',(#11940,#11941,#11947,#11948));
#11940 = ORIENTED_EDGE('',*,*,#11900,.T.);
#11941 = ORIENTED_EDGE('',*,*,#11942,.T.);
#11942 = EDGE_CURVE('',#11892,#11857,#11943,.T.);
#11943 = LINE('',#11944,#11945);
#11944 = CARTESIAN_POINT('',(2.024898364034,0.968469435107,
    -4.999994295614E-02));
#11945 = VECTOR('',#11946,1.);
#11946 = DIRECTION('',(-1.,0.,0.));
#11947 = ORIENTED_EDGE('',*,*,#11856,.T.);
#11948 = ORIENTED_EDGE('',*,*,#11924,.T.);
#11949 = PLANE('',#11950);
#11950 = AXIS2_PLACEMENT_3D('',#11951,#11952,#11953);
#11951 = CARTESIAN_POINT('',(4.999898311494,-1.359918741913,
    -4.999994295615E-02));
#11952 = DIRECTION('',(0.,3.491481338843E-15,-1.));
#11953 = DIRECTION('',(0.,1.,3.491481338843E-15));
#11954 = ADVANCED_FACE('',(#11955),#11980,.F.);
#11955 = FACE_BOUND('',#11956,.T.);
#11956 = EDGE_LOOP('',(#11957,#11965,#11966,#11974));
#11957 = ORIENTED_EDGE('',*,*,#11958,.F.);
#11958 = EDGE_CURVE('',#8122,#11959,#11961,.T.);
#11959 = VERTEX_POINT('',#11960);
#11960 = CARTESIAN_POINT('',(2.524898355204,1.490081207754,
    5.00000552778E-02));
#11961 = LINE('',#11962,#11963);
#11962 = CARTESIAN_POINT('',(2.524898355204,0.690081221882,
    5.00000552778E-02));
#11963 = VECTOR('',#11964,1.);
#11964 = DIRECTION('',(0.,1.,3.491481338843E-15));
#11965 = ORIENTED_EDGE('',*,*,#8121,.T.);
#11966 = ORIENTED_EDGE('',*,*,#11967,.F.);
#11967 = EDGE_CURVE('',#11968,#8124,#11970,.T.);
#11968 = VERTEX_POINT('',#11969);
#11969 = CARTESIAN_POINT('',(2.724898351672,1.490081207754,
    5.00000552778E-02));
#11970 = LINE('',#11971,#11972);
#11971 = CARTESIAN_POINT('',(2.724898351672,0.690081221882,
    5.00000552778E-02));
#11972 = VECTOR('',#11973,1.);
#11973 = DIRECTION('',(0.,-1.,-3.491481338843E-15));
#11974 = ORIENTED_EDGE('',*,*,#11975,.F.);
#11975 = EDGE_CURVE('',#11959,#11968,#11976,.T.);
#11976 = LINE('',#11977,#11978);
#11977 = CARTESIAN_POINT('',(2.524898355204,1.490081207754,
    5.00000552778E-02));
#11978 = VECTOR('',#11979,1.);
#11979 = DIRECTION('',(1.,0.,0.));
#11980 = PLANE('',#11981);
#11981 = AXIS2_PLACEMENT_3D('',#11982,#11983,#11984);
#11982 = CARTESIAN_POINT('',(5.499898302663,-1.359918741913,
    5.000005527779E-02));
#11983 = DIRECTION('',(0.,3.491481338843E-15,-1.));
#11984 = DIRECTION('',(0.,1.,3.491481338843E-15));
#11985 = ADVANCED_FACE('',(#11986),#12014,.T.);
#11986 = FACE_BOUND('',#11987,.T.);
#11987 = EDGE_LOOP('',(#11988,#11998,#12005,#12006,#12007,#12008));
#11988 = ORIENTED_EDGE('',*,*,#11989,.F.);
#11989 = EDGE_CURVE('',#11990,#11992,#11994,.T.);
#11990 = VERTEX_POINT('',#11991);
#11991 = CARTESIAN_POINT('',(2.524898355204,0.968469435107,
    -4.999994295614E-02));
#11992 = VERTEX_POINT('',#11993);
#11993 = CARTESIAN_POINT('',(2.524898355204,1.490081207754,
    -4.999994295614E-02));
#11994 = LINE('',#11995,#11996);
#11995 = CARTESIAN_POINT('',(2.524898355204,0.690081221882,
    -4.999994295614E-02));
#11996 = VECTOR('',#11997,1.);
#11997 = DIRECTION('',(0.,1.,3.491481338843E-15));
#11998 = ORIENTED_EDGE('',*,*,#11999,.T.);
#11999 = EDGE_CURVE('',#11990,#6047,#12000,.T.);
#12000 = CIRCLE('',#12001,0.799999985871);
#12001 = AXIS2_PLACEMENT_3D('',#12002,#12003,#12004);
#12002 = CARTESIAN_POINT('',(2.524898355204,0.968469435107,
    0.750000042915));
#12003 = DIRECTION('',(-1.,0.,0.));
#12004 = DIRECTION('',(-0.,-1.,-3.523657060578E-15));
#12005 = ORIENTED_EDGE('',*,*,#6046,.T.);
#12006 = ORIENTED_EDGE('',*,*,#8131,.F.);
#12007 = ORIENTED_EDGE('',*,*,#11958,.T.);
#12008 = ORIENTED_EDGE('',*,*,#12009,.T.);
#12009 = EDGE_CURVE('',#11959,#11992,#12010,.T.);
#12010 = LINE('',#12011,#12012);
#12011 = CARTESIAN_POINT('',(2.524898355204,1.490081207754,
    5.00000552778E-02));
#12012 = VECTOR('',#12013,1.);
#12013 = DIRECTION('',(0.,3.491481338843E-15,-1.));
#12014 = PLANE('',#12015);
#12015 = AXIS2_PLACEMENT_3D('',#12016,#12017,#12018);
#12016 = CARTESIAN_POINT('',(2.524898355204,0.690081221882,
    5.00000552778E-02));
#12017 = DIRECTION('',(-1.,0.,0.));
#12018 = DIRECTION('',(-0.,-1.,-3.491481338843E-15));
#12019 = ADVANCED_FACE('',(#12020),#12048,.T.);
#12020 = FACE_BOUND('',#12021,.T.);
#12021 = EDGE_LOOP('',(#12022,#12023,#12032,#12040,#12046,#12047));
#12022 = ORIENTED_EDGE('',*,*,#6064,.T.);
#12023 = ORIENTED_EDGE('',*,*,#12024,.T.);
#12024 = EDGE_CURVE('',#6057,#12025,#12027,.T.);
#12025 = VERTEX_POINT('',#12026);
#12026 = CARTESIAN_POINT('',(2.724898351672,0.968469435107,
    -4.999994295614E-02));
#12027 = CIRCLE('',#12028,0.799999985871);
#12028 = AXIS2_PLACEMENT_3D('',#12029,#12030,#12031);
#12029 = CARTESIAN_POINT('',(2.724898351672,0.968469435107,
    0.750000042915));
#12030 = DIRECTION('',(1.,0.,-0.));
#12031 = DIRECTION('',(0.,1.,3.523657060578E-15));
#12032 = ORIENTED_EDGE('',*,*,#12033,.F.);
#12033 = EDGE_CURVE('',#12034,#12025,#12036,.T.);
#12034 = VERTEX_POINT('',#12035);
#12035 = CARTESIAN_POINT('',(2.724898351672,1.490081207754,
    -4.999994295614E-02));
#12036 = LINE('',#12037,#12038);
#12037 = CARTESIAN_POINT('',(2.724898351672,0.690081221882,
    -4.999994295614E-02));
#12038 = VECTOR('',#12039,1.);
#12039 = DIRECTION('',(0.,-1.,-3.491481338843E-15));
#12040 = ORIENTED_EDGE('',*,*,#12041,.F.);
#12041 = EDGE_CURVE('',#11968,#12034,#12042,.T.);
#12042 = LINE('',#12043,#12044);
#12043 = CARTESIAN_POINT('',(2.724898351672,1.490081207754,
    5.00000552778E-02));
#12044 = VECTOR('',#12045,1.);
#12045 = DIRECTION('',(0.,3.491481338843E-15,-1.));
#12046 = ORIENTED_EDGE('',*,*,#11967,.T.);
#12047 = ORIENTED_EDGE('',*,*,#8395,.F.);
#12048 = PLANE('',#12049);
#12049 = AXIS2_PLACEMENT_3D('',#12050,#12051,#12052);
#12050 = CARTESIAN_POINT('',(2.724898351672,0.690081221882,
    5.00000552778E-02));
#12051 = DIRECTION('',(1.,0.,0.));
#12052 = DIRECTION('',(-0.,1.,3.491481338843E-15));
#12053 = ADVANCED_FACE('',(#12054),#12065,.T.);
#12054 = FACE_BOUND('',#12055,.T.);
#12055 = EDGE_LOOP('',(#12056,#12062,#12063,#12064));
#12056 = ORIENTED_EDGE('',*,*,#12057,.F.);
#12057 = EDGE_CURVE('',#11992,#12034,#12058,.T.);
#12058 = LINE('',#12059,#12060);
#12059 = CARTESIAN_POINT('',(2.524898355204,1.490081207754,
    -4.999994295614E-02));
#12060 = VECTOR('',#12061,1.);
#12061 = DIRECTION('',(1.,0.,0.));
#12062 = ORIENTED_EDGE('',*,*,#12009,.F.);
#12063 = ORIENTED_EDGE('',*,*,#11975,.T.);
#12064 = ORIENTED_EDGE('',*,*,#12041,.T.);
#12065 = PLANE('',#12066);
#12066 = AXIS2_PLACEMENT_3D('',#12067,#12068,#12069);
#12067 = CARTESIAN_POINT('',(2.524898355204,1.490081207754,
    5.00000552778E-02));
#12068 = DIRECTION('',(0.,1.,3.491481338843E-15));
#12069 = DIRECTION('',(-1.,0.,0.));
#12070 = ADVANCED_FACE('',(#12071),#12082,.T.);
#12071 = FACE_BOUND('',#12072,.T.);
#12072 = EDGE_LOOP('',(#12073,#12074,#12080,#12081));
#12073 = ORIENTED_EDGE('',*,*,#12033,.T.);
#12074 = ORIENTED_EDGE('',*,*,#12075,.T.);
#12075 = EDGE_CURVE('',#12025,#11990,#12076,.T.);
#12076 = LINE('',#12077,#12078);
#12077 = CARTESIAN_POINT('',(2.524898355204,0.968469435107,
    -4.999994295614E-02));
#12078 = VECTOR('',#12079,1.);
#12079 = DIRECTION('',(-1.,0.,0.));
#12080 = ORIENTED_EDGE('',*,*,#11989,.T.);
#12081 = ORIENTED_EDGE('',*,*,#12057,.T.);
#12082 = PLANE('',#12083);
#12083 = AXIS2_PLACEMENT_3D('',#12084,#12085,#12086);
#12084 = CARTESIAN_POINT('',(5.499898302663,-1.359918741913,
    -4.999994295615E-02));
#12085 = DIRECTION('',(0.,3.491481338843E-15,-1.));
#12086 = DIRECTION('',(0.,1.,3.491481338843E-15));
#12087 = ADVANCED_FACE('',(#12088),#12094,.T.);
#12088 = FACE_BOUND('',#12089,.T.);
#12089 = EDGE_LOOP('',(#12090,#12091,#12092,#12093));
#12090 = ORIENTED_EDGE('',*,*,#10694,.F.);
#12091 = ORIENTED_EDGE('',*,*,#6152,.T.);
#12092 = ORIENTED_EDGE('',*,*,#10669,.F.);
#12093 = ORIENTED_EDGE('',*,*,#10745,.F.);
#12094 = CYLINDRICAL_SURFACE('',#12095,0.799999985871);
#12095 = AXIS2_PLACEMENT_3D('',#12096,#12097,#12098);
#12096 = CARTESIAN_POINT('',(-2.475101556493,0.968469435107,
    0.750000042915));
#12097 = DIRECTION('',(1.,0.,0.));
#12098 = DIRECTION('',(-0.,1.,3.523657060578E-15));
#12099 = ADVANCED_FACE('',(#12100),#12106,.T.);
#12100 = FACE_BOUND('',#12101,.T.);
#12101 = EDGE_LOOP('',(#12102,#12103,#12104,#12105));
#12102 = ORIENTED_EDGE('',*,*,#10827,.F.);
#12103 = ORIENTED_EDGE('',*,*,#6184,.T.);
#12104 = ORIENTED_EDGE('',*,*,#10802,.F.);
#12105 = ORIENTED_EDGE('',*,*,#10878,.F.);
#12106 = CYLINDRICAL_SURFACE('',#12107,0.799999985871);
#12107 = AXIS2_PLACEMENT_3D('',#12108,#12109,#12110);
#12108 = CARTESIAN_POINT('',(-1.975101565323,0.968469435107,
    0.750000042915));
#12109 = DIRECTION('',(1.,0.,0.));
#12110 = DIRECTION('',(-0.,1.,3.523657060578E-15));
#12111 = ADVANCED_FACE('',(#12112),#12118,.T.);
#12112 = FACE_BOUND('',#12113,.T.);
#12113 = EDGE_LOOP('',(#12114,#12115,#12116,#12117));
#12114 = ORIENTED_EDGE('',*,*,#10960,.F.);
#12115 = ORIENTED_EDGE('',*,*,#6216,.T.);
#12116 = ORIENTED_EDGE('',*,*,#10935,.F.);
#12117 = ORIENTED_EDGE('',*,*,#11011,.F.);
#12118 = CYLINDRICAL_SURFACE('',#12119,0.799999985871);
#12119 = AXIS2_PLACEMENT_3D('',#12120,#12121,#12122);
#12120 = CARTESIAN_POINT('',(-1.475101574154,0.968469435107,
    0.750000042915));
#12121 = DIRECTION('',(1.,0.,0.));
#12122 = DIRECTION('',(-0.,1.,3.523657060578E-15));
#12123 = ADVANCED_FACE('',(#12124),#12130,.T.);
#12124 = FACE_BOUND('',#12125,.T.);
#12125 = EDGE_LOOP('',(#12126,#12127,#12128,#12129));
#12126 = ORIENTED_EDGE('',*,*,#11093,.F.);
#12127 = ORIENTED_EDGE('',*,*,#6248,.T.);
#12128 = ORIENTED_EDGE('',*,*,#11068,.F.);
#12129 = ORIENTED_EDGE('',*,*,#11144,.F.);
#12130 = CYLINDRICAL_SURFACE('',#12131,0.799999985871);
#12131 = AXIS2_PLACEMENT_3D('',#12132,#12133,#12134);
#12132 = CARTESIAN_POINT('',(-0.975101582984,0.968469435107,
    0.750000042915));
#12133 = DIRECTION('',(1.,0.,0.));
#12134 = DIRECTION('',(-0.,1.,3.523657060578E-15));
#12135 = ADVANCED_FACE('',(#12136),#12142,.T.);
#12136 = FACE_BOUND('',#12137,.T.);
#12137 = EDGE_LOOP('',(#12138,#12139,#12140,#12141));
#12138 = ORIENTED_EDGE('',*,*,#11226,.F.);
#12139 = ORIENTED_EDGE('',*,*,#6280,.T.);
#12140 = ORIENTED_EDGE('',*,*,#11201,.F.);
#12141 = ORIENTED_EDGE('',*,*,#11277,.F.);
#12142 = CYLINDRICAL_SURFACE('',#12143,0.799999985871);
#12143 = AXIS2_PLACEMENT_3D('',#12144,#12145,#12146);
#12144 = CARTESIAN_POINT('',(-0.475101591814,0.968469435107,
    0.750000042915));
#12145 = DIRECTION('',(1.,0.,0.));
#12146 = DIRECTION('',(-0.,1.,3.523657060578E-15));
#12147 = ADVANCED_FACE('',(#12148),#12154,.T.);
#12148 = FACE_BOUND('',#12149,.T.);
#12149 = EDGE_LOOP('',(#12150,#12151,#12152,#12153));
#12150 = ORIENTED_EDGE('',*,*,#11359,.F.);
#12151 = ORIENTED_EDGE('',*,*,#6312,.T.);
#12152 = ORIENTED_EDGE('',*,*,#11334,.F.);
#12153 = ORIENTED_EDGE('',*,*,#11410,.F.);
#12154 = CYLINDRICAL_SURFACE('',#12155,0.799999985871);
#12155 = AXIS2_PLACEMENT_3D('',#12156,#12157,#12158);
#12156 = CARTESIAN_POINT('',(2.489839935528E-02,0.968469435107,
    0.750000042915));
#12157 = DIRECTION('',(1.,0.,0.));
#12158 = DIRECTION('',(-0.,1.,3.523657060578E-15));
#12159 = ADVANCED_FACE('',(#12160),#12166,.T.);
#12160 = FACE_BOUND('',#12161,.T.);
#12161 = EDGE_LOOP('',(#12162,#12163,#12164,#12165));
#12162 = ORIENTED_EDGE('',*,*,#11492,.F.);
#12163 = ORIENTED_EDGE('',*,*,#6344,.T.);
#12164 = ORIENTED_EDGE('',*,*,#11467,.F.);
#12165 = ORIENTED_EDGE('',*,*,#11543,.F.);
#12166 = CYLINDRICAL_SURFACE('',#12167,0.799999985871);
#12167 = AXIS2_PLACEMENT_3D('',#12168,#12169,#12170);
#12168 = CARTESIAN_POINT('',(0.524898390525,0.968469435107,
    0.750000042915));
#12169 = DIRECTION('',(1.,0.,0.));
#12170 = DIRECTION('',(-0.,1.,3.523657060578E-15));
#12171 = ADVANCED_FACE('',(#12172),#12178,.T.);
#12172 = FACE_BOUND('',#12173,.T.);
#12173 = EDGE_LOOP('',(#12174,#12175,#12176,#12177));
#12174 = ORIENTED_EDGE('',*,*,#11625,.F.);
#12175 = ORIENTED_EDGE('',*,*,#6376,.T.);
#12176 = ORIENTED_EDGE('',*,*,#11600,.F.);
#12177 = ORIENTED_EDGE('',*,*,#11676,.F.);
#12178 = CYLINDRICAL_SURFACE('',#12179,0.799999985871);
#12179 = AXIS2_PLACEMENT_3D('',#12180,#12181,#12182);
#12180 = CARTESIAN_POINT('',(1.024898381695,0.968469435107,
    0.750000042915));
#12181 = DIRECTION('',(1.,0.,0.));
#12182 = DIRECTION('',(-0.,1.,3.523657060578E-15));
#12183 = ADVANCED_FACE('',(#12184),#12190,.T.);
#12184 = FACE_BOUND('',#12185,.T.);
#12185 = EDGE_LOOP('',(#12186,#12187,#12188,#12189));
#12186 = ORIENTED_EDGE('',*,*,#11758,.F.);
#12187 = ORIENTED_EDGE('',*,*,#6408,.T.);
#12188 = ORIENTED_EDGE('',*,*,#11733,.F.);
#12189 = ORIENTED_EDGE('',*,*,#11809,.F.);
#12190 = CYLINDRICAL_SURFACE('',#12191,0.799999985871);
#12191 = AXIS2_PLACEMENT_3D('',#12192,#12193,#12194);
#12192 = CARTESIAN_POINT('',(1.524898372864,0.968469435107,
    0.750000042915));
#12193 = DIRECTION('',(1.,0.,0.));
#12194 = DIRECTION('',(-0.,1.,3.523657060578E-15));
#12195 = ADVANCED_FACE('',(#12196),#12202,.T.);
#12196 = FACE_BOUND('',#12197,.T.);
#12197 = EDGE_LOOP('',(#12198,#12199,#12200,#12201));
#12198 = ORIENTED_EDGE('',*,*,#11891,.F.);
#12199 = ORIENTED_EDGE('',*,*,#6440,.T.);
#12200 = ORIENTED_EDGE('',*,*,#11866,.F.);
#12201 = ORIENTED_EDGE('',*,*,#11942,.F.);
#12202 = CYLINDRICAL_SURFACE('',#12203,0.799999985871);
#12203 = AXIS2_PLACEMENT_3D('',#12204,#12205,#12206);
#12204 = CARTESIAN_POINT('',(2.024898364034,0.968469435107,
    0.750000042915));
#12205 = DIRECTION('',(1.,0.,0.));
#12206 = DIRECTION('',(-0.,1.,3.523657060578E-15));
#12207 = ADVANCED_FACE('',(#12208),#12214,.T.);
#12208 = FACE_BOUND('',#12209,.T.);
#12209 = EDGE_LOOP('',(#12210,#12211,#12212,#12213));
#12210 = ORIENTED_EDGE('',*,*,#12024,.F.);
#12211 = ORIENTED_EDGE('',*,*,#6056,.T.);
#12212 = ORIENTED_EDGE('',*,*,#11999,.F.);
#12213 = ORIENTED_EDGE('',*,*,#12075,.F.);
#12214 = CYLINDRICAL_SURFACE('',#12215,0.799999985871);
#12215 = AXIS2_PLACEMENT_3D('',#12216,#12217,#12218);
#12216 = CARTESIAN_POINT('',(2.524898355204,0.968469435107,
    0.750000042915));
#12217 = DIRECTION('',(1.,0.,0.));
#12218 = DIRECTION('',(-0.,1.,3.523657060578E-15));
#12219 = ADVANCED_FACE('',(#12220),#12261,.F.);
#12220 = FACE_BOUND('',#12221,.T.);
#12221 = EDGE_LOOP('',(#12222,#12230,#12238,#12246,#12254,#12260));
#12222 = ORIENTED_EDGE('',*,*,#12223,.F.);
#12223 = EDGE_CURVE('',#12224,#5888,#12226,.T.);
#12224 = VERTEX_POINT('',#12225);
#12225 = CARTESIAN_POINT('',(-3.625101536183,1.490081207754,
    -0.226794859077));
#12226 = LINE('',#12227,#12228);
#12227 = CARTESIAN_POINT('',(-3.625101536183,1.490081207754,
    -0.916227693675));
#12228 = VECTOR('',#12229,1.);
#12229 = DIRECTION('',(0.,-3.491481338843E-15,1.));
#12230 = ORIENTED_EDGE('',*,*,#12231,.T.);
#12231 = EDGE_CURVE('',#12224,#12232,#12234,.T.);
#12232 = VERTEX_POINT('',#12233);
#12233 = CARTESIAN_POINT('',(-3.725101534417,1.490081207754,
    -0.599999933243));
#12234 = LINE('',#12235,#12236);
#12235 = CARTESIAN_POINT('',(-3.625101536183,1.490081207754,
    -0.226794859077));
#12236 = VECTOR('',#12237,1.);
#12237 = DIRECTION('',(-0.258819045103,3.372511997195E-15,
    -0.965925826289));
#12238 = ORIENTED_EDGE('',*,*,#12239,.T.);
#12239 = EDGE_CURVE('',#12232,#12240,#12242,.T.);
#12240 = VERTEX_POINT('',#12241);
#12241 = CARTESIAN_POINT('',(-3.825101532651,1.490081207754,
    -0.599999933243));
#12242 = LINE('',#12243,#12244);
#12243 = CARTESIAN_POINT('',(-3.925101530885,1.490081207754,
    -0.599999933243));
#12244 = VECTOR('',#12245,1.);
#12245 = DIRECTION('',(-1.,0.,0.));
#12246 = ORIENTED_EDGE('',*,*,#12247,.T.);
#12247 = EDGE_CURVE('',#12240,#12248,#12250,.T.);
#12248 = VERTEX_POINT('',#12249);
#12249 = CARTESIAN_POINT('',(-3.925101530885,1.490081207754,
    -0.226794859077));
#12250 = LINE('',#12251,#12252);
#12251 = CARTESIAN_POINT('',(-3.925101530885,1.490081207754,
    -0.226794859077));
#12252 = VECTOR('',#12253,1.);
#12253 = DIRECTION('',(-0.258819045103,-3.372511997195E-15,
    0.965925826289));
#12254 = ORIENTED_EDGE('',*,*,#12255,.T.);
#12255 = EDGE_CURVE('',#12248,#5898,#12256,.T.);
#12256 = LINE('',#12257,#12258);
#12257 = CARTESIAN_POINT('',(-3.925101530885,1.490081207754,
    -0.916227693675));
#12258 = VECTOR('',#12259,1.);
#12259 = DIRECTION('',(0.,-3.491481338843E-15,1.));
#12260 = ORIENTED_EDGE('',*,*,#5897,.T.);
#12261 = PLANE('',#12262);
#12262 = AXIS2_PLACEMENT_3D('',#12263,#12264,#12265);
#12263 = CARTESIAN_POINT('',(-3.925101530885,1.490081207754,
    -0.916227693675));
#12264 = DIRECTION('',(0.,-1.,-3.491481338843E-15));
#12265 = DIRECTION('',(1.,0.,0.));
#12266 = ADVANCED_FACE('',(#12267),#12285,.F.);
#12267 = FACE_BOUND('',#12268,.T.);
#12268 = EDGE_LOOP('',(#12269,#12270,#12278,#12284));
#12269 = ORIENTED_EDGE('',*,*,#12255,.F.);
#12270 = ORIENTED_EDGE('',*,*,#12271,.T.);
#12271 = EDGE_CURVE('',#12248,#12272,#12274,.T.);
#12272 = VERTEX_POINT('',#12273);
#12273 = CARTESIAN_POINT('',(-3.925101530885,1.39008120952,
    -0.226794859077));
#12274 = LINE('',#12275,#12276);
#12275 = CARTESIAN_POINT('',(-3.925101530885,1.490081207754,
    -0.226794859077));
#12276 = VECTOR('',#12277,1.);
#12277 = DIRECTION('',(0.,-1.,-3.641026466083E-15));
#12278 = ORIENTED_EDGE('',*,*,#12279,.T.);
#12279 = EDGE_CURVE('',#12272,#5906,#12280,.T.);
#12280 = LINE('',#12281,#12282);
#12281 = CARTESIAN_POINT('',(-3.925101530885,1.39008120952,
    -0.916227693675));
#12282 = VECTOR('',#12283,1.);
#12283 = DIRECTION('',(0.,-3.491481338843E-15,1.));
#12284 = ORIENTED_EDGE('',*,*,#5905,.T.);
#12285 = PLANE('',#12286);
#12286 = AXIS2_PLACEMENT_3D('',#12287,#12288,#12289);
#12287 = CARTESIAN_POINT('',(-3.925101530885,1.490081207754,
    -0.916227693675));
#12288 = DIRECTION('',(1.,0.,0.));
#12289 = DIRECTION('',(-0.,1.,3.491481338843E-15));
#12290 = ADVANCED_FACE('',(#12291),#12325,.F.);
#12291 = FACE_BOUND('',#12292,.T.);
#12292 = EDGE_LOOP('',(#12293,#12303,#12311,#12317,#12318,#12319));
#12293 = ORIENTED_EDGE('',*,*,#12294,.T.);
#12294 = EDGE_CURVE('',#12295,#12297,#12299,.T.);
#12295 = VERTEX_POINT('',#12296);
#12296 = CARTESIAN_POINT('',(-3.825101532651,1.39008120952,
    -0.599999933243));
#12297 = VERTEX_POINT('',#12298);
#12298 = CARTESIAN_POINT('',(-3.725101534417,1.39008120952,
    -0.599999933243));
#12299 = LINE('',#12300,#12301);
#12300 = CARTESIAN_POINT('',(-3.925101530885,1.39008120952,
    -0.599999933243));
#12301 = VECTOR('',#12302,1.);
#12302 = DIRECTION('',(1.,-1.445602896647E-15,-5.263478406139E-30));
#12303 = ORIENTED_EDGE('',*,*,#12304,.T.);
#12304 = EDGE_CURVE('',#12297,#12305,#12307,.T.);
#12305 = VERTEX_POINT('',#12306);
#12306 = CARTESIAN_POINT('',(-3.625101536183,1.39008120952,
    -0.226794859077));
#12307 = LINE('',#12308,#12309);
#12308 = CARTESIAN_POINT('',(-3.625101536183,1.39008120952,
    -0.226794859077));
#12309 = VECTOR('',#12310,1.);
#12310 = DIRECTION('',(0.258819045103,-3.746661558503E-15,0.965925826289
    ));
#12311 = ORIENTED_EDGE('',*,*,#12312,.T.);
#12312 = EDGE_CURVE('',#12305,#5890,#12313,.T.);
#12313 = LINE('',#12314,#12315);
#12314 = CARTESIAN_POINT('',(-3.625101536183,1.39008120952,
    -0.916227693675));
#12315 = VECTOR('',#12316,1.);
#12316 = DIRECTION('',(0.,-3.491481338843E-15,1.));
#12317 = ORIENTED_EDGE('',*,*,#5913,.T.);
#12318 = ORIENTED_EDGE('',*,*,#12279,.F.);
#12319 = ORIENTED_EDGE('',*,*,#12320,.T.);
#12320 = EDGE_CURVE('',#12272,#12295,#12321,.T.);
#12321 = LINE('',#12322,#12323);
#12322 = CARTESIAN_POINT('',(-3.925101530885,1.39008120952,
    -0.226794859077));
#12323 = VECTOR('',#12324,1.);
#12324 = DIRECTION('',(0.258819045103,2.998362435887E-15,-0.965925826289
    ));
#12325 = PLANE('',#12326);
#12326 = AXIS2_PLACEMENT_3D('',#12327,#12328,#12329);
#12327 = CARTESIAN_POINT('',(-3.925101530885,1.39008120952,
    -0.916227693675));
#12328 = DIRECTION('',(1.445602896647E-15,1.,3.491481338843E-15));
#12329 = DIRECTION('',(-1.,1.445602896647E-15,5.047295537022E-30));
#12330 = ADVANCED_FACE('',(#12331),#12342,.F.);
#12331 = FACE_BOUND('',#12332,.T.);
#12332 = EDGE_LOOP('',(#12333,#12334,#12340,#12341));
#12333 = ORIENTED_EDGE('',*,*,#12312,.F.);
#12334 = ORIENTED_EDGE('',*,*,#12335,.T.);
#12335 = EDGE_CURVE('',#12305,#12224,#12336,.T.);
#12336 = LINE('',#12337,#12338);
#12337 = CARTESIAN_POINT('',(-3.625101536183,1.490081207754,
    -0.226794859077));
#12338 = VECTOR('',#12339,1.);
#12339 = DIRECTION('',(0.,1.,3.641026466083E-15));
#12340 = ORIENTED_EDGE('',*,*,#12223,.T.);
#12341 = ORIENTED_EDGE('',*,*,#5887,.T.);
#12342 = PLANE('',#12343);
#12343 = AXIS2_PLACEMENT_3D('',#12344,#12345,#12346);
#12344 = CARTESIAN_POINT('',(-3.625101536183,1.490081207754,
    -0.916227693675));
#12345 = DIRECTION('',(-1.,0.,0.));
#12346 = DIRECTION('',(-0.,-1.,-3.491481338843E-15));
#12347 = ADVANCED_FACE('',(#12348),#12364,.F.);
#12348 = FACE_BOUND('',#12349,.T.);
#12349 = EDGE_LOOP('',(#12350,#12351,#12357,#12358));
#12350 = ORIENTED_EDGE('',*,*,#12239,.F.);
#12351 = ORIENTED_EDGE('',*,*,#12352,.T.);
#12352 = EDGE_CURVE('',#12232,#12297,#12353,.T.);
#12353 = LINE('',#12354,#12355);
#12354 = CARTESIAN_POINT('',(-3.725101534417,1.290081211286,
    -0.599999933243));
#12355 = VECTOR('',#12356,1.);
#12356 = DIRECTION('',(0.,-1.,-3.641026466083E-15));
#12357 = ORIENTED_EDGE('',*,*,#12294,.F.);
#12358 = ORIENTED_EDGE('',*,*,#12359,.T.);
#12359 = EDGE_CURVE('',#12295,#12240,#12360,.T.);
#12360 = LINE('',#12361,#12362);
#12361 = CARTESIAN_POINT('',(-3.825101532651,1.290081211286,
    -0.599999933243));
#12362 = VECTOR('',#12363,1.);
#12363 = DIRECTION('',(0.,1.,3.641026466083E-15));
#12364 = PLANE('',#12365);
#12365 = AXIS2_PLACEMENT_3D('',#12366,#12367,#12368);
#12366 = CARTESIAN_POINT('',(-3.220101543336,1.290081211286,
    -0.599999933243));
#12367 = DIRECTION('',(0.,-3.641026466083E-15,1.));
#12368 = DIRECTION('',(0.,-1.,-3.641026466083E-15));
#12369 = ADVANCED_FACE('',(#12370),#12376,.F.);
#12370 = FACE_BOUND('',#12371,.T.);
#12371 = EDGE_LOOP('',(#12372,#12373,#12374,#12375));
#12372 = ORIENTED_EDGE('',*,*,#12304,.F.);
#12373 = ORIENTED_EDGE('',*,*,#12352,.F.);
#12374 = ORIENTED_EDGE('',*,*,#12231,.F.);
#12375 = ORIENTED_EDGE('',*,*,#12335,.F.);
#12376 = PLANE('',#12377);
#12377 = AXIS2_PLACEMENT_3D('',#12378,#12379,#12380);
#12378 = CARTESIAN_POINT('',(-3.625101536183,1.490081207754,
    -0.226794859077));
#12379 = DIRECTION('',(-0.965925826289,-9.423669931444E-16,
    0.258819045103));
#12380 = DIRECTION('',(1.789530963494E-27,1.,3.641026466083E-15));
#12381 = ADVANCED_FACE('',(#12382),#12388,.F.);
#12382 = FACE_BOUND('',#12383,.T.);
#12383 = EDGE_LOOP('',(#12384,#12385,#12386,#12387));
#12384 = ORIENTED_EDGE('',*,*,#12247,.F.);
#12385 = ORIENTED_EDGE('',*,*,#12359,.F.);
#12386 = ORIENTED_EDGE('',*,*,#12320,.F.);
#12387 = ORIENTED_EDGE('',*,*,#12271,.F.);
#12388 = PLANE('',#12389);
#12389 = AXIS2_PLACEMENT_3D('',#12390,#12391,#12392);
#12390 = CARTESIAN_POINT('',(-3.925101530885,1.490081207754,
    -0.226794859077));
#12391 = DIRECTION('',(0.965925826289,-9.423669931444E-16,0.258819045103
    ));
#12392 = DIRECTION('',(1.789530963494E-27,-1.,-3.641026466083E-15));
#12393 = ADVANCED_FACE('',(#12394),#12435,.F.);
#12394 = FACE_BOUND('',#12395,.T.);
#12395 = EDGE_LOOP('',(#12396,#12404,#12405,#12413,#12421,#12429));
#12396 = ORIENTED_EDGE('',*,*,#12397,.T.);
#12397 = EDGE_CURVE('',#12398,#5932,#12400,.T.);
#12398 = VERTEX_POINT('',#12399);
#12399 = CARTESIAN_POINT('',(3.624898335777,1.490081207754,
    -0.226794859077));
#12400 = LINE('',#12401,#12402);
#12401 = CARTESIAN_POINT('',(3.624898335777,1.490081207754,
    -0.916227693675));
#12402 = VECTOR('',#12403,1.);
#12403 = DIRECTION('',(0.,-3.491481338843E-15,1.));
#12404 = ORIENTED_EDGE('',*,*,#5931,.F.);
#12405 = ORIENTED_EDGE('',*,*,#12406,.F.);
#12406 = EDGE_CURVE('',#12407,#5924,#12409,.T.);
#12407 = VERTEX_POINT('',#12408);
#12408 = CARTESIAN_POINT('',(3.924898330479,1.490081207754,
    -0.226794859077));
#12409 = LINE('',#12410,#12411);
#12410 = CARTESIAN_POINT('',(3.924898330479,1.490081207754,
    -0.916227693675));
#12411 = VECTOR('',#12412,1.);
#12412 = DIRECTION('',(0.,-3.491481338843E-15,1.));
#12413 = ORIENTED_EDGE('',*,*,#12414,.F.);
#12414 = EDGE_CURVE('',#12415,#12407,#12417,.T.);
#12415 = VERTEX_POINT('',#12416);
#12416 = CARTESIAN_POINT('',(3.824898332245,1.490081207754,
    -0.599999933243));
#12417 = LINE('',#12418,#12419);
#12418 = CARTESIAN_POINT('',(3.924898330479,1.490081207754,
    -0.226794859077));
#12419 = VECTOR('',#12420,1.);
#12420 = DIRECTION('',(0.258819045103,-3.372511997195E-15,0.965925826289
    ));
#12421 = ORIENTED_EDGE('',*,*,#12422,.F.);
#12422 = EDGE_CURVE('',#12423,#12415,#12425,.T.);
#12423 = VERTEX_POINT('',#12424);
#12424 = CARTESIAN_POINT('',(3.724898334011,1.490081207754,
    -0.599999933243));
#12425 = LINE('',#12426,#12427);
#12426 = CARTESIAN_POINT('',(3.924898330479,1.490081207754,
    -0.599999933243));
#12427 = VECTOR('',#12428,1.);
#12428 = DIRECTION('',(1.,0.,0.));
#12429 = ORIENTED_EDGE('',*,*,#12430,.F.);
#12430 = EDGE_CURVE('',#12398,#12423,#12431,.T.);
#12431 = LINE('',#12432,#12433);
#12432 = CARTESIAN_POINT('',(3.624898335777,1.490081207754,
    -0.226794859077));
#12433 = VECTOR('',#12434,1.);
#12434 = DIRECTION('',(0.258819045103,3.372511997195E-15,-0.965925826289
    ));
#12435 = PLANE('',#12436);
#12436 = AXIS2_PLACEMENT_3D('',#12437,#12438,#12439);
#12437 = CARTESIAN_POINT('',(3.924898330479,1.490081207754,
    -0.916227693675));
#12438 = DIRECTION('',(0.,-1.,-3.491481338843E-15));
#12439 = DIRECTION('',(-1.,-0.,0.));
#12440 = ADVANCED_FACE('',(#12441),#12459,.F.);
#12441 = FACE_BOUND('',#12442,.T.);
#12442 = EDGE_LOOP('',(#12443,#12444,#12445,#12453));
#12443 = ORIENTED_EDGE('',*,*,#12406,.T.);
#12444 = ORIENTED_EDGE('',*,*,#5921,.F.);
#12445 = ORIENTED_EDGE('',*,*,#12446,.F.);
#12446 = EDGE_CURVE('',#12447,#5922,#12449,.T.);
#12447 = VERTEX_POINT('',#12448);
#12448 = CARTESIAN_POINT('',(3.924898330479,1.39008120952,
    -0.226794859077));
#12449 = LINE('',#12450,#12451);
#12450 = CARTESIAN_POINT('',(3.924898330479,1.39008120952,
    -0.916227693675));
#12451 = VECTOR('',#12452,1.);
#12452 = DIRECTION('',(0.,-3.491481338843E-15,1.));
#12453 = ORIENTED_EDGE('',*,*,#12454,.F.);
#12454 = EDGE_CURVE('',#12407,#12447,#12455,.T.);
#12455 = LINE('',#12456,#12457);
#12456 = CARTESIAN_POINT('',(3.924898330479,1.490081207754,
    -0.226794859077));
#12457 = VECTOR('',#12458,1.);
#12458 = DIRECTION('',(0.,-1.,-3.641026466083E-15));
#12459 = PLANE('',#12460);
#12460 = AXIS2_PLACEMENT_3D('',#12461,#12462,#12463);
#12461 = CARTESIAN_POINT('',(3.924898330479,1.490081207754,
    -0.916227693675));
#12462 = DIRECTION('',(-1.,0.,0.));
#12463 = DIRECTION('',(0.,1.,3.491481338843E-15));
#12464 = ADVANCED_FACE('',(#12465),#12499,.F.);
#12465 = FACE_BOUND('',#12466,.T.);
#12466 = EDGE_LOOP('',(#12467,#12477,#12483,#12484,#12485,#12493));
#12467 = ORIENTED_EDGE('',*,*,#12468,.F.);
#12468 = EDGE_CURVE('',#12469,#12471,#12473,.T.);
#12469 = VERTEX_POINT('',#12470);
#12470 = CARTESIAN_POINT('',(3.824898332245,1.39008120952,
    -0.599999933243));
#12471 = VERTEX_POINT('',#12472);
#12472 = CARTESIAN_POINT('',(3.724898334011,1.39008120952,
    -0.599999933243));
#12473 = LINE('',#12474,#12475);
#12474 = CARTESIAN_POINT('',(3.924898330479,1.39008120952,
    -0.599999933243));
#12475 = VECTOR('',#12476,1.);
#12476 = DIRECTION('',(-1.,-1.445602896647E-15,-5.263478406139E-30));
#12477 = ORIENTED_EDGE('',*,*,#12478,.F.);
#12478 = EDGE_CURVE('',#12447,#12469,#12479,.T.);
#12479 = LINE('',#12480,#12481);
#12480 = CARTESIAN_POINT('',(3.924898330479,1.39008120952,
    -0.226794859077));
#12481 = VECTOR('',#12482,1.);
#12482 = DIRECTION('',(-0.258819045103,2.998362435887E-15,
    -0.965925826289));
#12483 = ORIENTED_EDGE('',*,*,#12446,.T.);
#12484 = ORIENTED_EDGE('',*,*,#5947,.F.);
#12485 = ORIENTED_EDGE('',*,*,#12486,.F.);
#12486 = EDGE_CURVE('',#12487,#5940,#12489,.T.);
#12487 = VERTEX_POINT('',#12488);
#12488 = CARTESIAN_POINT('',(3.624898335777,1.39008120952,
    -0.226794859077));
#12489 = LINE('',#12490,#12491);
#12490 = CARTESIAN_POINT('',(3.624898335777,1.39008120952,
    -0.916227693675));
#12491 = VECTOR('',#12492,1.);
#12492 = DIRECTION('',(0.,-3.491481338843E-15,1.));
#12493 = ORIENTED_EDGE('',*,*,#12494,.F.);
#12494 = EDGE_CURVE('',#12471,#12487,#12495,.T.);
#12495 = LINE('',#12496,#12497);
#12496 = CARTESIAN_POINT('',(3.624898335777,1.39008120952,
    -0.226794859077));
#12497 = VECTOR('',#12498,1.);
#12498 = DIRECTION('',(-0.258819045103,-3.746661558503E-15,
    0.965925826289));
#12499 = PLANE('',#12500);
#12500 = AXIS2_PLACEMENT_3D('',#12501,#12502,#12503);
#12501 = CARTESIAN_POINT('',(3.924898330479,1.39008120952,
    -0.916227693675));
#12502 = DIRECTION('',(-1.445602896647E-15,1.,3.491481338843E-15));
#12503 = DIRECTION('',(1.,1.445602896647E-15,5.047295537022E-30));
#12504 = ADVANCED_FACE('',(#12505),#12516,.F.);
#12505 = FACE_BOUND('',#12506,.T.);
#12506 = EDGE_LOOP('',(#12507,#12508,#12509,#12510));
#12507 = ORIENTED_EDGE('',*,*,#12486,.T.);
#12508 = ORIENTED_EDGE('',*,*,#5939,.F.);
#12509 = ORIENTED_EDGE('',*,*,#12397,.F.);
#12510 = ORIENTED_EDGE('',*,*,#12511,.F.);
#12511 = EDGE_CURVE('',#12487,#12398,#12512,.T.);
#12512 = LINE('',#12513,#12514);
#12513 = CARTESIAN_POINT('',(3.624898335777,1.490081207754,
    -0.226794859077));
#12514 = VECTOR('',#12515,1.);
#12515 = DIRECTION('',(0.,1.,3.641026466083E-15));
#12516 = PLANE('',#12517);
#12517 = AXIS2_PLACEMENT_3D('',#12518,#12519,#12520);
#12518 = CARTESIAN_POINT('',(3.624898335777,1.490081207754,
    -0.916227693675));
#12519 = DIRECTION('',(1.,0.,0.));
#12520 = DIRECTION('',(0.,-1.,-3.491481338843E-15));
#12521 = ADVANCED_FACE('',(#12522),#12533,.F.);
#12522 = FACE_BOUND('',#12523,.T.);
#12523 = EDGE_LOOP('',(#12524,#12525,#12526,#12527));
#12524 = ORIENTED_EDGE('',*,*,#12494,.T.);
#12525 = ORIENTED_EDGE('',*,*,#12511,.T.);
#12526 = ORIENTED_EDGE('',*,*,#12430,.T.);
#12527 = ORIENTED_EDGE('',*,*,#12528,.T.);
#12528 = EDGE_CURVE('',#12423,#12471,#12529,.T.);
#12529 = LINE('',#12530,#12531);
#12530 = CARTESIAN_POINT('',(3.724898334011,1.290081211286,
    -0.599999933243));
#12531 = VECTOR('',#12532,1.);
#12532 = DIRECTION('',(0.,-1.,-3.641026466083E-15));
#12533 = PLANE('',#12534);
#12534 = AXIS2_PLACEMENT_3D('',#12535,#12536,#12537);
#12535 = CARTESIAN_POINT('',(3.624898335777,1.490081207754,
    -0.226794859077));
#12536 = DIRECTION('',(0.965925826289,-9.423669931444E-16,0.258819045103
    ));
#12537 = DIRECTION('',(-1.789530963494E-27,1.,3.641026466083E-15));
#12538 = ADVANCED_FACE('',(#12539),#12550,.F.);
#12539 = FACE_BOUND('',#12540,.T.);
#12540 = EDGE_LOOP('',(#12541,#12542,#12548,#12549));
#12541 = ORIENTED_EDGE('',*,*,#12422,.T.);
#12542 = ORIENTED_EDGE('',*,*,#12543,.F.);
#12543 = EDGE_CURVE('',#12469,#12415,#12544,.T.);
#12544 = LINE('',#12545,#12546);
#12545 = CARTESIAN_POINT('',(3.824898332245,1.290081211286,
    -0.599999933243));
#12546 = VECTOR('',#12547,1.);
#12547 = DIRECTION('',(0.,1.,3.641026466083E-15));
#12548 = ORIENTED_EDGE('',*,*,#12468,.T.);
#12549 = ORIENTED_EDGE('',*,*,#12528,.F.);
#12550 = PLANE('',#12551);
#12551 = AXIS2_PLACEMENT_3D('',#12552,#12553,#12554);
#12552 = CARTESIAN_POINT('',(3.21989834293,1.290081211286,
    -0.599999933243));
#12553 = DIRECTION('',(0.,-3.641026466083E-15,1.));
#12554 = DIRECTION('',(0.,-1.,-3.641026466083E-15));
#12555 = ADVANCED_FACE('',(#12556),#12562,.F.);
#12556 = FACE_BOUND('',#12557,.T.);
#12557 = EDGE_LOOP('',(#12558,#12559,#12560,#12561));
#12558 = ORIENTED_EDGE('',*,*,#12414,.T.);
#12559 = ORIENTED_EDGE('',*,*,#12454,.T.);
#12560 = ORIENTED_EDGE('',*,*,#12478,.T.);
#12561 = ORIENTED_EDGE('',*,*,#12543,.T.);
#12562 = PLANE('',#12563);
#12563 = AXIS2_PLACEMENT_3D('',#12564,#12565,#12566);
#12564 = CARTESIAN_POINT('',(3.924898330479,1.490081207754,
    -0.226794859077));
#12565 = DIRECTION('',(-0.965925826289,-9.423669931444E-16,
    0.258819045103));
#12566 = DIRECTION('',(-1.789530963494E-27,-1.,-3.641026466083E-15));
#12567 = ADVANCED_FACE('',(#12568),#12580,.T.);
#12568 = FACE_BOUND('',#12569,.T.);
#12569 = EDGE_LOOP('',(#12570,#12571,#12578,#12579));
#12570 = ORIENTED_EDGE('',*,*,#5822,.F.);
#12571 = ORIENTED_EDGE('',*,*,#12572,.T.);
#12572 = EDGE_CURVE('',#5791,#5799,#12573,.T.);
#12573 = CIRCLE('',#12574,0.199999996468);
#12574 = AXIS2_PLACEMENT_3D('',#12575,#12576,#12577);
#12575 = CARTESIAN_POINT('',(-3.400101540157,0.590081223649,
    -0.499999935009));
#12576 = DIRECTION('',(0.,-3.491481338843E-15,1.));
#12577 = DIRECTION('',(0.,1.,3.491481338843E-15));
#12578 = ORIENTED_EDGE('',*,*,#5839,.T.);
#12579 = ORIENTED_EDGE('',*,*,#6036,.T.);
#12580 = CYLINDRICAL_SURFACE('',#12581,0.199999996468);
#12581 = AXIS2_PLACEMENT_3D('',#12582,#12583,#12584);
#12582 = CARTESIAN_POINT('',(-3.400101540157,0.590081223649,
    -0.549999934126));
#12583 = DIRECTION('',(0.,-3.491481338843E-15,1.));
#12584 = DIRECTION('',(0.,-1.,-3.491481338843E-15));
#12585 = ADVANCED_FACE('',(#12586),#12596,.T.);
#12586 = FACE_BOUND('',#12587,.T.);
#12587 = EDGE_LOOP('',(#12588,#12595));
#12588 = ORIENTED_EDGE('',*,*,#12589,.T.);
#12589 = EDGE_CURVE('',#5782,#5780,#12590,.T.);
#12590 = CIRCLE('',#12591,0.149999997351);
#12591 = AXIS2_PLACEMENT_3D('',#12592,#12593,#12594);
#12592 = CARTESIAN_POINT('',(-3.400101540157,0.590081223649,
    -0.549999934126));
#12593 = DIRECTION('',(0.,3.491481338843E-15,-1.));
#12594 = DIRECTION('',(0.,1.,3.491481338843E-15));
#12595 = ORIENTED_EDGE('',*,*,#5779,.T.);
#12596 = PLANE('',#12597);
#12597 = AXIS2_PLACEMENT_3D('',#12598,#12599,#12600);
#12598 = CARTESIAN_POINT('',(-3.400101540157,0.590081223649,
    -0.549999934126));
#12599 = DIRECTION('',(0.,3.491481338843E-15,-1.));
#12600 = DIRECTION('',(0.,1.,3.491481338843E-15));
#12601 = ADVANCED_FACE('',(#12602),#12608,.T.);
#12602 = FACE_BOUND('',#12603,.T.);
#12603 = EDGE_LOOP('',(#12604,#12605,#12606,#12607));
#12604 = ORIENTED_EDGE('',*,*,#5790,.F.);
#12605 = ORIENTED_EDGE('',*,*,#12589,.F.);
#12606 = ORIENTED_EDGE('',*,*,#5807,.T.);
#12607 = ORIENTED_EDGE('',*,*,#12572,.F.);
#12608 = CONICAL_SURFACE('',#12609,0.149999997351,0.785398163397);
#12609 = AXIS2_PLACEMENT_3D('',#12610,#12611,#12612);
#12610 = CARTESIAN_POINT('',(-3.400101540157,0.590081223649,
    -0.549999934126));
#12611 = DIRECTION('',(0.,-3.491481338843E-15,1.));
#12612 = DIRECTION('',(0.,-1.,-3.491481338843E-15));
#12613 = ADVANCED_FACE('',(#12614),#12626,.T.);
#12614 = FACE_BOUND('',#12615,.T.);
#12615 = EDGE_LOOP('',(#12616,#12617,#12624,#12625));
#12616 = ORIENTED_EDGE('',*,*,#5748,.F.);
#12617 = ORIENTED_EDGE('',*,*,#12618,.F.);
#12618 = EDGE_CURVE('',#5725,#5717,#12619,.T.);
#12619 = CIRCLE('',#12620,0.199999996468);
#12620 = AXIS2_PLACEMENT_3D('',#12621,#12622,#12623);
#12621 = CARTESIAN_POINT('',(3.399898339751,0.590081223649,
    -0.499999935009));
#12622 = DIRECTION('',(0.,3.491481338843E-15,-1.));
#12623 = DIRECTION('',(0.,1.,3.491481338843E-15));
#12624 = ORIENTED_EDGE('',*,*,#5765,.T.);
#12625 = ORIENTED_EDGE('',*,*,#6027,.F.);
#12626 = CYLINDRICAL_SURFACE('',#12627,0.199999996468);
#12627 = AXIS2_PLACEMENT_3D('',#12628,#12629,#12630);
#12628 = CARTESIAN_POINT('',(3.399898339751,0.590081223649,
    -0.549999934126));
#12629 = DIRECTION('',(0.,-3.491481338843E-15,1.));
#12630 = DIRECTION('',(0.,-1.,-3.491481338843E-15));
#12631 = ADVANCED_FACE('',(#12632),#12642,.T.);
#12632 = FACE_BOUND('',#12633,.T.);
#12633 = EDGE_LOOP('',(#12634,#12635));
#12634 = ORIENTED_EDGE('',*,*,#5705,.F.);
#12635 = ORIENTED_EDGE('',*,*,#12636,.F.);
#12636 = EDGE_CURVE('',#5708,#5706,#12637,.T.);
#12637 = CIRCLE('',#12638,0.149999997351);
#12638 = AXIS2_PLACEMENT_3D('',#12639,#12640,#12641);
#12639 = CARTESIAN_POINT('',(3.399898339751,0.590081223649,
    -0.549999934126));
#12640 = DIRECTION('',(0.,-3.491481338843E-15,1.));
#12641 = DIRECTION('',(0.,1.,3.491481338843E-15));
#12642 = PLANE('',#12643);
#12643 = AXIS2_PLACEMENT_3D('',#12644,#12645,#12646);
#12644 = CARTESIAN_POINT('',(3.399898339751,0.590081223649,
    -0.549999934126));
#12645 = DIRECTION('',(0.,3.491481338843E-15,-1.));
#12646 = DIRECTION('',(0.,1.,3.491481338843E-15));
#12647 = ADVANCED_FACE('',(#12648),#12654,.T.);
#12648 = FACE_BOUND('',#12649,.T.);
#12649 = EDGE_LOOP('',(#12650,#12651,#12652,#12653));
#12650 = ORIENTED_EDGE('',*,*,#5716,.F.);
#12651 = ORIENTED_EDGE('',*,*,#12636,.T.);
#12652 = ORIENTED_EDGE('',*,*,#5733,.T.);
#12653 = ORIENTED_EDGE('',*,*,#12618,.T.);
#12654 = CONICAL_SURFACE('',#12655,0.149999997351,0.785398163397);
#12655 = AXIS2_PLACEMENT_3D('',#12656,#12657,#12658);
#12656 = CARTESIAN_POINT('',(3.399898339751,0.590081223649,
    -0.549999934126));
#12657 = DIRECTION('',(0.,-3.491481338843E-15,1.));
#12658 = DIRECTION('',(0.,-1.,-3.491481338843E-15));
#12659 = ( GEOMETRIC_REPRESENTATION_CONTEXT(3) 
GLOBAL_UNCERTAINTY_ASSIGNED_CONTEXT((#12663)) 
GLOBAL_UNIT_ASSIGNED_CONTEXT((#12660,#12661,#12662)) 
REPRESENTATION_CONTEXT('Context #1',
  '3D Context with UNIT and UNCERTAINTY') );
#12660 = ( LENGTH_UNIT() NAMED_UNIT(*) SI_UNIT(.MILLI.,.METRE.) );
#12661 = ( NAMED_UNIT(*) PLANE_ANGLE_UNIT() SI_UNIT($,.RADIAN.) );
#12662 = ( NAMED_UNIT(*) SI_UNIT($,.STERADIAN.) SOLID_ANGLE_UNIT() );
#12663 = UNCERTAINTY_MEASURE_WITH_UNIT(LENGTH_MEASURE(1.E-06),#12660,
  'distance_accuracy_value','confusion accuracy');
#12664 = CONTEXT_DEPENDENT_SHAPE_REPRESENTATION(#12665,#12667);
#12665 = ( REPRESENTATION_RELATIONSHIP('','',#5698,#32) 
REPRESENTATION_RELATIONSHIP_WITH_TRANSFORMATION(#12666) 
SHAPE_REPRESENTATION_RELATIONSHIP() );
#12666 = ITEM_DEFINED_TRANSFORMATION('','',#11,#37);
#12667 = PRODUCT_DEFINITION_SHAPE('Placement','Placement of an item',
  #12668);
#12668 = NEXT_ASSEMBLY_USAGE_OCCURRENCE('2',
  'USB-C-SMD_TYPE-C-24P-QT~USB-C-SMD_TYPE-C-24P-QT~axvK001','',#27,#5693
  ,$);
#12669 = PRODUCT_RELATED_PRODUCT_CATEGORY('part',$,(#5695));
#12670 = MECHANICAL_DESIGN_GEOMETRIC_PRESENTATION_REPRESENTATION('',(
    #12671,#12682,#12690,#12697,#12704,#12711,#12718,#12725,#12732,
    #12739,#12746,#12753,#12760,#12767,#12774,#12781,#12788,#12795,
    #12802,#12809,#12816,#12823,#12830,#12837,#12844,#12851,#12858,
    #12865,#12872,#12879,#12886,#12893,#12900,#12907,#12914,#12921,
    #12928,#12935,#12942,#12949,#12956,#12963,#12970,#12977,#12984,
    #12991,#12998,#13005,#13012,#13019,#13026,#13033,#13040,#13047,
    #13054,#13061,#13068,#13075),#5680);
#12671 = STYLED_ITEM('color',(#12672),#60);
#12672 = PRESENTATION_STYLE_ASSIGNMENT((#12673,#12679));
#12673 = SURFACE_STYLE_USAGE(.BOTH.,#12674);
#12674 = SURFACE_SIDE_STYLE('',(#12675));
#12675 = SURFACE_STYLE_FILL_AREA(#12676);
#12676 = FILL_AREA_STYLE('',(#12677));
#12677 = FILL_AREA_STYLE_COLOUR('',#12678);
#12678 = COLOUR_RGB('',0.666666687201,0.666666687201,0.666666687201);
#12679 = CURVE_STYLE('',#12680,POSITIVE_LENGTH_MEASURE(0.1),#12681);
#12680 = DRAUGHTING_PRE_DEFINED_CURVE_FONT('continuous');
#12681 = COLOUR_RGB('',9.803921802644E-02,9.803921802644E-02,
  9.803921802644E-02);
#12682 = OVER_RIDING_STYLED_ITEM('overriding color',(#12683),#3660,
  #12671);
#12683 = PRESENTATION_STYLE_ASSIGNMENT((#12684));
#12684 = SURFACE_STYLE_USAGE(.BOTH.,#12685);
#12685 = SURFACE_SIDE_STYLE('',(#12686));
#12686 = SURFACE_STYLE_FILL_AREA(#12687);
#12687 = FILL_AREA_STYLE('',(#12688));
#12688 = FILL_AREA_STYLE_COLOUR('',#12689);
#12689 = DRAUGHTING_PRE_DEFINED_COLOUR('white');
#12690 = OVER_RIDING_STYLED_ITEM('overriding color',(#12691),#3691,
  #12671);
#12691 = PRESENTATION_STYLE_ASSIGNMENT((#12692));
#12692 = SURFACE_STYLE_USAGE(.BOTH.,#12693);
#12693 = SURFACE_SIDE_STYLE('',(#12694));
#12694 = SURFACE_STYLE_FILL_AREA(#12695);
#12695 = FILL_AREA_STYLE('',(#12696));
#12696 = FILL_AREA_STYLE_COLOUR('',#12689);
#12697 = OVER_RIDING_STYLED_ITEM('overriding color',(#12698),#3715,
  #12671);
#12698 = PRESENTATION_STYLE_ASSIGNMENT((#12699));
#12699 = SURFACE_STYLE_USAGE(.BOTH.,#12700);
#12700 = SURFACE_SIDE_STYLE('',(#12701));
#12701 = SURFACE_STYLE_FILL_AREA(#12702);
#12702 = FILL_AREA_STYLE('',(#12703));
#12703 = FILL_AREA_STYLE_COLOUR('',#12689);
#12704 = OVER_RIDING_STYLED_ITEM('overriding color',(#12705),#3739,
  #12671);
#12705 = PRESENTATION_STYLE_ASSIGNMENT((#12706));
#12706 = SURFACE_STYLE_USAGE(.BOTH.,#12707);
#12707 = SURFACE_SIDE_STYLE('',(#12708));
#12708 = SURFACE_STYLE_FILL_AREA(#12709);
#12709 = FILL_AREA_STYLE('',(#12710));
#12710 = FILL_AREA_STYLE_COLOUR('',#12689);
#12711 = OVER_RIDING_STYLED_ITEM('overriding color',(#12712),#3763,
  #12671);
#12712 = PRESENTATION_STYLE_ASSIGNMENT((#12713));
#12713 = SURFACE_STYLE_USAGE(.BOTH.,#12714);
#12714 = SURFACE_SIDE_STYLE('',(#12715));
#12715 = SURFACE_STYLE_FILL_AREA(#12716);
#12716 = FILL_AREA_STYLE('',(#12717));
#12717 = FILL_AREA_STYLE_COLOUR('',#12689);
#12718 = OVER_RIDING_STYLED_ITEM('overriding color',(#12719),#3787,
  #12671);
#12719 = PRESENTATION_STYLE_ASSIGNMENT((#12720));
#12720 = SURFACE_STYLE_USAGE(.BOTH.,#12721);
#12721 = SURFACE_SIDE_STYLE('',(#12722));
#12722 = SURFACE_STYLE_FILL_AREA(#12723);
#12723 = FILL_AREA_STYLE('',(#12724));
#12724 = FILL_AREA_STYLE_COLOUR('',#12689);
#12725 = OVER_RIDING_STYLED_ITEM('overriding color',(#12726),#3811,
  #12671);
#12726 = PRESENTATION_STYLE_ASSIGNMENT((#12727));
#12727 = SURFACE_STYLE_USAGE(.BOTH.,#12728);
#12728 = SURFACE_SIDE_STYLE('',(#12729));
#12729 = SURFACE_STYLE_FILL_AREA(#12730);
#12730 = FILL_AREA_STYLE('',(#12731));
#12731 = FILL_AREA_STYLE_COLOUR('',#12689);
#12732 = OVER_RIDING_STYLED_ITEM('overriding color',(#12733),#3835,
  #12671);
#12733 = PRESENTATION_STYLE_ASSIGNMENT((#12734));
#12734 = SURFACE_STYLE_USAGE(.BOTH.,#12735);
#12735 = SURFACE_SIDE_STYLE('',(#12736));
#12736 = SURFACE_STYLE_FILL_AREA(#12737);
#12737 = FILL_AREA_STYLE('',(#12738));
#12738 = FILL_AREA_STYLE_COLOUR('',#12689);
#12739 = OVER_RIDING_STYLED_ITEM('overriding color',(#12740),#3852,
  #12671);
#12740 = PRESENTATION_STYLE_ASSIGNMENT((#12741));
#12741 = SURFACE_STYLE_USAGE(.BOTH.,#12742);
#12742 = SURFACE_SIDE_STYLE('',(#12743));
#12743 = SURFACE_STYLE_FILL_AREA(#12744);
#12744 = FILL_AREA_STYLE('',(#12745));
#12745 = FILL_AREA_STYLE_COLOUR('',#12689);
#12746 = OVER_RIDING_STYLED_ITEM('overriding color',(#12747),#3926,
  #12671);
#12747 = PRESENTATION_STYLE_ASSIGNMENT((#12748));
#12748 = SURFACE_STYLE_USAGE(.BOTH.,#12749);
#12749 = SURFACE_SIDE_STYLE('',(#12750));
#12750 = SURFACE_STYLE_FILL_AREA(#12751);
#12751 = FILL_AREA_STYLE('',(#12752));
#12752 = FILL_AREA_STYLE_COLOUR('',#12689);
#12753 = OVER_RIDING_STYLED_ITEM('overriding color',(#12754),#3957,
  #12671);
#12754 = PRESENTATION_STYLE_ASSIGNMENT((#12755));
#12755 = SURFACE_STYLE_USAGE(.BOTH.,#12756);
#12756 = SURFACE_SIDE_STYLE('',(#12757));
#12757 = SURFACE_STYLE_FILL_AREA(#12758);
#12758 = FILL_AREA_STYLE('',(#12759));
#12759 = FILL_AREA_STYLE_COLOUR('',#12689);
#12760 = OVER_RIDING_STYLED_ITEM('overriding color',(#12761),#3981,
  #12671);
#12761 = PRESENTATION_STYLE_ASSIGNMENT((#12762));
#12762 = SURFACE_STYLE_USAGE(.BOTH.,#12763);
#12763 = SURFACE_SIDE_STYLE('',(#12764));
#12764 = SURFACE_STYLE_FILL_AREA(#12765);
#12765 = FILL_AREA_STYLE('',(#12766));
#12766 = FILL_AREA_STYLE_COLOUR('',#12689);
#12767 = OVER_RIDING_STYLED_ITEM('overriding color',(#12768),#4019,
  #12671);
#12768 = PRESENTATION_STYLE_ASSIGNMENT((#12769));
#12769 = SURFACE_STYLE_USAGE(.BOTH.,#12770);
#12770 = SURFACE_SIDE_STYLE('',(#12771));
#12771 = SURFACE_STYLE_FILL_AREA(#12772);
#12772 = FILL_AREA_STYLE('',(#12773));
#12773 = FILL_AREA_STYLE_COLOUR('',#12689);
#12774 = OVER_RIDING_STYLED_ITEM('overriding color',(#12775),#4043,
  #12671);
#12775 = PRESENTATION_STYLE_ASSIGNMENT((#12776));
#12776 = SURFACE_STYLE_USAGE(.BOTH.,#12777);
#12777 = SURFACE_SIDE_STYLE('',(#12778));
#12778 = SURFACE_STYLE_FILL_AREA(#12779);
#12779 = FILL_AREA_STYLE('',(#12780));
#12780 = FILL_AREA_STYLE_COLOUR('',#12689);
#12781 = OVER_RIDING_STYLED_ITEM('overriding color',(#12782),#4081,
  #12671);
#12782 = PRESENTATION_STYLE_ASSIGNMENT((#12783));
#12783 = SURFACE_STYLE_USAGE(.BOTH.,#12784);
#12784 = SURFACE_SIDE_STYLE('',(#12785));
#12785 = SURFACE_STYLE_FILL_AREA(#12786);
#12786 = FILL_AREA_STYLE('',(#12787));
#12787 = FILL_AREA_STYLE_COLOUR('',#12689);
#12788 = OVER_RIDING_STYLED_ITEM('overriding color',(#12789),#4098,
  #12671);
#12789 = PRESENTATION_STYLE_ASSIGNMENT((#12790));
#12790 = SURFACE_STYLE_USAGE(.BOTH.,#12791);
#12791 = SURFACE_SIDE_STYLE('',(#12792));
#12792 = SURFACE_STYLE_FILL_AREA(#12793);
#12793 = FILL_AREA_STYLE('',(#12794));
#12794 = FILL_AREA_STYLE_COLOUR('',#12689);
#12795 = OVER_RIDING_STYLED_ITEM('overriding color',(#12796),#4129,
  #12671);
#12796 = PRESENTATION_STYLE_ASSIGNMENT((#12797));
#12797 = SURFACE_STYLE_USAGE(.BOTH.,#12798);
#12798 = SURFACE_SIDE_STYLE('',(#12799));
#12799 = SURFACE_STYLE_FILL_AREA(#12800);
#12800 = FILL_AREA_STYLE('',(#12801));
#12801 = FILL_AREA_STYLE_COLOUR('',#12689);
#12802 = OVER_RIDING_STYLED_ITEM('overriding color',(#12803),#4153,
  #12671);
#12803 = PRESENTATION_STYLE_ASSIGNMENT((#12804));
#12804 = SURFACE_STYLE_USAGE(.BOTH.,#12805);
#12805 = SURFACE_SIDE_STYLE('',(#12806));
#12806 = SURFACE_STYLE_FILL_AREA(#12807);
#12807 = FILL_AREA_STYLE('',(#12808));
#12808 = FILL_AREA_STYLE_COLOUR('',#12689);
#12809 = OVER_RIDING_STYLED_ITEM('overriding color',(#12810),#4177,
  #12671);
#12810 = PRESENTATION_STYLE_ASSIGNMENT((#12811));
#12811 = SURFACE_STYLE_USAGE(.BOTH.,#12812);
#12812 = SURFACE_SIDE_STYLE('',(#12813));
#12813 = SURFACE_STYLE_FILL_AREA(#12814);
#12814 = FILL_AREA_STYLE('',(#12815));
#12815 = FILL_AREA_STYLE_COLOUR('',#12689);
#12816 = OVER_RIDING_STYLED_ITEM('overriding color',(#12817),#4251,
  #12671);
#12817 = PRESENTATION_STYLE_ASSIGNMENT((#12818));
#12818 = SURFACE_STYLE_USAGE(.BOTH.,#12819);
#12819 = SURFACE_SIDE_STYLE('',(#12820));
#12820 = SURFACE_STYLE_FILL_AREA(#12821);
#12821 = FILL_AREA_STYLE('',(#12822));
#12822 = FILL_AREA_STYLE_COLOUR('',#12689);
#12823 = OVER_RIDING_STYLED_ITEM('overriding color',(#12824),#4318,
  #12671);
#12824 = PRESENTATION_STYLE_ASSIGNMENT((#12825));
#12825 = SURFACE_STYLE_USAGE(.BOTH.,#12826);
#12826 = SURFACE_SIDE_STYLE('',(#12827));
#12827 = SURFACE_STYLE_FILL_AREA(#12828);
#12828 = FILL_AREA_STYLE('',(#12829));
#12829 = FILL_AREA_STYLE_COLOUR('',#12689);
#12830 = OVER_RIDING_STYLED_ITEM('overriding color',(#12831),#4405,
  #12671);
#12831 = PRESENTATION_STYLE_ASSIGNMENT((#12832));
#12832 = SURFACE_STYLE_USAGE(.BOTH.,#12833);
#12833 = SURFACE_SIDE_STYLE('',(#12834));
#12834 = SURFACE_STYLE_FILL_AREA(#12835);
#12835 = FILL_AREA_STYLE('',(#12836));
#12836 = FILL_AREA_STYLE_COLOUR('',#12689);
#12837 = OVER_RIDING_STYLED_ITEM('overriding color',(#12838),#4436,
  #12671);
#12838 = PRESENTATION_STYLE_ASSIGNMENT((#12839));
#12839 = SURFACE_STYLE_USAGE(.BOTH.,#12840);
#12840 = SURFACE_SIDE_STYLE('',(#12841));
#12841 = SURFACE_STYLE_FILL_AREA(#12842);
#12842 = FILL_AREA_STYLE('',(#12843));
#12843 = FILL_AREA_STYLE_COLOUR('',#12689);
#12844 = OVER_RIDING_STYLED_ITEM('overriding color',(#12845),#4510,
  #12671);
#12845 = PRESENTATION_STYLE_ASSIGNMENT((#12846));
#12846 = SURFACE_STYLE_USAGE(.BOTH.,#12847);
#12847 = SURFACE_SIDE_STYLE('',(#12848));
#12848 = SURFACE_STYLE_FILL_AREA(#12849);
#12849 = FILL_AREA_STYLE('',(#12850));
#12850 = FILL_AREA_STYLE_COLOUR('',#12689);
#12851 = OVER_RIDING_STYLED_ITEM('overriding color',(#12852),#4584,
  #12671);
#12852 = PRESENTATION_STYLE_ASSIGNMENT((#12853));
#12853 = SURFACE_STYLE_USAGE(.BOTH.,#12854);
#12854 = SURFACE_SIDE_STYLE('',(#12855));
#12855 = SURFACE_STYLE_FILL_AREA(#12856);
#12856 = FILL_AREA_STYLE('',(#12857));
#12857 = FILL_AREA_STYLE_COLOUR('',#12689);
#12858 = OVER_RIDING_STYLED_ITEM('overriding color',(#12859),#4608,
  #12671);
#12859 = PRESENTATION_STYLE_ASSIGNMENT((#12860));
#12860 = SURFACE_STYLE_USAGE(.BOTH.,#12861);
#12861 = SURFACE_SIDE_STYLE('',(#12862));
#12862 = SURFACE_STYLE_FILL_AREA(#12863);
#12863 = FILL_AREA_STYLE('',(#12864));
#12864 = FILL_AREA_STYLE_COLOUR('',#12689);
#12865 = OVER_RIDING_STYLED_ITEM('overriding color',(#12866),#4625,
  #12671);
#12866 = PRESENTATION_STYLE_ASSIGNMENT((#12867));
#12867 = SURFACE_STYLE_USAGE(.BOTH.,#12868);
#12868 = SURFACE_SIDE_STYLE('',(#12869));
#12869 = SURFACE_STYLE_FILL_AREA(#12870);
#12870 = FILL_AREA_STYLE('',(#12871));
#12871 = FILL_AREA_STYLE_COLOUR('',#12689);
#12872 = OVER_RIDING_STYLED_ITEM('overriding color',(#12873),#4656,
  #12671);
#12873 = PRESENTATION_STYLE_ASSIGNMENT((#12874));
#12874 = SURFACE_STYLE_USAGE(.BOTH.,#12875);
#12875 = SURFACE_SIDE_STYLE('',(#12876));
#12876 = SURFACE_STYLE_FILL_AREA(#12877);
#12877 = FILL_AREA_STYLE('',(#12878));
#12878 = FILL_AREA_STYLE_COLOUR('',#12689);
#12879 = OVER_RIDING_STYLED_ITEM('overriding color',(#12880),#4680,
  #12671);
#12880 = PRESENTATION_STYLE_ASSIGNMENT((#12881));
#12881 = SURFACE_STYLE_USAGE(.BOTH.,#12882);
#12882 = SURFACE_SIDE_STYLE('',(#12883));
#12883 = SURFACE_STYLE_FILL_AREA(#12884);
#12884 = FILL_AREA_STYLE('',(#12885));
#12885 = FILL_AREA_STYLE_COLOUR('',#12689);
#12886 = OVER_RIDING_STYLED_ITEM('overriding color',(#12887),#4704,
  #12671);
#12887 = PRESENTATION_STYLE_ASSIGNMENT((#12888));
#12888 = SURFACE_STYLE_USAGE(.BOTH.,#12889);
#12889 = SURFACE_SIDE_STYLE('',(#12890));
#12890 = SURFACE_STYLE_FILL_AREA(#12891);
#12891 = FILL_AREA_STYLE('',(#12892));
#12892 = FILL_AREA_STYLE_COLOUR('',#12689);
#12893 = OVER_RIDING_STYLED_ITEM('overriding color',(#12894),#4728,
  #12671);
#12894 = PRESENTATION_STYLE_ASSIGNMENT((#12895));
#12895 = SURFACE_STYLE_USAGE(.BOTH.,#12896);
#12896 = SURFACE_SIDE_STYLE('',(#12897));
#12897 = SURFACE_STYLE_FILL_AREA(#12898);
#12898 = FILL_AREA_STYLE('',(#12899));
#12899 = FILL_AREA_STYLE_COLOUR('',#12689);
#12900 = OVER_RIDING_STYLED_ITEM('overriding color',(#12901),#4752,
  #12671);
#12901 = PRESENTATION_STYLE_ASSIGNMENT((#12902));
#12902 = SURFACE_STYLE_USAGE(.BOTH.,#12903);
#12903 = SURFACE_SIDE_STYLE('',(#12904));
#12904 = SURFACE_STYLE_FILL_AREA(#12905);
#12905 = FILL_AREA_STYLE('',(#12906));
#12906 = FILL_AREA_STYLE_COLOUR('',#12689);
#12907 = OVER_RIDING_STYLED_ITEM('overriding color',(#12908),#4776,
  #12671);
#12908 = PRESENTATION_STYLE_ASSIGNMENT((#12909));
#12909 = SURFACE_STYLE_USAGE(.BOTH.,#12910);
#12910 = SURFACE_SIDE_STYLE('',(#12911));
#12911 = SURFACE_STYLE_FILL_AREA(#12912);
#12912 = FILL_AREA_STYLE('',(#12913));
#12913 = FILL_AREA_STYLE_COLOUR('',#12689);
#12914 = OVER_RIDING_STYLED_ITEM('overriding color',(#12915),#4800,
  #12671);
#12915 = PRESENTATION_STYLE_ASSIGNMENT((#12916));
#12916 = SURFACE_STYLE_USAGE(.BOTH.,#12917);
#12917 = SURFACE_SIDE_STYLE('',(#12918));
#12918 = SURFACE_STYLE_FILL_AREA(#12919);
#12919 = FILL_AREA_STYLE('',(#12920));
#12920 = FILL_AREA_STYLE_COLOUR('',#12689);
#12921 = OVER_RIDING_STYLED_ITEM('overriding color',(#12922),#4824,
  #12671);
#12922 = PRESENTATION_STYLE_ASSIGNMENT((#12923));
#12923 = SURFACE_STYLE_USAGE(.BOTH.,#12924);
#12924 = SURFACE_SIDE_STYLE('',(#12925));
#12925 = SURFACE_STYLE_FILL_AREA(#12926);
#12926 = FILL_AREA_STYLE('',(#12927));
#12927 = FILL_AREA_STYLE_COLOUR('',#12689);
#12928 = OVER_RIDING_STYLED_ITEM('overriding color',(#12929),#4848,
  #12671);
#12929 = PRESENTATION_STYLE_ASSIGNMENT((#12930));
#12930 = SURFACE_STYLE_USAGE(.BOTH.,#12931);
#12931 = SURFACE_SIDE_STYLE('',(#12932));
#12932 = SURFACE_STYLE_FILL_AREA(#12933);
#12933 = FILL_AREA_STYLE('',(#12934));
#12934 = FILL_AREA_STYLE_COLOUR('',#12689);
#12935 = OVER_RIDING_STYLED_ITEM('overriding color',(#12936),#4872,
  #12671);
#12936 = PRESENTATION_STYLE_ASSIGNMENT((#12937));
#12937 = SURFACE_STYLE_USAGE(.BOTH.,#12938);
#12938 = SURFACE_SIDE_STYLE('',(#12939));
#12939 = SURFACE_STYLE_FILL_AREA(#12940);
#12940 = FILL_AREA_STYLE('',(#12941));
#12941 = FILL_AREA_STYLE_COLOUR('',#12689);
#12942 = OVER_RIDING_STYLED_ITEM('overriding color',(#12943),#4896,
  #12671);
#12943 = PRESENTATION_STYLE_ASSIGNMENT((#12944));
#12944 = SURFACE_STYLE_USAGE(.BOTH.,#12945);
#12945 = SURFACE_SIDE_STYLE('',(#12946));
#12946 = SURFACE_STYLE_FILL_AREA(#12947);
#12947 = FILL_AREA_STYLE('',(#12948));
#12948 = FILL_AREA_STYLE_COLOUR('',#12689);
#12949 = OVER_RIDING_STYLED_ITEM('overriding color',(#12950),#4913,
  #12671);
#12950 = PRESENTATION_STYLE_ASSIGNMENT((#12951));
#12951 = SURFACE_STYLE_USAGE(.BOTH.,#12952);
#12952 = SURFACE_SIDE_STYLE('',(#12953));
#12953 = SURFACE_STYLE_FILL_AREA(#12954);
#12954 = FILL_AREA_STYLE('',(#12955));
#12955 = FILL_AREA_STYLE_COLOUR('',#12689);
#12956 = OVER_RIDING_STYLED_ITEM('overriding color',(#12957),#4933,
  #12671);
#12957 = PRESENTATION_STYLE_ASSIGNMENT((#12958));
#12958 = SURFACE_STYLE_USAGE(.BOTH.,#12959);
#12959 = SURFACE_SIDE_STYLE('',(#12960));
#12960 = SURFACE_STYLE_FILL_AREA(#12961);
#12961 = FILL_AREA_STYLE('',(#12962));
#12962 = FILL_AREA_STYLE_COLOUR('',#12689);
#12963 = OVER_RIDING_STYLED_ITEM('overriding color',(#12964),#4964,
  #12671);
#12964 = PRESENTATION_STYLE_ASSIGNMENT((#12965));
#12965 = SURFACE_STYLE_USAGE(.BOTH.,#12966);
#12966 = SURFACE_SIDE_STYLE('',(#12967));
#12967 = SURFACE_STYLE_FILL_AREA(#12968);
#12968 = FILL_AREA_STYLE('',(#12969));
#12969 = FILL_AREA_STYLE_COLOUR('',#12689);
#12970 = OVER_RIDING_STYLED_ITEM('overriding color',(#12971),#5014,
  #12671);
#12971 = PRESENTATION_STYLE_ASSIGNMENT((#12972));
#12972 = SURFACE_STYLE_USAGE(.BOTH.,#12973);
#12973 = SURFACE_SIDE_STYLE('',(#12974));
#12974 = SURFACE_STYLE_FILL_AREA(#12975);
#12975 = FILL_AREA_STYLE('',(#12976));
#12976 = FILL_AREA_STYLE_COLOUR('',#12689);
#12977 = OVER_RIDING_STYLED_ITEM('overriding color',(#12978),#5088,
  #12671);
#12978 = PRESENTATION_STYLE_ASSIGNMENT((#12979));
#12979 = SURFACE_STYLE_USAGE(.BOTH.,#12980);
#12980 = SURFACE_SIDE_STYLE('',(#12981));
#12981 = SURFACE_STYLE_FILL_AREA(#12982);
#12982 = FILL_AREA_STYLE('',(#12983));
#12983 = FILL_AREA_STYLE_COLOUR('',#12689);
#12984 = OVER_RIDING_STYLED_ITEM('overriding color',(#12985),#5162,
  #12671);
#12985 = PRESENTATION_STYLE_ASSIGNMENT((#12986));
#12986 = SURFACE_STYLE_USAGE(.BOTH.,#12987);
#12987 = SURFACE_SIDE_STYLE('',(#12988));
#12988 = SURFACE_STYLE_FILL_AREA(#12989);
#12989 = FILL_AREA_STYLE('',(#12990));
#12990 = FILL_AREA_STYLE_COLOUR('',#12689);
#12991 = OVER_RIDING_STYLED_ITEM('overriding color',(#12992),#5212,
  #12671);
#12992 = PRESENTATION_STYLE_ASSIGNMENT((#12993));
#12993 = SURFACE_STYLE_USAGE(.BOTH.,#12994);
#12994 = SURFACE_SIDE_STYLE('',(#12995));
#12995 = SURFACE_STYLE_FILL_AREA(#12996);
#12996 = FILL_AREA_STYLE('',(#12997));
#12997 = FILL_AREA_STYLE_COLOUR('',#12689);
#12998 = OVER_RIDING_STYLED_ITEM('overriding color',(#12999),#5236,
  #12671);
#12999 = PRESENTATION_STYLE_ASSIGNMENT((#13000));
#13000 = SURFACE_STYLE_USAGE(.BOTH.,#13001);
#13001 = SURFACE_SIDE_STYLE('',(#13002));
#13002 = SURFACE_STYLE_FILL_AREA(#13003);
#13003 = FILL_AREA_STYLE('',(#13004));
#13004 = FILL_AREA_STYLE_COLOUR('',#12689);
#13005 = OVER_RIDING_STYLED_ITEM('overriding color',(#13006),#5286,
  #12671);
#13006 = PRESENTATION_STYLE_ASSIGNMENT((#13007));
#13007 = SURFACE_STYLE_USAGE(.BOTH.,#13008);
#13008 = SURFACE_SIDE_STYLE('',(#13009));
#13009 = SURFACE_STYLE_FILL_AREA(#13010);
#13010 = FILL_AREA_STYLE('',(#13011));
#13011 = FILL_AREA_STYLE_COLOUR('',#12689);
#13012 = OVER_RIDING_STYLED_ITEM('overriding color',(#13013),#5360,
  #12671);
#13013 = PRESENTATION_STYLE_ASSIGNMENT((#13014));
#13014 = SURFACE_STYLE_USAGE(.BOTH.,#13015);
#13015 = SURFACE_SIDE_STYLE('',(#13016));
#13016 = SURFACE_STYLE_FILL_AREA(#13017);
#13017 = FILL_AREA_STYLE('',(#13018));
#13018 = FILL_AREA_STYLE_COLOUR('',#12689);
#13019 = OVER_RIDING_STYLED_ITEM('overriding color',(#13020),#5434,
  #12671);
#13020 = PRESENTATION_STYLE_ASSIGNMENT((#13021));
#13021 = SURFACE_STYLE_USAGE(.BOTH.,#13022);
#13022 = SURFACE_SIDE_STYLE('',(#13023));
#13023 = SURFACE_STYLE_FILL_AREA(#13024);
#13024 = FILL_AREA_STYLE('',(#13025));
#13025 = FILL_AREA_STYLE_COLOUR('',#12689);
#13026 = OVER_RIDING_STYLED_ITEM('overriding color',(#13027),#5477,
  #12671);
#13027 = PRESENTATION_STYLE_ASSIGNMENT((#13028));
#13028 = SURFACE_STYLE_USAGE(.BOTH.,#13029);
#13029 = SURFACE_SIDE_STYLE('',(#13030));
#13030 = SURFACE_STYLE_FILL_AREA(#13031);
#13031 = FILL_AREA_STYLE('',(#13032));
#13032 = FILL_AREA_STYLE_COLOUR('',#12689);
#13033 = OVER_RIDING_STYLED_ITEM('overriding color',(#13034),#5495,
  #12671);
#13034 = PRESENTATION_STYLE_ASSIGNMENT((#13035));
#13035 = SURFACE_STYLE_USAGE(.BOTH.,#13036);
#13036 = SURFACE_SIDE_STYLE('',(#13037));
#13037 = SURFACE_STYLE_FILL_AREA(#13038);
#13038 = FILL_AREA_STYLE('',(#13039));
#13039 = FILL_AREA_STYLE_COLOUR('',#12689);
#13040 = OVER_RIDING_STYLED_ITEM('overriding color',(#13041),#5526,
  #12671);
#13041 = PRESENTATION_STYLE_ASSIGNMENT((#13042));
#13042 = SURFACE_STYLE_USAGE(.BOTH.,#13043);
#13043 = SURFACE_SIDE_STYLE('',(#13044));
#13044 = SURFACE_STYLE_FILL_AREA(#13045);
#13045 = FILL_AREA_STYLE('',(#13046));
#13046 = FILL_AREA_STYLE_COLOUR('',#12689);
#13047 = OVER_RIDING_STYLED_ITEM('overriding color',(#13048),#5550,
  #12671);
#13048 = PRESENTATION_STYLE_ASSIGNMENT((#13049));
#13049 = SURFACE_STYLE_USAGE(.BOTH.,#13050);
#13050 = SURFACE_SIDE_STYLE('',(#13051));
#13051 = SURFACE_STYLE_FILL_AREA(#13052);
#13052 = FILL_AREA_STYLE('',(#13053));
#13053 = FILL_AREA_STYLE_COLOUR('',#12689);
#13054 = OVER_RIDING_STYLED_ITEM('overriding color',(#13055),#5574,
  #12671);
#13055 = PRESENTATION_STYLE_ASSIGNMENT((#13056));
#13056 = SURFACE_STYLE_USAGE(.BOTH.,#13057);
#13057 = SURFACE_SIDE_STYLE('',(#13058));
#13058 = SURFACE_STYLE_FILL_AREA(#13059);
#13059 = FILL_AREA_STYLE('',(#13060));
#13060 = FILL_AREA_STYLE_COLOUR('',#12689);
#13061 = OVER_RIDING_STYLED_ITEM('overriding color',(#13062),#5598,
  #12671);
#13062 = PRESENTATION_STYLE_ASSIGNMENT((#13063));
#13063 = SURFACE_STYLE_USAGE(.BOTH.,#13064);
#13064 = SURFACE_SIDE_STYLE('',(#13065));
#13065 = SURFACE_STYLE_FILL_AREA(#13066);
#13066 = FILL_AREA_STYLE('',(#13067));
#13067 = FILL_AREA_STYLE_COLOUR('',#12689);
#13068 = OVER_RIDING_STYLED_ITEM('overriding color',(#13069),#5622,
  #12671);
#13069 = PRESENTATION_STYLE_ASSIGNMENT((#13070));
#13070 = SURFACE_STYLE_USAGE(.BOTH.,#13071);
#13071 = SURFACE_SIDE_STYLE('',(#13072));
#13072 = SURFACE_STYLE_FILL_AREA(#13073);
#13073 = FILL_AREA_STYLE('',(#13074));
#13074 = FILL_AREA_STYLE_COLOUR('',#12689);
#13075 = OVER_RIDING_STYLED_ITEM('overriding color',(#13076),#5639,
  #12671);
#13076 = PRESENTATION_STYLE_ASSIGNMENT((#13077));
#13077 = SURFACE_STYLE_USAGE(.BOTH.,#13078);
#13078 = SURFACE_SIDE_STYLE('',(#13079));
#13079 = SURFACE_STYLE_FILL_AREA(#13080);
#13080 = FILL_AREA_STYLE('',(#13081));
#13081 = FILL_AREA_STYLE_COLOUR('',#12689);
#13082 = MECHANICAL_DESIGN_GEOMETRIC_PRESENTATION_REPRESENTATION('',(
    #13083,#13093,#13101,#13108,#13115,#13122,#13129,#13136,#13143,
    #13150,#13157,#13164,#13171,#13178,#13185,#13192,#13199,#13206,
    #13213,#13220,#13227,#13234,#13241,#13248,#13255,#13262,#13269,
    #13276,#13283,#13290,#13297,#13304,#13311,#13318,#13325,#13332,
    #13339,#13346,#13353,#13360,#13367,#13374,#13381,#13388,#13395,
    #13402,#13409,#13416,#13423,#13430,#13437,#13444,#13451,#13458,
    #13465,#13472,#13479,#13486,#13493,#13500,#13507,#13514,#13521,
    #13528,#13535,#13542,#13549,#13556,#13563,#13570,#13577,#13584,
    #13591,#13598,#13605,#13612,#13619,#13626,#13633,#13640,#13647,
    #13654,#13661,#13668,#13675,#13682,#13689,#13696,#13703,#13710,
    #13717,#13724,#13731,#13738,#13745,#13752,#13759,#13766,#13773,
    #13780,#13787,#13794,#13801,#13808,#13815,#13822,#13829,#13836,
    #13843,#13850,#13857,#13864,#13871,#13878,#13885,#13892,#13899,
    #13906,#13913,#13920,#13927,#13934,#13941,#13948,#13955,#13962,
    #13969,#13976,#13983,#13990,#13997,#14004,#14011,#14018,#14025,
    #14032,#14039,#14046,#14053,#14060,#14067,#14074,#14081,#14088,
    #14095,#14102,#14109,#14116,#14123,#14130,#14137,#14144,#14151,
    #14158,#14165,#14172,#14179,#14186,#14193),#12659);
#13083 = STYLED_ITEM('color',(#13084),#5699);
#13084 = PRESENTATION_STYLE_ASSIGNMENT((#13085,#13091));
#13085 = SURFACE_STYLE_USAGE(.BOTH.,#13086);
#13086 = SURFACE_SIDE_STYLE('',(#13087));
#13087 = SURFACE_STYLE_FILL_AREA(#13088);
#13088 = FILL_AREA_STYLE('',(#13089));
#13089 = FILL_AREA_STYLE_COLOUR('',#13090);
#13090 = COLOUR_RGB('',0.298039221799,0.298039221799,0.298039221799);
#13091 = CURVE_STYLE('',#13092,POSITIVE_LENGTH_MEASURE(0.1),#12681);
#13092 = DRAUGHTING_PRE_DEFINED_CURVE_FONT('continuous');
#13093 = OVER_RIDING_STYLED_ITEM('overriding color',(#13094),#8739,
  #13083);
#13094 = PRESENTATION_STYLE_ASSIGNMENT((#13095));
#13095 = SURFACE_STYLE_USAGE(.BOTH.,#13096);
#13096 = SURFACE_SIDE_STYLE('',(#13097));
#13097 = SURFACE_STYLE_FILL_AREA(#13098);
#13098 = FILL_AREA_STYLE('',(#13099));
#13099 = FILL_AREA_STYLE_COLOUR('',#13100);
#13100 = COLOUR_RGB('',0.827450977613,0.666666687201,0.129411774038);
#13101 = OVER_RIDING_STYLED_ITEM('overriding color',(#13102),#8770,
  #13083);
#13102 = PRESENTATION_STYLE_ASSIGNMENT((#13103));
#13103 = SURFACE_STYLE_USAGE(.BOTH.,#13104);
#13104 = SURFACE_SIDE_STYLE('',(#13105));
#13105 = SURFACE_STYLE_FILL_AREA(#13106);
#13106 = FILL_AREA_STYLE('',(#13107));
#13107 = FILL_AREA_STYLE_COLOUR('',#13100);
#13108 = OVER_RIDING_STYLED_ITEM('overriding color',(#13109),#8804,
  #13083);
#13109 = PRESENTATION_STYLE_ASSIGNMENT((#13110));
#13110 = SURFACE_STYLE_USAGE(.BOTH.,#13111);
#13111 = SURFACE_SIDE_STYLE('',(#13112));
#13112 = SURFACE_STYLE_FILL_AREA(#13113);
#13113 = FILL_AREA_STYLE('',(#13114));
#13114 = FILL_AREA_STYLE_COLOUR('',#13100);
#13115 = OVER_RIDING_STYLED_ITEM('overriding color',(#13116),#8838,
  #13083);
#13116 = PRESENTATION_STYLE_ASSIGNMENT((#13117));
#13117 = SURFACE_STYLE_USAGE(.BOTH.,#13118);
#13118 = SURFACE_SIDE_STYLE('',(#13119));
#13119 = SURFACE_STYLE_FILL_AREA(#13120);
#13120 = FILL_AREA_STYLE('',(#13121));
#13121 = FILL_AREA_STYLE_COLOUR('',#13100);
#13122 = OVER_RIDING_STYLED_ITEM('overriding color',(#13123),#8855,
  #13083);
#13123 = PRESENTATION_STYLE_ASSIGNMENT((#13124));
#13124 = SURFACE_STYLE_USAGE(.BOTH.,#13125);
#13125 = SURFACE_SIDE_STYLE('',(#13126));
#13126 = SURFACE_STYLE_FILL_AREA(#13127);
#13127 = FILL_AREA_STYLE('',(#13128));
#13128 = FILL_AREA_STYLE_COLOUR('',#13100);
#13129 = OVER_RIDING_STYLED_ITEM('overriding color',(#13130),#8872,
  #13083);
#13130 = PRESENTATION_STYLE_ASSIGNMENT((#13131));
#13131 = SURFACE_STYLE_USAGE(.BOTH.,#13132);
#13132 = SURFACE_SIDE_STYLE('',(#13133));
#13133 = SURFACE_STYLE_FILL_AREA(#13134);
#13134 = FILL_AREA_STYLE('',(#13135));
#13135 = FILL_AREA_STYLE_COLOUR('',#13100);
#13136 = OVER_RIDING_STYLED_ITEM('overriding color',(#13137),#8884,
  #13083);
#13137 = PRESENTATION_STYLE_ASSIGNMENT((#13138));
#13138 = SURFACE_STYLE_USAGE(.BOTH.,#13139);
#13139 = SURFACE_SIDE_STYLE('',(#13140));
#13140 = SURFACE_STYLE_FILL_AREA(#13141);
#13141 = FILL_AREA_STYLE('',(#13142));
#13142 = FILL_AREA_STYLE_COLOUR('',#13100);
#13143 = OVER_RIDING_STYLED_ITEM('overriding color',(#13144),#8915,
  #13083);
#13144 = PRESENTATION_STYLE_ASSIGNMENT((#13145));
#13145 = SURFACE_STYLE_USAGE(.BOTH.,#13146);
#13146 = SURFACE_SIDE_STYLE('',(#13147));
#13147 = SURFACE_STYLE_FILL_AREA(#13148);
#13148 = FILL_AREA_STYLE('',(#13149));
#13149 = FILL_AREA_STYLE_COLOUR('',#13100);
#13150 = OVER_RIDING_STYLED_ITEM('overriding color',(#13151),#8949,
  #13083);
#13151 = PRESENTATION_STYLE_ASSIGNMENT((#13152));
#13152 = SURFACE_STYLE_USAGE(.BOTH.,#13153);
#13153 = SURFACE_SIDE_STYLE('',(#13154));
#13154 = SURFACE_STYLE_FILL_AREA(#13155);
#13155 = FILL_AREA_STYLE('',(#13156));
#13156 = FILL_AREA_STYLE_COLOUR('',#13100);
#13157 = OVER_RIDING_STYLED_ITEM('overriding color',(#13158),#8983,
  #13083);
#13158 = PRESENTATION_STYLE_ASSIGNMENT((#13159));
#13159 = SURFACE_STYLE_USAGE(.BOTH.,#13160);
#13160 = SURFACE_SIDE_STYLE('',(#13161));
#13161 = SURFACE_STYLE_FILL_AREA(#13162);
#13162 = FILL_AREA_STYLE('',(#13163));
#13163 = FILL_AREA_STYLE_COLOUR('',#13100);
#13164 = OVER_RIDING_STYLED_ITEM('overriding color',(#13165),#9000,
  #13083);
#13165 = PRESENTATION_STYLE_ASSIGNMENT((#13166));
#13166 = SURFACE_STYLE_USAGE(.BOTH.,#13167);
#13167 = SURFACE_SIDE_STYLE('',(#13168));
#13168 = SURFACE_STYLE_FILL_AREA(#13169);
#13169 = FILL_AREA_STYLE('',(#13170));
#13170 = FILL_AREA_STYLE_COLOUR('',#13100);
#13171 = OVER_RIDING_STYLED_ITEM('overriding color',(#13172),#9017,
  #13083);
#13172 = PRESENTATION_STYLE_ASSIGNMENT((#13173));
#13173 = SURFACE_STYLE_USAGE(.BOTH.,#13174);
#13174 = SURFACE_SIDE_STYLE('',(#13175));
#13175 = SURFACE_STYLE_FILL_AREA(#13176);
#13176 = FILL_AREA_STYLE('',(#13177));
#13177 = FILL_AREA_STYLE_COLOUR('',#13100);
#13178 = OVER_RIDING_STYLED_ITEM('overriding color',(#13179),#9048,
  #13083);
#13179 = PRESENTATION_STYLE_ASSIGNMENT((#13180));
#13180 = SURFACE_STYLE_USAGE(.BOTH.,#13181);
#13181 = SURFACE_SIDE_STYLE('',(#13182));
#13182 = SURFACE_STYLE_FILL_AREA(#13183);
#13183 = FILL_AREA_STYLE('',(#13184));
#13184 = FILL_AREA_STYLE_COLOUR('',#13100);
#13185 = OVER_RIDING_STYLED_ITEM('overriding color',(#13186),#9082,
  #13083);
#13186 = PRESENTATION_STYLE_ASSIGNMENT((#13187));
#13187 = SURFACE_STYLE_USAGE(.BOTH.,#13188);
#13188 = SURFACE_SIDE_STYLE('',(#13189));
#13189 = SURFACE_STYLE_FILL_AREA(#13190);
#13190 = FILL_AREA_STYLE('',(#13191));
#13191 = FILL_AREA_STYLE_COLOUR('',#13100);
#13192 = OVER_RIDING_STYLED_ITEM('overriding color',(#13193),#9116,
  #13083);
#13193 = PRESENTATION_STYLE_ASSIGNMENT((#13194));
#13194 = SURFACE_STYLE_USAGE(.BOTH.,#13195);
#13195 = SURFACE_SIDE_STYLE('',(#13196));
#13196 = SURFACE_STYLE_FILL_AREA(#13197);
#13197 = FILL_AREA_STYLE('',(#13198));
#13198 = FILL_AREA_STYLE_COLOUR('',#13100);
#13199 = OVER_RIDING_STYLED_ITEM('overriding color',(#13200),#9133,
  #13083);
#13200 = PRESENTATION_STYLE_ASSIGNMENT((#13201));
#13201 = SURFACE_STYLE_USAGE(.BOTH.,#13202);
#13202 = SURFACE_SIDE_STYLE('',(#13203));
#13203 = SURFACE_STYLE_FILL_AREA(#13204);
#13204 = FILL_AREA_STYLE('',(#13205));
#13205 = FILL_AREA_STYLE_COLOUR('',#13100);
#13206 = OVER_RIDING_STYLED_ITEM('overriding color',(#13207),#9150,
  #13083);
#13207 = PRESENTATION_STYLE_ASSIGNMENT((#13208));
#13208 = SURFACE_STYLE_USAGE(.BOTH.,#13209);
#13209 = SURFACE_SIDE_STYLE('',(#13210));
#13210 = SURFACE_STYLE_FILL_AREA(#13211);
#13211 = FILL_AREA_STYLE('',(#13212));
#13212 = FILL_AREA_STYLE_COLOUR('',#13100);
#13213 = OVER_RIDING_STYLED_ITEM('overriding color',(#13214),#9181,
  #13083);
#13214 = PRESENTATION_STYLE_ASSIGNMENT((#13215));
#13215 = SURFACE_STYLE_USAGE(.BOTH.,#13216);
#13216 = SURFACE_SIDE_STYLE('',(#13217));
#13217 = SURFACE_STYLE_FILL_AREA(#13218);
#13218 = FILL_AREA_STYLE('',(#13219));
#13219 = FILL_AREA_STYLE_COLOUR('',#13100);
#13220 = OVER_RIDING_STYLED_ITEM('overriding color',(#13221),#9215,
  #13083);
#13221 = PRESENTATION_STYLE_ASSIGNMENT((#13222));
#13222 = SURFACE_STYLE_USAGE(.BOTH.,#13223);
#13223 = SURFACE_SIDE_STYLE('',(#13224));
#13224 = SURFACE_STYLE_FILL_AREA(#13225);
#13225 = FILL_AREA_STYLE('',(#13226));
#13226 = FILL_AREA_STYLE_COLOUR('',#13100);
#13227 = OVER_RIDING_STYLED_ITEM('overriding color',(#13228),#9249,
  #13083);
#13228 = PRESENTATION_STYLE_ASSIGNMENT((#13229));
#13229 = SURFACE_STYLE_USAGE(.BOTH.,#13230);
#13230 = SURFACE_SIDE_STYLE('',(#13231));
#13231 = SURFACE_STYLE_FILL_AREA(#13232);
#13232 = FILL_AREA_STYLE('',(#13233));
#13233 = FILL_AREA_STYLE_COLOUR('',#13100);
#13234 = OVER_RIDING_STYLED_ITEM('overriding color',(#13235),#9266,
  #13083);
#13235 = PRESENTATION_STYLE_ASSIGNMENT((#13236));
#13236 = SURFACE_STYLE_USAGE(.BOTH.,#13237);
#13237 = SURFACE_SIDE_STYLE('',(#13238));
#13238 = SURFACE_STYLE_FILL_AREA(#13239);
#13239 = FILL_AREA_STYLE('',(#13240));
#13240 = FILL_AREA_STYLE_COLOUR('',#13100);
#13241 = OVER_RIDING_STYLED_ITEM('overriding color',(#13242),#9283,
  #13083);
#13242 = PRESENTATION_STYLE_ASSIGNMENT((#13243));
#13243 = SURFACE_STYLE_USAGE(.BOTH.,#13244);
#13244 = SURFACE_SIDE_STYLE('',(#13245));
#13245 = SURFACE_STYLE_FILL_AREA(#13246);
#13246 = FILL_AREA_STYLE('',(#13247));
#13247 = FILL_AREA_STYLE_COLOUR('',#13100);
#13248 = OVER_RIDING_STYLED_ITEM('overriding color',(#13249),#9314,
  #13083);
#13249 = PRESENTATION_STYLE_ASSIGNMENT((#13250));
#13250 = SURFACE_STYLE_USAGE(.BOTH.,#13251);
#13251 = SURFACE_SIDE_STYLE('',(#13252));
#13252 = SURFACE_STYLE_FILL_AREA(#13253);
#13253 = FILL_AREA_STYLE('',(#13254));
#13254 = FILL_AREA_STYLE_COLOUR('',#13100);
#13255 = OVER_RIDING_STYLED_ITEM('overriding color',(#13256),#9348,
  #13083);
#13256 = PRESENTATION_STYLE_ASSIGNMENT((#13257));
#13257 = SURFACE_STYLE_USAGE(.BOTH.,#13258);
#13258 = SURFACE_SIDE_STYLE('',(#13259));
#13259 = SURFACE_STYLE_FILL_AREA(#13260);
#13260 = FILL_AREA_STYLE('',(#13261));
#13261 = FILL_AREA_STYLE_COLOUR('',#13100);
#13262 = OVER_RIDING_STYLED_ITEM('overriding color',(#13263),#9382,
  #13083);
#13263 = PRESENTATION_STYLE_ASSIGNMENT((#13264));
#13264 = SURFACE_STYLE_USAGE(.BOTH.,#13265);
#13265 = SURFACE_SIDE_STYLE('',(#13266));
#13266 = SURFACE_STYLE_FILL_AREA(#13267);
#13267 = FILL_AREA_STYLE('',(#13268));
#13268 = FILL_AREA_STYLE_COLOUR('',#13100);
#13269 = OVER_RIDING_STYLED_ITEM('overriding color',(#13270),#9399,
  #13083);
#13270 = PRESENTATION_STYLE_ASSIGNMENT((#13271));
#13271 = SURFACE_STYLE_USAGE(.BOTH.,#13272);
#13272 = SURFACE_SIDE_STYLE('',(#13273));
#13273 = SURFACE_STYLE_FILL_AREA(#13274);
#13274 = FILL_AREA_STYLE('',(#13275));
#13275 = FILL_AREA_STYLE_COLOUR('',#13100);
#13276 = OVER_RIDING_STYLED_ITEM('overriding color',(#13277),#9416,
  #13083);
#13277 = PRESENTATION_STYLE_ASSIGNMENT((#13278));
#13278 = SURFACE_STYLE_USAGE(.BOTH.,#13279);
#13279 = SURFACE_SIDE_STYLE('',(#13280));
#13280 = SURFACE_STYLE_FILL_AREA(#13281);
#13281 = FILL_AREA_STYLE('',(#13282));
#13282 = FILL_AREA_STYLE_COLOUR('',#13100);
#13283 = OVER_RIDING_STYLED_ITEM('overriding color',(#13284),#9447,
  #13083);
#13284 = PRESENTATION_STYLE_ASSIGNMENT((#13285));
#13285 = SURFACE_STYLE_USAGE(.BOTH.,#13286);
#13286 = SURFACE_SIDE_STYLE('',(#13287));
#13287 = SURFACE_STYLE_FILL_AREA(#13288);
#13288 = FILL_AREA_STYLE('',(#13289));
#13289 = FILL_AREA_STYLE_COLOUR('',#13100);
#13290 = OVER_RIDING_STYLED_ITEM('overriding color',(#13291),#9481,
  #13083);
#13291 = PRESENTATION_STYLE_ASSIGNMENT((#13292));
#13292 = SURFACE_STYLE_USAGE(.BOTH.,#13293);
#13293 = SURFACE_SIDE_STYLE('',(#13294));
#13294 = SURFACE_STYLE_FILL_AREA(#13295);
#13295 = FILL_AREA_STYLE('',(#13296));
#13296 = FILL_AREA_STYLE_COLOUR('',#13100);
#13297 = OVER_RIDING_STYLED_ITEM('overriding color',(#13298),#9515,
  #13083);
#13298 = PRESENTATION_STYLE_ASSIGNMENT((#13299));
#13299 = SURFACE_STYLE_USAGE(.BOTH.,#13300);
#13300 = SURFACE_SIDE_STYLE('',(#13301));
#13301 = SURFACE_STYLE_FILL_AREA(#13302);
#13302 = FILL_AREA_STYLE('',(#13303));
#13303 = FILL_AREA_STYLE_COLOUR('',#13100);
#13304 = OVER_RIDING_STYLED_ITEM('overriding color',(#13305),#9532,
  #13083);
#13305 = PRESENTATION_STYLE_ASSIGNMENT((#13306));
#13306 = SURFACE_STYLE_USAGE(.BOTH.,#13307);
#13307 = SURFACE_SIDE_STYLE('',(#13308));
#13308 = SURFACE_STYLE_FILL_AREA(#13309);
#13309 = FILL_AREA_STYLE('',(#13310));
#13310 = FILL_AREA_STYLE_COLOUR('',#13100);
#13311 = OVER_RIDING_STYLED_ITEM('overriding color',(#13312),#9549,
  #13083);
#13312 = PRESENTATION_STYLE_ASSIGNMENT((#13313));
#13313 = SURFACE_STYLE_USAGE(.BOTH.,#13314);
#13314 = SURFACE_SIDE_STYLE('',(#13315));
#13315 = SURFACE_STYLE_FILL_AREA(#13316);
#13316 = FILL_AREA_STYLE('',(#13317));
#13317 = FILL_AREA_STYLE_COLOUR('',#13100);
#13318 = OVER_RIDING_STYLED_ITEM('overriding color',(#13319),#9580,
  #13083);
#13319 = PRESENTATION_STYLE_ASSIGNMENT((#13320));
#13320 = SURFACE_STYLE_USAGE(.BOTH.,#13321);
#13321 = SURFACE_SIDE_STYLE('',(#13322));
#13322 = SURFACE_STYLE_FILL_AREA(#13323);
#13323 = FILL_AREA_STYLE('',(#13324));
#13324 = FILL_AREA_STYLE_COLOUR('',#13100);
#13325 = OVER_RIDING_STYLED_ITEM('overriding color',(#13326),#9614,
  #13083);
#13326 = PRESENTATION_STYLE_ASSIGNMENT((#13327));
#13327 = SURFACE_STYLE_USAGE(.BOTH.,#13328);
#13328 = SURFACE_SIDE_STYLE('',(#13329));
#13329 = SURFACE_STYLE_FILL_AREA(#13330);
#13330 = FILL_AREA_STYLE('',(#13331));
#13331 = FILL_AREA_STYLE_COLOUR('',#13100);
#13332 = OVER_RIDING_STYLED_ITEM('overriding color',(#13333),#9648,
  #13083);
#13333 = PRESENTATION_STYLE_ASSIGNMENT((#13334));
#13334 = SURFACE_STYLE_USAGE(.BOTH.,#13335);
#13335 = SURFACE_SIDE_STYLE('',(#13336));
#13336 = SURFACE_STYLE_FILL_AREA(#13337);
#13337 = FILL_AREA_STYLE('',(#13338));
#13338 = FILL_AREA_STYLE_COLOUR('',#13100);
#13339 = OVER_RIDING_STYLED_ITEM('overriding color',(#13340),#9665,
  #13083);
#13340 = PRESENTATION_STYLE_ASSIGNMENT((#13341));
#13341 = SURFACE_STYLE_USAGE(.BOTH.,#13342);
#13342 = SURFACE_SIDE_STYLE('',(#13343));
#13343 = SURFACE_STYLE_FILL_AREA(#13344);
#13344 = FILL_AREA_STYLE('',(#13345));
#13345 = FILL_AREA_STYLE_COLOUR('',#13100);
#13346 = OVER_RIDING_STYLED_ITEM('overriding color',(#13347),#9682,
  #13083);
#13347 = PRESENTATION_STYLE_ASSIGNMENT((#13348));
#13348 = SURFACE_STYLE_USAGE(.BOTH.,#13349);
#13349 = SURFACE_SIDE_STYLE('',(#13350));
#13350 = SURFACE_STYLE_FILL_AREA(#13351);
#13351 = FILL_AREA_STYLE('',(#13352));
#13352 = FILL_AREA_STYLE_COLOUR('',#13100);
#13353 = OVER_RIDING_STYLED_ITEM('overriding color',(#13354),#9713,
  #13083);
#13354 = PRESENTATION_STYLE_ASSIGNMENT((#13355));
#13355 = SURFACE_STYLE_USAGE(.BOTH.,#13356);
#13356 = SURFACE_SIDE_STYLE('',(#13357));
#13357 = SURFACE_STYLE_FILL_AREA(#13358);
#13358 = FILL_AREA_STYLE('',(#13359));
#13359 = FILL_AREA_STYLE_COLOUR('',#13100);
#13360 = OVER_RIDING_STYLED_ITEM('overriding color',(#13361),#9747,
  #13083);
#13361 = PRESENTATION_STYLE_ASSIGNMENT((#13362));
#13362 = SURFACE_STYLE_USAGE(.BOTH.,#13363);
#13363 = SURFACE_SIDE_STYLE('',(#13364));
#13364 = SURFACE_STYLE_FILL_AREA(#13365);
#13365 = FILL_AREA_STYLE('',(#13366));
#13366 = FILL_AREA_STYLE_COLOUR('',#13100);
#13367 = OVER_RIDING_STYLED_ITEM('overriding color',(#13368),#9781,
  #13083);
#13368 = PRESENTATION_STYLE_ASSIGNMENT((#13369));
#13369 = SURFACE_STYLE_USAGE(.BOTH.,#13370);
#13370 = SURFACE_SIDE_STYLE('',(#13371));
#13371 = SURFACE_STYLE_FILL_AREA(#13372);
#13372 = FILL_AREA_STYLE('',(#13373));
#13373 = FILL_AREA_STYLE_COLOUR('',#13100);
#13374 = OVER_RIDING_STYLED_ITEM('overriding color',(#13375),#9798,
  #13083);
#13375 = PRESENTATION_STYLE_ASSIGNMENT((#13376));
#13376 = SURFACE_STYLE_USAGE(.BOTH.,#13377);
#13377 = SURFACE_SIDE_STYLE('',(#13378));
#13378 = SURFACE_STYLE_FILL_AREA(#13379);
#13379 = FILL_AREA_STYLE('',(#13380));
#13380 = FILL_AREA_STYLE_COLOUR('',#13100);
#13381 = OVER_RIDING_STYLED_ITEM('overriding color',(#13382),#9815,
  #13083);
#13382 = PRESENTATION_STYLE_ASSIGNMENT((#13383));
#13383 = SURFACE_STYLE_USAGE(.BOTH.,#13384);
#13384 = SURFACE_SIDE_STYLE('',(#13385));
#13385 = SURFACE_STYLE_FILL_AREA(#13386);
#13386 = FILL_AREA_STYLE('',(#13387));
#13387 = FILL_AREA_STYLE_COLOUR('',#13100);
#13388 = OVER_RIDING_STYLED_ITEM('overriding color',(#13389),#9846,
  #13083);
#13389 = PRESENTATION_STYLE_ASSIGNMENT((#13390));
#13390 = SURFACE_STYLE_USAGE(.BOTH.,#13391);
#13391 = SURFACE_SIDE_STYLE('',(#13392));
#13392 = SURFACE_STYLE_FILL_AREA(#13393);
#13393 = FILL_AREA_STYLE('',(#13394));
#13394 = FILL_AREA_STYLE_COLOUR('',#13100);
#13395 = OVER_RIDING_STYLED_ITEM('overriding color',(#13396),#9880,
  #13083);
#13396 = PRESENTATION_STYLE_ASSIGNMENT((#13397));
#13397 = SURFACE_STYLE_USAGE(.BOTH.,#13398);
#13398 = SURFACE_SIDE_STYLE('',(#13399));
#13399 = SURFACE_STYLE_FILL_AREA(#13400);
#13400 = FILL_AREA_STYLE('',(#13401));
#13401 = FILL_AREA_STYLE_COLOUR('',#13100);
#13402 = OVER_RIDING_STYLED_ITEM('overriding color',(#13403),#9914,
  #13083);
#13403 = PRESENTATION_STYLE_ASSIGNMENT((#13404));
#13404 = SURFACE_STYLE_USAGE(.BOTH.,#13405);
#13405 = SURFACE_SIDE_STYLE('',(#13406));
#13406 = SURFACE_STYLE_FILL_AREA(#13407);
#13407 = FILL_AREA_STYLE('',(#13408));
#13408 = FILL_AREA_STYLE_COLOUR('',#13100);
#13409 = OVER_RIDING_STYLED_ITEM('overriding color',(#13410),#9931,
  #13083);
#13410 = PRESENTATION_STYLE_ASSIGNMENT((#13411));
#13411 = SURFACE_STYLE_USAGE(.BOTH.,#13412);
#13412 = SURFACE_SIDE_STYLE('',(#13413));
#13413 = SURFACE_STYLE_FILL_AREA(#13414);
#13414 = FILL_AREA_STYLE('',(#13415));
#13415 = FILL_AREA_STYLE_COLOUR('',#13100);
#13416 = OVER_RIDING_STYLED_ITEM('overriding color',(#13417),#9948,
  #13083);
#13417 = PRESENTATION_STYLE_ASSIGNMENT((#13418));
#13418 = SURFACE_STYLE_USAGE(.BOTH.,#13419);
#13419 = SURFACE_SIDE_STYLE('',(#13420));
#13420 = SURFACE_STYLE_FILL_AREA(#13421);
#13421 = FILL_AREA_STYLE('',(#13422));
#13422 = FILL_AREA_STYLE_COLOUR('',#13100);
#13423 = OVER_RIDING_STYLED_ITEM('overriding color',(#13424),#9979,
  #13083);
#13424 = PRESENTATION_STYLE_ASSIGNMENT((#13425));
#13425 = SURFACE_STYLE_USAGE(.BOTH.,#13426);
#13426 = SURFACE_SIDE_STYLE('',(#13427));
#13427 = SURFACE_STYLE_FILL_AREA(#13428);
#13428 = FILL_AREA_STYLE('',(#13429));
#13429 = FILL_AREA_STYLE_COLOUR('',#13100);
#13430 = OVER_RIDING_STYLED_ITEM('overriding color',(#13431),#10013,
  #13083);
#13431 = PRESENTATION_STYLE_ASSIGNMENT((#13432));
#13432 = SURFACE_STYLE_USAGE(.BOTH.,#13433);
#13433 = SURFACE_SIDE_STYLE('',(#13434));
#13434 = SURFACE_STYLE_FILL_AREA(#13435);
#13435 = FILL_AREA_STYLE('',(#13436));
#13436 = FILL_AREA_STYLE_COLOUR('',#13100);
#13437 = OVER_RIDING_STYLED_ITEM('overriding color',(#13438),#10047,
  #13083);
#13438 = PRESENTATION_STYLE_ASSIGNMENT((#13439));
#13439 = SURFACE_STYLE_USAGE(.BOTH.,#13440);
#13440 = SURFACE_SIDE_STYLE('',(#13441));
#13441 = SURFACE_STYLE_FILL_AREA(#13442);
#13442 = FILL_AREA_STYLE('',(#13443));
#13443 = FILL_AREA_STYLE_COLOUR('',#13100);
#13444 = OVER_RIDING_STYLED_ITEM('overriding color',(#13445),#10064,
  #13083);
#13445 = PRESENTATION_STYLE_ASSIGNMENT((#13446));
#13446 = SURFACE_STYLE_USAGE(.BOTH.,#13447);
#13447 = SURFACE_SIDE_STYLE('',(#13448));
#13448 = SURFACE_STYLE_FILL_AREA(#13449);
#13449 = FILL_AREA_STYLE('',(#13450));
#13450 = FILL_AREA_STYLE_COLOUR('',#13100);
#13451 = OVER_RIDING_STYLED_ITEM('overriding color',(#13452),#10081,
  #13083);
#13452 = PRESENTATION_STYLE_ASSIGNMENT((#13453));
#13453 = SURFACE_STYLE_USAGE(.BOTH.,#13454);
#13454 = SURFACE_SIDE_STYLE('',(#13455));
#13455 = SURFACE_STYLE_FILL_AREA(#13456);
#13456 = FILL_AREA_STYLE('',(#13457));
#13457 = FILL_AREA_STYLE_COLOUR('',#13100);
#13458 = OVER_RIDING_STYLED_ITEM('overriding color',(#13459),#10112,
  #13083);
#13459 = PRESENTATION_STYLE_ASSIGNMENT((#13460));
#13460 = SURFACE_STYLE_USAGE(.BOTH.,#13461);
#13461 = SURFACE_SIDE_STYLE('',(#13462));
#13462 = SURFACE_STYLE_FILL_AREA(#13463);
#13463 = FILL_AREA_STYLE('',(#13464));
#13464 = FILL_AREA_STYLE_COLOUR('',#13100);
#13465 = OVER_RIDING_STYLED_ITEM('overriding color',(#13466),#10146,
  #13083);
#13466 = PRESENTATION_STYLE_ASSIGNMENT((#13467));
#13467 = SURFACE_STYLE_USAGE(.BOTH.,#13468);
#13468 = SURFACE_SIDE_STYLE('',(#13469));
#13469 = SURFACE_STYLE_FILL_AREA(#13470);
#13470 = FILL_AREA_STYLE('',(#13471));
#13471 = FILL_AREA_STYLE_COLOUR('',#13100);
#13472 = OVER_RIDING_STYLED_ITEM('overriding color',(#13473),#10180,
  #13083);
#13473 = PRESENTATION_STYLE_ASSIGNMENT((#13474));
#13474 = SURFACE_STYLE_USAGE(.BOTH.,#13475);
#13475 = SURFACE_SIDE_STYLE('',(#13476));
#13476 = SURFACE_STYLE_FILL_AREA(#13477);
#13477 = FILL_AREA_STYLE('',(#13478));
#13478 = FILL_AREA_STYLE_COLOUR('',#13100);
#13479 = OVER_RIDING_STYLED_ITEM('overriding color',(#13480),#10197,
  #13083);
#13480 = PRESENTATION_STYLE_ASSIGNMENT((#13481));
#13481 = SURFACE_STYLE_USAGE(.BOTH.,#13482);
#13482 = SURFACE_SIDE_STYLE('',(#13483));
#13483 = SURFACE_STYLE_FILL_AREA(#13484);
#13484 = FILL_AREA_STYLE('',(#13485));
#13485 = FILL_AREA_STYLE_COLOUR('',#13100);
#13486 = OVER_RIDING_STYLED_ITEM('overriding color',(#13487),#10214,
  #13083);
#13487 = PRESENTATION_STYLE_ASSIGNMENT((#13488));
#13488 = SURFACE_STYLE_USAGE(.BOTH.,#13489);
#13489 = SURFACE_SIDE_STYLE('',(#13490));
#13490 = SURFACE_STYLE_FILL_AREA(#13491);
#13491 = FILL_AREA_STYLE('',(#13492));
#13492 = FILL_AREA_STYLE_COLOUR('',#13100);
#13493 = OVER_RIDING_STYLED_ITEM('overriding color',(#13494),#10245,
  #13083);
#13494 = PRESENTATION_STYLE_ASSIGNMENT((#13495));
#13495 = SURFACE_STYLE_USAGE(.BOTH.,#13496);
#13496 = SURFACE_SIDE_STYLE('',(#13497));
#13497 = SURFACE_STYLE_FILL_AREA(#13498);
#13498 = FILL_AREA_STYLE('',(#13499));
#13499 = FILL_AREA_STYLE_COLOUR('',#13100);
#13500 = OVER_RIDING_STYLED_ITEM('overriding color',(#13501),#10279,
  #13083);
#13501 = PRESENTATION_STYLE_ASSIGNMENT((#13502));
#13502 = SURFACE_STYLE_USAGE(.BOTH.,#13503);
#13503 = SURFACE_SIDE_STYLE('',(#13504));
#13504 = SURFACE_STYLE_FILL_AREA(#13505);
#13505 = FILL_AREA_STYLE('',(#13506));
#13506 = FILL_AREA_STYLE_COLOUR('',#13100);
#13507 = OVER_RIDING_STYLED_ITEM('overriding color',(#13508),#10313,
  #13083);
#13508 = PRESENTATION_STYLE_ASSIGNMENT((#13509));
#13509 = SURFACE_STYLE_USAGE(.BOTH.,#13510);
#13510 = SURFACE_SIDE_STYLE('',(#13511));
#13511 = SURFACE_STYLE_FILL_AREA(#13512);
#13512 = FILL_AREA_STYLE('',(#13513));
#13513 = FILL_AREA_STYLE_COLOUR('',#13100);
#13514 = OVER_RIDING_STYLED_ITEM('overriding color',(#13515),#10330,
  #13083);
#13515 = PRESENTATION_STYLE_ASSIGNMENT((#13516));
#13516 = SURFACE_STYLE_USAGE(.BOTH.,#13517);
#13517 = SURFACE_SIDE_STYLE('',(#13518));
#13518 = SURFACE_STYLE_FILL_AREA(#13519);
#13519 = FILL_AREA_STYLE('',(#13520));
#13520 = FILL_AREA_STYLE_COLOUR('',#13100);
#13521 = OVER_RIDING_STYLED_ITEM('overriding color',(#13522),#10347,
  #13083);
#13522 = PRESENTATION_STYLE_ASSIGNMENT((#13523));
#13523 = SURFACE_STYLE_USAGE(.BOTH.,#13524);
#13524 = SURFACE_SIDE_STYLE('',(#13525));
#13525 = SURFACE_STYLE_FILL_AREA(#13526);
#13526 = FILL_AREA_STYLE('',(#13527));
#13527 = FILL_AREA_STYLE_COLOUR('',#13100);
#13528 = OVER_RIDING_STYLED_ITEM('overriding color',(#13529),#10359,
  #13083);
#13529 = PRESENTATION_STYLE_ASSIGNMENT((#13530));
#13530 = SURFACE_STYLE_USAGE(.BOTH.,#13531);
#13531 = SURFACE_SIDE_STYLE('',(#13532));
#13532 = SURFACE_STYLE_FILL_AREA(#13533);
#13533 = FILL_AREA_STYLE('',(#13534));
#13534 = FILL_AREA_STYLE_COLOUR('',#13100);
#13535 = OVER_RIDING_STYLED_ITEM('overriding color',(#13536),#10371,
  #13083);
#13536 = PRESENTATION_STYLE_ASSIGNMENT((#13537));
#13537 = SURFACE_STYLE_USAGE(.BOTH.,#13538);
#13538 = SURFACE_SIDE_STYLE('',(#13539));
#13539 = SURFACE_STYLE_FILL_AREA(#13540);
#13540 = FILL_AREA_STYLE('',(#13541));
#13541 = FILL_AREA_STYLE_COLOUR('',#13100);
#13542 = OVER_RIDING_STYLED_ITEM('overriding color',(#13543),#10383,
  #13083);
#13543 = PRESENTATION_STYLE_ASSIGNMENT((#13544));
#13544 = SURFACE_STYLE_USAGE(.BOTH.,#13545);
#13545 = SURFACE_SIDE_STYLE('',(#13546));
#13546 = SURFACE_STYLE_FILL_AREA(#13547);
#13547 = FILL_AREA_STYLE('',(#13548));
#13548 = FILL_AREA_STYLE_COLOUR('',#13100);
#13549 = OVER_RIDING_STYLED_ITEM('overriding color',(#13550),#10395,
  #13083);
#13550 = PRESENTATION_STYLE_ASSIGNMENT((#13551));
#13551 = SURFACE_STYLE_USAGE(.BOTH.,#13552);
#13552 = SURFACE_SIDE_STYLE('',(#13553));
#13553 = SURFACE_STYLE_FILL_AREA(#13554);
#13554 = FILL_AREA_STYLE('',(#13555));
#13555 = FILL_AREA_STYLE_COLOUR('',#13100);
#13556 = OVER_RIDING_STYLED_ITEM('overriding color',(#13557),#10407,
  #13083);
#13557 = PRESENTATION_STYLE_ASSIGNMENT((#13558));
#13558 = SURFACE_STYLE_USAGE(.BOTH.,#13559);
#13559 = SURFACE_SIDE_STYLE('',(#13560));
#13560 = SURFACE_STYLE_FILL_AREA(#13561);
#13561 = FILL_AREA_STYLE('',(#13562));
#13562 = FILL_AREA_STYLE_COLOUR('',#13100);
#13563 = OVER_RIDING_STYLED_ITEM('overriding color',(#13564),#10419,
  #13083);
#13564 = PRESENTATION_STYLE_ASSIGNMENT((#13565));
#13565 = SURFACE_STYLE_USAGE(.BOTH.,#13566);
#13566 = SURFACE_SIDE_STYLE('',(#13567));
#13567 = SURFACE_STYLE_FILL_AREA(#13568);
#13568 = FILL_AREA_STYLE('',(#13569));
#13569 = FILL_AREA_STYLE_COLOUR('',#13100);
#13570 = OVER_RIDING_STYLED_ITEM('overriding color',(#13571),#10431,
  #13083);
#13571 = PRESENTATION_STYLE_ASSIGNMENT((#13572));
#13572 = SURFACE_STYLE_USAGE(.BOTH.,#13573);
#13573 = SURFACE_SIDE_STYLE('',(#13574));
#13574 = SURFACE_STYLE_FILL_AREA(#13575);
#13575 = FILL_AREA_STYLE('',(#13576));
#13576 = FILL_AREA_STYLE_COLOUR('',#13100);
#13577 = OVER_RIDING_STYLED_ITEM('overriding color',(#13578),#10443,
  #13083);
#13578 = PRESENTATION_STYLE_ASSIGNMENT((#13579));
#13579 = SURFACE_STYLE_USAGE(.BOTH.,#13580);
#13580 = SURFACE_SIDE_STYLE('',(#13581));
#13581 = SURFACE_STYLE_FILL_AREA(#13582);
#13582 = FILL_AREA_STYLE('',(#13583));
#13583 = FILL_AREA_STYLE_COLOUR('',#13100);
#13584 = OVER_RIDING_STYLED_ITEM('overriding color',(#13585),#10455,
  #13083);
#13585 = PRESENTATION_STYLE_ASSIGNMENT((#13586));
#13586 = SURFACE_STYLE_USAGE(.BOTH.,#13587);
#13587 = SURFACE_SIDE_STYLE('',(#13588));
#13588 = SURFACE_STYLE_FILL_AREA(#13589);
#13589 = FILL_AREA_STYLE('',(#13590));
#13590 = FILL_AREA_STYLE_COLOUR('',#13100);
#13591 = OVER_RIDING_STYLED_ITEM('overriding color',(#13592),#10467,
  #13083);
#13592 = PRESENTATION_STYLE_ASSIGNMENT((#13593));
#13593 = SURFACE_STYLE_USAGE(.BOTH.,#13594);
#13594 = SURFACE_SIDE_STYLE('',(#13595));
#13595 = SURFACE_STYLE_FILL_AREA(#13596);
#13596 = FILL_AREA_STYLE('',(#13597));
#13597 = FILL_AREA_STYLE_COLOUR('',#13100);
#13598 = OVER_RIDING_STYLED_ITEM('overriding color',(#13599),#10479,
  #13083);
#13599 = PRESENTATION_STYLE_ASSIGNMENT((#13600));
#13600 = SURFACE_STYLE_USAGE(.BOTH.,#13601);
#13601 = SURFACE_SIDE_STYLE('',(#13602));
#13602 = SURFACE_STYLE_FILL_AREA(#13603);
#13603 = FILL_AREA_STYLE('',(#13604));
#13604 = FILL_AREA_STYLE_COLOUR('',#13100);
#13605 = OVER_RIDING_STYLED_ITEM('overriding color',(#13606),#10510,
  #13083);
#13606 = PRESENTATION_STYLE_ASSIGNMENT((#13607));
#13607 = SURFACE_STYLE_USAGE(.BOTH.,#13608);
#13608 = SURFACE_SIDE_STYLE('',(#13609));
#13609 = SURFACE_STYLE_FILL_AREA(#13610);
#13610 = FILL_AREA_STYLE('',(#13611));
#13611 = FILL_AREA_STYLE_COLOUR('',#13100);
#13612 = OVER_RIDING_STYLED_ITEM('overriding color',(#13613),#10544,
  #13083);
#13613 = PRESENTATION_STYLE_ASSIGNMENT((#13614));
#13614 = SURFACE_STYLE_USAGE(.BOTH.,#13615);
#13615 = SURFACE_SIDE_STYLE('',(#13616));
#13616 = SURFACE_STYLE_FILL_AREA(#13617);
#13617 = FILL_AREA_STYLE('',(#13618));
#13618 = FILL_AREA_STYLE_COLOUR('',#13100);
#13619 = OVER_RIDING_STYLED_ITEM('overriding color',(#13620),#10578,
  #13083);
#13620 = PRESENTATION_STYLE_ASSIGNMENT((#13621));
#13621 = SURFACE_STYLE_USAGE(.BOTH.,#13622);
#13622 = SURFACE_SIDE_STYLE('',(#13623));
#13623 = SURFACE_STYLE_FILL_AREA(#13624);
#13624 = FILL_AREA_STYLE('',(#13625));
#13625 = FILL_AREA_STYLE_COLOUR('',#13100);
#13626 = OVER_RIDING_STYLED_ITEM('overriding color',(#13627),#10595,
  #13083);
#13627 = PRESENTATION_STYLE_ASSIGNMENT((#13628));
#13628 = SURFACE_STYLE_USAGE(.BOTH.,#13629);
#13629 = SURFACE_SIDE_STYLE('',(#13630));
#13630 = SURFACE_STYLE_FILL_AREA(#13631);
#13631 = FILL_AREA_STYLE('',(#13632));
#13632 = FILL_AREA_STYLE_COLOUR('',#13100);
#13633 = OVER_RIDING_STYLED_ITEM('overriding color',(#13634),#10612,
  #13083);
#13634 = PRESENTATION_STYLE_ASSIGNMENT((#13635));
#13635 = SURFACE_STYLE_USAGE(.BOTH.,#13636);
#13636 = SURFACE_SIDE_STYLE('',(#13637));
#13637 = SURFACE_STYLE_FILL_AREA(#13638);
#13638 = FILL_AREA_STYLE('',(#13639));
#13639 = FILL_AREA_STYLE_COLOUR('',#13100);
#13640 = OVER_RIDING_STYLED_ITEM('overriding color',(#13641),#10624,
  #13083);
#13641 = PRESENTATION_STYLE_ASSIGNMENT((#13642));
#13642 = SURFACE_STYLE_USAGE(.BOTH.,#13643);
#13643 = SURFACE_SIDE_STYLE('',(#13644));
#13644 = SURFACE_STYLE_FILL_AREA(#13645);
#13645 = FILL_AREA_STYLE('',(#13646));
#13646 = FILL_AREA_STYLE_COLOUR('',#13100);
#13647 = OVER_RIDING_STYLED_ITEM('overriding color',(#13648),#10655,
  #13083);
#13648 = PRESENTATION_STYLE_ASSIGNMENT((#13649));
#13649 = SURFACE_STYLE_USAGE(.BOTH.,#13650);
#13650 = SURFACE_SIDE_STYLE('',(#13651));
#13651 = SURFACE_STYLE_FILL_AREA(#13652);
#13652 = FILL_AREA_STYLE('',(#13653));
#13653 = FILL_AREA_STYLE_COLOUR('',#13100);
#13654 = OVER_RIDING_STYLED_ITEM('overriding color',(#13655),#10689,
  #13083);
#13655 = PRESENTATION_STYLE_ASSIGNMENT((#13656));
#13656 = SURFACE_STYLE_USAGE(.BOTH.,#13657);
#13657 = SURFACE_SIDE_STYLE('',(#13658));
#13658 = SURFACE_STYLE_FILL_AREA(#13659);
#13659 = FILL_AREA_STYLE('',(#13660));
#13660 = FILL_AREA_STYLE_COLOUR('',#13100);
#13661 = OVER_RIDING_STYLED_ITEM('overriding color',(#13662),#10723,
  #13083);
#13662 = PRESENTATION_STYLE_ASSIGNMENT((#13663));
#13663 = SURFACE_STYLE_USAGE(.BOTH.,#13664);
#13664 = SURFACE_SIDE_STYLE('',(#13665));
#13665 = SURFACE_STYLE_FILL_AREA(#13666);
#13666 = FILL_AREA_STYLE('',(#13667));
#13667 = FILL_AREA_STYLE_COLOUR('',#13100);
#13668 = OVER_RIDING_STYLED_ITEM('overriding color',(#13669),#10740,
  #13083);
#13669 = PRESENTATION_STYLE_ASSIGNMENT((#13670));
#13670 = SURFACE_STYLE_USAGE(.BOTH.,#13671);
#13671 = SURFACE_SIDE_STYLE('',(#13672));
#13672 = SURFACE_STYLE_FILL_AREA(#13673);
#13673 = FILL_AREA_STYLE('',(#13674));
#13674 = FILL_AREA_STYLE_COLOUR('',#13100);
#13675 = OVER_RIDING_STYLED_ITEM('overriding color',(#13676),#10757,
  #13083);
#13676 = PRESENTATION_STYLE_ASSIGNMENT((#13677));
#13677 = SURFACE_STYLE_USAGE(.BOTH.,#13678);
#13678 = SURFACE_SIDE_STYLE('',(#13679));
#13679 = SURFACE_STYLE_FILL_AREA(#13680);
#13680 = FILL_AREA_STYLE('',(#13681));
#13681 = FILL_AREA_STYLE_COLOUR('',#13100);
#13682 = OVER_RIDING_STYLED_ITEM('overriding color',(#13683),#10788,
  #13083);
#13683 = PRESENTATION_STYLE_ASSIGNMENT((#13684));
#13684 = SURFACE_STYLE_USAGE(.BOTH.,#13685);
#13685 = SURFACE_SIDE_STYLE('',(#13686));
#13686 = SURFACE_STYLE_FILL_AREA(#13687);
#13687 = FILL_AREA_STYLE('',(#13688));
#13688 = FILL_AREA_STYLE_COLOUR('',#13100);
#13689 = OVER_RIDING_STYLED_ITEM('overriding color',(#13690),#10822,
  #13083);
#13690 = PRESENTATION_STYLE_ASSIGNMENT((#13691));
#13691 = SURFACE_STYLE_USAGE(.BOTH.,#13692);
#13692 = SURFACE_SIDE_STYLE('',(#13693));
#13693 = SURFACE_STYLE_FILL_AREA(#13694);
#13694 = FILL_AREA_STYLE('',(#13695));
#13695 = FILL_AREA_STYLE_COLOUR('',#13100);
#13696 = OVER_RIDING_STYLED_ITEM('overriding color',(#13697),#10856,
  #13083);
#13697 = PRESENTATION_STYLE_ASSIGNMENT((#13698));
#13698 = SURFACE_STYLE_USAGE(.BOTH.,#13699);
#13699 = SURFACE_SIDE_STYLE('',(#13700));
#13700 = SURFACE_STYLE_FILL_AREA(#13701);
#13701 = FILL_AREA_STYLE('',(#13702));
#13702 = FILL_AREA_STYLE_COLOUR('',#13100);
#13703 = OVER_RIDING_STYLED_ITEM('overriding color',(#13704),#10873,
  #13083);
#13704 = PRESENTATION_STYLE_ASSIGNMENT((#13705));
#13705 = SURFACE_STYLE_USAGE(.BOTH.,#13706);
#13706 = SURFACE_SIDE_STYLE('',(#13707));
#13707 = SURFACE_STYLE_FILL_AREA(#13708);
#13708 = FILL_AREA_STYLE('',(#13709));
#13709 = FILL_AREA_STYLE_COLOUR('',#13100);
#13710 = OVER_RIDING_STYLED_ITEM('overriding color',(#13711),#10890,
  #13083);
#13711 = PRESENTATION_STYLE_ASSIGNMENT((#13712));
#13712 = SURFACE_STYLE_USAGE(.BOTH.,#13713);
#13713 = SURFACE_SIDE_STYLE('',(#13714));
#13714 = SURFACE_STYLE_FILL_AREA(#13715);
#13715 = FILL_AREA_STYLE('',(#13716));
#13716 = FILL_AREA_STYLE_COLOUR('',#13100);
#13717 = OVER_RIDING_STYLED_ITEM('overriding color',(#13718),#10921,
  #13083);
#13718 = PRESENTATION_STYLE_ASSIGNMENT((#13719));
#13719 = SURFACE_STYLE_USAGE(.BOTH.,#13720);
#13720 = SURFACE_SIDE_STYLE('',(#13721));
#13721 = SURFACE_STYLE_FILL_AREA(#13722);
#13722 = FILL_AREA_STYLE('',(#13723));
#13723 = FILL_AREA_STYLE_COLOUR('',#13100);
#13724 = OVER_RIDING_STYLED_ITEM('overriding color',(#13725),#10955,
  #13083);
#13725 = PRESENTATION_STYLE_ASSIGNMENT((#13726));
#13726 = SURFACE_STYLE_USAGE(.BOTH.,#13727);
#13727 = SURFACE_SIDE_STYLE('',(#13728));
#13728 = SURFACE_STYLE_FILL_AREA(#13729);
#13729 = FILL_AREA_STYLE('',(#13730));
#13730 = FILL_AREA_STYLE_COLOUR('',#13100);
#13731 = OVER_RIDING_STYLED_ITEM('overriding color',(#13732),#10989,
  #13083);
#13732 = PRESENTATION_STYLE_ASSIGNMENT((#13733));
#13733 = SURFACE_STYLE_USAGE(.BOTH.,#13734);
#13734 = SURFACE_SIDE_STYLE('',(#13735));
#13735 = SURFACE_STYLE_FILL_AREA(#13736);
#13736 = FILL_AREA_STYLE('',(#13737));
#13737 = FILL_AREA_STYLE_COLOUR('',#13100);
#13738 = OVER_RIDING_STYLED_ITEM('overriding color',(#13739),#11006,
  #13083);
#13739 = PRESENTATION_STYLE_ASSIGNMENT((#13740));
#13740 = SURFACE_STYLE_USAGE(.BOTH.,#13741);
#13741 = SURFACE_SIDE_STYLE('',(#13742));
#13742 = SURFACE_STYLE_FILL_AREA(#13743);
#13743 = FILL_AREA_STYLE('',(#13744));
#13744 = FILL_AREA_STYLE_COLOUR('',#13100);
#13745 = OVER_RIDING_STYLED_ITEM('overriding color',(#13746),#11023,
  #13083);
#13746 = PRESENTATION_STYLE_ASSIGNMENT((#13747));
#13747 = SURFACE_STYLE_USAGE(.BOTH.,#13748);
#13748 = SURFACE_SIDE_STYLE('',(#13749));
#13749 = SURFACE_STYLE_FILL_AREA(#13750);
#13750 = FILL_AREA_STYLE('',(#13751));
#13751 = FILL_AREA_STYLE_COLOUR('',#13100);
#13752 = OVER_RIDING_STYLED_ITEM('overriding color',(#13753),#11054,
  #13083);
#13753 = PRESENTATION_STYLE_ASSIGNMENT((#13754));
#13754 = SURFACE_STYLE_USAGE(.BOTH.,#13755);
#13755 = SURFACE_SIDE_STYLE('',(#13756));
#13756 = SURFACE_STYLE_FILL_AREA(#13757);
#13757 = FILL_AREA_STYLE('',(#13758));
#13758 = FILL_AREA_STYLE_COLOUR('',#13100);
#13759 = OVER_RIDING_STYLED_ITEM('overriding color',(#13760),#11088,
  #13083);
#13760 = PRESENTATION_STYLE_ASSIGNMENT((#13761));
#13761 = SURFACE_STYLE_USAGE(.BOTH.,#13762);
#13762 = SURFACE_SIDE_STYLE('',(#13763));
#13763 = SURFACE_STYLE_FILL_AREA(#13764);
#13764 = FILL_AREA_STYLE('',(#13765));
#13765 = FILL_AREA_STYLE_COLOUR('',#13100);
#13766 = OVER_RIDING_STYLED_ITEM('overriding color',(#13767),#11122,
  #13083);
#13767 = PRESENTATION_STYLE_ASSIGNMENT((#13768));
#13768 = SURFACE_STYLE_USAGE(.BOTH.,#13769);
#13769 = SURFACE_SIDE_STYLE('',(#13770));
#13770 = SURFACE_STYLE_FILL_AREA(#13771);
#13771 = FILL_AREA_STYLE('',(#13772));
#13772 = FILL_AREA_STYLE_COLOUR('',#13100);
#13773 = OVER_RIDING_STYLED_ITEM('overriding color',(#13774),#11139,
  #13083);
#13774 = PRESENTATION_STYLE_ASSIGNMENT((#13775));
#13775 = SURFACE_STYLE_USAGE(.BOTH.,#13776);
#13776 = SURFACE_SIDE_STYLE('',(#13777));
#13777 = SURFACE_STYLE_FILL_AREA(#13778);
#13778 = FILL_AREA_STYLE('',(#13779));
#13779 = FILL_AREA_STYLE_COLOUR('',#13100);
#13780 = OVER_RIDING_STYLED_ITEM('overriding color',(#13781),#11156,
  #13083);
#13781 = PRESENTATION_STYLE_ASSIGNMENT((#13782));
#13782 = SURFACE_STYLE_USAGE(.BOTH.,#13783);
#13783 = SURFACE_SIDE_STYLE('',(#13784));
#13784 = SURFACE_STYLE_FILL_AREA(#13785);
#13785 = FILL_AREA_STYLE('',(#13786));
#13786 = FILL_AREA_STYLE_COLOUR('',#13100);
#13787 = OVER_RIDING_STYLED_ITEM('overriding color',(#13788),#11187,
  #13083);
#13788 = PRESENTATION_STYLE_ASSIGNMENT((#13789));
#13789 = SURFACE_STYLE_USAGE(.BOTH.,#13790);
#13790 = SURFACE_SIDE_STYLE('',(#13791));
#13791 = SURFACE_STYLE_FILL_AREA(#13792);
#13792 = FILL_AREA_STYLE('',(#13793));
#13793 = FILL_AREA_STYLE_COLOUR('',#13100);
#13794 = OVER_RIDING_STYLED_ITEM('overriding color',(#13795),#11221,
  #13083);
#13795 = PRESENTATION_STYLE_ASSIGNMENT((#13796));
#13796 = SURFACE_STYLE_USAGE(.BOTH.,#13797);
#13797 = SURFACE_SIDE_STYLE('',(#13798));
#13798 = SURFACE_STYLE_FILL_AREA(#13799);
#13799 = FILL_AREA_STYLE('',(#13800));
#13800 = FILL_AREA_STYLE_COLOUR('',#13100);
#13801 = OVER_RIDING_STYLED_ITEM('overriding color',(#13802),#11255,
  #13083);
#13802 = PRESENTATION_STYLE_ASSIGNMENT((#13803));
#13803 = SURFACE_STYLE_USAGE(.BOTH.,#13804);
#13804 = SURFACE_SIDE_STYLE('',(#13805));
#13805 = SURFACE_STYLE_FILL_AREA(#13806);
#13806 = FILL_AREA_STYLE('',(#13807));
#13807 = FILL_AREA_STYLE_COLOUR('',#13100);
#13808 = OVER_RIDING_STYLED_ITEM('overriding color',(#13809),#11272,
  #13083);
#13809 = PRESENTATION_STYLE_ASSIGNMENT((#13810));
#13810 = SURFACE_STYLE_USAGE(.BOTH.,#13811);
#13811 = SURFACE_SIDE_STYLE('',(#13812));
#13812 = SURFACE_STYLE_FILL_AREA(#13813);
#13813 = FILL_AREA_STYLE('',(#13814));
#13814 = FILL_AREA_STYLE_COLOUR('',#13100);
#13815 = OVER_RIDING_STYLED_ITEM('overriding color',(#13816),#11289,
  #13083);
#13816 = PRESENTATION_STYLE_ASSIGNMENT((#13817));
#13817 = SURFACE_STYLE_USAGE(.BOTH.,#13818);
#13818 = SURFACE_SIDE_STYLE('',(#13819));
#13819 = SURFACE_STYLE_FILL_AREA(#13820);
#13820 = FILL_AREA_STYLE('',(#13821));
#13821 = FILL_AREA_STYLE_COLOUR('',#13100);
#13822 = OVER_RIDING_STYLED_ITEM('overriding color',(#13823),#11320,
  #13083);
#13823 = PRESENTATION_STYLE_ASSIGNMENT((#13824));
#13824 = SURFACE_STYLE_USAGE(.BOTH.,#13825);
#13825 = SURFACE_SIDE_STYLE('',(#13826));
#13826 = SURFACE_STYLE_FILL_AREA(#13827);
#13827 = FILL_AREA_STYLE('',(#13828));
#13828 = FILL_AREA_STYLE_COLOUR('',#13100);
#13829 = OVER_RIDING_STYLED_ITEM('overriding color',(#13830),#11354,
  #13083);
#13830 = PRESENTATION_STYLE_ASSIGNMENT((#13831));
#13831 = SURFACE_STYLE_USAGE(.BOTH.,#13832);
#13832 = SURFACE_SIDE_STYLE('',(#13833));
#13833 = SURFACE_STYLE_FILL_AREA(#13834);
#13834 = FILL_AREA_STYLE('',(#13835));
#13835 = FILL_AREA_STYLE_COLOUR('',#13100);
#13836 = OVER_RIDING_STYLED_ITEM('overriding color',(#13837),#11388,
  #13083);
#13837 = PRESENTATION_STYLE_ASSIGNMENT((#13838));
#13838 = SURFACE_STYLE_USAGE(.BOTH.,#13839);
#13839 = SURFACE_SIDE_STYLE('',(#13840));
#13840 = SURFACE_STYLE_FILL_AREA(#13841);
#13841 = FILL_AREA_STYLE('',(#13842));
#13842 = FILL_AREA_STYLE_COLOUR('',#13100);
#13843 = OVER_RIDING_STYLED_ITEM('overriding color',(#13844),#11405,
  #13083);
#13844 = PRESENTATION_STYLE_ASSIGNMENT((#13845));
#13845 = SURFACE_STYLE_USAGE(.BOTH.,#13846);
#13846 = SURFACE_SIDE_STYLE('',(#13847));
#13847 = SURFACE_STYLE_FILL_AREA(#13848);
#13848 = FILL_AREA_STYLE('',(#13849));
#13849 = FILL_AREA_STYLE_COLOUR('',#13100);
#13850 = OVER_RIDING_STYLED_ITEM('overriding color',(#13851),#11422,
  #13083);
#13851 = PRESENTATION_STYLE_ASSIGNMENT((#13852));
#13852 = SURFACE_STYLE_USAGE(.BOTH.,#13853);
#13853 = SURFACE_SIDE_STYLE('',(#13854));
#13854 = SURFACE_STYLE_FILL_AREA(#13855);
#13855 = FILL_AREA_STYLE('',(#13856));
#13856 = FILL_AREA_STYLE_COLOUR('',#13100);
#13857 = OVER_RIDING_STYLED_ITEM('overriding color',(#13858),#11453,
  #13083);
#13858 = PRESENTATION_STYLE_ASSIGNMENT((#13859));
#13859 = SURFACE_STYLE_USAGE(.BOTH.,#13860);
#13860 = SURFACE_SIDE_STYLE('',(#13861));
#13861 = SURFACE_STYLE_FILL_AREA(#13862);
#13862 = FILL_AREA_STYLE('',(#13863));
#13863 = FILL_AREA_STYLE_COLOUR('',#13100);
#13864 = OVER_RIDING_STYLED_ITEM('overriding color',(#13865),#11487,
  #13083);
#13865 = PRESENTATION_STYLE_ASSIGNMENT((#13866));
#13866 = SURFACE_STYLE_USAGE(.BOTH.,#13867);
#13867 = SURFACE_SIDE_STYLE('',(#13868));
#13868 = SURFACE_STYLE_FILL_AREA(#13869);
#13869 = FILL_AREA_STYLE('',(#13870));
#13870 = FILL_AREA_STYLE_COLOUR('',#13100);
#13871 = OVER_RIDING_STYLED_ITEM('overriding color',(#13872),#11521,
  #13083);
#13872 = PRESENTATION_STYLE_ASSIGNMENT((#13873));
#13873 = SURFACE_STYLE_USAGE(.BOTH.,#13874);
#13874 = SURFACE_SIDE_STYLE('',(#13875));
#13875 = SURFACE_STYLE_FILL_AREA(#13876);
#13876 = FILL_AREA_STYLE('',(#13877));
#13877 = FILL_AREA_STYLE_COLOUR('',#13100);
#13878 = OVER_RIDING_STYLED_ITEM('overriding color',(#13879),#11538,
  #13083);
#13879 = PRESENTATION_STYLE_ASSIGNMENT((#13880));
#13880 = SURFACE_STYLE_USAGE(.BOTH.,#13881);
#13881 = SURFACE_SIDE_STYLE('',(#13882));
#13882 = SURFACE_STYLE_FILL_AREA(#13883);
#13883 = FILL_AREA_STYLE('',(#13884));
#13884 = FILL_AREA_STYLE_COLOUR('',#13100);
#13885 = OVER_RIDING_STYLED_ITEM('overriding color',(#13886),#11555,
  #13083);
#13886 = PRESENTATION_STYLE_ASSIGNMENT((#13887));
#13887 = SURFACE_STYLE_USAGE(.BOTH.,#13888);
#13888 = SURFACE_SIDE_STYLE('',(#13889));
#13889 = SURFACE_STYLE_FILL_AREA(#13890);
#13890 = FILL_AREA_STYLE('',(#13891));
#13891 = FILL_AREA_STYLE_COLOUR('',#13100);
#13892 = OVER_RIDING_STYLED_ITEM('overriding color',(#13893),#11586,
  #13083);
#13893 = PRESENTATION_STYLE_ASSIGNMENT((#13894));
#13894 = SURFACE_STYLE_USAGE(.BOTH.,#13895);
#13895 = SURFACE_SIDE_STYLE('',(#13896));
#13896 = SURFACE_STYLE_FILL_AREA(#13897);
#13897 = FILL_AREA_STYLE('',(#13898));
#13898 = FILL_AREA_STYLE_COLOUR('',#13100);
#13899 = OVER_RIDING_STYLED_ITEM('overriding color',(#13900),#11620,
  #13083);
#13900 = PRESENTATION_STYLE_ASSIGNMENT((#13901));
#13901 = SURFACE_STYLE_USAGE(.BOTH.,#13902);
#13902 = SURFACE_SIDE_STYLE('',(#13903));
#13903 = SURFACE_STYLE_FILL_AREA(#13904);
#13904 = FILL_AREA_STYLE('',(#13905));
#13905 = FILL_AREA_STYLE_COLOUR('',#13100);
#13906 = OVER_RIDING_STYLED_ITEM('overriding color',(#13907),#11654,
  #13083);
#13907 = PRESENTATION_STYLE_ASSIGNMENT((#13908));
#13908 = SURFACE_STYLE_USAGE(.BOTH.,#13909);
#13909 = SURFACE_SIDE_STYLE('',(#13910));
#13910 = SURFACE_STYLE_FILL_AREA(#13911);
#13911 = FILL_AREA_STYLE('',(#13912));
#13912 = FILL_AREA_STYLE_COLOUR('',#13100);
#13913 = OVER_RIDING_STYLED_ITEM('overriding color',(#13914),#11671,
  #13083);
#13914 = PRESENTATION_STYLE_ASSIGNMENT((#13915));
#13915 = SURFACE_STYLE_USAGE(.BOTH.,#13916);
#13916 = SURFACE_SIDE_STYLE('',(#13917));
#13917 = SURFACE_STYLE_FILL_AREA(#13918);
#13918 = FILL_AREA_STYLE('',(#13919));
#13919 = FILL_AREA_STYLE_COLOUR('',#13100);
#13920 = OVER_RIDING_STYLED_ITEM('overriding color',(#13921),#11688,
  #13083);
#13921 = PRESENTATION_STYLE_ASSIGNMENT((#13922));
#13922 = SURFACE_STYLE_USAGE(.BOTH.,#13923);
#13923 = SURFACE_SIDE_STYLE('',(#13924));
#13924 = SURFACE_STYLE_FILL_AREA(#13925);
#13925 = FILL_AREA_STYLE('',(#13926));
#13926 = FILL_AREA_STYLE_COLOUR('',#13100);
#13927 = OVER_RIDING_STYLED_ITEM('overriding color',(#13928),#11719,
  #13083);
#13928 = PRESENTATION_STYLE_ASSIGNMENT((#13929));
#13929 = SURFACE_STYLE_USAGE(.BOTH.,#13930);
#13930 = SURFACE_SIDE_STYLE('',(#13931));
#13931 = SURFACE_STYLE_FILL_AREA(#13932);
#13932 = FILL_AREA_STYLE('',(#13933));
#13933 = FILL_AREA_STYLE_COLOUR('',#13100);
#13934 = OVER_RIDING_STYLED_ITEM('overriding color',(#13935),#11753,
  #13083);
#13935 = PRESENTATION_STYLE_ASSIGNMENT((#13936));
#13936 = SURFACE_STYLE_USAGE(.BOTH.,#13937);
#13937 = SURFACE_SIDE_STYLE('',(#13938));
#13938 = SURFACE_STYLE_FILL_AREA(#13939);
#13939 = FILL_AREA_STYLE('',(#13940));
#13940 = FILL_AREA_STYLE_COLOUR('',#13100);
#13941 = OVER_RIDING_STYLED_ITEM('overriding color',(#13942),#11787,
  #13083);
#13942 = PRESENTATION_STYLE_ASSIGNMENT((#13943));
#13943 = SURFACE_STYLE_USAGE(.BOTH.,#13944);
#13944 = SURFACE_SIDE_STYLE('',(#13945));
#13945 = SURFACE_STYLE_FILL_AREA(#13946);
#13946 = FILL_AREA_STYLE('',(#13947));
#13947 = FILL_AREA_STYLE_COLOUR('',#13100);
#13948 = OVER_RIDING_STYLED_ITEM('overriding color',(#13949),#11804,
  #13083);
#13949 = PRESENTATION_STYLE_ASSIGNMENT((#13950));
#13950 = SURFACE_STYLE_USAGE(.BOTH.,#13951);
#13951 = SURFACE_SIDE_STYLE('',(#13952));
#13952 = SURFACE_STYLE_FILL_AREA(#13953);
#13953 = FILL_AREA_STYLE('',(#13954));
#13954 = FILL_AREA_STYLE_COLOUR('',#13100);
#13955 = OVER_RIDING_STYLED_ITEM('overriding color',(#13956),#11821,
  #13083);
#13956 = PRESENTATION_STYLE_ASSIGNMENT((#13957));
#13957 = SURFACE_STYLE_USAGE(.BOTH.,#13958);
#13958 = SURFACE_SIDE_STYLE('',(#13959));
#13959 = SURFACE_STYLE_FILL_AREA(#13960);
#13960 = FILL_AREA_STYLE('',(#13961));
#13961 = FILL_AREA_STYLE_COLOUR('',#13100);
#13962 = OVER_RIDING_STYLED_ITEM('overriding color',(#13963),#11852,
  #13083);
#13963 = PRESENTATION_STYLE_ASSIGNMENT((#13964));
#13964 = SURFACE_STYLE_USAGE(.BOTH.,#13965);
#13965 = SURFACE_SIDE_STYLE('',(#13966));
#13966 = SURFACE_STYLE_FILL_AREA(#13967);
#13967 = FILL_AREA_STYLE('',(#13968));
#13968 = FILL_AREA_STYLE_COLOUR('',#13100);
#13969 = OVER_RIDING_STYLED_ITEM('overriding color',(#13970),#11886,
  #13083);
#13970 = PRESENTATION_STYLE_ASSIGNMENT((#13971));
#13971 = SURFACE_STYLE_USAGE(.BOTH.,#13972);
#13972 = SURFACE_SIDE_STYLE('',(#13973));
#13973 = SURFACE_STYLE_FILL_AREA(#13974);
#13974 = FILL_AREA_STYLE('',(#13975));
#13975 = FILL_AREA_STYLE_COLOUR('',#13100);
#13976 = OVER_RIDING_STYLED_ITEM('overriding color',(#13977),#11920,
  #13083);
#13977 = PRESENTATION_STYLE_ASSIGNMENT((#13978));
#13978 = SURFACE_STYLE_USAGE(.BOTH.,#13979);
#13979 = SURFACE_SIDE_STYLE('',(#13980));
#13980 = SURFACE_STYLE_FILL_AREA(#13981);
#13981 = FILL_AREA_STYLE('',(#13982));
#13982 = FILL_AREA_STYLE_COLOUR('',#13100);
#13983 = OVER_RIDING_STYLED_ITEM('overriding color',(#13984),#11937,
  #13083);
#13984 = PRESENTATION_STYLE_ASSIGNMENT((#13985));
#13985 = SURFACE_STYLE_USAGE(.BOTH.,#13986);
#13986 = SURFACE_SIDE_STYLE('',(#13987));
#13987 = SURFACE_STYLE_FILL_AREA(#13988);
#13988 = FILL_AREA_STYLE('',(#13989));
#13989 = FILL_AREA_STYLE_COLOUR('',#13100);
#13990 = OVER_RIDING_STYLED_ITEM('overriding color',(#13991),#11954,
  #13083);
#13991 = PRESENTATION_STYLE_ASSIGNMENT((#13992));
#13992 = SURFACE_STYLE_USAGE(.BOTH.,#13993);
#13993 = SURFACE_SIDE_STYLE('',(#13994));
#13994 = SURFACE_STYLE_FILL_AREA(#13995);
#13995 = FILL_AREA_STYLE('',(#13996));
#13996 = FILL_AREA_STYLE_COLOUR('',#13100);
#13997 = OVER_RIDING_STYLED_ITEM('overriding color',(#13998),#11985,
  #13083);
#13998 = PRESENTATION_STYLE_ASSIGNMENT((#13999));
#13999 = SURFACE_STYLE_USAGE(.BOTH.,#14000);
#14000 = SURFACE_SIDE_STYLE('',(#14001));
#14001 = SURFACE_STYLE_FILL_AREA(#14002);
#14002 = FILL_AREA_STYLE('',(#14003));
#14003 = FILL_AREA_STYLE_COLOUR('',#13100);
#14004 = OVER_RIDING_STYLED_ITEM('overriding color',(#14005),#12019,
  #13083);
#14005 = PRESENTATION_STYLE_ASSIGNMENT((#14006));
#14006 = SURFACE_STYLE_USAGE(.BOTH.,#14007);
#14007 = SURFACE_SIDE_STYLE('',(#14008));
#14008 = SURFACE_STYLE_FILL_AREA(#14009);
#14009 = FILL_AREA_STYLE('',(#14010));
#14010 = FILL_AREA_STYLE_COLOUR('',#13100);
#14011 = OVER_RIDING_STYLED_ITEM('overriding color',(#14012),#12053,
  #13083);
#14012 = PRESENTATION_STYLE_ASSIGNMENT((#14013));
#14013 = SURFACE_STYLE_USAGE(.BOTH.,#14014);
#14014 = SURFACE_SIDE_STYLE('',(#14015));
#14015 = SURFACE_STYLE_FILL_AREA(#14016);
#14016 = FILL_AREA_STYLE('',(#14017));
#14017 = FILL_AREA_STYLE_COLOUR('',#13100);
#14018 = OVER_RIDING_STYLED_ITEM('overriding color',(#14019),#12070,
  #13083);
#14019 = PRESENTATION_STYLE_ASSIGNMENT((#14020));
#14020 = SURFACE_STYLE_USAGE(.BOTH.,#14021);
#14021 = SURFACE_SIDE_STYLE('',(#14022));
#14022 = SURFACE_STYLE_FILL_AREA(#14023);
#14023 = FILL_AREA_STYLE('',(#14024));
#14024 = FILL_AREA_STYLE_COLOUR('',#13100);
#14025 = OVER_RIDING_STYLED_ITEM('overriding color',(#14026),#12087,
  #13083);
#14026 = PRESENTATION_STYLE_ASSIGNMENT((#14027));
#14027 = SURFACE_STYLE_USAGE(.BOTH.,#14028);
#14028 = SURFACE_SIDE_STYLE('',(#14029));
#14029 = SURFACE_STYLE_FILL_AREA(#14030);
#14030 = FILL_AREA_STYLE('',(#14031));
#14031 = FILL_AREA_STYLE_COLOUR('',#13100);
#14032 = OVER_RIDING_STYLED_ITEM('overriding color',(#14033),#12099,
  #13083);
#14033 = PRESENTATION_STYLE_ASSIGNMENT((#14034));
#14034 = SURFACE_STYLE_USAGE(.BOTH.,#14035);
#14035 = SURFACE_SIDE_STYLE('',(#14036));
#14036 = SURFACE_STYLE_FILL_AREA(#14037);
#14037 = FILL_AREA_STYLE('',(#14038));
#14038 = FILL_AREA_STYLE_COLOUR('',#13100);
#14039 = OVER_RIDING_STYLED_ITEM('overriding color',(#14040),#12111,
  #13083);
#14040 = PRESENTATION_STYLE_ASSIGNMENT((#14041));
#14041 = SURFACE_STYLE_USAGE(.BOTH.,#14042);
#14042 = SURFACE_SIDE_STYLE('',(#14043));
#14043 = SURFACE_STYLE_FILL_AREA(#14044);
#14044 = FILL_AREA_STYLE('',(#14045));
#14045 = FILL_AREA_STYLE_COLOUR('',#13100);
#14046 = OVER_RIDING_STYLED_ITEM('overriding color',(#14047),#12123,
  #13083);
#14047 = PRESENTATION_STYLE_ASSIGNMENT((#14048));
#14048 = SURFACE_STYLE_USAGE(.BOTH.,#14049);
#14049 = SURFACE_SIDE_STYLE('',(#14050));
#14050 = SURFACE_STYLE_FILL_AREA(#14051);
#14051 = FILL_AREA_STYLE('',(#14052));
#14052 = FILL_AREA_STYLE_COLOUR('',#13100);
#14053 = OVER_RIDING_STYLED_ITEM('overriding color',(#14054),#12135,
  #13083);
#14054 = PRESENTATION_STYLE_ASSIGNMENT((#14055));
#14055 = SURFACE_STYLE_USAGE(.BOTH.,#14056);
#14056 = SURFACE_SIDE_STYLE('',(#14057));
#14057 = SURFACE_STYLE_FILL_AREA(#14058);
#14058 = FILL_AREA_STYLE('',(#14059));
#14059 = FILL_AREA_STYLE_COLOUR('',#13100);
#14060 = OVER_RIDING_STYLED_ITEM('overriding color',(#14061),#12147,
  #13083);
#14061 = PRESENTATION_STYLE_ASSIGNMENT((#14062));
#14062 = SURFACE_STYLE_USAGE(.BOTH.,#14063);
#14063 = SURFACE_SIDE_STYLE('',(#14064));
#14064 = SURFACE_STYLE_FILL_AREA(#14065);
#14065 = FILL_AREA_STYLE('',(#14066));
#14066 = FILL_AREA_STYLE_COLOUR('',#13100);
#14067 = OVER_RIDING_STYLED_ITEM('overriding color',(#14068),#12159,
  #13083);
#14068 = PRESENTATION_STYLE_ASSIGNMENT((#14069));
#14069 = SURFACE_STYLE_USAGE(.BOTH.,#14070);
#14070 = SURFACE_SIDE_STYLE('',(#14071));
#14071 = SURFACE_STYLE_FILL_AREA(#14072);
#14072 = FILL_AREA_STYLE('',(#14073));
#14073 = FILL_AREA_STYLE_COLOUR('',#13100);
#14074 = OVER_RIDING_STYLED_ITEM('overriding color',(#14075),#12171,
  #13083);
#14075 = PRESENTATION_STYLE_ASSIGNMENT((#14076));
#14076 = SURFACE_STYLE_USAGE(.BOTH.,#14077);
#14077 = SURFACE_SIDE_STYLE('',(#14078));
#14078 = SURFACE_STYLE_FILL_AREA(#14079);
#14079 = FILL_AREA_STYLE('',(#14080));
#14080 = FILL_AREA_STYLE_COLOUR('',#13100);
#14081 = OVER_RIDING_STYLED_ITEM('overriding color',(#14082),#12183,
  #13083);
#14082 = PRESENTATION_STYLE_ASSIGNMENT((#14083));
#14083 = SURFACE_STYLE_USAGE(.BOTH.,#14084);
#14084 = SURFACE_SIDE_STYLE('',(#14085));
#14085 = SURFACE_STYLE_FILL_AREA(#14086);
#14086 = FILL_AREA_STYLE('',(#14087));
#14087 = FILL_AREA_STYLE_COLOUR('',#13100);
#14088 = OVER_RIDING_STYLED_ITEM('overriding color',(#14089),#12195,
  #13083);
#14089 = PRESENTATION_STYLE_ASSIGNMENT((#14090));
#14090 = SURFACE_STYLE_USAGE(.BOTH.,#14091);
#14091 = SURFACE_SIDE_STYLE('',(#14092));
#14092 = SURFACE_STYLE_FILL_AREA(#14093);
#14093 = FILL_AREA_STYLE('',(#14094));
#14094 = FILL_AREA_STYLE_COLOUR('',#13100);
#14095 = OVER_RIDING_STYLED_ITEM('overriding color',(#14096),#12207,
  #13083);
#14096 = PRESENTATION_STYLE_ASSIGNMENT((#14097));
#14097 = SURFACE_STYLE_USAGE(.BOTH.,#14098);
#14098 = SURFACE_SIDE_STYLE('',(#14099));
#14099 = SURFACE_STYLE_FILL_AREA(#14100);
#14100 = FILL_AREA_STYLE('',(#14101));
#14101 = FILL_AREA_STYLE_COLOUR('',#13100);
#14102 = OVER_RIDING_STYLED_ITEM('overriding color',(#14103),#12219,
  #13083);
#14103 = PRESENTATION_STYLE_ASSIGNMENT((#14104));
#14104 = SURFACE_STYLE_USAGE(.BOTH.,#14105);
#14105 = SURFACE_SIDE_STYLE('',(#14106));
#14106 = SURFACE_STYLE_FILL_AREA(#14107);
#14107 = FILL_AREA_STYLE('',(#14108));
#14108 = FILL_AREA_STYLE_COLOUR('',#12678);
#14109 = OVER_RIDING_STYLED_ITEM('overriding color',(#14110),#12266,
  #13083);
#14110 = PRESENTATION_STYLE_ASSIGNMENT((#14111));
#14111 = SURFACE_STYLE_USAGE(.BOTH.,#14112);
#14112 = SURFACE_SIDE_STYLE('',(#14113));
#14113 = SURFACE_STYLE_FILL_AREA(#14114);
#14114 = FILL_AREA_STYLE('',(#14115));
#14115 = FILL_AREA_STYLE_COLOUR('',#12678);
#14116 = OVER_RIDING_STYLED_ITEM('overriding color',(#14117),#12290,
  #13083);
#14117 = PRESENTATION_STYLE_ASSIGNMENT((#14118));
#14118 = SURFACE_STYLE_USAGE(.BOTH.,#14119);
#14119 = SURFACE_SIDE_STYLE('',(#14120));
#14120 = SURFACE_STYLE_FILL_AREA(#14121);
#14121 = FILL_AREA_STYLE('',(#14122));
#14122 = FILL_AREA_STYLE_COLOUR('',#12678);
#14123 = OVER_RIDING_STYLED_ITEM('overriding color',(#14124),#12330,
  #13083);
#14124 = PRESENTATION_STYLE_ASSIGNMENT((#14125));
#14125 = SURFACE_STYLE_USAGE(.BOTH.,#14126);
#14126 = SURFACE_SIDE_STYLE('',(#14127));
#14127 = SURFACE_STYLE_FILL_AREA(#14128);
#14128 = FILL_AREA_STYLE('',(#14129));
#14129 = FILL_AREA_STYLE_COLOUR('',#12678);
#14130 = OVER_RIDING_STYLED_ITEM('overriding color',(#14131),#12347,
  #13083);
#14131 = PRESENTATION_STYLE_ASSIGNMENT((#14132));
#14132 = SURFACE_STYLE_USAGE(.BOTH.,#14133);
#14133 = SURFACE_SIDE_STYLE('',(#14134));
#14134 = SURFACE_STYLE_FILL_AREA(#14135);
#14135 = FILL_AREA_STYLE('',(#14136));
#14136 = FILL_AREA_STYLE_COLOUR('',#12678);
#14137 = OVER_RIDING_STYLED_ITEM('overriding color',(#14138),#12369,
  #13083);
#14138 = PRESENTATION_STYLE_ASSIGNMENT((#14139));
#14139 = SURFACE_STYLE_USAGE(.BOTH.,#14140);
#14140 = SURFACE_SIDE_STYLE('',(#14141));
#14141 = SURFACE_STYLE_FILL_AREA(#14142);
#14142 = FILL_AREA_STYLE('',(#14143));
#14143 = FILL_AREA_STYLE_COLOUR('',#12678);
#14144 = OVER_RIDING_STYLED_ITEM('overriding color',(#14145),#12381,
  #13083);
#14145 = PRESENTATION_STYLE_ASSIGNMENT((#14146));
#14146 = SURFACE_STYLE_USAGE(.BOTH.,#14147);
#14147 = SURFACE_SIDE_STYLE('',(#14148));
#14148 = SURFACE_STYLE_FILL_AREA(#14149);
#14149 = FILL_AREA_STYLE('',(#14150));
#14150 = FILL_AREA_STYLE_COLOUR('',#12678);
#14151 = OVER_RIDING_STYLED_ITEM('overriding color',(#14152),#12393,
  #13083);
#14152 = PRESENTATION_STYLE_ASSIGNMENT((#14153));
#14153 = SURFACE_STYLE_USAGE(.BOTH.,#14154);
#14154 = SURFACE_SIDE_STYLE('',(#14155));
#14155 = SURFACE_STYLE_FILL_AREA(#14156);
#14156 = FILL_AREA_STYLE('',(#14157));
#14157 = FILL_AREA_STYLE_COLOUR('',#12678);
#14158 = OVER_RIDING_STYLED_ITEM('overriding color',(#14159),#12440,
  #13083);
#14159 = PRESENTATION_STYLE_ASSIGNMENT((#14160));
#14160 = SURFACE_STYLE_USAGE(.BOTH.,#14161);
#14161 = SURFACE_SIDE_STYLE('',(#14162));
#14162 = SURFACE_STYLE_FILL_AREA(#14163);
#14163 = FILL_AREA_STYLE('',(#14164));
#14164 = FILL_AREA_STYLE_COLOUR('',#12678);
#14165 = OVER_RIDING_STYLED_ITEM('overriding color',(#14166),#12464,
  #13083);
#14166 = PRESENTATION_STYLE_ASSIGNMENT((#14167));
#14167 = SURFACE_STYLE_USAGE(.BOTH.,#14168);
#14168 = SURFACE_SIDE_STYLE('',(#14169));
#14169 = SURFACE_STYLE_FILL_AREA(#14170);
#14170 = FILL_AREA_STYLE('',(#14171));
#14171 = FILL_AREA_STYLE_COLOUR('',#12678);
#14172 = OVER_RIDING_STYLED_ITEM('overriding color',(#14173),#12504,
  #13083);
#14173 = PRESENTATION_STYLE_ASSIGNMENT((#14174));
#14174 = SURFACE_STYLE_USAGE(.BOTH.,#14175);
#14175 = SURFACE_SIDE_STYLE('',(#14176));
#14176 = SURFACE_STYLE_FILL_AREA(#14177);
#14177 = FILL_AREA_STYLE('',(#14178));
#14178 = FILL_AREA_STYLE_COLOUR('',#12678);
#14179 = OVER_RIDING_STYLED_ITEM('overriding color',(#14180),#12521,
  #13083);
#14180 = PRESENTATION_STYLE_ASSIGNMENT((#14181));
#14181 = SURFACE_STYLE_USAGE(.BOTH.,#14182);
#14182 = SURFACE_SIDE_STYLE('',(#14183));
#14183 = SURFACE_STYLE_FILL_AREA(#14184);
#14184 = FILL_AREA_STYLE('',(#14185));
#14185 = FILL_AREA_STYLE_COLOUR('',#12678);
#14186 = OVER_RIDING_STYLED_ITEM('overriding color',(#14187),#12538,
  #13083);
#14187 = PRESENTATION_STYLE_ASSIGNMENT((#14188));
#14188 = SURFACE_STYLE_USAGE(.BOTH.,#14189);
#14189 = SURFACE_SIDE_STYLE('',(#14190));
#14190 = SURFACE_STYLE_FILL_AREA(#14191);
#14191 = FILL_AREA_STYLE('',(#14192));
#14192 = FILL_AREA_STYLE_COLOUR('',#12678);
#14193 = OVER_RIDING_STYLED_ITEM('overriding color',(#14194),#12555,
  #13083);
#14194 = PRESENTATION_STYLE_ASSIGNMENT((#14195));
#14195 = SURFACE_STYLE_USAGE(.BOTH.,#14196);
#14196 = SURFACE_SIDE_STYLE('',(#14197));
#14197 = SURFACE_STYLE_FILL_AREA(#14198);
#14198 = FILL_AREA_STYLE('',(#14199));
#14199 = FILL_AREA_STYLE_COLOUR('',#12678);
ENDSEC;
END-ISO-10303-21;
